alert_id,customer_id,alert_type,severity,status,source,owner,score
AL000001,C001908,KYC_REFRESH,HIGH,FALSE_POSITIVE,ml-legacy,analyst_b,75
AL000002,C000374,KYC_REFRESH,MEDIUM,ESCALATED,ml-legacy,analyst_a,100
AL000003,C000798,FRAUD,MEDIUM,OPEN,ml-legacy,analyst_a,7
AL000004,C002955,SANCTIONS,LOW,ESCALATED,ml-legacy,analyst_a,3
AL000005,C001754,SANCTIONS,LOW,OPEN,ml-legacy,analyst_a,10
AL000006,C000754,FRAUD,CRITICAL,ESCALATED,manual,analyst_b,69
AL000007,C001678,KYC_REFRESH,CRITICAL,CLOSED,manual,analyst_b,59
AL000008,C000842,AML,MEDIUM,CLOSED,rules-v1,analyst_a,97
AL000009,C001082,KYC_REFRESH,HIGH,OPEN,ml-legacy,analyst_a,3
AL000010,C002469,SANCTIONS,CRITICAL,FALSE_POSITIVE,manual,analyst_b,85
AL000011,C000400,FRAUD,CRITICAL,ESCALATED,manual,analyst_b,65
AL000012,C003372,AML,CRITICAL,OPEN,rules-v2,queue,33
AL000013,C002288,AML,LOW,OPEN,ml-legacy,queue,52
AL000014,C000709,AML,MEDIUM,CLOSED,ml-legacy,analyst_a,7
AL000015,C000257,SANCTIONS,LOW,OPEN,rules-v2,analyst_b,44
AL000016,C001532,FRAUD,MEDIUM,ESCALATED,manual,analyst_b,57
AL000017,C000360,KYC_REFRESH,LOW,CLOSED,rules-v1,,59
AL000018,C003495,AML,LOW,CLOSED,manual,queue,9
AL000019,C002905,SANCTIONS,HIGH,OPEN,manual,queue,11
AL000020,C001419,FRAUD,MEDIUM,ESCALATED,ml-legacy,analyst_a,99
AL000021,C002694,FRAUD,LOW,CLOSED,ml-legacy,,64
AL000022,C002856,SANCTIONS,MEDIUM,ESCALATED,rules-v1,analyst_a,90
AL000023,C002096,SANCTIONS,CRITICAL,CLOSED,manual,analyst_b,62
AL000024,C000952,SANCTIONS,LOW,CLOSED,rules-v1,analyst_a,8
AL000025,C000056,SANCTIONS,LOW,ESCALATED,rules-v2,analyst_a,55
AL000026,C001847,AML,CRITICAL,FALSE_POSITIVE,rules-v2,queue,9
AL000027,C000219,AML,HIGH,ESCALATED,rules-v2,analyst_a,48
AL000028,C002801,AML,CRITICAL,FALSE_POSITIVE,manual,analyst_a,78
AL000029,C000600,SANCTIONS,LOW,ESCALATED,manual,analyst_b,77
AL000030,C000751,FRAUD,LOW,OPEN,rules-v2,queue,79
AL000031,C000659,AML,MEDIUM,FALSE_POSITIVE,ml-legacy,analyst_b,62
AL000032,C001431,SANCTIONS,LOW,FALSE_POSITIVE,rules-v1,queue,96
AL000033,C000071,FRAUD,HIGH,CLOSED,manual,queue,33
AL000034,C002492,SANCTIONS,HIGH,CLOSED,ml-legacy,queue,12
AL000035,C001596,KYC_REFRESH,CRITICAL,OPEN,ml-legacy,analyst_b,62
AL000036,C002953,AML,LOW,CLOSED,rules-v1,analyst_b,55
AL000037,C002841,AML,MEDIUM,CLOSED,manual,,68
AL000038,C003345,SANCTIONS,CRITICAL,FALSE_POSITIVE,rules-v1,analyst_a,60
AL000039,C003167,KYC_REFRESH,MEDIUM,OPEN,ml-legacy,analyst_a,5
AL000040,C001191,KYC_REFRESH,LOW,OPEN,rules-v2,analyst_a,54
AL000041,C000867,AML,HIGH,OPEN,rules-v2,,81
AL000042,C001030,AML,LOW,ESCALATED,ml-legacy,analyst_b,54
AL000043,C001867,AML,MEDIUM,OPEN,rules-v1,analyst_a,98
AL000044,C002813,SANCTIONS,CRITICAL,FALSE_POSITIVE,rules-v2,queue,79
AL000045,C001438,KYC_REFRESH,MEDIUM,FALSE_POSITIVE,rules-v1,,68
AL000046,C000324,FRAUD,LOW,CLOSED,manual,analyst_b,82
AL000047,C001630,FRAUD,CRITICAL,ESCALATED,manual,analyst_a,87
AL000048,C002901,KYC_REFRESH,CRITICAL,ESCALATED,rules-v1,analyst_a,30
AL000049,C001222,FRAUD,LOW,OPEN,ml-legacy,,25
AL000050,C000663,SANCTIONS,LOW,CLOSED,manual,analyst_b,5
AL000051,C000643,FRAUD,HIGH,OPEN,manual,queue,57
AL000052,C003268,KYC_REFRESH,LOW,OPEN,manual,analyst_a,81
AL000053,C001231,KYC_REFRESH,MEDIUM,CLOSED,rules-v1,queue,28
AL000054,C002472,AML,MEDIUM,ESCALATED,rules-v2,analyst_b,12
AL000055,C002370,SANCTIONS,CRITICAL,CLOSED,ml-legacy,queue,76
AL000056,C000691,AML,LOW,OPEN,ml-legacy,analyst_b,72
AL000057,C000309,SANCTIONS,CRITICAL,OPEN,rules-v2,queue,35
AL000058,C001966,KYC_REFRESH,HIGH,FALSE_POSITIVE,rules-v2,analyst_b,70
AL000059,C002895,KYC_REFRESH,HIGH,OPEN,ml-legacy,analyst_b,55
AL000060,C002343,KYC_REFRESH,HIGH,CLOSED,rules-v2,queue,7
AL000061,C002896,KYC_REFRESH,MEDIUM,CLOSED,ml-legacy,analyst_b,32
AL000062,C001693,SANCTIONS,LOW,OPEN,manual,analyst_a,59
AL000063,C000830,FRAUD,LOW,FALSE_POSITIVE,ml-legacy,queue,68
AL000064,C001313,SANCTIONS,CRITICAL,ESCALATED,manual,analyst_b,38
AL000065,C002301,FRAUD,LOW,ESCALATED,rules-v1,analyst_b,59
AL000066,C000005,KYC_REFRESH,HIGH,CLOSED,manual,queue,46
AL000067,C000445,SANCTIONS,MEDIUM,ESCALATED,rules-v2,queue,88
AL000068,C001013,FRAUD,LOW,OPEN,rules-v1,analyst_a,91
AL000069,C002592,FRAUD,CRITICAL,ESCALATED,rules-v1,analyst_a,87
AL000070,C002387,SANCTIONS,HIGH,OPEN,ml-legacy,queue,91
AL000071,C002194,KYC_REFRESH,HIGH,FALSE_POSITIVE,manual,analyst_b,61
AL000072,C001194,SANCTIONS,CRITICAL,OPEN,manual,analyst_b,97
AL000073,C003286,FRAUD,MEDIUM,ESCALATED,rules-v2,,51
AL000074,C000432,AML,HIGH,ESCALATED,rules-v1,analyst_a,38
AL000075,C000553,FRAUD,CRITICAL,ESCALATED,rules-v1,queue,29
AL000076,C002972,KYC_REFRESH,MEDIUM,CLOSED,rules-v2,analyst_b,12
AL000077,C001863,SANCTIONS,HIGH,ESCALATED,rules-v2,queue,2
AL000078,C002872,FRAUD,CRITICAL,ESCALATED,rules-v1,analyst_b,18
AL000079,C002910,FRAUD,MEDIUM,FALSE_POSITIVE,manual,analyst_a,55
AL000080,C003475,SANCTIONS,CRITICAL,CLOSED,ml-legacy,analyst_b,44
AL000081,C003290,KYC_REFRESH,MEDIUM,OPEN,rules-v2,analyst_b,52
AL000082,C003426,SANCTIONS,HIGH,OPEN,rules-v1,analyst_b,38
AL000083,C000259,FRAUD,MEDIUM,CLOSED,rules-v1,analyst_b,84
AL000084,C002237,KYC_REFRESH,LOW,OPEN,ml-legacy,queue,31
AL000085,C002941,KYC_REFRESH,HIGH,OPEN,ml-legacy,analyst_a,61
AL000086,C001425,SANCTIONS,CRITICAL,FALSE_POSITIVE,rules-v1,queue,49
AL000087,C001889,KYC_REFRESH,LOW,OPEN,manual,analyst_b,45
AL000088,C001371,FRAUD,HIGH,ESCALATED,manual,queue,0
AL000089,C001294,KYC_REFRESH,MEDIUM,ESCALATED,rules-v1,queue,75
AL000090,C000802,KYC_REFRESH,LOW,OPEN,ml-legacy,analyst_b,16
AL000091,C001493,SANCTIONS,CRITICAL,ESCALATED,rules-v1,analyst_b,99
AL000092,C000025,AML,CRITICAL,FALSE_POSITIVE,ml-legacy,analyst_b,64
AL000093,C002042,AML,MEDIUM,ESCALATED,ml-legacy,analyst_b,80
AL000094,C001044,AML,MEDIUM,CLOSED,ml-legacy,analyst_b,96
AL000095,C003346,SANCTIONS,MEDIUM,FALSE_POSITIVE,rules-v1,queue,70
AL000096,C002452,AML,MEDIUM,FALSE_POSITIVE,manual,analyst_b,71
AL000097,C000886,AML,LOW,OPEN,ml-legacy,analyst_a,37
AL000098,C002685,SANCTIONS,HIGH,CLOSED,rules-v2,analyst_b,53
AL000099,C003247,AML,HIGH,FALSE_POSITIVE,rules-v2,analyst_a,92
AL000100,C003330,FRAUD,MEDIUM,OPEN,rules-v2,queue,53
AL000101,C001012,AML,HIGH,FALSE_POSITIVE,manual,analyst_b,19
AL000102,C000595,AML,CRITICAL,ESCALATED,rules-v2,analyst_a,35
AL000103,C001880,AML,LOW,ESCALATED,rules-v1,queue,93
AL000104,C000955,FRAUD,HIGH,FALSE_POSITIVE,rules-v2,queue,94
AL000105,C000998,FRAUD,CRITICAL,CLOSED,rules-v1,analyst_a,82
AL000106,C000102,SANCTIONS,HIGH,ESCALATED,ml-legacy,analyst_a,32
AL000107,C003081,KYC_REFRESH,HIGH,CLOSED,manual,analyst_b,93
AL000108,C002056,KYC_REFRESH,MEDIUM,CLOSED,manual,analyst_a,36
AL000109,C000207,SANCTIONS,HIGH,OPEN,rules-v2,analyst_b,74
AL000110,C000303,KYC_REFRESH,CRITICAL,CLOSED,manual,analyst_a,43
AL000111,C001241,KYC_REFRESH,HIGH,FALSE_POSITIVE,rules-v2,analyst_a,6
AL000112,C002598,AML,HIGH,CLOSED,ml-legacy,analyst_a,28
AL000113,C000951,SANCTIONS,HIGH,ESCALATED,ml-legacy,,49
AL000114,C001958,SANCTIONS,LOW,CLOSED,rules-v2,queue,92
AL000115,C002209,SANCTIONS,CRITICAL,CLOSED,rules-v2,analyst_b,30
AL000116,C003299,AML,HIGH,FALSE_POSITIVE,manual,analyst_b,44
AL000117,C002521,AML,CRITICAL,FALSE_POSITIVE,ml-legacy,queue,79
AL000118,C000812,AML,CRITICAL,ESCALATED,ml-legacy,queue,17
AL000119,C001963,KYC_REFRESH,CRITICAL,ESCALATED,manual,analyst_b,87
AL000120,C000684,SANCTIONS,CRITICAL,OPEN,rules-v2,queue,93
AL000121,C002332,AML,MEDIUM,OPEN,rules-v2,,98
AL000122,C001047,KYC_REFRESH,LOW,ESCALATED,manual,queue,2
AL000123,C001256,SANCTIONS,HIGH,OPEN,rules-v2,analyst_a,92
AL000124,C000157,KYC_REFRESH,MEDIUM,CLOSED,manual,queue,44
AL000125,C000940,AML,CRITICAL,ESCALATED,ml-legacy,queue,2
AL000126,C001264,FRAUD,HIGH,ESCALATED,rules-v1,analyst_a,47
AL000127,C002864,FRAUD,CRITICAL,CLOSED,ml-legacy,analyst_b,89
AL000128,C002987,AML,HIGH,CLOSED,rules-v2,analyst_a,35
AL000129,C002600,KYC_REFRESH,HIGH,FALSE_POSITIVE,manual,analyst_a,78
AL000130,C002627,SANCTIONS,CRITICAL,OPEN,manual,analyst_b,73
AL000131,C000545,FRAUD,MEDIUM,CLOSED,ml-legacy,analyst_b,0
AL000132,C001784,KYC_REFRESH,LOW,OPEN,ml-legacy,queue,71
AL000133,C001352,KYC_REFRESH,MEDIUM,FALSE_POSITIVE,rules-v2,analyst_b,52
AL000134,C003023,AML,CRITICAL,ESCALATED,manual,analyst_b,4
AL000135,C002221,AML,CRITICAL,OPEN,manual,analyst_b,90
AL000136,C001138,AML,MEDIUM,FALSE_POSITIVE,ml-legacy,queue,35
AL000137,C000098,FRAUD,CRITICAL,CLOSED,rules-v2,analyst_b,27
AL000138,C000666,KYC_REFRESH,HIGH,OPEN,manual,analyst_b,93
AL000139,C002509,AML,CRITICAL,FALSE_POSITIVE,rules-v2,analyst_a,9
AL000140,C002066,SANCTIONS,LOW,ESCALATED,manual,analyst_b,61
AL000141,C002596,SANCTIONS,MEDIUM,CLOSED,rules-v2,,51
AL000142,C001712,SANCTIONS,LOW,ESCALATED,rules-v1,analyst_b,92
AL000143,C000162,KYC_REFRESH,CRITICAL,ESCALATED,manual,analyst_b,37
AL000144,C000081,FRAUD,HIGH,OPEN,rules-v1,queue,51
AL000145,C001494,FRAUD,LOW,OPEN,manual,,10
AL000146,C003240,AML,LOW,ESCALATED,manual,analyst_b,93
AL000147,C002789,SANCTIONS,LOW,OPEN,manual,queue,99
AL000148,C002025,FRAUD,MEDIUM,CLOSED,ml-legacy,analyst_a,73
AL000149,C002074,FRAUD,LOW,ESCALATED,rules-v2,queue,7
AL000150,C000326,FRAUD,LOW,OPEN,rules-v2,analyst_a,39
AL000151,C000336,SANCTIONS,CRITICAL,ESCALATED,rules-v2,analyst_b,79
AL000152,C000961,SANCTIONS,CRITICAL,CLOSED,rules-v2,queue,46
AL000153,C003298,KYC_REFRESH,LOW,OPEN,rules-v2,analyst_a,75
AL000154,C000056,AML,LOW,CLOSED,ml-legacy,queue,9
AL000155,C002863,AML,LOW,FALSE_POSITIVE,rules-v2,analyst_a,17
AL000156,C002389,AML,HIGH,CLOSED,ml-legacy,queue,23
AL000157,C001607,SANCTIONS,LOW,FALSE_POSITIVE,ml-legacy,analyst_b,46
AL000158,C002726,AML,HIGH,OPEN,rules-v1,analyst_a,76
AL000159,C003228,KYC_REFRESH,LOW,OPEN,rules-v2,analyst_b,94
AL000160,C000609,FRAUD,HIGH,FALSE_POSITIVE,ml-legacy,queue,56
AL000161,C001751,KYC_REFRESH,MEDIUM,ESCALATED,ml-legacy,analyst_a,10
AL000162,C003105,AML,LOW,OPEN,rules-v1,analyst_b,93
AL000163,C000145,KYC_REFRESH,HIGH,ESCALATED,manual,analyst_a,16
AL000164,C002800,FRAUD,MEDIUM,OPEN,ml-legacy,analyst_b,98
AL000165,C002776,KYC_REFRESH,HIGH,CLOSED,manual,analyst_a,85
AL000166,C002680,KYC_REFRESH,CRITICAL,OPEN,manual,analyst_a,92
AL000167,C003124,AML,LOW,CLOSED,rules-v2,analyst_b,37
AL000168,C003093,FRAUD,CRITICAL,CLOSED,manual,analyst_a,82
AL000169,C001398,AML,MEDIUM,FALSE_POSITIVE,ml-legacy,analyst_a,50
AL000170,C000745,KYC_REFRESH,MEDIUM,OPEN,ml-legacy,analyst_a,48
AL000171,C001847,AML,CRITICAL,ESCALATED,manual,analyst_a,53
AL000172,C002899,SANCTIONS,MEDIUM,ESCALATED,rules-v1,analyst_b,65
AL000173,C000924,KYC_REFRESH,LOW,ESCALATED,ml-legacy,analyst_b,61
AL000174,C003343,KYC_REFRESH,CRITICAL,OPEN,rules-v2,queue,74
AL000175,C002719,SANCTIONS,MEDIUM,OPEN,ml-legacy,queue,11
AL000176,C003207,KYC_REFRESH,MEDIUM,CLOSED,ml-legacy,analyst_b,87
AL000177,C003248,KYC_REFRESH,HIGH,CLOSED,rules-v1,analyst_a,33
AL000178,C001925,SANCTIONS,MEDIUM,OPEN,rules-v1,analyst_b,94
AL000179,C002160,FRAUD,LOW,OPEN,rules-v2,analyst_b,87
AL000180,C002361,AML,CRITICAL,FALSE_POSITIVE,manual,analyst_a,60
AL000181,C003269,SANCTIONS,LOW,FALSE_POSITIVE,rules-v1,analyst_a,79
AL000182,C000582,SANCTIONS,HIGH,FALSE_POSITIVE,manual,queue,21
AL000183,C000288,FRAUD,CRITICAL,FALSE_POSITIVE,manual,analyst_b,53
AL000184,C000258,FRAUD,MEDIUM,ESCALATED,rules-v2,analyst_b,97
AL000185,C000346,KYC_REFRESH,MEDIUM,OPEN,rules-v2,queue,99
AL000186,C001960,SANCTIONS,HIGH,FALSE_POSITIVE,ml-legacy,analyst_a,49
AL000187,C000403,AML,MEDIUM,FALSE_POSITIVE,rules-v2,queue,54
AL000188,C000533,SANCTIONS,HIGH,ESCALATED,manual,queue,7
AL000189,C003341,SANCTIONS,LOW,OPEN,ml-legacy,analyst_b,92
AL000190,C003105,KYC_REFRESH,CRITICAL,OPEN,manual,queue,99
AL000191,C000661,KYC_REFRESH,MEDIUM,ESCALATED,ml-legacy,analyst_b,31
AL000192,C001904,AML,MEDIUM,FALSE_POSITIVE,rules-v2,queue,23
AL000193,C003098,AML,LOW,ESCALATED,rules-v1,,73
AL000194,C001217,SANCTIONS,HIGH,CLOSED,manual,queue,69
AL000195,C000997,AML,LOW,OPEN,rules-v1,analyst_b,25
AL000196,C003035,SANCTIONS,MEDIUM,OPEN,rules-v2,analyst_a,13
AL000197,C000143,KYC_REFRESH,HIGH,FALSE_POSITIVE,rules-v1,analyst_a,14
AL000198,C003237,KYC_REFRESH,HIGH,FALSE_POSITIVE,manual,analyst_b,40
AL000199,C003119,KYC_REFRESH,MEDIUM,OPEN,rules-v1,queue,80
AL000200,C001947,KYC_REFRESH,HIGH,CLOSED,rules-v1,analyst_b,60
AL000201,C001690,AML,CRITICAL,OPEN,ml-legacy,analyst_b,43
AL000202,C002332,AML,CRITICAL,FALSE_POSITIVE,rules-v1,analyst_a,77
AL000203,C000602,AML,HIGH,FALSE_POSITIVE,manual,analyst_b,8
AL000204,C000063,SANCTIONS,MEDIUM,ESCALATED,rules-v2,analyst_b,52
AL000205,C002367,KYC_REFRESH,CRITICAL,OPEN,rules-v2,,62
AL000206,C000082,AML,HIGH,FALSE_POSITIVE,rules-v1,analyst_a,83
AL000207,C003239,SANCTIONS,HIGH,OPEN,manual,queue,95
AL000208,C002723,KYC_REFRESH,CRITICAL,FALSE_POSITIVE,rules-v1,analyst_a,35
AL000209,C003192,SANCTIONS,LOW,CLOSED,manual,queue,87
AL000210,C000219,AML,MEDIUM,CLOSED,ml-legacy,queue,36
AL000211,C001563,FRAUD,CRITICAL,ESCALATED,ml-legacy,analyst_b,58
AL000212,C002606,FRAUD,MEDIUM,CLOSED,manual,analyst_b,68
AL000213,C000742,FRAUD,LOW,OPEN,ml-legacy,analyst_b,93
AL000214,C000457,FRAUD,HIGH,FALSE_POSITIVE,rules-v1,analyst_b,7
AL000215,C002270,KYC_REFRESH,MEDIUM,ESCALATED,rules-v2,queue,82
AL000216,C000813,KYC_REFRESH,HIGH,OPEN,rules-v2,analyst_a,79
AL000217,C000686,AML,HIGH,OPEN,rules-v1,,37
AL000218,C002259,AML,LOW,FALSE_POSITIVE,rules-v1,analyst_b,27
AL000219,C001876,AML,MEDIUM,CLOSED,manual,analyst_a,39
AL000220,C002815,KYC_REFRESH,CRITICAL,ESCALATED,rules-v1,queue,86
AL000221,C000728,KYC_REFRESH,MEDIUM,OPEN,rules-v1,analyst_b,2
AL000222,C002198,KYC_REFRESH,CRITICAL,FALSE_POSITIVE,rules-v1,analyst_b,11
AL000223,C000578,KYC_REFRESH,HIGH,FALSE_POSITIVE,manual,queue,56
AL000224,C001612,SANCTIONS,CRITICAL,CLOSED,rules-v2,analyst_b,37
AL000225,C000313,KYC_REFRESH,LOW,FALSE_POSITIVE,rules-v1,,74
AL000226,C002891,AML,CRITICAL,OPEN,rules-v2,analyst_a,79
AL000227,C000635,AML,LOW,FALSE_POSITIVE,rules-v1,analyst_a,59
AL000228,C000237,FRAUD,HIGH,OPEN,ml-legacy,analyst_a,63
AL000229,C001774,FRAUD,LOW,OPEN,manual,,42
AL000230,C002400,AML,CRITICAL,FALSE_POSITIVE,rules-v1,queue,93
AL000231,C001910,AML,MEDIUM,CLOSED,manual,queue,51
AL000232,C003427,FRAUD,CRITICAL,FALSE_POSITIVE,manual,analyst_b,66
AL000233,C003395,AML,MEDIUM,OPEN,manual,analyst_a,26
AL000234,C002128,AML,MEDIUM,ESCALATED,rules-v2,analyst_a,69
AL000235,C002694,FRAUD,HIGH,CLOSED,manual,analyst_b,1
AL000236,C001304,AML,CRITICAL,CLOSED,manual,analyst_a,50
AL000237,C001532,FRAUD,CRITICAL,FALSE_POSITIVE,rules-v2,analyst_b,47
AL000238,C003269,KYC_REFRESH,LOW,ESCALATED,rules-v2,queue,71
AL000239,C000379,SANCTIONS,CRITICAL,CLOSED,manual,queue,98
AL000240,C003285,AML,HIGH,OPEN,rules-v1,analyst_b,42
AL000241,C003388,AML,MEDIUM,OPEN,manual,queue,8
AL000242,C002613,KYC_REFRESH,HIGH,FALSE_POSITIVE,rules-v1,analyst_a,61
AL000243,C001344,AML,HIGH,CLOSED,ml-legacy,analyst_b,43
AL000244,C001589,FRAUD,HIGH,ESCALATED,ml-legacy,analyst_a,13
AL000245,C001579,AML,LOW,FALSE_POSITIVE,rules-v1,queue,50
AL000246,C001108,FRAUD,MEDIUM,ESCALATED,rules-v2,analyst_a,69
AL000247,C001624,KYC_REFRESH,LOW,ESCALATED,ml-legacy,analyst_b,75
AL000248,C002812,AML,HIGH,CLOSED,ml-legacy,analyst_a,35
AL000249,C002077,FRAUD,LOW,CLOSED,manual,analyst_b,22
AL000250,C001498,KYC_REFRESH,HIGH,FALSE_POSITIVE,rules-v2,analyst_b,76
AL000251,C002838,AML,HIGH,ESCALATED,manual,analyst_b,6
AL000252,C002840,AML,LOW,CLOSED,manual,analyst_b,92
AL000253,C001796,KYC_REFRESH,LOW,ESCALATED,rules-v2,queue,90
AL000254,C001056,AML,MEDIUM,CLOSED,ml-legacy,queue,66
AL000255,C000848,KYC_REFRESH,CRITICAL,FALSE_POSITIVE,rules-v1,analyst_a,77
AL000256,C003491,KYC_REFRESH,LOW,OPEN,manual,queue,86
AL000257,C002382,SANCTIONS,MEDIUM,FALSE_POSITIVE,ml-legacy,analyst_b,98
AL000258,C003035,FRAUD,LOW,CLOSED,ml-legacy,analyst_a,49
AL000259,C002989,FRAUD,LOW,ESCALATED,ml-legacy,analyst_b,88
AL000260,C002145,SANCTIONS,LOW,ESCALATED,rules-v1,analyst_b,53
AL000261,C003464,SANCTIONS,LOW,OPEN,manual,analyst_b,41
AL000262,C000525,SANCTIONS,HIGH,CLOSED,rules-v1,queue,99
AL000263,C001211,FRAUD,HIGH,ESCALATED,ml-legacy,queue,53
AL000264,C001805,KYC_REFRESH,CRITICAL,ESCALATED,rules-v2,queue,26
AL000265,C001836,SANCTIONS,MEDIUM,OPEN,ml-legacy,queue,52
AL000266,C000177,FRAUD,CRITICAL,CLOSED,ml-legacy,queue,7
AL000267,C000085,AML,MEDIUM,ESCALATED,manual,analyst_b,59
AL000268,C000997,SANCTIONS,HIGH,OPEN,manual,queue,95
AL000269,C002419,SANCTIONS,HIGH,ESCALATED,ml-legacy,analyst_a,72
AL000270,C000445,SANCTIONS,CRITICAL,CLOSED,rules-v1,analyst_b,4
AL000271,C001002,KYC_REFRESH,HIGH,ESCALATED,rules-v2,queue,55
AL000272,C001578,SANCTIONS,HIGH,ESCALATED,ml-legacy,analyst_a,58
AL000273,C000286,SANCTIONS,HIGH,CLOSED,rules-v1,,98
AL000274,C001490,SANCTIONS,MEDIUM,CLOSED,rules-v1,queue,52
AL000275,C002489,FRAUD,MEDIUM,OPEN,ml-legacy,analyst_a,29
AL000276,C002150,KYC_REFRESH,MEDIUM,CLOSED,ml-legacy,queue,76
AL000277,C000796,FRAUD,HIGH,FALSE_POSITIVE,rules-v1,queue,18
AL000278,C000370,SANCTIONS,CRITICAL,FALSE_POSITIVE,manual,analyst_b,5
AL000279,C001175,KYC_REFRESH,MEDIUM,OPEN,ml-legacy,analyst_a,64
AL000280,C000359,KYC_REFRESH,HIGH,ESCALATED,ml-legacy,queue,66
AL000281,C003434,KYC_REFRESH,CRITICAL,ESCALATED,ml-legacy,analyst_b,55
AL000282,C003440,AML,CRITICAL,OPEN,ml-legacy,analyst_b,55
AL000283,C002707,KYC_REFRESH,MEDIUM,OPEN,ml-legacy,analyst_b,22
AL000284,C001054,SANCTIONS,CRITICAL,CLOSED,rules-v1,analyst_b,72
AL000285,C001443,FRAUD,LOW,OPEN,ml-legacy,analyst_b,43
AL000286,C000991,KYC_REFRESH,CRITICAL,ESCALATED,ml-legacy,analyst_b,64
AL000287,C002768,AML,LOW,CLOSED,ml-legacy,analyst_b,96
AL000288,C000140,AML,CRITICAL,OPEN,rules-v1,queue,37
AL000289,C002099,FRAUD,MEDIUM,OPEN,rules-v2,,91
AL000290,C000309,KYC_REFRESH,HIGH,CLOSED,manual,analyst_b,27
AL000291,C001417,AML,CRITICAL,ESCALATED,ml-legacy,queue,77
AL000292,C003298,SANCTIONS,CRITICAL,OPEN,rules-v2,analyst_b,43
AL000293,C003457,AML,HIGH,ESCALATED,ml-legacy,,49
AL000294,C003498,AML,HIGH,ESCALATED,rules-v1,analyst_a,28
AL000295,C000188,SANCTIONS,MEDIUM,FALSE_POSITIVE,manual,analyst_a,20
AL000296,C001596,AML,CRITICAL,FALSE_POSITIVE,rules-v2,analyst_b,76
AL000297,C002858,KYC_REFRESH,HIGH,ESCALATED,rules-v2,,83
AL000298,C003114,FRAUD,LOW,OPEN,rules-v1,queue,82
AL000299,C002732,AML,LOW,OPEN,manual,queue,100
AL000300,C001376,AML,LOW,CLOSED,rules-v1,analyst_b,85
AL000301,C002728,AML,HIGH,ESCALATED,manual,,31
AL000302,C000509,SANCTIONS,LOW,ESCALATED,rules-v2,analyst_a,74
AL000303,C002089,AML,MEDIUM,ESCALATED,rules-v1,analyst_a,11
AL000304,C000775,SANCTIONS,HIGH,ESCALATED,rules-v1,queue,16
AL000305,C003345,KYC_REFRESH,HIGH,CLOSED,ml-legacy,analyst_b,44
AL000306,C002234,KYC_REFRESH,LOW,FALSE_POSITIVE,ml-legacy,queue,68
AL000307,C002018,FRAUD,CRITICAL,FALSE_POSITIVE,rules-v2,queue,47
AL000308,C000063,SANCTIONS,CRITICAL,FALSE_POSITIVE,rules-v2,analyst_b,46
AL000309,C003268,KYC_REFRESH,LOW,FALSE_POSITIVE,rules-v1,queue,58
AL000310,C000516,AML,LOW,FALSE_POSITIVE,rules-v1,queue,100
AL000311,C002514,KYC_REFRESH,HIGH,CLOSED,manual,analyst_b,50
AL000312,C000330,AML,MEDIUM,CLOSED,rules-v2,analyst_a,67
AL000313,C002311,FRAUD,LOW,OPEN,ml-legacy,analyst_a,77
AL000314,C001302,AML,LOW,OPEN,rules-v2,queue,88
AL000315,C001887,SANCTIONS,HIGH,ESCALATED,rules-v2,analyst_a,67
AL000316,C000466,FRAUD,LOW,FALSE_POSITIVE,rules-v1,analyst_a,39
AL000317,C002448,KYC_REFRESH,MEDIUM,CLOSED,manual,,47
AL000318,C001839,SANCTIONS,MEDIUM,ESCALATED,rules-v2,analyst_b,1
AL000319,C003328,AML,CRITICAL,FALSE_POSITIVE,ml-legacy,analyst_a,17
AL000320,C002445,AML,LOW,OPEN,rules-v1,analyst_a,18
AL000321,C001261,KYC_REFRESH,CRITICAL,FALSE_POSITIVE,manual,queue,7
AL000322,C003259,KYC_REFRESH,LOW,CLOSED,rules-v1,analyst_a,93
AL000323,C000652,FRAUD,LOW,FALSE_POSITIVE,rules-v2,analyst_b,33
AL000324,C001180,AML,LOW,FALSE_POSITIVE,ml-legacy,analyst_b,28
AL000325,C003007,SANCTIONS,LOW,OPEN,manual,,46
AL000326,C000429,KYC_REFRESH,HIGH,ESCALATED,manual,analyst_a,44
AL000327,C000419,AML,LOW,FALSE_POSITIVE,manual,queue,70
AL000328,C001670,SANCTIONS,CRITICAL,CLOSED,rules-v2,analyst_b,38
AL000329,C003167,FRAUD,MEDIUM,CLOSED,manual,analyst_a,5
AL000330,C001884,KYC_REFRESH,MEDIUM,FALSE_POSITIVE,rules-v1,analyst_b,78
AL000331,C000779,AML,LOW,ESCALATED,manual,analyst_b,10
AL000332,C000635,SANCTIONS,MEDIUM,OPEN,rules-v2,queue,62
AL000333,C000487,KYC_REFRESH,LOW,OPEN,ml-legacy,queue,81
AL000334,C003396,KYC_REFRESH,MEDIUM,OPEN,rules-v1,queue,12
AL000335,C000039,AML,LOW,CLOSED,manual,analyst_b,11
AL000336,C000794,SANCTIONS,HIGH,ESCALATED,rules-v2,queue,35
AL000337,C000062,KYC_REFRESH,MEDIUM,FALSE_POSITIVE,ml-legacy,queue,60
AL000338,C001539,KYC_REFRESH,CRITICAL,FALSE_POSITIVE,rules-v2,analyst_b,100
AL000339,C001255,SANCTIONS,HIGH,OPEN,ml-legacy,analyst_a,20
AL000340,C001326,SANCTIONS,MEDIUM,FALSE_POSITIVE,ml-legacy,queue,93
AL000341,C000078,AML,LOW,CLOSED,rules-v2,,34
AL000342,C000591,KYC_REFRESH,CRITICAL,OPEN,ml-legacy,analyst_a,31
AL000343,C003056,FRAUD,MEDIUM,ESCALATED,manual,analyst_a,51
AL000344,C002581,KYC_REFRESH,MEDIUM,CLOSED,rules-v1,queue,62
AL000345,C002511,FRAUD,CRITICAL,FALSE_POSITIVE,ml-legacy,queue,58
AL000346,C002170,AML,LOW,FALSE_POSITIVE,rules-v2,analyst_b,19
AL000347,C002598,FRAUD,MEDIUM,ESCALATED,manual,analyst_b,61
AL000348,C003500,AML,LOW,FALSE_POSITIVE,rules-v2,analyst_b,56
AL000349,C001412,AML,LOW,OPEN,manual,queue,100
AL000350,C002823,AML,HIGH,FALSE_POSITIVE,rules-v1,analyst_b,35
AL000351,C000020,KYC_REFRESH,HIGH,FALSE_POSITIVE,ml-legacy,analyst_a,20
AL000352,C001112,FRAUD,HIGH,ESCALATED,manual,queue,51
AL000353,C001070,FRAUD,HIGH,CLOSED,manual,analyst_b,27
AL000354,C003158,FRAUD,MEDIUM,FALSE_POSITIVE,manual,queue,99
AL000355,C000235,AML,HIGH,CLOSED,ml-legacy,analyst_b,66
AL000356,C000471,AML,MEDIUM,CLOSED,rules-v2,analyst_a,66
AL000357,C000612,SANCTIONS,MEDIUM,CLOSED,rules-v2,queue,89
AL000358,C000638,FRAUD,CRITICAL,ESCALATED,rules-v1,analyst_a,5
AL000359,C000910,KYC_REFRESH,LOW,FALSE_POSITIVE,rules-v1,queue,9
AL000360,C002228,AML,MEDIUM,CLOSED,ml-legacy,analyst_b,61
AL000361,C000678,FRAUD,CRITICAL,CLOSED,ml-legacy,,100
AL000362,C001718,SANCTIONS,HIGH,ESCALATED,rules-v2,analyst_b,53
AL000363,C001143,FRAUD,HIGH,FALSE_POSITIVE,ml-legacy,analyst_b,98
AL000364,C003492,KYC_REFRESH,CRITICAL,OPEN,ml-legacy,analyst_b,2
AL000365,C001392,KYC_REFRESH,MEDIUM,OPEN,rules-v1,queue,72
AL000366,C003094,KYC_REFRESH,MEDIUM,FALSE_POSITIVE,manual,analyst_b,78
AL000367,C001541,AML,MEDIUM,CLOSED,manual,analyst_b,34
AL000368,C003446,FRAUD,LOW,OPEN,manual,analyst_b,2
AL000369,C002616,SANCTIONS,HIGH,CLOSED,rules-v2,analyst_a,9
AL000370,C000859,SANCTIONS,CRITICAL,FALSE_POSITIVE,ml-legacy,analyst_b,6
AL000371,C001569,SANCTIONS,MEDIUM,FALSE_POSITIVE,rules-v1,analyst_b,23
AL000372,C000100,AML,LOW,CLOSED,ml-legacy,analyst_b,35
AL000373,C001818,FRAUD,HIGH,FALSE_POSITIVE,manual,,54
AL000374,C002050,AML,MEDIUM,CLOSED,rules-v2,analyst_b,10
AL000375,C001071,SANCTIONS,CRITICAL,CLOSED,rules-v1,queue,33
AL000376,C000508,SANCTIONS,HIGH,CLOSED,rules-v1,analyst_b,44
AL000377,C003102,FRAUD,HIGH,OPEN,rules-v1,analyst_a,0
AL000378,C003475,SANCTIONS,MEDIUM,OPEN,rules-v1,analyst_a,50
AL000379,C003108,AML,HIGH,CLOSED,manual,queue,95
AL000380,C001987,KYC_REFRESH,MEDIUM,FALSE_POSITIVE,ml-legacy,analyst_b,27
AL000381,C002388,KYC_REFRESH,CRITICAL,OPEN,rules-v1,,2
AL000382,C001112,AML,MEDIUM,CLOSED,rules-v2,queue,81
AL000383,C002639,FRAUD,CRITICAL,CLOSED,manual,analyst_b,68
AL000384,C000866,KYC_REFRESH,HIGH,CLOSED,manual,queue,90
AL000385,C000356,AML,CRITICAL,ESCALATED,ml-legacy,analyst_a,52
AL000386,C001917,AML,CRITICAL,ESCALATED,manual,analyst_a,100
AL000387,C000839,KYC_REFRESH,CRITICAL,FALSE_POSITIVE,manual,analyst_b,15
AL000388,C003020,AML,HIGH,OPEN,ml-legacy,analyst_a,51
AL000389,C000760,AML,LOW,FALSE_POSITIVE,rules-v1,analyst_a,70
AL000390,C002290,SANCTIONS,CRITICAL,CLOSED,manual,analyst_b,92
AL000391,C002792,AML,CRITICAL,FALSE_POSITIVE,rules-v2,queue,59
AL000392,C001666,SANCTIONS,HIGH,OPEN,manual,analyst_b,100
AL000393,C000103,SANCTIONS,LOW,CLOSED,ml-legacy,analyst_a,94
AL000394,C002984,SANCTIONS,HIGH,CLOSED,manual,analyst_a,16
AL000395,C003439,SANCTIONS,CRITICAL,CLOSED,rules-v1,analyst_b,4
AL000396,C002775,SANCTIONS,LOW,OPEN,manual,analyst_b,79
AL000397,C002240,FRAUD,MEDIUM,ESCALATED,ml-legacy,analyst_b,59
AL000398,C002704,FRAUD,CRITICAL,ESCALATED,rules-v1,queue,36
AL000399,C002852,AML,LOW,OPEN,ml-legacy,queue,17
AL000400,C000108,SANCTIONS,LOW,OPEN,manual,analyst_b,68
AL000401,C001275,AML,MEDIUM,FALSE_POSITIVE,manual,analyst_a,80
AL000402,C001756,KYC_REFRESH,LOW,ESCALATED,rules-v1,queue,21
AL000403,C003315,KYC_REFRESH,LOW,FALSE_POSITIVE,rules-v2,queue,94
AL000404,C002885,KYC_REFRESH,LOW,CLOSED,rules-v1,analyst_a,18
AL000405,C000311,AML,LOW,ESCALATED,ml-legacy,,50
AL000406,C001939,AML,HIGH,OPEN,rules-v2,analyst_a,17
AL000407,C002795,AML,LOW,ESCALATED,manual,analyst_a,64
AL000408,C002538,SANCTIONS,MEDIUM,FALSE_POSITIVE,rules-v1,analyst_b,80
AL000409,C001181,FRAUD,CRITICAL,CLOSED,rules-v1,analyst_a,70
AL000410,C002690,KYC_REFRESH,LOW,ESCALATED,ml-legacy,queue,27
AL000411,C001907,KYC_REFRESH,CRITICAL,CLOSED,ml-legacy,analyst_a,8
AL000412,C001634,SANCTIONS,LOW,FALSE_POSITIVE,manual,analyst_b,47
AL000413,C000571,KYC_REFRESH,LOW,FALSE_POSITIVE,ml-legacy,queue,6
AL000414,C000524,KYC_REFRESH,LOW,FALSE_POSITIVE,rules-v2,analyst_b,61
AL000415,C000906,FRAUD,MEDIUM,CLOSED,rules-v2,queue,17
AL000416,C003046,FRAUD,HIGH,OPEN,ml-legacy,analyst_b,5
AL000417,C002794,KYC_REFRESH,LOW,ESCALATED,manual,analyst_b,3
AL000418,C002159,KYC_REFRESH,CRITICAL,CLOSED,manual,analyst_b,96
AL000419,C000686,SANCTIONS,MEDIUM,CLOSED,manual,queue,65
AL000420,C002487,AML,CRITICAL,OPEN,rules-v1,queue,89
AL000421,C001548,AML,HIGH,FALSE_POSITIVE,rules-v2,analyst_a,33
AL000422,C002475,SANCTIONS,HIGH,ESCALATED,manual,queue,4
AL000423,C000708,FRAUD,MEDIUM,OPEN,rules-v2,analyst_a,44
AL000424,C000448,SANCTIONS,LOW,OPEN,rules-v1,analyst_a,38
AL000425,C003478,AML,MEDIUM,ESCALATED,rules-v2,queue,97
AL000426,C002720,AML,HIGH,CLOSED,rules-v2,analyst_a,5
AL000427,C003043,FRAUD,HIGH,OPEN,manual,analyst_a,76
AL000428,C002439,AML,LOW,FALSE_POSITIVE,manual,analyst_a,84
AL000429,C002562,AML,MEDIUM,OPEN,manual,analyst_a,51
AL000430,C003144,KYC_REFRESH,HIGH,FALSE_POSITIVE,manual,queue,1
AL000431,C000424,AML,MEDIUM,OPEN,ml-legacy,analyst_b,66
AL000432,C001121,FRAUD,CRITICAL,OPEN,ml-legacy,queue,30
AL000433,C000175,SANCTIONS,LOW,FALSE_POSITIVE,ml-legacy,,86
AL000434,C001122,AML,HIGH,CLOSED,rules-v2,analyst_b,13
AL000435,C002718,AML,HIGH,FALSE_POSITIVE,rules-v2,analyst_a,62
AL000436,C000480,SANCTIONS,HIGH,OPEN,rules-v1,analyst_a,47
AL000437,C002875,KYC_REFRESH,CRITICAL,OPEN,rules-v1,queue,100
AL000438,C000860,KYC_REFRESH,HIGH,FALSE_POSITIVE,rules-v2,analyst_b,30
AL000439,C003299,FRAUD,LOW,CLOSED,manual,analyst_a,97
AL000440,C000051,KYC_REFRESH,CRITICAL,ESCALATED,manual,analyst_b,31
AL000441,C003287,SANCTIONS,MEDIUM,ESCALATED,ml-legacy,queue,51
AL000442,C002632,FRAUD,MEDIUM,ESCALATED,ml-legacy,analyst_b,69
AL000443,C000269,FRAUD,LOW,ESCALATED,rules-v1,queue,74
AL000444,C000001,KYC_REFRESH,HIGH,FALSE_POSITIVE,manual,queue,46
AL000445,C001263,KYC_REFRESH,MEDIUM,ESCALATED,rules-v1,analyst_b,70
AL000446,C000231,AML,MEDIUM,CLOSED,manual,queue,97
AL000447,C002278,KYC_REFRESH,CRITICAL,ESCALATED,manual,analyst_a,39
AL000448,C001219,SANCTIONS,CRITICAL,OPEN,manual,analyst_b,44
AL000449,C003199,KYC_REFRESH,HIGH,FALSE_POSITIVE,rules-v1,queue,0
AL000450,C003390,KYC_REFRESH,MEDIUM,CLOSED,rules-v1,analyst_a,41
AL000451,C003447,SANCTIONS,HIGH,CLOSED,manual,queue,47
AL000452,C002290,SANCTIONS,HIGH,OPEN,rules-v2,queue,95
AL000453,C003036,KYC_REFRESH,CRITICAL,CLOSED,ml-legacy,analyst_b,42
AL000454,C001610,AML,MEDIUM,CLOSED,rules-v2,analyst_b,65
AL000455,C001691,FRAUD,HIGH,CLOSED,rules-v2,analyst_a,87
AL000456,C003165,KYC_REFRESH,MEDIUM,CLOSED,rules-v2,queue,84
AL000457,C002152,FRAUD,HIGH,CLOSED,manual,,33
AL000458,C000141,FRAUD,HIGH,OPEN,ml-legacy,queue,91
AL000459,C001594,FRAUD,MEDIUM,OPEN,rules-v2,analyst_a,48
AL000460,C001354,FRAUD,HIGH,FALSE_POSITIVE,rules-v1,queue,76
AL000461,C001607,SANCTIONS,CRITICAL,ESCALATED,ml-legacy,analyst_a,35
AL000462,C001231,KYC_REFRESH,MEDIUM,OPEN,manual,analyst_b,48
AL000463,C002373,FRAUD,CRITICAL,ESCALATED,manual,queue,13
AL000464,C002159,AML,HIGH,FALSE_POSITIVE,rules-v2,analyst_a,22
AL000465,C001211,KYC_REFRESH,MEDIUM,CLOSED,rules-v1,,43
AL000466,C003198,AML,CRITICAL,OPEN,rules-v1,analyst_b,0
AL000467,C003344,AML,MEDIUM,CLOSED,rules-v1,analyst_b,19
AL000468,C002695,SANCTIONS,HIGH,CLOSED,manual,analyst_a,94
AL000469,C002315,SANCTIONS,LOW,CLOSED,rules-v1,analyst_a,54
AL000470,C000614,KYC_REFRESH,MEDIUM,OPEN,rules-v2,analyst_a,78
AL000471,C001322,SANCTIONS,LOW,ESCALATED,ml-legacy,analyst_b,28
AL000472,C003255,KYC_REFRESH,MEDIUM,CLOSED,rules-v2,queue,18
AL000473,C003220,AML,CRITICAL,FALSE_POSITIVE,rules-v2,analyst_b,93
AL000474,C002968,AML,MEDIUM,CLOSED,rules-v2,analyst_a,8
AL000475,C003102,KYC_REFRESH,LOW,FALSE_POSITIVE,rules-v1,analyst_b,89
AL000476,C002382,KYC_REFRESH,HIGH,CLOSED,rules-v1,analyst_a,87
AL000477,C000142,AML,MEDIUM,OPEN,rules-v2,analyst_b,42
AL000478,C003012,FRAUD,HIGH,ESCALATED,manual,analyst_b,57
AL000479,C000354,SANCTIONS,MEDIUM,OPEN,rules-v2,analyst_a,60
AL000480,C002759,AML,CRITICAL,OPEN,ml-legacy,analyst_b,33
AL000481,C002622,SANCTIONS,HIGH,OPEN,rules-v1,analyst_a,17
AL000482,C001339,AML,HIGH,ESCALATED,manual,queue,33
AL000483,C002948,AML,LOW,CLOSED,ml-legacy,queue,28
AL000484,C002802,KYC_REFRESH,LOW,FALSE_POSITIVE,ml-legacy,analyst_a,32
AL000485,C001648,KYC_REFRESH,MEDIUM,ESCALATED,rules-v2,,90
AL000486,C002970,FRAUD,CRITICAL,FALSE_POSITIVE,ml-legacy,analyst_b,38
AL000487,C000711,FRAUD,CRITICAL,FALSE_POSITIVE,ml-legacy,analyst_a,52
AL000488,C002180,AML,LOW,ESCALATED,rules-v1,queue,86
AL000489,C003482,FRAUD,LOW,FALSE_POSITIVE,rules-v1,analyst_b,67
AL000490,C002070,FRAUD,CRITICAL,OPEN,rules-v2,analyst_a,5
AL000491,C001905,AML,MEDIUM,ESCALATED,rules-v1,analyst_b,5
AL000492,C003304,AML,MEDIUM,ESCALATED,manual,analyst_a,45
AL000493,C003234,FRAUD,LOW,OPEN,ml-legacy,analyst_a,35
AL000494,C001439,FRAUD,LOW,OPEN,ml-legacy,analyst_b,86
AL000495,C002226,SANCTIONS,CRITICAL,ESCALATED,rules-v1,queue,85
AL000496,C003286,SANCTIONS,MEDIUM,OPEN,manual,analyst_b,80
AL000497,C002872,FRAUD,MEDIUM,FALSE_POSITIVE,ml-legacy,queue,76
AL000498,C001846,FRAUD,MEDIUM,FALSE_POSITIVE,rules-v2,analyst_b,45
AL000499,C001397,KYC_REFRESH,HIGH,CLOSED,ml-legacy,analyst_b,14
AL000500,C002554,SANCTIONS,MEDIUM,FALSE_POSITIVE,manual,analyst_a,29
AL000501,C000518,FRAUD,MEDIUM,ESCALATED,rules-v1,analyst_a,4
AL000502,C001383,AML,LOW,OPEN,rules-v1,queue,7
AL000503,C003388,KYC_REFRESH,HIGH,ESCALATED,rules-v1,queue,38
AL000504,C002623,AML,HIGH,FALSE_POSITIVE,rules-v1,analyst_b,2
AL000505,C002409,SANCTIONS,MEDIUM,CLOSED,ml-legacy,,23
AL000506,C000894,SANCTIONS,LOW,OPEN,rules-v2,analyst_a,97
AL000507,C001278,KYC_REFRESH,HIGH,FALSE_POSITIVE,rules-v1,analyst_b,41
AL000508,C000980,FRAUD,LOW,FALSE_POSITIVE,ml-legacy,queue,54
AL000509,C001479,FRAUD,MEDIUM,ESCALATED,ml-legacy,queue,74
AL000510,C002932,SANCTIONS,LOW,FALSE_POSITIVE,rules-v1,queue,45
AL000511,C003342,KYC_REFRESH,LOW,FALSE_POSITIVE,rules-v2,queue,22
AL000512,C001364,FRAUD,MEDIUM,FALSE_POSITIVE,manual,analyst_a,24
AL000513,C000862,SANCTIONS,CRITICAL,CLOSED,ml-legacy,analyst_b,62
AL000514,C002127,FRAUD,MEDIUM,ESCALATED,manual,queue,75
AL000515,C002655,KYC_REFRESH,MEDIUM,OPEN,ml-legacy,queue,8
AL000516,C000703,SANCTIONS,LOW,ESCALATED,rules-v1,analyst_a,82
AL000517,C002392,KYC_REFRESH,MEDIUM,ESCALATED,rules-v2,queue,62
AL000518,C001621,KYC_REFRESH,HIGH,OPEN,ml-legacy,queue,68
AL000519,C003470,FRAUD,MEDIUM,ESCALATED,ml-legacy,queue,59
AL000520,C002519,FRAUD,LOW,OPEN,ml-legacy,queue,59
AL000521,C001210,FRAUD,HIGH,FALSE_POSITIVE,manual,,79
AL000522,C001251,KYC_REFRESH,MEDIUM,ESCALATED,rules-v2,analyst_b,32
AL000523,C003337,SANCTIONS,HIGH,ESCALATED,ml-legacy,analyst_b,100
AL000524,C000388,AML,MEDIUM,CLOSED,rules-v2,analyst_b,92
AL000525,C003004,AML,LOW,OPEN,rules-v2,queue,72
AL000526,C000637,FRAUD,LOW,CLOSED,manual,analyst_b,21
AL000527,C000051,AML,LOW,FALSE_POSITIVE,rules-v1,queue,40
AL000528,C002931,AML,LOW,CLOSED,rules-v2,analyst_a,24
AL000529,C003001,AML,CRITICAL,OPEN,ml-legacy,analyst_b,89
AL000530,C002007,SANCTIONS,LOW,ESCALATED,rules-v2,queue,50
AL000531,C003188,SANCTIONS,LOW,FALSE_POSITIVE,ml-legacy,analyst_a,52
AL000532,C001174,SANCTIONS,CRITICAL,OPEN,rules-v1,analyst_a,100
AL000533,C001989,SANCTIONS,LOW,CLOSED,rules-v2,analyst_b,7
AL000534,C000304,SANCTIONS,LOW,OPEN,manual,queue,82
AL000535,C001493,KYC_REFRESH,LOW,ESCALATED,rules-v2,analyst_b,99
AL000536,C002274,AML,HIGH,ESCALATED,rules-v2,queue,19
AL000537,C002246,KYC_REFRESH,LOW,FALSE_POSITIVE,rules-v2,analyst_a,33
AL000538,C001317,KYC_REFRESH,HIGH,OPEN,rules-v1,analyst_b,73
AL000539,C000050,FRAUD,CRITICAL,OPEN,rules-v1,analyst_a,32
AL000540,C001027,KYC_REFRESH,MEDIUM,OPEN,ml-legacy,queue,60
AL000541,C001710,FRAUD,CRITICAL,FALSE_POSITIVE,manual,queue,27
AL000542,C002608,AML,HIGH,CLOSED,rules-v2,analyst_b,79
AL000543,C002448,FRAUD,MEDIUM,CLOSED,rules-v2,analyst_a,75
AL000544,C003416,FRAUD,CRITICAL,OPEN,rules-v2,queue,92
AL000545,C002324,AML,CRITICAL,OPEN,manual,queue,76
AL000546,C000552,SANCTIONS,MEDIUM,FALSE_POSITIVE,rules-v1,queue,0
AL000547,C001775,FRAUD,LOW,CLOSED,manual,analyst_a,1
AL000548,C000619,FRAUD,MEDIUM,FALSE_POSITIVE,rules-v1,analyst_a,83
AL000549,C001989,AML,LOW,ESCALATED,rules-v1,,10
AL000550,C000967,AML,CRITICAL,CLOSED,rules-v2,analyst_a,22
AL000551,C000896,AML,LOW,OPEN,ml-legacy,analyst_b,47
AL000552,C003216,AML,MEDIUM,OPEN,rules-v2,analyst_b,78
AL000553,C002733,SANCTIONS,HIGH,FALSE_POSITIVE,rules-v2,queue,47
AL000554,C001610,FRAUD,CRITICAL,OPEN,rules-v2,analyst_b,33
AL000555,C002507,FRAUD,HIGH,FALSE_POSITIVE,rules-v2,analyst_b,100
AL000556,C000232,FRAUD,MEDIUM,ESCALATED,rules-v2,analyst_b,64
AL000557,C001823,KYC_REFRESH,HIGH,ESCALATED,rules-v1,,37
AL000558,C000020,KYC_REFRESH,MEDIUM,CLOSED,ml-legacy,analyst_b,0
AL000559,C001303,SANCTIONS,MEDIUM,ESCALATED,rules-v2,analyst_a,32
AL000560,C000198,KYC_REFRESH,CRITICAL,CLOSED,manual,analyst_b,94
AL000561,C002911,AML,HIGH,FALSE_POSITIVE,rules-v2,analyst_a,22
AL000562,C000608,FRAUD,LOW,ESCALATED,manual,analyst_b,97
AL000563,C002682,SANCTIONS,LOW,OPEN,manual,analyst_a,33
AL000564,C003007,AML,HIGH,ESCALATED,rules-v1,analyst_a,86
AL000565,C002736,SANCTIONS,HIGH,FALSE_POSITIVE,manual,analyst_a,70
AL000566,C000001,SANCTIONS,LOW,CLOSED,ml-legacy,analyst_b,37
AL000567,C003107,FRAUD,MEDIUM,CLOSED,ml-legacy,queue,91
AL000568,C000325,AML,HIGH,CLOSED,rules-v1,queue,16
AL000569,C002450,AML,CRITICAL,FALSE_POSITIVE,manual,queue,60
AL000570,C001454,AML,MEDIUM,FALSE_POSITIVE,rules-v2,analyst_b,68
AL000571,C002249,SANCTIONS,LOW,FALSE_POSITIVE,rules-v1,queue,58
AL000572,C001237,AML,HIGH,FALSE_POSITIVE,manual,analyst_b,79
AL000573,C000710,AML,HIGH,CLOSED,manual,queue,86
AL000574,C000124,FRAUD,MEDIUM,OPEN,rules-v1,queue,49
AL000575,C002030,AML,MEDIUM,CLOSED,rules-v1,analyst_a,19
AL000576,C000197,SANCTIONS,MEDIUM,OPEN,rules-v1,analyst_a,4
AL000577,C002984,KYC_REFRESH,LOW,FALSE_POSITIVE,ml-legacy,queue,63
AL000578,C001313,AML,LOW,CLOSED,rules-v2,analyst_a,86
AL000579,C002886,FRAUD,HIGH,FALSE_POSITIVE,manual,analyst_a,38
AL000580,C000297,FRAUD,HIGH,CLOSED,ml-legacy,queue,47
AL000581,C002073,AML,LOW,FALSE_POSITIVE,ml-legacy,queue,23
AL000582,C001754,SANCTIONS,HIGH,FALSE_POSITIVE,manual,analyst_b,51
AL000583,C000752,AML,CRITICAL,CLOSED,manual,queue,34
AL000584,C002657,FRAUD,LOW,ESCALATED,rules-v2,analyst_b,1
AL000585,C002219,FRAUD,MEDIUM,CLOSED,ml-legacy,analyst_a,72
AL000586,C002890,FRAUD,LOW,OPEN,manual,analyst_a,63
AL000587,C003239,AML,HIGH,CLOSED,ml-legacy,analyst_a,18
AL000588,C000560,AML,LOW,ESCALATED,manual,queue,33
AL000589,C002669,AML,LOW,FALSE_POSITIVE,rules-v1,analyst_a,79
AL000590,C003189,KYC_REFRESH,CRITICAL,CLOSED,rules-v2,analyst_a,57
AL000591,C000722,SANCTIONS,CRITICAL,OPEN,rules-v2,queue,63
AL000592,C000276,FRAUD,HIGH,ESCALATED,ml-legacy,analyst_b,99
AL000593,C000450,SANCTIONS,HIGH,FALSE_POSITIVE,ml-legacy,,1
AL000594,C000128,AML,MEDIUM,OPEN,rules-v2,queue,0
AL000595,C001767,AML,HIGH,CLOSED,rules-v1,queue,33
AL000596,C001198,KYC_REFRESH,LOW,OPEN,rules-v2,queue,62
AL000597,C002200,AML,MEDIUM,ESCALATED,rules-v1,analyst_b,97
AL000598,C001419,SANCTIONS,HIGH,FALSE_POSITIVE,manual,queue,58
AL000599,C000582,FRAUD,HIGH,OPEN,rules-v2,analyst_a,78
AL000600,C001625,KYC_REFRESH,MEDIUM,OPEN,manual,analyst_a,96
AL000601,C001350,AML,LOW,ESCALATED,rules-v1,queue,37
AL000602,C000713,KYC_REFRESH,MEDIUM,ESCALATED,rules-v2,queue,24
AL000603,C002406,AML,HIGH,ESCALATED,ml-legacy,analyst_a,9
AL000604,C000879,AML,CRITICAL,CLOSED,manual,analyst_b,81
AL000605,C002666,SANCTIONS,MEDIUM,FALSE_POSITIVE,rules-v1,analyst_a,47
AL000606,C002877,SANCTIONS,HIGH,CLOSED,rules-v2,analyst_b,20
AL000607,C002488,KYC_REFRESH,CRITICAL,CLOSED,rules-v2,analyst_b,35
AL000608,C001668,KYC_REFRESH,LOW,FALSE_POSITIVE,ml-legacy,analyst_b,46
AL000609,C001322,FRAUD,MEDIUM,CLOSED,rules-v1,,34
AL000610,C000888,KYC_REFRESH,CRITICAL,OPEN,rules-v1,analyst_a,63
AL000611,C001035,SANCTIONS,CRITICAL,OPEN,rules-v2,analyst_a,5
AL000612,C002057,KYC_REFRESH,LOW,CLOSED,manual,analyst_b,21
AL000613,C000256,KYC_REFRESH,LOW,FALSE_POSITIVE,ml-legacy,analyst_b,89
AL000614,C000310,KYC_REFRESH,MEDIUM,OPEN,rules-v1,analyst_b,67
AL000615,C001735,AML,HIGH,CLOSED,rules-v1,analyst_a,79
AL000616,C003255,AML,LOW,CLOSED,ml-legacy,queue,50
AL000617,C001261,KYC_REFRESH,CRITICAL,CLOSED,rules-v2,,49
AL000618,C001874,SANCTIONS,HIGH,OPEN,rules-v2,analyst_a,58
AL000619,C003423,AML,LOW,FALSE_POSITIVE,manual,analyst_b,92
AL000620,C001540,KYC_REFRESH,HIGH,ESCALATED,rules-v2,analyst_a,28
AL000621,C001018,SANCTIONS,CRITICAL,ESCALATED,ml-legacy,analyst_a,56
AL000622,C003422,KYC_REFRESH,CRITICAL,ESCALATED,rules-v2,queue,46
AL000623,C002751,FRAUD,HIGH,OPEN,ml-legacy,queue,26
AL000624,C000694,KYC_REFRESH,HIGH,FALSE_POSITIVE,rules-v2,analyst_b,11
AL000625,C001264,AML,HIGH,ESCALATED,ml-legacy,,35
AL000626,C002263,AML,MEDIUM,OPEN,manual,queue,3
AL000627,C000892,KYC_REFRESH,MEDIUM,ESCALATED,rules-v2,analyst_a,69
AL000628,C000364,KYC_REFRESH,MEDIUM,FALSE_POSITIVE,manual,queue,50
AL000629,C002623,FRAUD,LOW,FALSE_POSITIVE,manual,,53
AL000630,C003344,AML,LOW,ESCALATED,rules-v2,queue,82
AL000631,C003200,AML,CRITICAL,CLOSED,ml-legacy,queue,56
AL000632,C001484,SANCTIONS,CRITICAL,CLOSED,rules-v1,queue,11
AL000633,C000060,FRAUD,LOW,CLOSED,rules-v2,,0
AL000634,C000228,AML,LOW,CLOSED,manual,queue,38
AL000635,C002056,FRAUD,LOW,ESCALATED,rules-v1,queue,44
AL000636,C002371,KYC_REFRESH,LOW,OPEN,rules-v2,queue,12
AL000637,C001203,SANCTIONS,LOW,OPEN,manual,queue,29
AL000638,C002973,KYC_REFRESH,MEDIUM,ESCALATED,rules-v2,analyst_a,68
AL000639,C001499,KYC_REFRESH,MEDIUM,OPEN,manual,analyst_a,65
AL000640,C001668,SANCTIONS,LOW,ESCALATED,manual,analyst_b,11
AL000641,C002517,FRAUD,MEDIUM,CLOSED,rules-v1,analyst_a,72
AL000642,C001188,SANCTIONS,HIGH,OPEN,rules-v1,analyst_b,14
AL000643,C001304,AML,MEDIUM,CLOSED,rules-v1,analyst_b,85
AL000644,C003032,AML,CRITICAL,ESCALATED,rules-v1,analyst_a,100
AL000645,C001979,KYC_REFRESH,MEDIUM,CLOSED,rules-v1,analyst_b,64
AL000646,C002906,KYC_REFRESH,HIGH,OPEN,rules-v2,queue,65
AL000647,C000618,KYC_REFRESH,CRITICAL,CLOSED,rules-v1,analyst_a,97
AL000648,C001945,KYC_REFRESH,MEDIUM,ESCALATED,ml-legacy,analyst_b,66
AL000649,C003488,KYC_REFRESH,HIGH,OPEN,ml-legacy,analyst_a,70
AL000650,C002111,SANCTIONS,MEDIUM,ESCALATED,rules-v1,analyst_a,63
AL000651,C001317,SANCTIONS,CRITICAL,OPEN,ml-legacy,analyst_a,17
AL000652,C000528,SANCTIONS,MEDIUM,CLOSED,manual,analyst_b,90
AL000653,C001610,KYC_REFRESH,CRITICAL,FALSE_POSITIVE,ml-legacy,analyst_b,55
AL000654,C000157,AML,HIGH,ESCALATED,rules-v1,analyst_b,77
AL000655,C000530,AML,LOW,ESCALATED,manual,analyst_b,94
AL000656,C003030,AML,HIGH,ESCALATED,ml-legacy,queue,5
AL000657,C003074,AML,CRITICAL,ESCALATED,manual,analyst_b,93
AL000658,C001155,KYC_REFRESH,HIGH,FALSE_POSITIVE,rules-v2,queue,39
AL000659,C001622,AML,CRITICAL,ESCALATED,manual,analyst_b,82
AL000660,C002008,KYC_REFRESH,CRITICAL,FALSE_POSITIVE,ml-legacy,queue,93
AL000661,C002577,AML,CRITICAL,OPEN,rules-v2,,50
AL000662,C002666,FRAUD,HIGH,FALSE_POSITIVE,ml-legacy,analyst_a,84
AL000663,C001867,SANCTIONS,LOW,OPEN,ml-legacy,analyst_a,42
AL000664,C002687,AML,LOW,ESCALATED,rules-v2,queue,20
AL000665,C000382,FRAUD,LOW,OPEN,rules-v1,queue,8
AL000666,C003010,KYC_REFRESH,MEDIUM,ESCALATED,manual,analyst_b,85
AL000667,C002593,KYC_REFRESH,MEDIUM,OPEN,ml-legacy,analyst_b,66
AL000668,C000099,KYC_REFRESH,CRITICAL,OPEN,rules-v1,analyst_a,64
AL000669,C003317,KYC_REFRESH,HIGH,FALSE_POSITIVE,manual,,30
AL000670,C001148,FRAUD,HIGH,OPEN,rules-v1,analyst_a,65
AL000671,C002308,SANCTIONS,HIGH,ESCALATED,ml-legacy,analyst_b,6
AL000672,C003171,AML,MEDIUM,FALSE_POSITIVE,rules-v2,analyst_b,69
AL000673,C002537,AML,LOW,FALSE_POSITIVE,manual,,51
AL000674,C001631,FRAUD,MEDIUM,FALSE_POSITIVE,rules-v1,analyst_a,46
AL000675,C003358,SANCTIONS,MEDIUM,ESCALATED,manual,analyst_b,35
AL000676,C002729,SANCTIONS,LOW,OPEN,ml-legacy,analyst_a,61
AL000677,C002725,KYC_REFRESH,MEDIUM,ESCALATED,rules-v1,analyst_a,51
AL000678,C002034,AML,MEDIUM,CLOSED,manual,queue,11
AL000679,C000749,SANCTIONS,MEDIUM,CLOSED,rules-v2,analyst_a,96
AL000680,C003268,AML,HIGH,ESCALATED,manual,analyst_a,82
AL000681,C000444,SANCTIONS,CRITICAL,CLOSED,manual,queue,59
AL000682,C000729,KYC_REFRESH,MEDIUM,ESCALATED,rules-v1,analyst_a,30
AL000683,C001958,AML,LOW,FALSE_POSITIVE,manual,queue,61
AL000684,C002670,KYC_REFRESH,HIGH,FALSE_POSITIVE,manual,analyst_a,31
AL000685,C000909,KYC_REFRESH,MEDIUM,ESCALATED,manual,analyst_b,28
AL000686,C003417,KYC_REFRESH,HIGH,OPEN,rules-v1,analyst_b,70
AL000687,C003185,SANCTIONS,HIGH,OPEN,rules-v1,queue,1
AL000688,C001072,AML,CRITICAL,OPEN,manual,analyst_a,26
AL000689,C000520,KYC_REFRESH,LOW,OPEN,ml-legacy,analyst_b,67
AL000690,C001457,FRAUD,LOW,FALSE_POSITIVE,manual,analyst_b,3
AL000691,C003242,KYC_REFRESH,LOW,CLOSED,rules-v2,queue,15
AL000692,C002218,SANCTIONS,CRITICAL,CLOSED,rules-v2,analyst_b,17
AL000693,C002614,FRAUD,LOW,CLOSED,rules-v1,analyst_b,27
AL000694,C002171,SANCTIONS,LOW,OPEN,ml-legacy,queue,66
AL000695,C002559,KYC_REFRESH,LOW,CLOSED,rules-v1,analyst_b,86
AL000696,C000411,FRAUD,MEDIUM,OPEN,manual,analyst_a,96
AL000697,C002225,KYC_REFRESH,LOW,ESCALATED,ml-legacy,analyst_a,80
AL000698,C000328,AML,MEDIUM,OPEN,ml-legacy,analyst_b,52
AL000699,C000823,AML,LOW,CLOSED,ml-legacy,analyst_b,76
AL000700,C001048,AML,CRITICAL,CLOSED,rules-v1,analyst_a,12
AL000701,C002256,FRAUD,CRITICAL,OPEN,rules-v2,analyst_b,27
AL000702,C002830,SANCTIONS,CRITICAL,CLOSED,rules-v2,analyst_a,63
AL000703,C001275,KYC_REFRESH,MEDIUM,OPEN,rules-v2,queue,47
AL000704,C001200,FRAUD,MEDIUM,CLOSED,ml-legacy,analyst_a,94
AL000705,C003167,FRAUD,CRITICAL,ESCALATED,manual,analyst_a,87
AL000706,C002702,SANCTIONS,CRITICAL,CLOSED,ml-legacy,analyst_a,43
AL000707,C001187,FRAUD,CRITICAL,FALSE_POSITIVE,rules-v1,analyst_a,4
AL000708,C000230,AML,MEDIUM,FALSE_POSITIVE,rules-v1,analyst_a,27
AL000709,C003344,KYC_REFRESH,MEDIUM,FALSE_POSITIVE,ml-legacy,analyst_b,77
AL000710,C001117,AML,CRITICAL,ESCALATED,ml-legacy,analyst_a,23
AL000711,C001011,KYC_REFRESH,CRITICAL,FALSE_POSITIVE,manual,analyst_b,98
AL000712,C001470,FRAUD,LOW,ESCALATED,rules-v2,queue,99
AL000713,C003439,SANCTIONS,CRITICAL,FALSE_POSITIVE,rules-v1,analyst_a,22
AL000714,C000701,FRAUD,LOW,FALSE_POSITIVE,rules-v2,analyst_a,56
AL000715,C001798,KYC_REFRESH,CRITICAL,FALSE_POSITIVE,ml-legacy,queue,9
AL000716,C002331,KYC_REFRESH,LOW,OPEN,ml-legacy,analyst_b,40
AL000717,C001395,SANCTIONS,MEDIUM,FALSE_POSITIVE,manual,analyst_b,68
AL000718,C001639,AML,MEDIUM,OPEN,manual,analyst_a,6
AL000719,C001164,SANCTIONS,LOW,CLOSED,rules-v2,queue,64
AL000720,C001060,FRAUD,CRITICAL,FALSE_POSITIVE,manual,analyst_a,61
AL000721,C003070,SANCTIONS,LOW,FALSE_POSITIVE,ml-legacy,,35
AL000722,C003283,AML,MEDIUM,OPEN,manual,analyst_b,20
AL000723,C001437,SANCTIONS,MEDIUM,ESCALATED,ml-legacy,analyst_a,100
AL000724,C001059,KYC_REFRESH,MEDIUM,ESCALATED,ml-legacy,queue,34
AL000725,C002711,FRAUD,HIGH,OPEN,rules-v1,queue,67
AL000726,C001629,KYC_REFRESH,LOW,FALSE_POSITIVE,rules-v1,analyst_b,60
AL000727,C002636,AML,HIGH,CLOSED,rules-v2,analyst_b,97
AL000728,C000973,KYC_REFRESH,HIGH,FALSE_POSITIVE,rules-v2,analyst_b,86
AL000729,C002108,FRAUD,HIGH,FALSE_POSITIVE,manual,analyst_a,48
AL000730,C002727,KYC_REFRESH,MEDIUM,FALSE_POSITIVE,rules-v2,analyst_b,16
AL000731,C000100,SANCTIONS,HIGH,CLOSED,rules-v1,analyst_a,51
AL000732,C002675,AML,MEDIUM,FALSE_POSITIVE,ml-legacy,analyst_b,46
AL000733,C000945,FRAUD,LOW,OPEN,ml-legacy,,87
AL000734,C002384,AML,MEDIUM,CLOSED,rules-v1,analyst_a,89
AL000735,C000325,FRAUD,LOW,FALSE_POSITIVE,rules-v2,queue,21
AL000736,C000615,AML,HIGH,ESCALATED,ml-legacy,queue,61
AL000737,C002972,AML,CRITICAL,OPEN,rules-v1,,67
AL000738,C001636,KYC_REFRESH,LOW,ESCALATED,rules-v1,analyst_a,57
AL000739,C001887,SANCTIONS,HIGH,FALSE_POSITIVE,manual,analyst_a,61
AL000740,C002183,SANCTIONS,LOW,CLOSED,manual,analyst_b,74
AL000741,C003468,KYC_REFRESH,CRITICAL,OPEN,rules-v2,queue,75
AL000742,C001368,AML,MEDIUM,OPEN,rules-v1,analyst_a,99
AL000743,C002994,SANCTIONS,LOW,ESCALATED,ml-legacy,queue,56
AL000744,C003431,FRAUD,HIGH,OPEN,rules-v1,queue,76
AL000745,C003021,KYC_REFRESH,LOW,FALSE_POSITIVE,ml-legacy,queue,28
AL000746,C000789,SANCTIONS,CRITICAL,FALSE_POSITIVE,manual,queue,33
AL000747,C002053,AML,LOW,OPEN,ml-legacy,queue,4
AL000748,C001312,KYC_REFRESH,HIGH,CLOSED,manual,analyst_a,32
AL000749,C000925,AML,MEDIUM,OPEN,ml-legacy,analyst_a,3
AL000750,C002646,FRAUD,MEDIUM,CLOSED,ml-legacy,analyst_b,28
AL000751,C002077,KYC_REFRESH,HIGH,CLOSED,manual,queue,76
AL000752,C001061,AML,CRITICAL,FALSE_POSITIVE,ml-legacy,analyst_b,95
AL000753,C000440,KYC_REFRESH,CRITICAL,ESCALATED,ml-legacy,analyst_b,58
AL000754,C001476,AML,HIGH,ESCALATED,ml-legacy,analyst_a,76
AL000755,C003348,KYC_REFRESH,LOW,OPEN,ml-legacy,queue,48
AL000756,C001639,FRAUD,MEDIUM,FALSE_POSITIVE,manual,analyst_a,68
AL000757,C003026,SANCTIONS,MEDIUM,CLOSED,rules-v2,,21
AL000758,C000545,SANCTIONS,HIGH,OPEN,manual,analyst_b,78
AL000759,C003267,SANCTIONS,MEDIUM,CLOSED,rules-v2,analyst_b,47
AL000760,C000003,KYC_REFRESH,LOW,OPEN,ml-legacy,analyst_a,94
AL000761,C003022,AML,HIGH,CLOSED,manual,,69
AL000762,C002526,KYC_REFRESH,LOW,CLOSED,ml-legacy,analyst_a,88
AL000763,C002025,AML,CRITICAL,OPEN,rules-v1,analyst_b,40
AL000764,C002733,AML,MEDIUM,CLOSED,rules-v1,analyst_b,58
AL000765,C000977,AML,LOW,FALSE_POSITIVE,ml-legacy,,99
AL000766,C002789,AML,HIGH,FALSE_POSITIVE,ml-legacy,analyst_a,65
AL000767,C000845,SANCTIONS,CRITICAL,ESCALATED,manual,analyst_b,30
AL000768,C000179,FRAUD,MEDIUM,ESCALATED,rules-v1,analyst_a,81
AL000769,C002038,KYC_REFRESH,MEDIUM,ESCALATED,rules-v1,analyst_b,3
AL000770,C002338,SANCTIONS,CRITICAL,OPEN,manual,queue,67
AL000771,C003034,FRAUD,LOW,CLOSED,rules-v2,queue,47
AL000772,C002978,SANCTIONS,MEDIUM,CLOSED,rules-v1,queue,86
AL000773,C002284,SANCTIONS,HIGH,ESCALATED,rules-v1,analyst_a,22
AL000774,C000094,KYC_REFRESH,CRITICAL,FALSE_POSITIVE,manual,analyst_a,50
AL000775,C002527,KYC_REFRESH,LOW,OPEN,manual,queue,35
AL000776,C003266,KYC_REFRESH,MEDIUM,FALSE_POSITIVE,rules-v2,analyst_a,98
AL000777,C002697,AML,CRITICAL,CLOSED,manual,analyst_a,24
AL000778,C003232,SANCTIONS,CRITICAL,ESCALATED,rules-v1,analyst_a,39
AL000779,C003412,FRAUD,HIGH,OPEN,manual,analyst_a,60
AL000780,C001445,AML,MEDIUM,CLOSED,rules-v1,analyst_b,10
AL000781,C000546,KYC_REFRESH,HIGH,ESCALATED,manual,,74
AL000782,C000627,FRAUD,MEDIUM,FALSE_POSITIVE,rules-v1,queue,19
AL000783,C002907,KYC_REFRESH,MEDIUM,FALSE_POSITIVE,rules-v1,analyst_b,42
AL000784,C001349,SANCTIONS,MEDIUM,ESCALATED,manual,analyst_b,50
AL000785,C000652,SANCTIONS,HIGH,OPEN,manual,queue,93
AL000786,C002406,FRAUD,CRITICAL,CLOSED,ml-legacy,analyst_a,97
AL000787,C002996,AML,LOW,OPEN,rules-v2,analyst_a,12
AL000788,C003321,KYC_REFRESH,HIGH,CLOSED,ml-legacy,queue,18
AL000789,C000008,KYC_REFRESH,CRITICAL,OPEN,manual,,58
AL000790,C002890,SANCTIONS,HIGH,ESCALATED,rules-v2,analyst_b,69
AL000791,C000655,SANCTIONS,MEDIUM,ESCALATED,ml-legacy,analyst_a,54
AL000792,C002526,AML,HIGH,CLOSED,rules-v1,queue,77
AL000793,C003461,AML,HIGH,ESCALATED,rules-v2,analyst_a,74
AL000794,C000970,AML,HIGH,CLOSED,rules-v2,queue,89
AL000795,C001245,SANCTIONS,MEDIUM,ESCALATED,rules-v1,analyst_a,17
AL000796,C001434,FRAUD,LOW,CLOSED,ml-legacy,queue,67
AL000797,C003468,SANCTIONS,HIGH,FALSE_POSITIVE,rules-v1,analyst_a,83
AL000798,C003065,KYC_REFRESH,CRITICAL,CLOSED,manual,queue,87
AL000799,C002163,FRAUD,LOW,CLOSED,ml-legacy,analyst_a,8
AL000800,C003316,KYC_REFRESH,CRITICAL,ESCALATED,manual,analyst_b,6
AL000801,C002445,FRAUD,LOW,OPEN,ml-legacy,analyst_a,33
AL000802,C002732,FRAUD,HIGH,ESCALATED,manual,analyst_a,69
AL000803,C003187,KYC_REFRESH,LOW,FALSE_POSITIVE,manual,analyst_a,3
AL000804,C000586,SANCTIONS,MEDIUM,OPEN,manual,analyst_a,7
AL000805,C001196,AML,LOW,OPEN,rules-v2,,8
AL000806,C001647,KYC_REFRESH,CRITICAL,FALSE_POSITIVE,rules-v1,analyst_a,0
AL000807,C001853,FRAUD,LOW,CLOSED,rules-v1,analyst_b,72
AL000808,C000508,FRAUD,CRITICAL,OPEN,rules-v1,queue,16
AL000809,C001965,FRAUD,MEDIUM,ESCALATED,rules-v1,analyst_a,78
AL000810,C001911,SANCTIONS,LOW,CLOSED,ml-legacy,analyst_a,97
AL000811,C001398,AML,MEDIUM,ESCALATED,rules-v2,analyst_a,4
AL000812,C002351,AML,LOW,FALSE_POSITIVE,manual,analyst_b,50
AL000813,C003185,AML,HIGH,ESCALATED,ml-legacy,analyst_b,19
AL000814,C001614,KYC_REFRESH,MEDIUM,FALSE_POSITIVE,ml-legacy,analyst_b,25
AL000815,C000058,KYC_REFRESH,HIGH,OPEN,rules-v2,analyst_a,70
AL000816,C000434,AML,HIGH,CLOSED,rules-v2,analyst_b,71
AL000817,C001908,AML,LOW,OPEN,rules-v2,,86
AL000818,C001326,AML,HIGH,CLOSED,rules-v1,analyst_b,53
AL000819,C000151,FRAUD,MEDIUM,ESCALATED,rules-v1,analyst_b,56
AL000820,C002426,SANCTIONS,CRITICAL,OPEN,rules-v2,analyst_a,1
AL000821,C000479,AML,LOW,OPEN,rules-v1,analyst_b,75
AL000822,C002934,SANCTIONS,LOW,FALSE_POSITIVE,manual,analyst_a,96
AL000823,C002732,KYC_REFRESH,LOW,CLOSED,ml-legacy,analyst_a,82
AL000824,C002001,SANCTIONS,CRITICAL,CLOSED,ml-legacy,queue,84
AL000825,C002541,AML,HIGH,FALSE_POSITIVE,ml-legacy,analyst_a,55
AL000826,C001011,KYC_REFRESH,HIGH,OPEN,rules-v2,analyst_a,97
AL000827,C003368,FRAUD,HIGH,FALSE_POSITIVE,rules-v2,queue,1
AL000828,C000162,AML,MEDIUM,CLOSED,rules-v2,analyst_b,87
AL000829,C001954,KYC_REFRESH,MEDIUM,ESCALATED,manual,analyst_a,90
AL000830,C002595,SANCTIONS,CRITICAL,CLOSED,rules-v1,analyst_a,7
AL000831,C001877,KYC_REFRESH,CRITICAL,ESCALATED,manual,queue,16
AL000832,C000494,KYC_REFRESH,CRITICAL,CLOSED,manual,queue,88
AL000833,C001846,SANCTIONS,MEDIUM,ESCALATED,rules-v2,analyst_a,72
AL000834,C000809,SANCTIONS,LOW,OPEN,ml-legacy,analyst_b,97
AL000835,C001722,SANCTIONS,MEDIUM,ESCALATED,rules-v1,analyst_b,61
AL000836,C001308,SANCTIONS,CRITICAL,ESCALATED,rules-v1,queue,16
AL000837,C000200,FRAUD,LOW,OPEN,rules-v2,,60
AL000838,C000133,AML,LOW,CLOSED,manual,analyst_b,82
AL000839,C001810,FRAUD,MEDIUM,FALSE_POSITIVE,ml-legacy,analyst_b,35
AL000840,C000517,SANCTIONS,CRITICAL,CLOSED,rules-v1,analyst_a,58
AL000841,C001796,AML,HIGH,CLOSED,rules-v1,,52
AL000842,C001819,AML,LOW,FALSE_POSITIVE,rules-v1,analyst_b,97
AL000843,C001228,SANCTIONS,LOW,FALSE_POSITIVE,ml-legacy,analyst_b,62
AL000844,C003388,KYC_REFRESH,MEDIUM,OPEN,rules-v1,analyst_a,70
AL000845,C003011,FRAUD,CRITICAL,ESCALATED,rules-v2,queue,46
AL000846,C001297,FRAUD,CRITICAL,CLOSED,rules-v1,analyst_a,99
AL000847,C000444,SANCTIONS,HIGH,CLOSED,rules-v2,queue,37
AL000848,C001712,SANCTIONS,CRITICAL,OPEN,rules-v1,analyst_a,13
AL000849,C002229,AML,CRITICAL,CLOSED,manual,queue,1
AL000850,C001483,AML,LOW,OPEN,ml-legacy,queue,26
AL000851,C001614,KYC_REFRESH,MEDIUM,CLOSED,rules-v1,analyst_b,19
AL000852,C001035,SANCTIONS,CRITICAL,CLOSED,rules-v1,queue,70
AL000853,C002009,FRAUD,LOW,OPEN,ml-legacy,analyst_a,64
AL000854,C002464,KYC_REFRESH,HIGH,FALSE_POSITIVE,rules-v1,analyst_a,25
AL000855,C002935,KYC_REFRESH,HIGH,CLOSED,manual,queue,98
AL000856,C003159,FRAUD,CRITICAL,OPEN,ml-legacy,analyst_a,0
AL000857,C000916,FRAUD,MEDIUM,OPEN,ml-legacy,analyst_a,13
AL000858,C002438,AML,CRITICAL,OPEN,rules-v2,analyst_a,17
AL000859,C002175,KYC_REFRESH,HIGH,OPEN,rules-v1,analyst_b,7
AL000860,C001201,AML,CRITICAL,ESCALATED,ml-legacy,queue,13
AL000861,C000634,AML,MEDIUM,FALSE_POSITIVE,manual,queue,99
AL000862,C000155,SANCTIONS,CRITICAL,OPEN,rules-v1,analyst_b,45
AL000863,C002058,AML,MEDIUM,CLOSED,ml-legacy,analyst_b,6
AL000864,C003283,AML,HIGH,CLOSED,ml-legacy,analyst_b,49
AL000865,C001182,KYC_REFRESH,CRITICAL,ESCALATED,ml-legacy,analyst_a,23
AL000866,C000130,SANCTIONS,LOW,OPEN,ml-legacy,queue,16
AL000867,C000541,FRAUD,HIGH,ESCALATED,manual,analyst_a,93
AL000868,C000061,FRAUD,MEDIUM,OPEN,ml-legacy,analyst_b,76
AL000869,C002698,KYC_REFRESH,CRITICAL,OPEN,ml-legacy,analyst_b,6
AL000870,C001394,FRAUD,CRITICAL,FALSE_POSITIVE,manual,analyst_a,44
AL000871,C003024,FRAUD,HIGH,ESCALATED,rules-v2,analyst_b,20
AL000872,C000283,KYC_REFRESH,MEDIUM,FALSE_POSITIVE,rules-v1,queue,75
AL000873,C003410,SANCTIONS,CRITICAL,FALSE_POSITIVE,manual,,96
AL000874,C000242,SANCTIONS,LOW,ESCALATED,rules-v2,analyst_a,81
AL000875,C001226,KYC_REFRESH,CRITICAL,FALSE_POSITIVE,rules-v1,queue,48
AL000876,C000390,FRAUD,HIGH,CLOSED,rules-v2,analyst_a,23
AL000877,C001928,FRAUD,LOW,ESCALATED,manual,analyst_b,99
AL000878,C001300,KYC_REFRESH,CRITICAL,FALSE_POSITIVE,manual,analyst_b,75
AL000879,C003053,KYC_REFRESH,MEDIUM,CLOSED,manual,analyst_a,94
AL000880,C002700,SANCTIONS,HIGH,CLOSED,rules-v1,analyst_b,63
AL000881,C001697,FRAUD,MEDIUM,ESCALATED,manual,analyst_a,55
AL000882,C000759,KYC_REFRESH,HIGH,ESCALATED,rules-v2,queue,42
AL000883,C000166,SANCTIONS,CRITICAL,CLOSED,manual,analyst_b,8
AL000884,C001017,FRAUD,CRITICAL,OPEN,rules-v1,analyst_a,50
AL000885,C002221,KYC_REFRESH,CRITICAL,ESCALATED,manual,queue,36
AL000886,C002386,SANCTIONS,CRITICAL,ESCALATED,ml-legacy,analyst_a,23
AL000887,C002469,KYC_REFRESH,HIGH,OPEN,ml-legacy,analyst_a,47
AL000888,C003480,SANCTIONS,MEDIUM,OPEN,rules-v1,analyst_b,39
AL000889,C001288,SANCTIONS,LOW,CLOSED,manual,queue,42
AL000890,C001593,FRAUD,LOW,FALSE_POSITIVE,manual,queue,70
AL000891,C002668,SANCTIONS,MEDIUM,OPEN,ml-legacy,queue,50
AL000892,C000754,FRAUD,MEDIUM,FALSE_POSITIVE,manual,analyst_a,48
AL000893,C002334,FRAUD,CRITICAL,ESCALATED,rules-v1,analyst_b,51
AL000894,C000245,KYC_REFRESH,HIGH,ESCALATED,rules-v2,analyst_b,52
AL000895,C003481,FRAUD,MEDIUM,ESCALATED,ml-legacy,analyst_b,9
AL000896,C000581,KYC_REFRESH,CRITICAL,CLOSED,ml-legacy,analyst_b,1
AL000897,C002808,KYC_REFRESH,MEDIUM,OPEN,manual,analyst_b,38
AL000898,C002551,AML,HIGH,OPEN,rules-v2,analyst_a,9
AL000899,C001082,KYC_REFRESH,CRITICAL,FALSE_POSITIVE,rules-v2,queue,64
AL000900,C000840,SANCTIONS,MEDIUM,OPEN,ml-legacy,queue,55
AL000901,C001928,KYC_REFRESH,CRITICAL,ESCALATED,rules-v1,analyst_b,29
AL000902,C001995,SANCTIONS,MEDIUM,CLOSED,rules-v1,queue,54
AL000903,C002912,FRAUD,LOW,FALSE_POSITIVE,manual,queue,16
AL000904,C000632,KYC_REFRESH,CRITICAL,FALSE_POSITIVE,rules-v2,analyst_a,52
AL000905,C001691,FRAUD,MEDIUM,FALSE_POSITIVE,ml-legacy,queue,67
AL000906,C002621,SANCTIONS,HIGH,OPEN,manual,analyst_a,9
AL000907,C002355,SANCTIONS,MEDIUM,OPEN,rules-v2,analyst_b,55
AL000908,C002400,KYC_REFRESH,LOW,FALSE_POSITIVE,rules-v2,queue,71
AL000909,C000824,AML,HIGH,OPEN,manual,analyst_a,47
AL000910,C000066,KYC_REFRESH,MEDIUM,FALSE_POSITIVE,rules-v2,queue,70
AL000911,C002899,SANCTIONS,LOW,ESCALATED,manual,analyst_a,29
AL000912,C002397,AML,MEDIUM,OPEN,rules-v2,analyst_a,66
AL000913,C002075,FRAUD,CRITICAL,ESCALATED,rules-v1,analyst_b,75
AL000914,C000901,KYC_REFRESH,HIGH,CLOSED,rules-v1,analyst_a,90
AL000915,C000264,FRAUD,MEDIUM,ESCALATED,manual,queue,59
AL000916,C001990,FRAUD,LOW,FALSE_POSITIVE,ml-legacy,queue,17
AL000917,C003281,AML,CRITICAL,OPEN,rules-v2,queue,82
AL000918,C002654,FRAUD,MEDIUM,FALSE_POSITIVE,manual,analyst_b,40
AL000919,C002276,SANCTIONS,CRITICAL,CLOSED,ml-legacy,queue,98
AL000920,C001224,SANCTIONS,CRITICAL,OPEN,ml-legacy,queue,0
AL000921,C000900,AML,CRITICAL,FALSE_POSITIVE,rules-v2,,43
AL000922,C003128,AML,HIGH,ESCALATED,manual,analyst_a,41
AL000923,C000106,KYC_REFRESH,MEDIUM,ESCALATED,rules-v2,analyst_b,52
AL000924,C000803,KYC_REFRESH,CRITICAL,ESCALATED,manual,queue,73
AL000925,C000923,AML,MEDIUM,CLOSED,ml-legacy,,4
AL000926,C002821,FRAUD,HIGH,OPEN,rules-v2,analyst_b,100
AL000927,C003098,AML,CRITICAL,OPEN,rules-v1,analyst_a,30
AL000928,C001234,AML,CRITICAL,OPEN,rules-v1,queue,28
AL000929,C002108,KYC_REFRESH,MEDIUM,ESCALATED,rules-v1,,6
AL000930,C003481,SANCTIONS,CRITICAL,ESCALATED,manual,queue,14
AL000931,C002774,FRAUD,CRITICAL,ESCALATED,manual,queue,16
AL000932,C000463,AML,CRITICAL,OPEN,rules-v2,queue,8
AL000933,C000822,KYC_REFRESH,LOW,OPEN,rules-v2,queue,39
AL000934,C001520,AML,LOW,OPEN,rules-v1,analyst_b,37
AL000935,C000809,FRAUD,MEDIUM,ESCALATED,rules-v2,analyst_b,19
AL000936,C003188,FRAUD,HIGH,FALSE_POSITIVE,ml-legacy,analyst_b,33
AL000937,C001148,FRAUD,CRITICAL,FALSE_POSITIVE,manual,analyst_b,76
AL000938,C001666,AML,LOW,FALSE_POSITIVE,rules-v1,queue,38
AL000939,C000788,AML,CRITICAL,ESCALATED,rules-v1,queue,1
AL000940,C003472,FRAUD,CRITICAL,FALSE_POSITIVE,manual,analyst_a,51
AL000941,C001504,FRAUD,HIGH,FALSE_POSITIVE,rules-v1,analyst_a,76
AL000942,C002606,FRAUD,MEDIUM,OPEN,manual,analyst_a,85
AL000943,C003252,KYC_REFRESH,HIGH,CLOSED,rules-v1,queue,11
AL000944,C003228,AML,MEDIUM,OPEN,manual,queue,88
AL000945,C001063,AML,CRITICAL,ESCALATED,rules-v1,queue,47
AL000946,C002516,KYC_REFRESH,LOW,FALSE_POSITIVE,rules-v1,analyst_a,74
AL000947,C000763,SANCTIONS,CRITICAL,FALSE_POSITIVE,rules-v1,analyst_a,99
AL000948,C001357,FRAUD,HIGH,FALSE_POSITIVE,ml-legacy,analyst_a,53
AL000949,C001664,AML,LOW,OPEN,rules-v1,analyst_b,55
AL000950,C002155,FRAUD,MEDIUM,OPEN,rules-v2,analyst_a,48
AL000951,C000988,FRAUD,MEDIUM,ESCALATED,manual,analyst_b,58
AL000952,C000941,SANCTIONS,HIGH,OPEN,rules-v2,analyst_b,56
AL000953,C003387,KYC_REFRESH,HIGH,FALSE_POSITIVE,rules-v1,queue,57
AL000954,C003340,FRAUD,MEDIUM,OPEN,ml-legacy,queue,44
AL000955,C002130,FRAUD,MEDIUM,FALSE_POSITIVE,manual,queue,19
AL000956,C000517,KYC_REFRESH,MEDIUM,OPEN,rules-v2,queue,98
AL000957,C000513,KYC_REFRESH,HIGH,OPEN,manual,queue,1
AL000958,C003324,AML,CRITICAL,OPEN,manual,queue,51
AL000959,C003306,SANCTIONS,HIGH,CLOSED,rules-v2,analyst_b,55
AL000960,C001943,AML,MEDIUM,FALSE_POSITIVE,rules-v1,queue,100
AL000961,C001699,SANCTIONS,LOW,ESCALATED,rules-v1,analyst_a,91
AL000962,C000271,SANCTIONS,HIGH,OPEN,rules-v2,analyst_b,15
AL000963,C002794,FRAUD,LOW,OPEN,manual,analyst_b,15
AL000964,C000357,SANCTIONS,HIGH,CLOSED,manual,analyst_a,28
AL000965,C003102,AML,CRITICAL,FALSE_POSITIVE,rules-v2,analyst_a,62
AL000966,C001336,SANCTIONS,HIGH,OPEN,rules-v1,queue,71
AL000967,C000427,FRAUD,HIGH,OPEN,rules-v1,analyst_b,23
AL000968,C000732,FRAUD,MEDIUM,ESCALATED,manual,analyst_a,10
AL000969,C002169,AML,LOW,FALSE_POSITIVE,rules-v1,analyst_b,85
AL000970,C000081,SANCTIONS,MEDIUM,FALSE_POSITIVE,manual,queue,49
AL000971,C002389,AML,MEDIUM,OPEN,manual,analyst_a,63
AL000972,C000659,KYC_REFRESH,MEDIUM,OPEN,rules-v1,analyst_a,84
AL000973,C000186,SANCTIONS,CRITICAL,CLOSED,manual,analyst_a,41
AL000974,C000771,SANCTIONS,MEDIUM,OPEN,rules-v1,analyst_a,97
AL000975,C000271,KYC_REFRESH,HIGH,FALSE_POSITIVE,manual,analyst_a,25
AL000976,C001942,FRAUD,LOW,OPEN,manual,analyst_a,13
AL000977,C000084,SANCTIONS,CRITICAL,ESCALATED,rules-v2,queue,71
AL000978,C001166,KYC_REFRESH,MEDIUM,FALSE_POSITIVE,rules-v1,analyst_b,90
AL000979,C002535,FRAUD,HIGH,CLOSED,ml-legacy,analyst_a,95
AL000980,C002552,FRAUD,HIGH,FALSE_POSITIVE,manual,analyst_b,69
AL000981,C000957,FRAUD,MEDIUM,OPEN,manual,analyst_b,33
AL000982,C001336,SANCTIONS,HIGH,CLOSED,ml-legacy,analyst_b,81
AL000983,C003265,KYC_REFRESH,MEDIUM,ESCALATED,rules-v2,analyst_a,58
AL000984,C002362,SANCTIONS,HIGH,FALSE_POSITIVE,rules-v2,analyst_a,67
AL000985,C001759,SANCTIONS,HIGH,FALSE_POSITIVE,rules-v2,,2
AL000986,C000820,AML,LOW,FALSE_POSITIVE,rules-v2,analyst_a,67
AL000987,C000193,KYC_REFRESH,LOW,CLOSED,manual,analyst_a,30
AL000988,C002892,KYC_REFRESH,HIGH,OPEN,rules-v2,analyst_b,56
AL000989,C002298,KYC_REFRESH,LOW,FALSE_POSITIVE,rules-v2,analyst_b,1
AL000990,C000673,SANCTIONS,HIGH,CLOSED,ml-legacy,analyst_a,38
AL000991,C001997,KYC_REFRESH,LOW,CLOSED,rules-v1,queue,73
AL000992,C001136,SANCTIONS,MEDIUM,FALSE_POSITIVE,ml-legacy,queue,43
AL000993,C001694,KYC_REFRESH,LOW,OPEN,rules-v1,analyst_a,4
AL000994,C002935,KYC_REFRESH,CRITICAL,FALSE_POSITIVE,ml-legacy,analyst_b,58
AL000995,C002702,SANCTIONS,HIGH,OPEN,manual,analyst_b,62
AL000996,C001014,KYC_REFRESH,MEDIUM,ESCALATED,rules-v2,queue,86
AL000997,C001641,AML,HIGH,CLOSED,manual,,12
AL000998,C001987,FRAUD,CRITICAL,ESCALATED,rules-v1,analyst_a,16
AL000999,C000375,AML,CRITICAL,OPEN,rules-v1,analyst_a,92
AL001000,C001780,AML,HIGH,ESCALATED,ml-legacy,analyst_a,90
AL001001,C002537,FRAUD,HIGH,FALSE_POSITIVE,manual,queue,61
AL001002,C000089,FRAUD,HIGH,CLOSED,rules-v2,queue,68
AL001003,C002752,AML,CRITICAL,FALSE_POSITIVE,manual,queue,16
AL001004,C001437,AML,CRITICAL,CLOSED,ml-legacy,analyst_b,0
AL001005,C000043,FRAUD,LOW,FALSE_POSITIVE,manual,analyst_b,66
AL001006,C001091,KYC_REFRESH,LOW,ESCALATED,rules-v2,queue,13
AL001007,C003137,KYC_REFRESH,LOW,OPEN,rules-v1,analyst_b,87
AL001008,C002661,SANCTIONS,HIGH,ESCALATED,manual,analyst_b,74
AL001009,C003462,SANCTIONS,CRITICAL,OPEN,rules-v1,queue,90
AL001010,C002263,FRAUD,LOW,OPEN,ml-legacy,analyst_a,38
AL001011,C000378,FRAUD,MEDIUM,ESCALATED,manual,analyst_b,22
AL001012,C002796,KYC_REFRESH,LOW,ESCALATED,ml-legacy,analyst_a,87
AL001013,C002402,FRAUD,CRITICAL,ESCALATED,rules-v2,analyst_b,13
AL001014,C000794,KYC_REFRESH,HIGH,OPEN,rules-v2,analyst_a,35
AL001015,C000754,AML,HIGH,OPEN,rules-v2,analyst_b,6
AL001016,C003477,KYC_REFRESH,MEDIUM,OPEN,ml-legacy,analyst_a,68
AL001017,C001935,FRAUD,CRITICAL,OPEN,manual,analyst_b,94
AL001018,C001680,SANCTIONS,CRITICAL,FALSE_POSITIVE,rules-v2,analyst_a,62
AL001019,C003133,AML,LOW,CLOSED,ml-legacy,queue,44
AL001020,C002174,KYC_REFRESH,HIGH,ESCALATED,rules-v2,analyst_b,69
AL001021,C000044,SANCTIONS,CRITICAL,CLOSED,ml-legacy,analyst_b,4
AL001022,C003261,SANCTIONS,LOW,FALSE_POSITIVE,ml-legacy,queue,29
AL001023,C000795,FRAUD,CRITICAL,OPEN,rules-v1,analyst_b,41
AL001024,C003345,FRAUD,HIGH,CLOSED,ml-legacy,analyst_a,46
AL001025,C002462,AML,LOW,FALSE_POSITIVE,rules-v2,analyst_a,32
AL001026,C001346,AML,MEDIUM,FALSE_POSITIVE,rules-v1,queue,24
AL001027,C001143,AML,HIGH,CLOSED,ml-legacy,analyst_b,73
AL001028,C003265,FRAUD,CRITICAL,CLOSED,rules-v1,queue,54
AL001029,C001356,KYC_REFRESH,CRITICAL,FALSE_POSITIVE,ml-legacy,,100
AL001030,C001737,FRAUD,LOW,ESCALATED,rules-v2,analyst_a,64
AL001031,C003395,FRAUD,CRITICAL,FALSE_POSITIVE,manual,queue,74
AL001032,C002203,SANCTIONS,LOW,ESCALATED,rules-v1,analyst_b,50
AL001033,C002035,FRAUD,MEDIUM,CLOSED,ml-legacy,analyst_b,6
AL001034,C001310,AML,MEDIUM,ESCALATED,manual,analyst_a,65
AL001035,C000819,SANCTIONS,HIGH,FALSE_POSITIVE,ml-legacy,analyst_a,82
AL001036,C001380,AML,LOW,CLOSED,ml-legacy,queue,38
AL001037,C000705,SANCTIONS,CRITICAL,CLOSED,manual,queue,67
AL001038,C001745,FRAUD,MEDIUM,CLOSED,rules-v2,analyst_b,13
AL001039,C002537,FRAUD,MEDIUM,FALSE_POSITIVE,manual,analyst_a,46
AL001040,C001942,KYC_REFRESH,HIGH,CLOSED,rules-v2,analyst_b,91
AL001041,C000816,AML,LOW,FALSE_POSITIVE,manual,,77
AL001042,C001523,AML,HIGH,CLOSED,manual,analyst_a,25
AL001043,C000602,SANCTIONS,CRITICAL,FALSE_POSITIVE,manual,analyst_b,58
AL001044,C002171,KYC_REFRESH,MEDIUM,FALSE_POSITIVE,rules-v2,queue,84
AL001045,C000397,AML,HIGH,FALSE_POSITIVE,ml-legacy,analyst_a,23
AL001046,C002111,AML,HIGH,ESCALATED,ml-legacy,analyst_b,96
AL001047,C000347,SANCTIONS,HIGH,ESCALATED,ml-legacy,analyst_b,87
AL001048,C000937,AML,MEDIUM,CLOSED,manual,analyst_a,45
AL001049,C003015,SANCTIONS,LOW,OPEN,manual,,55
AL001050,C003141,KYC_REFRESH,MEDIUM,OPEN,rules-v1,analyst_a,84
AL001051,C003042,AML,MEDIUM,ESCALATED,rules-v1,analyst_b,21
AL001052,C000795,SANCTIONS,CRITICAL,FALSE_POSITIVE,rules-v1,analyst_a,19
AL001053,C002591,SANCTIONS,HIGH,OPEN,manual,analyst_a,90
AL001054,C003017,AML,HIGH,OPEN,ml-legacy,analyst_a,47
AL001055,C000295,SANCTIONS,LOW,CLOSED,ml-legacy,analyst_b,75
AL001056,C002567,SANCTIONS,LOW,OPEN,rules-v2,analyst_a,59
AL001057,C000979,AML,CRITICAL,FALSE_POSITIVE,rules-v2,queue,65
AL001058,C000231,SANCTIONS,HIGH,OPEN,ml-legacy,queue,93
AL001059,C002914,AML,CRITICAL,ESCALATED,rules-v1,queue,100
AL001060,C003066,SANCTIONS,MEDIUM,FALSE_POSITIVE,ml-legacy,analyst_b,94
AL001061,C002097,AML,LOW,FALSE_POSITIVE,ml-legacy,analyst_b,41
AL001062,C001901,FRAUD,MEDIUM,FALSE_POSITIVE,ml-legacy,analyst_a,65
AL001063,C001176,SANCTIONS,HIGH,ESCALATED,rules-v2,analyst_b,29
AL001064,C000676,FRAUD,MEDIUM,CLOSED,manual,analyst_b,7
AL001065,C002903,KYC_REFRESH,MEDIUM,OPEN,ml-legacy,analyst_a,75
AL001066,C000405,FRAUD,LOW,FALSE_POSITIVE,rules-v1,analyst_b,11
AL001067,C000646,AML,HIGH,OPEN,ml-legacy,queue,68
AL001068,C003474,FRAUD,HIGH,ESCALATED,rules-v2,analyst_b,97
AL001069,C000135,AML,CRITICAL,ESCALATED,rules-v2,queue,11
AL001070,C002583,KYC_REFRESH,LOW,ESCALATED,rules-v1,analyst_a,6
AL001071,C001861,KYC_REFRESH,HIGH,FALSE_POSITIVE,manual,analyst_a,70
AL001072,C001684,SANCTIONS,CRITICAL,CLOSED,rules-v2,queue,53
AL001073,C001006,AML,LOW,OPEN,ml-legacy,,39
AL001074,C003437,FRAUD,MEDIUM,OPEN,rules-v2,analyst_b,55
AL001075,C001961,SANCTIONS,LOW,CLOSED,manual,analyst_a,72
AL001076,C002228,FRAUD,HIGH,CLOSED,ml-legacy,analyst_a,64
AL001077,C002449,SANCTIONS,LOW,FALSE_POSITIVE,manual,,4
AL001078,C002699,AML,LOW,CLOSED,ml-legacy,analyst_a,74
AL001079,C000646,AML,MEDIUM,FALSE_POSITIVE,ml-legacy,analyst_a,49
AL001080,C002327,KYC_REFRESH,CRITICAL,ESCALATED,rules-v1,analyst_a,82
AL001081,C001739,SANCTIONS,HIGH,ESCALATED,ml-legacy,analyst_a,90
AL001082,C002523,FRAUD,LOW,OPEN,rules-v1,analyst_a,0
AL001083,C002141,FRAUD,LOW,ESCALATED,rules-v1,queue,71
AL001084,C000247,KYC_REFRESH,HIGH,OPEN,manual,analyst_b,12
AL001085,C001856,FRAUD,MEDIUM,ESCALATED,manual,,14
AL001086,C002502,SANCTIONS,HIGH,FALSE_POSITIVE,rules-v2,analyst_a,7
AL001087,C001436,AML,HIGH,OPEN,rules-v1,queue,93
AL001088,C002956,KYC_REFRESH,MEDIUM,FALSE_POSITIVE,rules-v2,analyst_a,82
AL001089,C002548,SANCTIONS,CRITICAL,CLOSED,ml-legacy,analyst_b,84
AL001090,C002330,SANCTIONS,CRITICAL,OPEN,rules-v1,queue,81
AL001091,C001169,FRAUD,CRITICAL,FALSE_POSITIVE,manual,queue,81
AL001092,C000844,KYC_REFRESH,HIGH,ESCALATED,rules-v2,analyst_b,44
AL001093,C000619,AML,MEDIUM,FALSE_POSITIVE,manual,analyst_b,66
AL001094,C001204,KYC_REFRESH,MEDIUM,FALSE_POSITIVE,rules-v1,analyst_b,49
AL001095,C002217,SANCTIONS,HIGH,ESCALATED,rules-v1,queue,38
AL001096,C002006,SANCTIONS,CRITICAL,ESCALATED,rules-v1,analyst_b,29
AL001097,C000080,AML,HIGH,ESCALATED,ml-legacy,queue,72
AL001098,C003423,KYC_REFRESH,MEDIUM,OPEN,rules-v2,analyst_a,67
AL001099,C002784,KYC_REFRESH,LOW,OPEN,rules-v2,queue,28
AL001100,C002388,SANCTIONS,CRITICAL,FALSE_POSITIVE,rules-v1,analyst_b,32
AL001101,C001372,KYC_REFRESH,HIGH,FALSE_POSITIVE,manual,,10
AL001102,C002499,SANCTIONS,CRITICAL,CLOSED,manual,queue,82
AL001103,C003076,KYC_REFRESH,CRITICAL,CLOSED,rules-v1,queue,71
AL001104,C001020,SANCTIONS,LOW,FALSE_POSITIVE,ml-legacy,queue,89
AL001105,C002923,AML,MEDIUM,OPEN,manual,analyst_b,19
AL001106,C002533,SANCTIONS,CRITICAL,CLOSED,manual,queue,27
AL001107,C000311,KYC_REFRESH,HIGH,ESCALATED,manual,analyst_b,28
AL001108,C002041,FRAUD,LOW,ESCALATED,rules-v2,analyst_b,78
AL001109,C000912,SANCTIONS,MEDIUM,CLOSED,ml-legacy,,70
AL001110,C000985,AML,LOW,CLOSED,manual,analyst_a,66
AL001111,C001722,KYC_REFRESH,LOW,FALSE_POSITIVE,rules-v2,analyst_a,92
AL001112,C002624,KYC_REFRESH,MEDIUM,FALSE_POSITIVE,ml-legacy,analyst_a,68
AL001113,C000698,FRAUD,LOW,OPEN,rules-v2,queue,69
AL001114,C002129,FRAUD,MEDIUM,CLOSED,rules-v2,queue,90
AL001115,C002658,SANCTIONS,HIGH,CLOSED,ml-legacy,analyst_a,40
AL001116,C000834,KYC_REFRESH,CRITICAL,CLOSED,ml-legacy,analyst_a,22
AL001117,C001927,KYC_REFRESH,CRITICAL,CLOSED,ml-legacy,analyst_a,84
AL001118,C003197,AML,CRITICAL,ESCALATED,rules-v1,analyst_a,92
AL001119,C000489,SANCTIONS,HIGH,CLOSED,ml-legacy,queue,79
AL001120,C000954,FRAUD,CRITICAL,ESCALATED,rules-v2,analyst_a,32
AL001121,C000301,SANCTIONS,HIGH,OPEN,rules-v2,analyst_a,51
AL001122,C000673,SANCTIONS,HIGH,OPEN,rules-v2,queue,15
AL001123,C001090,FRAUD,CRITICAL,CLOSED,manual,analyst_b,100
AL001124,C000911,SANCTIONS,CRITICAL,CLOSED,ml-legacy,analyst_a,7
AL001125,C003266,FRAUD,HIGH,FALSE_POSITIVE,rules-v2,analyst_b,56
AL001126,C000735,FRAUD,LOW,FALSE_POSITIVE,rules-v2,queue,83
AL001127,C001374,AML,MEDIUM,CLOSED,rules-v2,queue,72
AL001128,C001931,KYC_REFRESH,CRITICAL,ESCALATED,manual,analyst_b,62
AL001129,C000346,KYC_REFRESH,CRITICAL,OPEN,rules-v1,queue,48
AL001130,C000370,AML,LOW,CLOSED,rules-v2,analyst_a,88
AL001131,C000181,KYC_REFRESH,HIGH,OPEN,manual,analyst_b,43
AL001132,C002649,SANCTIONS,MEDIUM,OPEN,manual,queue,45
AL001133,C000082,FRAUD,HIGH,OPEN,ml-legacy,queue,82
AL001134,C001522,AML,HIGH,OPEN,rules-v2,queue,95
AL001135,C001279,FRAUD,LOW,FALSE_POSITIVE,rules-v2,analyst_a,68
AL001136,C000338,KYC_REFRESH,MEDIUM,FALSE_POSITIVE,ml-legacy,analyst_b,19
AL001137,C003365,FRAUD,MEDIUM,FALSE_POSITIVE,manual,analyst_a,58
AL001138,C000732,AML,MEDIUM,CLOSED,manual,queue,42
AL001139,C002496,KYC_REFRESH,CRITICAL,OPEN,rules-v1,analyst_a,81
AL001140,C002474,SANCTIONS,HIGH,CLOSED,manual,analyst_b,3
AL001141,C000045,KYC_REFRESH,CRITICAL,CLOSED,ml-legacy,analyst_a,98
AL001142,C003386,KYC_REFRESH,HIGH,FALSE_POSITIVE,manual,queue,86
AL001143,C003153,SANCTIONS,HIGH,CLOSED,rules-v1,analyst_a,53
AL001144,C001837,KYC_REFRESH,HIGH,FALSE_POSITIVE,manual,analyst_b,96
AL001145,C001449,AML,CRITICAL,ESCALATED,rules-v1,queue,65
AL001146,C001659,KYC_REFRESH,CRITICAL,CLOSED,ml-legacy,analyst_a,46
AL001147,C002549,FRAUD,LOW,FALSE_POSITIVE,manual,analyst_b,89
AL001148,C000599,AML,MEDIUM,CLOSED,ml-legacy,queue,52
AL001149,C001942,AML,HIGH,CLOSED,ml-legacy,queue,43
AL001150,C002144,KYC_REFRESH,LOW,CLOSED,manual,analyst_b,61
AL001151,C000126,FRAUD,LOW,ESCALATED,rules-v2,queue,39
AL001152,C000052,SANCTIONS,HIGH,FALSE_POSITIVE,rules-v1,analyst_a,57
AL001153,C001662,AML,LOW,OPEN,ml-legacy,,86
AL001154,C000960,KYC_REFRESH,CRITICAL,ESCALATED,rules-v2,analyst_a,3
AL001155,C002941,SANCTIONS,HIGH,OPEN,ml-legacy,analyst_a,6
AL001156,C000189,KYC_REFRESH,MEDIUM,OPEN,manual,queue,59
AL001157,C000569,FRAUD,MEDIUM,OPEN,ml-legacy,analyst_a,53
AL001158,C002898,FRAUD,CRITICAL,ESCALATED,rules-v2,queue,22
AL001159,C002679,SANCTIONS,LOW,CLOSED,ml-legacy,queue,40
AL001160,C000426,FRAUD,HIGH,ESCALATED,ml-legacy,analyst_a,12
AL001161,C000173,AML,CRITICAL,OPEN,ml-legacy,,3
AL001162,C002399,SANCTIONS,LOW,ESCALATED,manual,queue,35
AL001163,C001886,SANCTIONS,HIGH,FALSE_POSITIVE,ml-legacy,analyst_a,45
AL001164,C001287,KYC_REFRESH,CRITICAL,FALSE_POSITIVE,ml-legacy,queue,70
AL001165,C003233,FRAUD,MEDIUM,FALSE_POSITIVE,ml-legacy,analyst_a,65
AL001166,C001008,AML,LOW,ESCALATED,manual,analyst_b,77
AL001167,C000582,SANCTIONS,MEDIUM,OPEN,manual,queue,31
AL001168,C002806,AML,LOW,ESCALATED,rules-v1,analyst_b,9
AL001169,C001380,SANCTIONS,CRITICAL,ESCALATED,manual,queue,95
AL001170,C000276,AML,CRITICAL,FALSE_POSITIVE,ml-legacy,queue,7
AL001171,C001536,FRAUD,LOW,OPEN,manual,analyst_a,66
AL001172,C001176,SANCTIONS,LOW,FALSE_POSITIVE,rules-v2,analyst_a,100
AL001173,C002676,KYC_REFRESH,HIGH,FALSE_POSITIVE,ml-legacy,,7
AL001174,C002672,SANCTIONS,CRITICAL,CLOSED,rules-v1,analyst_a,60
AL001175,C002425,FRAUD,LOW,CLOSED,ml-legacy,queue,15
AL001176,C000039,FRAUD,MEDIUM,ESCALATED,rules-v2,analyst_a,0
AL001177,C001535,KYC_REFRESH,MEDIUM,OPEN,rules-v2,analyst_a,45
AL001178,C001090,FRAUD,CRITICAL,ESCALATED,ml-legacy,analyst_a,90
AL001179,C003375,KYC_REFRESH,LOW,ESCALATED,manual,analyst_a,99
AL001180,C001282,SANCTIONS,LOW,FALSE_POSITIVE,rules-v1,analyst_a,56
AL001181,C001099,FRAUD,MEDIUM,FALSE_POSITIVE,rules-v1,analyst_a,78
AL001182,C000969,FRAUD,CRITICAL,ESCALATED,rules-v1,analyst_b,49
AL001183,C003099,SANCTIONS,LOW,ESCALATED,ml-legacy,queue,74
AL001184,C000864,AML,HIGH,CLOSED,rules-v1,queue,77
AL001185,C000465,AML,CRITICAL,OPEN,rules-v2,analyst_b,34
AL001186,C001678,FRAUD,MEDIUM,ESCALATED,ml-legacy,analyst_a,16
AL001187,C002822,KYC_REFRESH,MEDIUM,ESCALATED,manual,analyst_a,77
AL001188,C000814,KYC_REFRESH,MEDIUM,FALSE_POSITIVE,ml-legacy,analyst_b,90
AL001189,C002286,AML,MEDIUM,ESCALATED,ml-legacy,analyst_a,11
AL001190,C003216,FRAUD,HIGH,OPEN,rules-v2,analyst_a,82
AL001191,C002213,KYC_REFRESH,MEDIUM,CLOSED,ml-legacy,analyst_a,99
AL001192,C002789,KYC_REFRESH,LOW,CLOSED,rules-v1,queue,14
AL001193,C001731,AML,LOW,OPEN,rules-v2,,52
AL001194,C001955,KYC_REFRESH,LOW,CLOSED,rules-v1,analyst_a,95
AL001195,C001477,FRAUD,HIGH,FALSE_POSITIVE,manual,analyst_a,7
AL001196,C002563,AML,MEDIUM,OPEN,rules-v1,analyst_a,55
AL001197,C003029,AML,CRITICAL,ESCALATED,rules-v2,analyst_b,67
AL001198,C001067,FRAUD,HIGH,CLOSED,rules-v1,analyst_a,92
AL001199,C002118,AML,HIGH,ESCALATED,ml-legacy,queue,44
AL001200,C002689,SANCTIONS,CRITICAL,FALSE_POSITIVE,manual,analyst_b,92
AL001201,C002755,KYC_REFRESH,CRITICAL,FALSE_POSITIVE,manual,,89
AL001202,C002899,FRAUD,LOW,ESCALATED,manual,queue,73
AL001203,C000559,KYC_REFRESH,LOW,ESCALATED,rules-v2,queue,61
AL001204,C001208,AML,MEDIUM,FALSE_POSITIVE,ml-legacy,queue,88
AL001205,C002547,KYC_REFRESH,LOW,OPEN,ml-legacy,,80
AL001206,C003173,KYC_REFRESH,HIGH,FALSE_POSITIVE,rules-v2,analyst_a,100
AL001207,C002306,FRAUD,LOW,FALSE_POSITIVE,rules-v1,queue,54
AL001208,C003254,AML,MEDIUM,FALSE_POSITIVE,manual,analyst_a,0
AL001209,C001762,KYC_REFRESH,HIGH,ESCALATED,manual,queue,75
AL001210,C001763,SANCTIONS,MEDIUM,ESCALATED,manual,queue,76
AL001211,C001369,AML,HIGH,ESCALATED,rules-v2,analyst_b,84
AL001212,C001216,FRAUD,CRITICAL,CLOSED,rules-v1,analyst_a,85
AL001213,C000793,SANCTIONS,CRITICAL,ESCALATED,manual,analyst_b,40
AL001214,C000456,SANCTIONS,LOW,FALSE_POSITIVE,ml-legacy,analyst_a,2
AL001215,C003480,KYC_REFRESH,HIGH,CLOSED,ml-legacy,queue,9
AL001216,C000950,AML,MEDIUM,ESCALATED,manual,analyst_a,7
AL001217,C000922,FRAUD,MEDIUM,FALSE_POSITIVE,ml-legacy,analyst_a,12
AL001218,C002861,AML,CRITICAL,OPEN,manual,analyst_a,82
AL001219,C001784,AML,LOW,ESCALATED,manual,queue,74
AL001220,C002345,SANCTIONS,MEDIUM,FALSE_POSITIVE,ml-legacy,analyst_a,5
AL001221,C003053,SANCTIONS,LOW,ESCALATED,manual,queue,87
AL001222,C001249,AML,LOW,CLOSED,manual,analyst_a,39
AL001223,C001800,AML,MEDIUM,CLOSED,ml-legacy,analyst_b,95
AL001224,C001489,FRAUD,MEDIUM,FALSE_POSITIVE,rules-v2,analyst_b,29
AL001225,C001749,KYC_REFRESH,HIGH,FALSE_POSITIVE,ml-legacy,queue,80
AL001226,C001872,KYC_REFRESH,MEDIUM,CLOSED,ml-legacy,analyst_a,27
AL001227,C003409,KYC_REFRESH,HIGH,ESCALATED,manual,analyst_b,97
AL001228,C001654,FRAUD,CRITICAL,ESCALATED,ml-legacy,queue,68
AL001229,C003443,FRAUD,CRITICAL,ESCALATED,manual,,53
AL001230,C000322,KYC_REFRESH,LOW,OPEN,ml-legacy,analyst_a,64
AL001231,C000528,SANCTIONS,HIGH,ESCALATED,rules-v1,analyst_a,4
AL001232,C001599,KYC_REFRESH,MEDIUM,ESCALATED,ml-legacy,analyst_b,89
AL001233,C001811,AML,CRITICAL,FALSE_POSITIVE,rules-v1,analyst_b,75
AL001234,C001386,KYC_REFRESH,MEDIUM,OPEN,rules-v2,queue,66
AL001235,C000423,AML,HIGH,OPEN,ml-legacy,analyst_a,55
AL001236,C003343,KYC_REFRESH,LOW,FALSE_POSITIVE,rules-v2,queue,53
AL001237,C002201,SANCTIONS,HIGH,OPEN,rules-v2,queue,36
AL001238,C003084,KYC_REFRESH,LOW,ESCALATED,manual,analyst_a,79
AL001239,C002058,FRAUD,LOW,FALSE_POSITIVE,rules-v2,analyst_a,70
AL001240,C002463,AML,MEDIUM,OPEN,ml-legacy,queue,34
AL001241,C000461,AML,LOW,ESCALATED,ml-legacy,analyst_b,79
AL001242,C001400,KYC_REFRESH,LOW,FALSE_POSITIVE,rules-v1,queue,75
AL001243,C002315,KYC_REFRESH,MEDIUM,OPEN,ml-legacy,queue,77
AL001244,C002362,FRAUD,MEDIUM,OPEN,ml-legacy,analyst_a,19
AL001245,C001974,FRAUD,MEDIUM,OPEN,ml-legacy,analyst_a,61
AL001246,C001815,AML,CRITICAL,FALSE_POSITIVE,manual,queue,55
AL001247,C003057,KYC_REFRESH,LOW,FALSE_POSITIVE,rules-v2,queue,74
AL001248,C000845,AML,MEDIUM,OPEN,rules-v2,analyst_b,95
AL001249,C000472,AML,LOW,ESCALATED,rules-v1,analyst_b,22
AL001250,C000729,AML,LOW,OPEN,rules-v2,queue,3
AL001251,C002944,SANCTIONS,MEDIUM,CLOSED,manual,analyst_b,76
AL001252,C002413,AML,CRITICAL,FALSE_POSITIVE,rules-v2,analyst_a,36
AL001253,C000952,SANCTIONS,LOW,OPEN,rules-v2,,15
AL001254,C000938,FRAUD,LOW,CLOSED,manual,analyst_a,93
AL001255,C002843,SANCTIONS,HIGH,ESCALATED,ml-legacy,queue,81
AL001256,C002723,FRAUD,HIGH,ESCALATED,rules-v1,queue,43
AL001257,C000043,SANCTIONS,HIGH,CLOSED,ml-legacy,queue,31
AL001258,C001436,SANCTIONS,HIGH,OPEN,rules-v2,queue,13
AL001259,C003291,FRAUD,LOW,ESCALATED,rules-v2,queue,59
AL001260,C003443,SANCTIONS,HIGH,OPEN,ml-legacy,analyst_b,57
AL001261,C001129,FRAUD,CRITICAL,CLOSED,manual,analyst_a,11
AL001262,C000895,AML,MEDIUM,OPEN,ml-legacy,queue,27
AL001263,C003158,KYC_REFRESH,MEDIUM,ESCALATED,rules-v1,queue,65
AL001264,C000884,FRAUD,CRITICAL,OPEN,manual,queue,76
AL001265,C000110,KYC_REFRESH,HIGH,OPEN,manual,analyst_b,94
AL001266,C002306,AML,CRITICAL,OPEN,rules-v2,analyst_a,20
AL001267,C002161,SANCTIONS,CRITICAL,OPEN,manual,queue,60
AL001268,C000517,SANCTIONS,HIGH,CLOSED,ml-legacy,queue,63
AL001269,C000783,SANCTIONS,MEDIUM,CLOSED,ml-legacy,analyst_a,44
AL001270,C000191,KYC_REFRESH,LOW,ESCALATED,rules-v2,analyst_a,24
AL001271,C002264,AML,HIGH,OPEN,manual,queue,89
AL001272,C001626,KYC_REFRESH,LOW,OPEN,manual,analyst_a,81
AL001273,C000767,SANCTIONS,CRITICAL,FALSE_POSITIVE,rules-v1,analyst_b,15
AL001274,C002227,KYC_REFRESH,LOW,CLOSED,rules-v1,analyst_b,37
AL001275,C001154,SANCTIONS,CRITICAL,FALSE_POSITIVE,manual,analyst_a,29
AL001276,C002283,AML,HIGH,ESCALATED,rules-v2,analyst_a,70
AL001277,C002488,SANCTIONS,CRITICAL,CLOSED,rules-v1,analyst_a,9
AL001278,C002482,SANCTIONS,CRITICAL,ESCALATED,manual,analyst_b,60
AL001279,C000966,KYC_REFRESH,CRITICAL,FALSE_POSITIVE,manual,queue,66
AL001280,C003201,AML,HIGH,OPEN,ml-legacy,queue,55
AL001281,C002521,SANCTIONS,MEDIUM,CLOSED,manual,analyst_b,11
AL001282,C001358,AML,HIGH,ESCALATED,manual,analyst_b,33
AL001283,C002407,FRAUD,HIGH,ESCALATED,rules-v2,queue,78
AL001284,C002259,AML,HIGH,OPEN,rules-v1,analyst_b,75
AL001285,C001926,FRAUD,LOW,OPEN,rules-v2,analyst_a,95
AL001286,C002064,AML,CRITICAL,OPEN,manual,queue,11
AL001287,C001102,KYC_REFRESH,MEDIUM,CLOSED,rules-v2,analyst_b,92
AL001288,C002659,SANCTIONS,LOW,ESCALATED,manual,analyst_a,33
AL001289,C002425,KYC_REFRESH,CRITICAL,OPEN,rules-v2,queue,9
AL001290,C003249,AML,CRITICAL,OPEN,rules-v1,analyst_a,92
AL001291,C002085,AML,HIGH,FALSE_POSITIVE,rules-v2,analyst_a,47
AL001292,C000446,AML,LOW,ESCALATED,rules-v2,queue,79
AL001293,C002235,FRAUD,MEDIUM,CLOSED,rules-v2,analyst_a,4
AL001294,C002825,KYC_REFRESH,LOW,ESCALATED,rules-v1,analyst_a,18
AL001295,C001392,AML,MEDIUM,ESCALATED,ml-legacy,analyst_b,2
AL001296,C000874,SANCTIONS,LOW,ESCALATED,manual,analyst_a,89
AL001297,C002811,SANCTIONS,LOW,OPEN,rules-v1,analyst_a,85
AL001298,C001296,FRAUD,LOW,FALSE_POSITIVE,manual,analyst_b,63
AL001299,C001838,SANCTIONS,LOW,CLOSED,ml-legacy,queue,21
AL001300,C000057,AML,LOW,FALSE_POSITIVE,manual,analyst_b,94
AL001301,C003448,KYC_REFRESH,HIGH,ESCALATED,rules-v2,analyst_b,20
AL001302,C001059,SANCTIONS,MEDIUM,CLOSED,rules-v2,analyst_b,31
AL001303,C002418,FRAUD,HIGH,CLOSED,manual,analyst_b,76
AL001304,C000399,SANCTIONS,MEDIUM,ESCALATED,ml-legacy,analyst_a,96
AL001305,C000319,FRAUD,CRITICAL,OPEN,ml-legacy,queue,87
AL001306,C002100,SANCTIONS,LOW,CLOSED,rules-v2,analyst_b,58
AL001307,C000493,SANCTIONS,HIGH,FALSE_POSITIVE,rules-v2,analyst_b,92
AL001308,C000643,AML,CRITICAL,OPEN,rules-v1,analyst_b,34
AL001309,C002133,AML,LOW,ESCALATED,ml-legacy,,79
AL001310,C000469,SANCTIONS,CRITICAL,FALSE_POSITIVE,ml-legacy,analyst_b,75
AL001311,C000294,SANCTIONS,HIGH,ESCALATED,manual,queue,72
AL001312,C002651,KYC_REFRESH,MEDIUM,ESCALATED,manual,analyst_b,99
AL001313,C002406,SANCTIONS,LOW,CLOSED,manual,analyst_b,23
AL001314,C000263,KYC_REFRESH,MEDIUM,CLOSED,rules-v1,analyst_a,73
AL001315,C002771,FRAUD,LOW,ESCALATED,rules-v2,analyst_a,9
AL001316,C002851,FRAUD,LOW,FALSE_POSITIVE,rules-v1,queue,81
AL001317,C000042,FRAUD,CRITICAL,FALSE_POSITIVE,rules-v2,analyst_b,75
AL001318,C003127,FRAUD,MEDIUM,ESCALATED,rules-v1,analyst_b,42
AL001319,C000901,FRAUD,MEDIUM,ESCALATED,manual,analyst_a,25
AL001320,C002435,AML,HIGH,CLOSED,rules-v1,queue,95
AL001321,C003458,KYC_REFRESH,MEDIUM,ESCALATED,ml-legacy,analyst_b,5
AL001322,C003353,AML,LOW,OPEN,rules-v1,analyst_a,71
AL001323,C001951,KYC_REFRESH,LOW,CLOSED,rules-v2,analyst_b,98
AL001324,C003165,AML,CRITICAL,ESCALATED,ml-legacy,analyst_a,38
AL001325,C001260,AML,MEDIUM,ESCALATED,rules-v1,queue,2
AL001326,C001300,KYC_REFRESH,LOW,OPEN,ml-legacy,analyst_a,81
AL001327,C000295,KYC_REFRESH,CRITICAL,ESCALATED,rules-v2,analyst_b,81
AL001328,C002655,FRAUD,HIGH,CLOSED,ml-legacy,analyst_a,88
AL001329,C002121,AML,HIGH,CLOSED,rules-v1,analyst_b,84
AL001330,C001199,FRAUD,CRITICAL,ESCALATED,rules-v1,analyst_b,37
AL001331,C000314,KYC_REFRESH,CRITICAL,CLOSED,manual,analyst_a,52
AL001332,C001732,KYC_REFRESH,HIGH,OPEN,rules-v2,queue,60
AL001333,C001067,KYC_REFRESH,HIGH,ESCALATED,rules-v1,analyst_b,22
AL001334,C002911,KYC_REFRESH,MEDIUM,CLOSED,ml-legacy,queue,67
AL001335,C002188,AML,MEDIUM,FALSE_POSITIVE,ml-legacy,queue,89
AL001336,C002096,KYC_REFRESH,MEDIUM,CLOSED,manual,analyst_b,86
AL001337,C001330,AML,HIGH,FALSE_POSITIVE,rules-v2,queue,4
AL001338,C000741,FRAUD,LOW,CLOSED,rules-v1,analyst_a,46
AL001339,C002423,KYC_REFRESH,CRITICAL,ESCALATED,ml-legacy,queue,60
AL001340,C001185,KYC_REFRESH,MEDIUM,FALSE_POSITIVE,rules-v2,analyst_b,67
AL001341,C001402,FRAUD,CRITICAL,FALSE_POSITIVE,rules-v1,analyst_a,3
AL001342,C000653,SANCTIONS,LOW,ESCALATED,manual,queue,91
AL001343,C000240,AML,CRITICAL,OPEN,manual,analyst_a,89
AL001344,C001360,SANCTIONS,MEDIUM,FALSE_POSITIVE,ml-legacy,analyst_b,6
AL001345,C001363,KYC_REFRESH,MEDIUM,OPEN,rules-v1,analyst_b,42
AL001346,C003251,KYC_REFRESH,CRITICAL,OPEN,ml-legacy,queue,16
AL001347,C001588,FRAUD,HIGH,FALSE_POSITIVE,manual,queue,11
AL001348,C001278,AML,MEDIUM,CLOSED,rules-v2,analyst_b,64
AL001349,C000937,AML,CRITICAL,OPEN,rules-v2,,7
AL001350,C002765,FRAUD,CRITICAL,CLOSED,ml-legacy,queue,76
AL001351,C002341,SANCTIONS,LOW,ESCALATED,rules-v1,queue,94
AL001352,C002604,AML,MEDIUM,CLOSED,manual,analyst_a,11
AL001353,C001113,FRAUD,HIGH,ESCALATED,manual,,41
AL001354,C003109,AML,MEDIUM,CLOSED,ml-legacy,analyst_b,36
AL001355,C001483,KYC_REFRESH,CRITICAL,ESCALATED,manual,queue,94
AL001356,C000483,SANCTIONS,HIGH,CLOSED,rules-v1,analyst_b,86
AL001357,C000236,KYC_REFRESH,LOW,FALSE_POSITIVE,manual,analyst_a,93
AL001358,C000941,FRAUD,LOW,CLOSED,ml-legacy,queue,55
AL001359,C000122,SANCTIONS,CRITICAL,CLOSED,manual,analyst_b,85
AL001360,C002625,SANCTIONS,MEDIUM,OPEN,ml-legacy,queue,54
AL001361,C003448,SANCTIONS,LOW,CLOSED,manual,analyst_b,24
AL001362,C001725,FRAUD,CRITICAL,OPEN,rules-v1,analyst_b,39
AL001363,C000027,AML,LOW,ESCALATED,ml-legacy,analyst_b,93
AL001364,C002950,FRAUD,HIGH,ESCALATED,rules-v2,queue,70
AL001365,C001783,FRAUD,LOW,CLOSED,rules-v1,analyst_b,82
AL001366,C000849,FRAUD,HIGH,OPEN,rules-v1,analyst_b,92
AL001367,C001986,AML,MEDIUM,OPEN,rules-v1,analyst_b,33
AL001368,C001017,FRAUD,MEDIUM,CLOSED,manual,analyst_b,0
AL001369,C001110,SANCTIONS,LOW,CLOSED,rules-v1,queue,8
AL001370,C000434,SANCTIONS,LOW,ESCALATED,ml-legacy,queue,67
AL001371,C003416,SANCTIONS,CRITICAL,ESCALATED,manual,analyst_b,25
AL001372,C001284,AML,HIGH,FALSE_POSITIVE,ml-legacy,queue,72
AL001373,C001911,AML,HIGH,FALSE_POSITIVE,ml-legacy,analyst_b,78
AL001374,C000358,SANCTIONS,MEDIUM,OPEN,rules-v1,queue,24
AL001375,C002763,AML,CRITICAL,CLOSED,rules-v1,analyst_b,20
AL001376,C001357,SANCTIONS,LOW,CLOSED,rules-v2,queue,11
AL001377,C000724,FRAUD,CRITICAL,OPEN,ml-legacy,analyst_a,75
AL001378,C000713,FRAUD,CRITICAL,CLOSED,manual,queue,58
AL001379,C002461,KYC_REFRESH,CRITICAL,FALSE_POSITIVE,manual,queue,65
AL001380,C000376,SANCTIONS,CRITICAL,FALSE_POSITIVE,ml-legacy,queue,56
AL001381,C001672,KYC_REFRESH,CRITICAL,OPEN,rules-v1,analyst_b,69
AL001382,C003047,SANCTIONS,CRITICAL,OPEN,ml-legacy,analyst_b,2
AL001383,C000413,FRAUD,LOW,FALSE_POSITIVE,manual,queue,59
AL001384,C003114,FRAUD,LOW,FALSE_POSITIVE,rules-v1,queue,42
AL001385,C001667,SANCTIONS,CRITICAL,CLOSED,rules-v1,,11
AL001386,C000574,KYC_REFRESH,HIGH,OPEN,manual,queue,93
AL001387,C000843,KYC_REFRESH,CRITICAL,ESCALATED,rules-v2,analyst_b,83
AL001388,C001409,SANCTIONS,CRITICAL,CLOSED,rules-v1,analyst_a,23
AL001389,C001452,SANCTIONS,MEDIUM,ESCALATED,ml-legacy,,51
AL001390,C002223,KYC_REFRESH,HIGH,CLOSED,manual,analyst_a,8
AL001391,C000486,FRAUD,HIGH,ESCALATED,ml-legacy,queue,93
AL001392,C001798,FRAUD,LOW,CLOSED,ml-legacy,queue,36
AL001393,C000523,SANCTIONS,CRITICAL,CLOSED,ml-legacy,analyst_b,81
AL001394,C000515,FRAUD,CRITICAL,CLOSED,rules-v1,analyst_a,44
AL001395,C003450,AML,HIGH,OPEN,rules-v1,analyst_a,17
AL001396,C003104,FRAUD,MEDIUM,ESCALATED,rules-v2,analyst_a,89
AL001397,C002731,FRAUD,CRITICAL,CLOSED,ml-legacy,analyst_b,44
AL001398,C001785,FRAUD,CRITICAL,CLOSED,rules-v1,queue,71
AL001399,C002058,FRAUD,HIGH,ESCALATED,rules-v2,analyst_a,7
AL001400,C000389,FRAUD,HIGH,FALSE_POSITIVE,rules-v2,queue,12
AL001401,C002665,SANCTIONS,LOW,CLOSED,rules-v2,queue,2
AL001402,C003440,SANCTIONS,CRITICAL,ESCALATED,rules-v1,analyst_b,32
AL001403,C001018,KYC_REFRESH,HIGH,FALSE_POSITIVE,ml-legacy,queue,78
AL001404,C001597,FRAUD,MEDIUM,FALSE_POSITIVE,rules-v2,queue,11
AL001405,C001385,AML,HIGH,CLOSED,manual,,34
AL001406,C003010,FRAUD,CRITICAL,OPEN,manual,analyst_b,21
AL001407,C001576,AML,MEDIUM,FALSE_POSITIVE,ml-legacy,queue,34
AL001408,C000628,FRAUD,LOW,CLOSED,rules-v2,queue,82
AL001409,C003078,SANCTIONS,HIGH,ESCALATED,rules-v2,analyst_a,7
AL001410,C001969,KYC_REFRESH,CRITICAL,OPEN,rules-v2,analyst_a,10
AL001411,C001845,KYC_REFRESH,LOW,CLOSED,ml-legacy,analyst_a,46
AL001412,C002492,KYC_REFRESH,MEDIUM,FALSE_POSITIVE,manual,analyst_b,76
AL001413,C000192,SANCTIONS,LOW,FALSE_POSITIVE,ml-legacy,analyst_a,17
AL001414,C000591,KYC_REFRESH,MEDIUM,OPEN,rules-v1,queue,75
AL001415,C002965,SANCTIONS,CRITICAL,ESCALATED,ml-legacy,analyst_b,88
AL001416,C003141,KYC_REFRESH,HIGH,FALSE_POSITIVE,ml-legacy,analyst_b,27
AL001417,C000239,KYC_REFRESH,HIGH,ESCALATED,rules-v1,analyst_a,92
AL001418,C001912,AML,LOW,CLOSED,manual,analyst_a,18
AL001419,C001560,FRAUD,MEDIUM,OPEN,manual,queue,97
AL001420,C003292,KYC_REFRESH,LOW,CLOSED,rules-v2,analyst_b,77
AL001421,C003006,SANCTIONS,HIGH,CLOSED,rules-v1,queue,76
AL001422,C000123,FRAUD,CRITICAL,ESCALATED,rules-v2,analyst_b,12
AL001423,C002189,KYC_REFRESH,HIGH,OPEN,rules-v1,analyst_a,76
AL001424,C003127,FRAUD,LOW,OPEN,rules-v2,analyst_a,88
AL001425,C000713,FRAUD,HIGH,FALSE_POSITIVE,rules-v2,analyst_a,74
AL001426,C000866,AML,MEDIUM,OPEN,ml-legacy,analyst_a,45
AL001427,C000881,KYC_REFRESH,CRITICAL,CLOSED,manual,queue,26
AL001428,C002579,SANCTIONS,HIGH,ESCALATED,manual,queue,35
AL001429,C002557,FRAUD,HIGH,OPEN,ml-legacy,analyst_a,8
AL001430,C002134,FRAUD,LOW,OPEN,ml-legacy,queue,67
AL001431,C001527,AML,MEDIUM,OPEN,ml-legacy,queue,84
AL001432,C000878,KYC_REFRESH,HIGH,CLOSED,rules-v2,analyst_b,93
AL001433,C002974,AML,MEDIUM,FALSE_POSITIVE,manual,queue,52
AL001434,C003318,FRAUD,MEDIUM,ESCALATED,ml-legacy,queue,22
AL001435,C002045,KYC_REFRESH,LOW,FALSE_POSITIVE,rules-v2,analyst_b,3
AL001436,C001354,SANCTIONS,MEDIUM,OPEN,rules-v2,analyst_a,94
AL001437,C001849,AML,HIGH,ESCALATED,rules-v2,queue,13
AL001438,C002586,SANCTIONS,LOW,FALSE_POSITIVE,rules-v2,analyst_a,34
AL001439,C001787,SANCTIONS,MEDIUM,ESCALATED,rules-v1,analyst_b,53
AL001440,C000570,KYC_REFRESH,MEDIUM,FALSE_POSITIVE,manual,analyst_a,14
AL001441,C002651,SANCTIONS,LOW,FALSE_POSITIVE,manual,analyst_b,59
AL001442,C001370,KYC_REFRESH,LOW,OPEN,rules-v1,analyst_a,1
AL001443,C000605,AML,MEDIUM,ESCALATED,rules-v2,queue,75
AL001444,C000916,FRAUD,CRITICAL,ESCALATED,rules-v1,analyst_b,51
AL001445,C002124,SANCTIONS,LOW,CLOSED,manual,analyst_b,66
AL001446,C000635,KYC_REFRESH,MEDIUM,CLOSED,ml-legacy,analyst_a,63
AL001447,C001337,FRAUD,CRITICAL,CLOSED,rules-v2,analyst_b,11
AL001448,C000475,FRAUD,MEDIUM,FALSE_POSITIVE,rules-v1,analyst_a,69
AL001449,C003285,FRAUD,CRITICAL,FALSE_POSITIVE,manual,analyst_a,57
AL001450,C001283,SANCTIONS,HIGH,FALSE_POSITIVE,rules-v1,analyst_a,0
AL001451,C001176,FRAUD,HIGH,CLOSED,rules-v1,analyst_b,56
AL001452,C002991,KYC_REFRESH,MEDIUM,CLOSED,rules-v2,analyst_b,78
AL001453,C000503,FRAUD,LOW,OPEN,manual,analyst_a,81
AL001454,C002598,KYC_REFRESH,LOW,ESCALATED,rules-v1,analyst_a,17
AL001455,C000582,SANCTIONS,MEDIUM,ESCALATED,rules-v1,analyst_a,0
AL001456,C000660,AML,LOW,FALSE_POSITIVE,rules-v2,analyst_a,22
AL001457,C001024,AML,HIGH,OPEN,ml-legacy,analyst_b,70
AL001458,C000819,FRAUD,LOW,FALSE_POSITIVE,rules-v1,queue,53
AL001459,C000111,FRAUD,LOW,CLOSED,rules-v1,analyst_b,79
AL001460,C000103,AML,MEDIUM,OPEN,manual,analyst_b,33
AL001461,C000505,FRAUD,MEDIUM,FALSE_POSITIVE,rules-v1,analyst_b,73
AL001462,C001173,KYC_REFRESH,HIGH,CLOSED,rules-v2,queue,78
AL001463,C000817,KYC_REFRESH,HIGH,ESCALATED,rules-v2,analyst_b,99
AL001464,C002990,KYC_REFRESH,HIGH,OPEN,manual,analyst_a,85
AL001465,C000795,FRAUD,LOW,OPEN,ml-legacy,queue,20
AL001466,C000223,FRAUD,LOW,ESCALATED,manual,analyst_a,47
AL001467,C000786,SANCTIONS,LOW,CLOSED,ml-legacy,analyst_b,100
AL001468,C001621,SANCTIONS,CRITICAL,FALSE_POSITIVE,rules-v1,analyst_b,53
AL001469,C000984,AML,LOW,FALSE_POSITIVE,manual,,42
AL001470,C000456,KYC_REFRESH,CRITICAL,FALSE_POSITIVE,manual,queue,93
AL001471,C001724,SANCTIONS,LOW,FALSE_POSITIVE,manual,analyst_b,72
AL001472,C001446,AML,CRITICAL,CLOSED,rules-v1,analyst_a,20
AL001473,C002701,SANCTIONS,CRITICAL,ESCALATED,ml-legacy,analyst_b,83
AL001474,C003145,FRAUD,CRITICAL,OPEN,ml-legacy,analyst_b,90
AL001475,C000544,SANCTIONS,MEDIUM,ESCALATED,manual,queue,8
AL001476,C000222,FRAUD,CRITICAL,OPEN,rules-v2,analyst_b,77
AL001477,C001973,AML,LOW,CLOSED,rules-v1,queue,69
AL001478,C002169,AML,CRITICAL,FALSE_POSITIVE,manual,analyst_a,29
AL001479,C000804,AML,MEDIUM,FALSE_POSITIVE,ml-legacy,queue,84
AL001480,C002970,FRAUD,LOW,ESCALATED,rules-v2,queue,72
AL001481,C002062,KYC_REFRESH,HIGH,CLOSED,manual,queue,39
AL001482,C002665,AML,LOW,OPEN,rules-v1,analyst_b,49
AL001483,C002758,SANCTIONS,MEDIUM,OPEN,ml-legacy,analyst_b,96
AL001484,C001308,SANCTIONS,HIGH,ESCALATED,rules-v1,analyst_b,38
AL001485,C003498,FRAUD,LOW,CLOSED,manual,analyst_a,54
AL001486,C001468,FRAUD,MEDIUM,ESCALATED,ml-legacy,analyst_a,71
AL001487,C001373,FRAUD,MEDIUM,ESCALATED,rules-v1,analyst_a,34
AL001488,C001148,FRAUD,CRITICAL,OPEN,manual,analyst_b,91
AL001489,C003197,FRAUD,LOW,FALSE_POSITIVE,rules-v2,analyst_b,86
AL001490,C001588,KYC_REFRESH,LOW,CLOSED,manual,queue,50
AL001491,C000746,FRAUD,HIGH,ESCALATED,ml-legacy,analyst_b,12
AL001492,C003098,SANCTIONS,MEDIUM,FALSE_POSITIVE,rules-v2,analyst_b,80
AL001493,C000201,SANCTIONS,CRITICAL,CLOSED,manual,analyst_a,10
AL001494,C001660,FRAUD,CRITICAL,FALSE_POSITIVE,rules-v2,analyst_b,31
AL001495,C003307,SANCTIONS,HIGH,ESCALATED,rules-v2,analyst_b,31
AL001496,C000172,AML,MEDIUM,CLOSED,rules-v2,analyst_b,25
AL001497,C001821,FRAUD,CRITICAL,CLOSED,ml-legacy,,42
AL001498,C002334,AML,HIGH,FALSE_POSITIVE,rules-v1,queue,72
AL001499,C003126,FRAUD,CRITICAL,OPEN,ml-legacy,queue,88
AL001500,C001690,AML,LOW,ESCALATED,ml-legacy,analyst_a,74
AL001501,C001740,AML,CRITICAL,FALSE_POSITIVE,manual,analyst_a,12
AL001502,C001274,FRAUD,MEDIUM,FALSE_POSITIVE,rules-v2,queue,60
AL001503,C000036,SANCTIONS,HIGH,ESCALATED,manual,analyst_b,81
AL001504,C000897,FRAUD,CRITICAL,CLOSED,ml-legacy,queue,13
AL001505,C003276,FRAUD,HIGH,FALSE_POSITIVE,ml-legacy,analyst_a,80
AL001506,C002929,KYC_REFRESH,CRITICAL,OPEN,ml-legacy,analyst_b,20
AL001507,C000677,FRAUD,HIGH,OPEN,rules-v1,analyst_a,77
AL001508,C000700,SANCTIONS,LOW,ESCALATED,manual,queue,11
AL001509,C003389,SANCTIONS,CRITICAL,ESCALATED,rules-v1,queue,98
AL001510,C003416,SANCTIONS,CRITICAL,CLOSED,rules-v1,analyst_b,15
AL001511,C000129,KYC_REFRESH,MEDIUM,ESCALATED,rules-v1,analyst_a,23
AL001512,C000318,FRAUD,LOW,OPEN,rules-v2,analyst_b,83
AL001513,C001865,AML,CRITICAL,FALSE_POSITIVE,rules-v1,queue,89
AL001514,C000145,AML,HIGH,FALSE_POSITIVE,rules-v1,queue,31
AL001515,C002777,SANCTIONS,MEDIUM,ESCALATED,ml-legacy,queue,6
AL001516,C003101,AML,MEDIUM,OPEN,rules-v1,analyst_b,76
AL001517,C001606,SANCTIONS,MEDIUM,ESCALATED,rules-v2,queue,96
AL001518,C000834,FRAUD,CRITICAL,OPEN,rules-v1,analyst_b,93
AL001519,C002705,KYC_REFRESH,CRITICAL,CLOSED,ml-legacy,queue,88
AL001520,C003233,KYC_REFRESH,LOW,CLOSED,manual,analyst_b,63
AL001521,C003325,FRAUD,MEDIUM,OPEN,manual,,56
AL001522,C000196,SANCTIONS,CRITICAL,FALSE_POSITIVE,ml-legacy,analyst_b,45
AL001523,C000867,AML,HIGH,OPEN,manual,analyst_a,1
AL001524,C001969,AML,CRITICAL,ESCALATED,ml-legacy,queue,56
AL001525,C000546,KYC_REFRESH,CRITICAL,CLOSED,rules-v2,analyst_b,25
AL001526,C002248,AML,HIGH,ESCALATED,rules-v1,analyst_b,58
AL001527,C000052,SANCTIONS,LOW,FALSE_POSITIVE,ml-legacy,analyst_a,90
AL001528,C001995,SANCTIONS,HIGH,CLOSED,ml-legacy,analyst_b,53
AL001529,C002986,KYC_REFRESH,CRITICAL,ESCALATED,rules-v2,queue,52
AL001530,C000698,KYC_REFRESH,LOW,ESCALATED,ml-legacy,queue,5
AL001531,C000190,SANCTIONS,HIGH,FALSE_POSITIVE,ml-legacy,analyst_a,33
AL001532,C001172,KYC_REFRESH,LOW,ESCALATED,rules-v2,analyst_b,18
AL001533,C003185,KYC_REFRESH,MEDIUM,ESCALATED,manual,queue,72
AL001534,C000820,KYC_REFRESH,LOW,OPEN,manual,analyst_b,10
AL001535,C000923,AML,CRITICAL,ESCALATED,ml-legacy,analyst_b,23
AL001536,C001583,SANCTIONS,LOW,CLOSED,ml-legacy,analyst_b,12
AL001537,C002287,KYC_REFRESH,CRITICAL,OPEN,ml-legacy,queue,11
AL001538,C002362,KYC_REFRESH,LOW,CLOSED,manual,analyst_b,39
AL001539,C001182,KYC_REFRESH,MEDIUM,ESCALATED,rules-v1,analyst_b,18
AL001540,C001081,KYC_REFRESH,HIGH,CLOSED,manual,queue,73
AL001541,C000376,SANCTIONS,CRITICAL,CLOSED,manual,analyst_a,81
AL001542,C000581,KYC_REFRESH,CRITICAL,CLOSED,manual,queue,67
AL001543,C002680,KYC_REFRESH,CRITICAL,ESCALATED,rules-v1,queue,23
AL001544,C000589,SANCTIONS,MEDIUM,CLOSED,manual,queue,55
AL001545,C002533,AML,CRITICAL,OPEN,rules-v1,queue,61
AL001546,C001336,AML,HIGH,FALSE_POSITIVE,ml-legacy,queue,18
AL001547,C002395,AML,LOW,OPEN,rules-v2,queue,25
AL001548,C002807,SANCTIONS,CRITICAL,OPEN,manual,queue,89
AL001549,C001432,SANCTIONS,CRITICAL,FALSE_POSITIVE,rules-v2,analyst_a,2
AL001550,C001757,KYC_REFRESH,MEDIUM,OPEN,rules-v2,analyst_b,90
AL001551,C000661,FRAUD,LOW,ESCALATED,manual,analyst_b,62
AL001552,C001199,AML,MEDIUM,OPEN,rules-v2,analyst_a,76
AL001553,C002738,SANCTIONS,CRITICAL,OPEN,ml-legacy,queue,20
AL001554,C001114,KYC_REFRESH,HIGH,ESCALATED,ml-legacy,queue,32
AL001555,C003416,KYC_REFRESH,CRITICAL,ESCALATED,ml-legacy,analyst_a,20
AL001556,C001631,KYC_REFRESH,MEDIUM,OPEN,ml-legacy,queue,70
AL001557,C001957,FRAUD,HIGH,CLOSED,rules-v2,queue,32
AL001558,C000758,SANCTIONS,LOW,OPEN,manual,analyst_b,19
AL001559,C003364,SANCTIONS,LOW,ESCALATED,rules-v1,analyst_b,14
AL001560,C002937,AML,LOW,OPEN,manual,analyst_a,32
AL001561,C000327,FRAUD,CRITICAL,FALSE_POSITIVE,ml-legacy,analyst_b,97
AL001562,C000498,KYC_REFRESH,LOW,FALSE_POSITIVE,manual,queue,86
AL001563,C003071,KYC_REFRESH,MEDIUM,FALSE_POSITIVE,ml-legacy,analyst_a,87
AL001564,C003127,SANCTIONS,HIGH,ESCALATED,ml-legacy,analyst_a,74
AL001565,C002995,KYC_REFRESH,MEDIUM,OPEN,rules-v2,queue,6
AL001566,C000624,AML,CRITICAL,FALSE_POSITIVE,rules-v1,analyst_b,0
AL001567,C000287,KYC_REFRESH,HIGH,ESCALATED,manual,queue,85
AL001568,C002968,KYC_REFRESH,HIGH,ESCALATED,rules-v2,analyst_b,0
AL001569,C000906,AML,HIGH,FALSE_POSITIVE,ml-legacy,,38
AL001570,C003422,KYC_REFRESH,LOW,ESCALATED,ml-legacy,queue,56
AL001571,C001705,KYC_REFRESH,LOW,OPEN,manual,queue,59
AL001572,C002334,AML,CRITICAL,CLOSED,ml-legacy,queue,19
AL001573,C001013,AML,CRITICAL,FALSE_POSITIVE,rules-v1,queue,44
AL001574,C003485,AML,MEDIUM,ESCALATED,rules-v2,analyst_b,42
AL001575,C002829,KYC_REFRESH,LOW,CLOSED,rules-v1,analyst_b,24
AL001576,C001564,SANCTIONS,MEDIUM,OPEN,rules-v1,queue,55
AL001577,C002374,AML,HIGH,ESCALATED,rules-v2,analyst_b,33
AL001578,C002942,AML,CRITICAL,OPEN,ml-legacy,analyst_a,13
AL001579,C002689,KYC_REFRESH,CRITICAL,CLOSED,rules-v2,analyst_a,1
AL001580,C001723,AML,MEDIUM,CLOSED,rules-v2,analyst_b,69
AL001581,C002601,AML,MEDIUM,OPEN,rules-v2,queue,72
AL001582,C003339,AML,HIGH,OPEN,manual,analyst_b,83
AL001583,C002512,KYC_REFRESH,LOW,CLOSED,rules-v1,analyst_a,29
AL001584,C002519,SANCTIONS,HIGH,OPEN,rules-v2,analyst_a,80
AL001585,C000252,KYC_REFRESH,LOW,CLOSED,manual,analyst_b,9
AL001586,C000253,KYC_REFRESH,CRITICAL,ESCALATED,rules-v1,analyst_a,42
AL001587,C000822,FRAUD,HIGH,FALSE_POSITIVE,rules-v2,analyst_a,23
AL001588,C001445,AML,HIGH,CLOSED,rules-v1,analyst_b,55
AL001589,C001317,KYC_REFRESH,LOW,CLOSED,manual,queue,81
AL001590,C001664,FRAUD,MEDIUM,FALSE_POSITIVE,manual,queue,27
AL001591,C002285,FRAUD,LOW,OPEN,rules-v2,analyst_a,89
AL001592,C001367,FRAUD,LOW,OPEN,ml-legacy,analyst_b,33
AL001593,C001418,AML,MEDIUM,FALSE_POSITIVE,rules-v2,,46
AL001594,C002009,FRAUD,CRITICAL,CLOSED,rules-v1,analyst_a,68
AL001595,C002425,AML,LOW,FALSE_POSITIVE,ml-legacy,queue,100
AL001596,C003047,SANCTIONS,CRITICAL,ESCALATED,rules-v2,analyst_a,91
AL001597,C001449,FRAUD,LOW,OPEN,ml-legacy,,3
AL001598,C003293,AML,HIGH,CLOSED,ml-legacy,analyst_b,43
AL001599,C000478,AML,LOW,CLOSED,rules-v1,queue,68
AL001600,C001399,FRAUD,MEDIUM,CLOSED,ml-legacy,analyst_a,45
AL001601,C001174,KYC_REFRESH,HIGH,ESCALATED,ml-legacy,analyst_a,60
AL001602,C000096,FRAUD,MEDIUM,ESCALATED,ml-legacy,queue,25
AL001603,C002082,KYC_REFRESH,MEDIUM,ESCALATED,rules-v2,analyst_b,60
AL001604,C000616,KYC_REFRESH,MEDIUM,CLOSED,rules-v1,queue,61
AL001605,C000526,KYC_REFRESH,HIGH,FALSE_POSITIVE,rules-v2,analyst_a,76
AL001606,C001890,SANCTIONS,CRITICAL,CLOSED,manual,analyst_b,68
AL001607,C001182,SANCTIONS,LOW,FALSE_POSITIVE,manual,analyst_b,3
AL001608,C003233,KYC_REFRESH,HIGH,CLOSED,rules-v1,queue,44
AL001609,C000281,AML,HIGH,ESCALATED,manual,queue,71
AL001610,C000681,KYC_REFRESH,HIGH,CLOSED,rules-v2,queue,74
AL001611,C001486,AML,CRITICAL,OPEN,manual,analyst_a,85
AL001612,C003035,KYC_REFRESH,CRITICAL,CLOSED,rules-v1,queue,5
AL001613,C002485,FRAUD,CRITICAL,CLOSED,manual,queue,19
AL001614,C000609,SANCTIONS,HIGH,CLOSED,rules-v1,analyst_b,27
AL001615,C001980,AML,HIGH,FALSE_POSITIVE,ml-legacy,analyst_b,0
AL001616,C002850,KYC_REFRESH,MEDIUM,FALSE_POSITIVE,rules-v2,analyst_b,15
AL001617,C001573,KYC_REFRESH,MEDIUM,OPEN,rules-v2,analyst_a,40
AL001618,C000637,FRAUD,LOW,CLOSED,rules-v2,analyst_a,43
AL001619,C003488,AML,HIGH,ESCALATED,ml-legacy,queue,59
AL001620,C002536,FRAUD,CRITICAL,OPEN,rules-v2,analyst_a,85
AL001621,C003164,KYC_REFRESH,LOW,FALSE_POSITIVE,rules-v1,analyst_b,47
AL001622,C001841,KYC_REFRESH,HIGH,OPEN,rules-v2,analyst_a,10
AL001623,C003321,SANCTIONS,HIGH,FALSE_POSITIVE,manual,queue,2
AL001624,C002743,AML,HIGH,CLOSED,ml-legacy,queue,26
AL001625,C002620,FRAUD,MEDIUM,CLOSED,manual,analyst_b,53
AL001626,C002581,FRAUD,CRITICAL,FALSE_POSITIVE,rules-v2,analyst_b,79
AL001627,C003304,SANCTIONS,MEDIUM,OPEN,manual,analyst_a,87
AL001628,C000179,SANCTIONS,HIGH,ESCALATED,manual,queue,36
AL001629,C003095,KYC_REFRESH,LOW,CLOSED,ml-legacy,analyst_b,73
AL001630,C003169,SANCTIONS,MEDIUM,ESCALATED,rules-v2,analyst_a,44
AL001631,C002217,AML,LOW,OPEN,rules-v1,queue,60
AL001632,C002089,KYC_REFRESH,LOW,FALSE_POSITIVE,ml-legacy,queue,30
AL001633,C002414,SANCTIONS,CRITICAL,CLOSED,manual,analyst_b,24
AL001634,C002282,KYC_REFRESH,LOW,OPEN,rules-v2,analyst_b,19
AL001635,C003109,KYC_REFRESH,HIGH,OPEN,manual,analyst_a,78
AL001636,C002547,AML,MEDIUM,OPEN,rules-v2,analyst_a,9
AL001637,C000461,KYC_REFRESH,CRITICAL,CLOSED,rules-v2,queue,67
AL001638,C001816,FRAUD,LOW,OPEN,ml-legacy,queue,34
AL001639,C002406,AML,HIGH,CLOSED,manual,analyst_b,27
AL001640,C003436,AML,HIGH,FALSE_POSITIVE,manual,analyst_b,56
AL001641,C002931,FRAUD,HIGH,FALSE_POSITIVE,rules-v2,analyst_b,92
AL001642,C000212,SANCTIONS,CRITICAL,ESCALATED,manual,queue,100
AL001643,C002979,FRAUD,CRITICAL,OPEN,rules-v1,analyst_b,10
AL001644,C003003,FRAUD,HIGH,OPEN,ml-legacy,analyst_b,82
AL001645,C003082,FRAUD,CRITICAL,FALSE_POSITIVE,manual,queue,73
AL001646,C000041,KYC_REFRESH,CRITICAL,FALSE_POSITIVE,rules-v1,queue,41
AL001647,C001291,KYC_REFRESH,CRITICAL,OPEN,ml-legacy,queue,47
AL001648,C002608,SANCTIONS,HIGH,ESCALATED,ml-legacy,analyst_a,64
AL001649,C001394,SANCTIONS,LOW,ESCALATED,rules-v2,,78
AL001650,C000165,KYC_REFRESH,CRITICAL,OPEN,rules-v2,queue,62
AL001651,C000835,SANCTIONS,HIGH,ESCALATED,rules-v2,analyst_b,8
AL001652,C003240,AML,CRITICAL,FALSE_POSITIVE,ml-legacy,analyst_a,0
AL001653,C001951,SANCTIONS,MEDIUM,CLOSED,rules-v2,,53
AL001654,C002661,AML,LOW,OPEN,ml-legacy,analyst_a,62
AL001655,C003308,FRAUD,CRITICAL,ESCALATED,manual,queue,27
AL001656,C003246,AML,HIGH,CLOSED,rules-v2,queue,56
AL001657,C003474,KYC_REFRESH,LOW,CLOSED,manual,analyst_a,77
AL001658,C002056,AML,CRITICAL,ESCALATED,ml-legacy,analyst_b,25
AL001659,C002423,KYC_REFRESH,HIGH,OPEN,ml-legacy,analyst_b,15
AL001660,C000952,FRAUD,HIGH,FALSE_POSITIVE,rules-v1,analyst_a,97
AL001661,C003268,FRAUD,LOW,OPEN,rules-v1,analyst_a,78
AL001662,C002162,FRAUD,HIGH,OPEN,rules-v2,analyst_b,47
AL001663,C001437,FRAUD,CRITICAL,OPEN,ml-legacy,queue,4
AL001664,C003307,AML,CRITICAL,CLOSED,rules-v2,analyst_b,66
AL001665,C002084,AML,MEDIUM,FALSE_POSITIVE,manual,queue,29
AL001666,C000205,FRAUD,HIGH,CLOSED,rules-v2,analyst_b,63
AL001667,C002767,AML,CRITICAL,ESCALATED,ml-legacy,analyst_a,35
AL001668,C002936,FRAUD,CRITICAL,OPEN,rules-v2,queue,50
AL001669,C000264,SANCTIONS,CRITICAL,OPEN,ml-legacy,analyst_b,47
AL001670,C000303,FRAUD,HIGH,CLOSED,rules-v2,analyst_a,24
AL001671,C002643,SANCTIONS,LOW,OPEN,ml-legacy,queue,70
AL001672,C003317,AML,CRITICAL,FALSE_POSITIVE,rules-v2,analyst_a,42
AL001673,C000266,SANCTIONS,HIGH,ESCALATED,ml-legacy,,64
AL001674,C000452,KYC_REFRESH,MEDIUM,ESCALATED,rules-v2,queue,31
AL001675,C002436,AML,CRITICAL,CLOSED,rules-v1,analyst_b,18
AL001676,C003025,SANCTIONS,HIGH,OPEN,rules-v1,queue,8
AL001677,C000848,AML,LOW,FALSE_POSITIVE,ml-legacy,,41
AL001678,C001542,SANCTIONS,LOW,ESCALATED,rules-v2,queue,85
AL001679,C001914,SANCTIONS,LOW,ESCALATED,manual,analyst_b,22
AL001680,C002989,KYC_REFRESH,HIGH,ESCALATED,rules-v2,queue,61
AL001681,C002478,AML,CRITICAL,ESCALATED,manual,,96
AL001682,C003374,SANCTIONS,MEDIUM,OPEN,rules-v1,analyst_b,7
AL001683,C001367,FRAUD,MEDIUM,ESCALATED,ml-legacy,queue,88
AL001684,C000706,FRAUD,HIGH,OPEN,manual,analyst_b,57
AL001685,C003075,KYC_REFRESH,MEDIUM,CLOSED,manual,queue,52
AL001686,C000147,SANCTIONS,CRITICAL,ESCALATED,manual,queue,26
AL001687,C000326,FRAUD,CRITICAL,OPEN,ml-legacy,analyst_a,41
AL001688,C001086,FRAUD,HIGH,OPEN,ml-legacy,analyst_a,70
AL001689,C002508,SANCTIONS,LOW,OPEN,ml-legacy,analyst_a,84
AL001690,C001919,SANCTIONS,HIGH,FALSE_POSITIVE,ml-legacy,queue,55
AL001691,C003349,KYC_REFRESH,CRITICAL,CLOSED,rules-v2,analyst_b,57
AL001692,C000462,SANCTIONS,CRITICAL,ESCALATED,manual,analyst_a,65
AL001693,C002045,SANCTIONS,HIGH,FALSE_POSITIVE,rules-v1,queue,9
AL001694,C000911,AML,HIGH,CLOSED,manual,analyst_b,51
AL001695,C002712,KYC_REFRESH,CRITICAL,FALSE_POSITIVE,rules-v1,analyst_b,99
AL001696,C002742,AML,LOW,CLOSED,rules-v2,analyst_a,55
AL001697,C000844,FRAUD,LOW,CLOSED,rules-v1,,94
AL001698,C000733,FRAUD,HIGH,FALSE_POSITIVE,manual,queue,34
AL001699,C002956,FRAUD,CRITICAL,OPEN,rules-v2,analyst_a,79
AL001700,C000477,KYC_REFRESH,LOW,CLOSED,manual,queue,67
AL001701,C001931,SANCTIONS,LOW,FALSE_POSITIVE,rules-v1,queue,0
AL001702,C001179,KYC_REFRESH,CRITICAL,CLOSED,rules-v1,queue,70
AL001703,C002155,KYC_REFRESH,MEDIUM,ESCALATED,rules-v2,analyst_b,34
AL001704,C001249,AML,MEDIUM,FALSE_POSITIVE,rules-v2,queue,23
AL001705,C001923,FRAUD,HIGH,FALSE_POSITIVE,rules-v1,analyst_a,43
AL001706,C002691,KYC_REFRESH,HIGH,OPEN,rules-v2,analyst_b,65
AL001707,C000760,SANCTIONS,MEDIUM,CLOSED,ml-legacy,analyst_b,94
AL001708,C003264,FRAUD,LOW,ESCALATED,ml-legacy,analyst_b,16
AL001709,C003379,FRAUD,MEDIUM,CLOSED,manual,,16
AL001710,C002411,AML,HIGH,ESCALATED,rules-v2,analyst_b,15
AL001711,C000067,AML,CRITICAL,ESCALATED,manual,queue,1
AL001712,C000241,KYC_REFRESH,MEDIUM,ESCALATED,manual,analyst_a,99
AL001713,C000296,FRAUD,HIGH,ESCALATED,manual,analyst_b,46
AL001714,C002660,KYC_REFRESH,LOW,OPEN,manual,queue,64
AL001715,C001023,FRAUD,CRITICAL,ESCALATED,manual,queue,72
AL001716,C002722,AML,LOW,CLOSED,manual,analyst_b,74
AL001717,C003414,AML,HIGH,ESCALATED,rules-v1,analyst_a,54
AL001718,C000522,SANCTIONS,MEDIUM,ESCALATED,ml-legacy,analyst_a,58
AL001719,C001889,KYC_REFRESH,CRITICAL,FALSE_POSITIVE,rules-v2,analyst_b,78
AL001720,C001944,KYC_REFRESH,CRITICAL,ESCALATED,rules-v2,queue,98
AL001721,C000614,FRAUD,MEDIUM,OPEN,ml-legacy,,39
AL001722,C000582,FRAUD,MEDIUM,OPEN,rules-v1,analyst_b,48
AL001723,C001137,AML,CRITICAL,FALSE_POSITIVE,rules-v1,analyst_b,6
AL001724,C002017,AML,CRITICAL,ESCALATED,manual,analyst_a,73
AL001725,C002921,KYC_REFRESH,LOW,CLOSED,manual,analyst_b,44
AL001726,C003093,SANCTIONS,MEDIUM,FALSE_POSITIVE,manual,queue,47
AL001727,C000927,KYC_REFRESH,MEDIUM,ESCALATED,manual,analyst_b,13
AL001728,C000251,AML,MEDIUM,OPEN,rules-v1,analyst_b,29
AL001729,C003417,KYC_REFRESH,MEDIUM,ESCALATED,rules-v2,,10
AL001730,C001388,FRAUD,MEDIUM,CLOSED,manual,queue,5
AL001731,C001183,FRAUD,CRITICAL,ESCALATED,rules-v2,queue,75
AL001732,C002494,SANCTIONS,CRITICAL,OPEN,rules-v1,analyst_b,18
AL001733,C003269,AML,LOW,ESCALATED,ml-legacy,analyst_a,64
AL001734,C002570,KYC_REFRESH,LOW,ESCALATED,ml-legacy,queue,14
AL001735,C001078,AML,HIGH,ESCALATED,manual,analyst_b,69
AL001736,C002573,FRAUD,MEDIUM,CLOSED,rules-v1,analyst_b,56
AL001737,C000099,KYC_REFRESH,HIGH,OPEN,ml-legacy,,6
AL001738,C000365,AML,CRITICAL,CLOSED,rules-v1,analyst_a,72
AL001739,C002506,AML,MEDIUM,CLOSED,manual,analyst_b,96
AL001740,C001973,FRAUD,LOW,ESCALATED,rules-v2,analyst_a,85
AL001741,C000832,AML,MEDIUM,OPEN,ml-legacy,,95
AL001742,C002101,FRAUD,HIGH,CLOSED,rules-v1,queue,66
AL001743,C002397,KYC_REFRESH,LOW,ESCALATED,rules-v1,analyst_a,30
AL001744,C001294,FRAUD,LOW,ESCALATED,ml-legacy,analyst_b,87
AL001745,C002602,AML,MEDIUM,CLOSED,manual,analyst_a,94
AL001746,C001005,KYC_REFRESH,LOW,OPEN,manual,analyst_a,56
AL001747,C000961,KYC_REFRESH,HIGH,FALSE_POSITIVE,manual,analyst_b,12
AL001748,C001055,AML,LOW,CLOSED,rules-v1,analyst_b,40
AL001749,C001614,FRAUD,MEDIUM,OPEN,rules-v2,analyst_b,63
AL001750,C003189,SANCTIONS,CRITICAL,ESCALATED,rules-v1,analyst_b,8
AL001751,C000078,FRAUD,MEDIUM,FALSE_POSITIVE,ml-legacy,queue,90
AL001752,C001826,KYC_REFRESH,LOW,ESCALATED,ml-legacy,analyst_b,18
AL001753,C000686,AML,CRITICAL,FALSE_POSITIVE,rules-v2,analyst_b,45
AL001754,C001992,KYC_REFRESH,MEDIUM,FALSE_POSITIVE,ml-legacy,analyst_b,86
AL001755,C000249,AML,LOW,OPEN,rules-v2,queue,63
AL001756,C001644,AML,MEDIUM,OPEN,ml-legacy,analyst_a,10
AL001757,C001861,FRAUD,CRITICAL,ESCALATED,rules-v1,,6
AL001758,C001317,AML,CRITICAL,OPEN,ml-legacy,analyst_b,68
AL001759,C000983,KYC_REFRESH,CRITICAL,CLOSED,manual,analyst_b,94
AL001760,C001648,AML,LOW,CLOSED,manual,analyst_a,7
AL001761,C001126,FRAUD,HIGH,FALSE_POSITIVE,rules-v2,queue,48
AL001762,C003054,KYC_REFRESH,LOW,OPEN,ml-legacy,queue,71
AL001763,C003379,SANCTIONS,HIGH,ESCALATED,rules-v1,analyst_b,30
AL001764,C002322,SANCTIONS,MEDIUM,CLOSED,manual,queue,1
AL001765,C003283,KYC_REFRESH,CRITICAL,FALSE_POSITIVE,rules-v1,analyst_b,42
AL001766,C002660,SANCTIONS,CRITICAL,CLOSED,ml-legacy,analyst_a,38
AL001767,C000108,FRAUD,HIGH,CLOSED,manual,analyst_b,25
AL001768,C002420,FRAUD,CRITICAL,FALSE_POSITIVE,ml-legacy,analyst_b,39
AL001769,C001867,SANCTIONS,CRITICAL,ESCALATED,rules-v1,,8
AL001770,C001299,FRAUD,CRITICAL,FALSE_POSITIVE,ml-legacy,analyst_b,7
AL001771,C002402,AML,HIGH,OPEN,rules-v1,analyst_b,73
AL001772,C000812,FRAUD,MEDIUM,CLOSED,rules-v1,analyst_a,50
AL001773,C000307,SANCTIONS,CRITICAL,FALSE_POSITIVE,ml-legacy,analyst_b,35
AL001774,C002116,SANCTIONS,HIGH,ESCALATED,manual,queue,56
AL001775,C002131,FRAUD,CRITICAL,OPEN,rules-v2,queue,96
AL001776,C001353,FRAUD,MEDIUM,ESCALATED,ml-legacy,analyst_a,27
AL001777,C002757,SANCTIONS,MEDIUM,ESCALATED,rules-v2,queue,92
AL001778,C002680,AML,LOW,OPEN,ml-legacy,queue,28
AL001779,C002998,KYC_REFRESH,LOW,OPEN,rules-v2,analyst_a,15
AL001780,C000799,FRAUD,CRITICAL,FALSE_POSITIVE,ml-legacy,analyst_b,20
AL001781,C001210,SANCTIONS,CRITICAL,CLOSED,manual,queue,50
AL001782,C002150,KYC_REFRESH,CRITICAL,FALSE_POSITIVE,rules-v1,queue,83
AL001783,C002981,KYC_REFRESH,CRITICAL,FALSE_POSITIVE,rules-v2,analyst_a,58
AL001784,C003362,FRAUD,CRITICAL,OPEN,ml-legacy,analyst_b,37
AL001785,C000742,KYC_REFRESH,MEDIUM,OPEN,ml-legacy,analyst_a,83
AL001786,C000612,FRAUD,MEDIUM,ESCALATED,rules-v2,analyst_b,16
AL001787,C002455,KYC_REFRESH,CRITICAL,FALSE_POSITIVE,rules-v2,analyst_b,39
AL001788,C001723,AML,LOW,OPEN,manual,queue,38
AL001789,C003362,KYC_REFRESH,CRITICAL,CLOSED,manual,analyst_a,87
AL001790,C002662,KYC_REFRESH,MEDIUM,ESCALATED,rules-v2,analyst_a,69
AL001791,C001154,SANCTIONS,LOW,FALSE_POSITIVE,rules-v1,analyst_b,32
AL001792,C000152,KYC_REFRESH,MEDIUM,CLOSED,rules-v2,analyst_b,97
AL001793,C002379,SANCTIONS,HIGH,ESCALATED,manual,analyst_b,13
AL001794,C003017,KYC_REFRESH,CRITICAL,OPEN,manual,analyst_a,54
AL001795,C000620,KYC_REFRESH,HIGH,CLOSED,manual,analyst_b,69
AL001796,C002974,AML,HIGH,FALSE_POSITIVE,rules-v1,analyst_a,37
AL001797,C000884,SANCTIONS,HIGH,ESCALATED,manual,queue,21
AL001798,C002363,SANCTIONS,HIGH,OPEN,rules-v2,analyst_b,1
AL001799,C003164,FRAUD,LOW,ESCALATED,rules-v2,analyst_b,28
AL001800,C002062,SANCTIONS,HIGH,FALSE_POSITIVE,manual,analyst_a,0
