application_id,customer_id,product,amount,currency,status,credit_score,decision_source,channel,application_date
A0000001,C003460,SME,3251270,INR,NEW,322,RULE,branch,2026-05-25
A0000002,C001240,SME,4809547,INR,APPROVED,571,MANUAL,mobile,2026-02-01
A0000003,C001194,SME,1460983,INR,DECLINED,491,MODEL_V2,web,2026-06-15
A0000004,C000970,HOME,2024016,INR,DECLINED,846,MODEL_V2,mobile,2026-01-05
A0000005,C000196,AUTO,2697201,INR,UNDER_REVIEW,377,MODEL_V2,partner,2026-05-17
A0000006,C000889,SME,1700978,INR,UNDER_REVIEW,649,,mobile,2026-08-14
A0000007,C001955,AUTO,1029767,INR,NEW,757,RULE,partner,2026-07-27
A0000008,C001669,HOME,2875610,INR,APPROVED,635,MANUAL,partner,2026-04-20
A0000009,C003298,SME,2319935,INR,NEW,710,MANUAL,mobile,2026-04-02
A0000010,C000767,SME,2816394,USD,UNDER_REVIEW,642,MANUAL,mobile,2026-09-21
A0000011,C003238,AUTO,3213524,INR,DISBURSED,625,RULE,branch,2026-08-04
A0000012,C000474,PERSONAL,2563494,INR,NEW,388,MANUAL,branch,2026-07-02
A0000013,C003383,AUTO,2130638,USD,DECLINED,806,MODEL_V2,mobile,2026-05-21
A0000014,C001256,PERSONAL,418078,INR,DECLINED,389,RULE,partner,2026-09-28
A0000015,C000933,AUTO,2404199,INR,APPROVED,344,MODEL_V2,branch,2026-08-07
A0000016,C001364,PERSONAL,4700417,INR,UNDER_REVIEW,548,MANUAL,mobile,2026-03-07
A0000017,C001145,SME,3883755,INR,NEW,859,MODEL_V1,branch,2026-08-14
A0000018,C000807,AUTO,1670451,INR,NEW,725,MODEL_V1,mobile,2026-09-02
A0000019,C002459,HOME,4714869,INR,APPROVED,566,RULE,branch,2026-03-20
A0000020,C002420,SME,3364569,INR,DECLINED,685,MANUAL,partner,2026-08-11
A0000021,C000678,SME,3043251,INR,NEW,508,RULE,partner,2026-08-09
A0000022,C003336,AUTO,2976455,INR,UNDER_REVIEW,597,MODEL_V2,partner,2026-06-10
A0000023,C001741,PERSONAL,3189888,INR,UNDER_REVIEW,623,RULE,branch,2026-02-05
A0000024,C003268,SME,3547728,INR,DISBURSED,368,MODEL_V1,mobile,2026-04-22
A0000025,C002085,HOME,2990482,USD,DECLINED,693,MODEL_V1,web,2026-01-23
A0000026,C002209,PERSONAL,875855,INR,APPROVED,450,MODEL_V2,web,2026-08-04
A0000027,C001659,HOME,4330450,INR,APPROVED,667,MODEL_V2,mobile,2026-04-15
A0000028,C000365,SME,2184388,USD,APPROVED,872,MANUAL,mobile,2026-02-01
A0000029,C000935,PERSONAL,2326507,INR,APPROVED,416,RULE,mobile,2026-01-16
A0000030,C000907,PERSONAL,1661361,USD,NEW,715,MANUAL,web,2026-03-21
A0000031,C002567,PERSONAL,4795927,INR,UNDER_REVIEW,586,MODEL_V1,partner,2026-07-03
A0000032,C002539,SME,3390693,INR,DECLINED,402,MODEL_V2,web,2026-04-24
A0000033,C002171,HOME,4385831,INR,DISBURSED,515,MODEL_V1,branch,2026-08-14
A0000034,C000714,PERSONAL,4661936,INR,NEW,477,MANUAL,web,2026-07-06
A0000035,C001063,PERSONAL,257175,INR,NEW,790,MANUAL,web,2026-09-28
A0000036,C002836,HOME,3554419,INR,DECLINED,332,RULE,web,2026-07-16
A0000037,C002979,PERSONAL,1057640,USD,APPROVED,859,RULE,web,2026-04-03
A0000038,C002840,AUTO,1960215,USD,DECLINED,301,MANUAL,branch,2026-08-27
A0000039,C003081,HOME,1556210,USD,DISBURSED,870,MODEL_V1,branch,2026-05-17
A0000040,C001964,SME,4886799,INR,APPROVED,850,MODEL_V1,partner,2026-02-02
A0000041,C002021,HOME,1698261,INR,DISBURSED,377,MODEL_V1,mobile,2026-06-02
A0000042,C003359,SME,654156,INR,APPROVED,781,MODEL_V2,web,2026-03-11
A0000043,C003353,PERSONAL,4216438,USD,NEW,369,MODEL_V2,mobile,2026-06-11
A0000044,C000670,PERSONAL,95383,INR,APPROVED,316,RULE,partner,2026-08-06
A0000045,C001832,HOME,1988843,INR,APPROVED,585,RULE,mobile,2026-02-17
A0000046,C002856,AUTO,1312527,USD,DECLINED,533,MODEL_V2,web,2026-09-16
A0000047,C000032,HOME,1101421,INR,APPROVED,561,RULE,branch,2026-02-07
A0000048,C002339,PERSONAL,2635121,INR,DECLINED,544,MANUAL,mobile,2026-05-08
A0000049,C002257,PERSONAL,4382809,USD,UNDER_REVIEW,375,MODEL_V2,branch,2026-09-28
A0000050,C003158,HOME,2759248,INR,APPROVED,384,MANUAL,mobile,2026-05-05
A0000051,C001211,SME,912697,USD,DECLINED,701,MODEL_V1,web,2026-04-20
A0000052,C001668,AUTO,1045146,INR,DECLINED,355,RULE,web,2026-06-08
A0000053,C002635,SME,461723,USD,APPROVED,474,RULE,branch,2026-03-07
A0000054,C003412,SME,1293103,USD,APPROVED,675,MODEL_V1,partner,2026-07-17
A0000055,C000855,HOME,3598083,INR,UNDER_REVIEW,615,RULE,partner,2026-05-20
A0000056,C002525,SME,830620,INR,UNDER_REVIEW,548,RULE,web,2026-09-12
A0000057,C000333,PERSONAL,3162543,INR,NEW,475,RULE,mobile,2026-03-27
A0000058,C002020,PERSONAL,1549622,INR,NEW,337,MANUAL,web,2026-02-10
A0000059,C000667,PERSONAL,2771742,USD,DECLINED,579,MODEL_V2,partner,2026-07-28
A0000060,C002823,PERSONAL,3575617,INR,DISBURSED,641,MANUAL,web,2026-05-18
A0000061,C002033,PERSONAL,2307363,USD,DECLINED,371,,branch,2026-07-25
A0000062,C002995,SME,2813289,INR,DISBURSED,879,MANUAL,web,2026-04-26
A0000063,C002691,HOME,3452955,INR,UNDER_REVIEW,748,MODEL_V1,web,2026-02-17
A0000064,C003388,HOME,4346872,INR,UNDER_REVIEW,457,MODEL_V1,branch,2026-05-20
A0000065,C002417,PERSONAL,4681228,USD,DISBURSED,591,MANUAL,branch,2026-01-09
A0000066,C003165,SME,3138774,INR,NEW,533,,partner,2026-07-28
A0000067,C000881,AUTO,3593673,INR,APPROVED,471,MANUAL,web,2026-01-21
A0000068,C002018,HOME,369927,USD,NEW,492,RULE,mobile,2026-01-19
A0000069,C000979,AUTO,1274785,INR,APPROVED,680,MANUAL,web,2026-06-18
A0000070,C000072,AUTO,3385882,INR,DISBURSED,683,MODEL_V1,partner,2026-05-26
A0000071,C001258,PERSONAL,4832939,INR,APPROVED,798,MANUAL,branch,2026-05-10
A0000072,C002292,AUTO,4529615,INR,DECLINED,739,MANUAL,partner,2026-06-10
A0000073,C000232,PERSONAL,4204386,USD,APPROVED,478,MODEL_V2,branch,2026-09-21
A0000074,C002529,SME,2179991,INR,UNDER_REVIEW,741,MODEL_V1,branch,2026-07-17
A0000075,C000896,AUTO,2931417,INR,UNDER_REVIEW,765,MANUAL,mobile,2026-06-06
A0000076,C001302,SME,2193968,USD,DECLINED,763,RULE,mobile,2026-08-26
A0000077,C002544,PERSONAL,1293620,INR,NEW,850,MODEL_V1,branch,2026-06-27
A0000078,C001837,PERSONAL,4816636,USD,NEW,433,MODEL_V1,web,2026-03-18
A0000079,C002155,SME,155442,INR,DISBURSED,812,MODEL_V2,branch,2026-01-12
A0000080,C002578,PERSONAL,782271,INR,UNDER_REVIEW,667,MODEL_V1,partner,2026-07-10
A0000081,C003189,AUTO,2084806,INR,UNDER_REVIEW,877,MODEL_V1,mobile,2026-01-13
A0000082,C002451,PERSONAL,3719891,INR,NEW,407,RULE,partner,2026-06-02
A0000083,C001401,SME,90174,INR,APPROVED,461,MODEL_V1,mobile,2026-07-14
A0000084,C000100,HOME,1347350,INR,APPROVED,890,RULE,web,2026-04-03
A0000085,C001921,HOME,3630944,USD,NEW,604,MANUAL,partner,2026-07-18
A0000086,C003465,AUTO,1528054,INR,APPROVED,441,MODEL_V1,branch,2026-04-06
A0000087,C000477,SME,2299965,INR,APPROVED,570,MANUAL,mobile,2026-02-11
A0000088,C001923,PERSONAL,3972139,USD,NEW,679,RULE,web,2026-08-09
A0000089,C002261,PERSONAL,3346379,USD,DISBURSED,698,MODEL_V2,branch,2026-09-04
A0000090,C000761,HOME,4455454,USD,APPROVED,849,MANUAL,partner,2026-03-15
A0000091,C001639,HOME,1349686,INR,NEW,585,MODEL_V2,web,2026-09-17
A0000092,C000523,AUTO,4491906,INR,APPROVED,478,RULE,branch,2026-04-15
A0000093,C000938,AUTO,1121782,INR,UNDER_REVIEW,780,MODEL_V1,partner,2026-09-17
A0000094,C000166,PERSONAL,216246,INR,UNDER_REVIEW,655,RULE,web,2026-07-11
A0000095,C001962,HOME,4221264,INR,NEW,710,MODEL_V2,mobile,2026-03-04
A0000096,C000284,HOME,4841249,INR,NEW,592,,partner,2026-07-04
A0000097,C000426,PERSONAL,412011,INR,NEW,760,MODEL_V2,mobile,2026-09-13
A0000098,C002320,HOME,4464508,INR,DECLINED,583,RULE,partner,2026-02-05
A0000099,C001634,SME,4869367,INR,DISBURSED,601,RULE,branch,2026-02-28
A0000100,C000207,SME,4267404,INR,APPROVED,493,MODEL_V1,partner,2026-06-22
A0000101,C003420,HOME,4801833,USD,APPROVED,626,RULE,partner,2026-03-25
A0000102,C000216,PERSONAL,4165655,INR,DECLINED,594,MANUAL,web,2026-02-05
A0000103,C001125,HOME,285927,INR,DECLINED,510,MANUAL,branch,2026-01-13
A0000104,C002372,AUTO,206003,INR,APPROVED,313,RULE,mobile,2026-01-12
A0000105,C002559,PERSONAL,1524485,INR,APPROVED,817,MANUAL,partner,2026-04-25
A0000106,C002547,SME,2719614,INR,DISBURSED,418,MANUAL,mobile,2026-03-01
A0000107,C003289,HOME,4875861,INR,UNDER_REVIEW,775,MANUAL,branch,2026-09-09
A0000108,C002933,AUTO,514606,INR,NEW,799,MODEL_V1,branch,2026-01-11
A0000109,C001655,HOME,2290488,INR,UNDER_REVIEW,602,MANUAL,mobile,2026-04-17
A0000110,C002242,HOME,894596,USD,DISBURSED,728,MODEL_V1,branch,2026-01-12
A0000111,C002860,AUTO,3892170,INR,DISBURSED,799,MODEL_V2,branch,2026-03-19
A0000112,C001784,SME,3027499,INR,DISBURSED,759,RULE,mobile,2026-03-11
A0000113,C000610,HOME,2348679,INR,APPROVED,763,MODEL_V1,branch,2026-02-26
A0000114,C000102,HOME,3841414,INR,NEW,498,MANUAL,partner,2026-04-16
A0000115,C001905,AUTO,3570901,USD,DISBURSED,782,MANUAL,web,2026-05-11
A0000116,C003080,SME,136896,INR,UNDER_REVIEW,367,RULE,branch,2026-09-17
A0000117,C003254,SME,3949791,INR,NEW,411,RULE,web,2026-05-20
A0000118,C000856,AUTO,593559,INR,NEW,642,MODEL_V1,branch,2026-03-17
A0000119,C000998,SME,2295695,INR,UNDER_REVIEW,759,RULE,mobile,2026-01-24
A0000120,C002037,HOME,701017,USD,APPROVED,351,MODEL_V1,partner,2026-01-06
A0000121,C001534,AUTO,1773032,INR,DISBURSED,385,MODEL_V2,partner,2026-03-24
A0000122,C000308,AUTO,1224235,INR,NEW,349,RULE,branch,2026-07-19
A0000123,C003126,PERSONAL,925328,INR,APPROVED,621,MODEL_V2,mobile,2026-09-12
A0000124,C001549,AUTO,1993725,INR,DECLINED,639,RULE,web,2026-06-14
A0000125,C002422,HOME,680310,INR,NEW,613,MODEL_V2,web,2026-06-23
A0000126,C002820,AUTO,3055796,INR,UNDER_REVIEW,460,MODEL_V2,web,2026-08-03
A0000127,C001300,SME,3410776,INR,DISBURSED,599,RULE,partner,2026-01-20
A0000128,C002260,SME,2065120,INR,DECLINED,659,MANUAL,web,2026-02-25
A0000129,C002448,HOME,3471748,INR,UNDER_REVIEW,729,MODEL_V1,partner,2026-08-22
A0000130,C001394,HOME,3965869,INR,UNDER_REVIEW,832,MANUAL,web,2026-05-23
A0000131,C001582,AUTO,1805498,INR,NEW,742,MODEL_V2,web,2026-09-23
A0000132,C002822,HOME,2915464,USD,APPROVED,628,MANUAL,web,2026-05-12
A0000133,C002321,AUTO,1744472,USD,DECLINED,577,MODEL_V1,web,2026-03-21
A0000134,C002504,PERSONAL,2993058,USD,UNDER_REVIEW,883,MANUAL,partner,2026-08-13
A0000135,C001766,SME,2782928,INR,DECLINED,740,MODEL_V1,mobile,2026-04-22
A0000136,C000846,PERSONAL,4209493,USD,APPROVED,579,RULE,mobile,2026-09-08
A0000137,C000507,AUTO,4531448,INR,NEW,592,MANUAL,web,2026-02-22
A0000138,C001568,AUTO,448222,INR,UNDER_REVIEW,474,MODEL_V1,branch,2026-05-24
A0000139,C002204,PERSONAL,1414956,INR,UNDER_REVIEW,821,MODEL_V2,mobile,2026-05-22
A0000140,C001822,PERSONAL,3771974,INR,APPROVED,890,RULE,partner,2026-07-01
A0000141,C000514,HOME,340264,USD,DECLINED,527,MANUAL,mobile,2026-03-18
A0000142,C001691,SME,2184188,INR,DISBURSED,863,MODEL_V1,web,2026-07-05
A0000143,C002805,SME,2612463,USD,UNDER_REVIEW,422,MODEL_V1,partner,2026-02-16
A0000144,C003025,SME,2482115,INR,DISBURSED,738,MANUAL,mobile,2026-03-11
A0000145,C002069,AUTO,188560,INR,UNDER_REVIEW,529,MODEL_V2,web,2026-07-02
A0000146,C002586,PERSONAL,3402660,INR,DECLINED,524,MANUAL,branch,2026-04-09
A0000147,C000264,HOME,1130142,INR,APPROVED,323,RULE,web,2026-09-12
A0000148,C001539,AUTO,89242,INR,DECLINED,515,RULE,partner,2026-07-04
A0000149,C000297,AUTO,4425928,USD,DISBURSED,668,MODEL_V1,mobile,2026-05-13
A0000150,C000329,SME,3346949,INR,NEW,542,MODEL_V2,mobile,2026-01-24
A0000151,C001885,AUTO,2097951,USD,UNDER_REVIEW,647,,web,2026-08-01
A0000152,C000234,AUTO,731432,INR,APPROVED,570,MODEL_V1,branch,2026-07-18
A0000153,C000426,AUTO,2766644,INR,DECLINED,508,MODEL_V2,mobile,2026-09-24
A0000154,C000045,HOME,4961127,INR,UNDER_REVIEW,405,MANUAL,mobile,2026-01-02
A0000155,C000955,PERSONAL,1455266,USD,NEW,869,MODEL_V2,branch,2026-01-07
A0000156,C000803,SME,2560556,INR,DISBURSED,808,MODEL_V2,web,2026-07-11
A0000157,C002915,PERSONAL,4463323,INR,DISBURSED,383,MANUAL,web,2026-08-23
A0000158,C001285,SME,2201846,USD,DISBURSED,762,RULE,mobile,2026-02-25
A0000159,C001381,SME,4205411,INR,APPROVED,794,RULE,web,2026-02-25
A0000160,C003423,SME,2901058,INR,DISBURSED,446,RULE,web,2026-02-14
A0000161,C003294,PERSONAL,341288,INR,DECLINED,490,MANUAL,partner,2026-05-21
A0000162,C001447,PERSONAL,1617407,INR,APPROVED,361,MODEL_V2,partner,2026-07-20
A0000163,C001546,HOME,2244196,INR,DECLINED,732,MODEL_V1,partner,2026-03-01
A0000164,C002109,SME,4055807,INR,UNDER_REVIEW,305,MODEL_V2,mobile,2026-07-12
A0000165,C000580,HOME,3702774,INR,NEW,718,MODEL_V1,partner,2026-09-22
A0000166,C002870,PERSONAL,1822825,INR,DISBURSED,666,MANUAL,web,2026-08-20
A0000167,C001334,SME,357839,USD,NEW,879,RULE,mobile,2026-06-02
A0000168,C000805,AUTO,1154662,INR,DECLINED,744,MANUAL,web,2026-05-18
A0000169,C002108,AUTO,4870395,USD,APPROVED,701,MODEL_V1,mobile,2026-07-25
A0000170,C000014,SME,2386046,INR,DECLINED,644,MODEL_V1,partner,2026-04-22
A0000171,C000628,HOME,287859,INR,NEW,334,MODEL_V1,mobile,2026-03-03
A0000172,C000667,AUTO,754631,INR,DISBURSED,767,RULE,mobile,2026-02-21
A0000173,C000701,AUTO,1521983,INR,UNDER_REVIEW,862,MODEL_V1,partner,2026-05-19
A0000174,C001644,PERSONAL,2510519,INR,NEW,712,RULE,branch,2026-01-03
A0000175,C003046,HOME,3173914,INR,NEW,312,MODEL_V2,mobile,2026-03-01
A0000176,C002229,SME,154184,INR,DECLINED,535,MODEL_V1,partner,2026-06-16
A0000177,C000354,PERSONAL,1854569,INR,DECLINED,652,RULE,partner,2026-03-03
A0000178,C001675,SME,1833740,USD,DISBURSED,852,MANUAL,mobile,2026-03-05
A0000179,C002408,AUTO,637445,USD,DECLINED,871,MODEL_V1,branch,2026-06-26
A0000180,C002776,AUTO,3340261,INR,DECLINED,510,RULE,mobile,2026-04-10
A0000181,C001252,SME,1129965,INR,APPROVED,396,RULE,branch,2026-05-17
A0000182,C001626,AUTO,3714159,INR,UNDER_REVIEW,391,MODEL_V2,web,2026-09-14
A0000183,C001438,SME,455406,INR,UNDER_REVIEW,414,RULE,partner,2026-04-11
A0000184,C001591,SME,860549,INR,NEW,354,MODEL_V1,branch,2026-02-02
A0000185,C003231,SME,1581307,INR,APPROVED,855,MODEL_V2,partner,2026-03-14
A0000186,C000279,SME,3211415,INR,NEW,896,MANUAL,mobile,2026-08-26
A0000187,C001517,AUTO,2308743,USD,DECLINED,655,MODEL_V2,web,2026-05-04
A0000188,C001538,HOME,2213959,USD,DISBURSED,692,RULE,mobile,2026-03-17
A0000189,C001044,SME,750748,INR,NEW,836,MODEL_V2,branch,2026-09-11
A0000190,C003039,PERSONAL,1758476,USD,DECLINED,508,RULE,mobile,2026-09-27
A0000191,C003296,AUTO,4703065,USD,NEW,573,RULE,web,2026-04-25
A0000192,C002298,SME,362270,INR,APPROVED,653,MODEL_V1,partner,2026-02-04
A0000193,C002956,AUTO,3302137,INR,UNDER_REVIEW,819,MANUAL,web,2026-04-08
A0000194,C000402,SME,3343554,INR,NEW,738,MANUAL,branch,2026-06-21
A0000195,C000501,AUTO,727282,USD,DISBURSED,340,MODEL_V1,partner,2026-06-20
A0000196,C001733,HOME,1313655,INR,APPROVED,623,,partner,2026-07-23
A0000197,C000791,SME,283491,INR,DISBURSED,588,MODEL_V2,partner,2026-08-13
A0000198,C001537,HOME,4723508,INR,DISBURSED,696,MANUAL,branch,2026-09-23
A0000199,C000672,PERSONAL,3591113,INR,DECLINED,755,MODEL_V2,web,2026-05-28
A0000200,C003494,AUTO,3795569,INR,DISBURSED,465,MODEL_V2,partner,2026-08-14
A0000201,C002346,HOME,4832369,INR,DISBURSED,361,MANUAL,branch,2026-03-10
A0000202,C002463,AUTO,1311344,USD,DISBURSED,305,MANUAL,web,2026-01-28
A0000203,C002539,AUTO,4709605,USD,DECLINED,528,MODEL_V2,web,2026-01-06
A0000204,C000315,PERSONAL,735859,INR,APPROVED,686,MODEL_V1,branch,2026-04-06
A0000205,C002851,PERSONAL,3138013,USD,NEW,428,MANUAL,branch,2026-06-02
A0000206,C002797,HOME,2498471,INR,NEW,393,MODEL_V1,branch,2026-09-06
A0000207,C003206,SME,2607912,USD,APPROVED,706,MODEL_V1,branch,2026-01-13
A0000208,C002487,PERSONAL,3298932,USD,DECLINED,431,MODEL_V1,branch,2026-06-04
A0000209,C000896,PERSONAL,2756787,USD,DISBURSED,371,RULE,branch,2026-05-18
A0000210,C000608,PERSONAL,526552,INR,DISBURSED,642,RULE,branch,2026-07-09
A0000211,C000854,SME,1864363,INR,APPROVED,863,RULE,branch,2026-05-06
A0000212,C001115,SME,1065588,INR,APPROVED,303,MANUAL,branch,2026-09-04
A0000213,C000930,HOME,4931913,INR,DECLINED,463,RULE,mobile,2026-04-26
A0000214,C000237,AUTO,4943489,INR,DECLINED,615,MODEL_V2,partner,2026-06-19
A0000215,C000459,AUTO,2597605,INR,NEW,420,MODEL_V1,mobile,2026-01-06
A0000216,C002535,PERSONAL,2600826,INR,DISBURSED,343,,partner,2026-09-06
A0000217,C003130,PERSONAL,3688732,INR,DISBURSED,683,RULE,web,2026-04-07
A0000218,C001889,HOME,2305517,INR,DISBURSED,652,MANUAL,web,2026-06-04
A0000219,C001568,AUTO,2568374,USD,DISBURSED,595,MODEL_V2,mobile,2026-08-10
A0000220,C000284,AUTO,545976,INR,DECLINED,362,RULE,partner,2026-02-16
A0000221,C001952,AUTO,3444156,INR,DECLINED,845,,partner,2026-03-18
A0000222,C000133,PERSONAL,1458699,USD,DECLINED,821,MODEL_V1,web,2026-07-05
A0000223,C002200,PERSONAL,529390,INR,APPROVED,439,MANUAL,branch,2026-04-07
A0000224,C002216,PERSONAL,600212,USD,UNDER_REVIEW,890,MODEL_V2,branch,2026-08-02
A0000225,C000086,PERSONAL,4494351,INR,APPROVED,381,MANUAL,branch,2026-04-25
A0000226,C001433,PERSONAL,3392659,INR,NEW,643,MANUAL,mobile,2026-06-14
A0000227,C001183,PERSONAL,129877,INR,UNDER_REVIEW,317,RULE,mobile,2026-02-12
A0000228,C002571,SME,448689,INR,DECLINED,591,MODEL_V2,mobile,2026-08-02
A0000229,C001404,SME,666423,INR,NEW,429,RULE,partner,2026-08-22
A0000230,C000125,PERSONAL,4094363,INR,UNDER_REVIEW,734,RULE,web,2026-09-04
A0000231,C003009,AUTO,3237863,INR,UNDER_REVIEW,550,MANUAL,branch,2026-09-22
A0000232,C000945,AUTO,3636697,INR,DISBURSED,555,RULE,mobile,2026-08-07
A0000233,C003133,HOME,977117,INR,UNDER_REVIEW,499,RULE,branch,2026-05-28
A0000234,C002216,SME,3139348,INR,UNDER_REVIEW,513,MODEL_V2,partner,2026-07-17
A0000235,C002424,PERSONAL,4265195,INR,DISBURSED,706,MODEL_V1,branch,2026-03-22
A0000236,C002064,SME,4280702,USD,UNDER_REVIEW,431,,partner,2026-05-03
A0000237,C002261,SME,3802153,INR,UNDER_REVIEW,878,MODEL_V2,mobile,2026-04-15
A0000238,C000529,SME,3109315,INR,DECLINED,512,MODEL_V2,partner,2026-09-09
A0000239,C001828,SME,1157869,INR,DECLINED,473,MODEL_V2,web,2026-04-14
A0000240,C002075,PERSONAL,3121221,INR,NEW,659,MANUAL,web,2026-01-22
A0000241,C002043,PERSONAL,1905008,INR,DECLINED,470,MODEL_V2,partner,2026-01-16
A0000242,C003140,PERSONAL,3316121,INR,NEW,856,RULE,partner,2026-08-17
A0000243,C002081,AUTO,2368341,USD,DISBURSED,769,MODEL_V2,partner,2026-06-22
A0000244,C000057,PERSONAL,547215,INR,DISBURSED,900,MANUAL,branch,2026-08-24
A0000245,C001689,AUTO,2736489,INR,UNDER_REVIEW,689,MANUAL,mobile,2026-03-23
A0000246,C002819,SME,4057807,INR,DISBURSED,859,RULE,web,2026-07-03
A0000247,C000189,HOME,2090063,INR,DECLINED,669,MODEL_V2,branch,2026-05-22
A0000248,C000403,PERSONAL,2005492,INR,DISBURSED,551,RULE,branch,2026-06-26
A0000249,C000159,HOME,4551070,USD,DISBURSED,837,RULE,mobile,2026-07-06
A0000250,C003111,HOME,3074948,USD,UNDER_REVIEW,509,RULE,mobile,2026-09-17
A0000251,C001632,AUTO,3171156,USD,APPROVED,535,MODEL_V2,web,2026-03-08
A0000252,C000986,HOME,3718586,USD,DECLINED,578,MODEL_V2,web,2026-06-08
A0000253,C003416,HOME,3512998,INR,APPROVED,900,MODEL_V1,web,2026-07-04
A0000254,C001739,PERSONAL,3150545,USD,DISBURSED,623,MODEL_V2,mobile,2026-06-14
A0000255,C002493,PERSONAL,185105,INR,DISBURSED,667,RULE,branch,2026-01-16
A0000256,C002386,HOME,3786528,USD,DISBURSED,720,,partner,2026-09-12
A0000257,C002205,HOME,983560,USD,APPROVED,792,MODEL_V1,partner,2026-03-16
A0000258,C001293,PERSONAL,4111109,INR,APPROVED,340,RULE,web,2026-09-16
A0000259,C001737,PERSONAL,3297780,USD,APPROVED,661,MODEL_V2,partner,2026-01-03
A0000260,C002334,SME,3836918,INR,DECLINED,394,RULE,branch,2026-08-13
A0000261,C000804,PERSONAL,968051,INR,DECLINED,415,MODEL_V1,partner,2026-03-04
A0000262,C000767,HOME,4579357,USD,APPROVED,537,RULE,mobile,2026-07-01
A0000263,C002542,PERSONAL,4995839,USD,APPROVED,364,RULE,web,2026-07-27
A0000264,C000473,HOME,468639,USD,DECLINED,626,RULE,branch,2026-02-14
A0000265,C001008,SME,1687120,INR,DISBURSED,654,RULE,web,2026-03-20
A0000266,C002926,HOME,246659,INR,DISBURSED,549,MODEL_V2,partner,2026-05-20
A0000267,C002180,SME,3764719,INR,DISBURSED,698,MANUAL,branch,2026-04-07
A0000268,C002042,AUTO,534392,INR,DECLINED,683,MANUAL,mobile,2026-05-18
A0000269,C001483,HOME,2950824,USD,DECLINED,886,MODEL_V1,partner,2026-03-06
A0000270,C003051,HOME,4890731,INR,DECLINED,349,MANUAL,branch,2026-02-01
A0000271,C000486,AUTO,4549860,INR,DECLINED,333,RULE,branch,2026-03-20
A0000272,C000090,AUTO,744656,INR,UNDER_REVIEW,671,RULE,partner,2026-07-11
A0000273,C000655,HOME,1349269,INR,UNDER_REVIEW,558,MANUAL,web,2026-05-20
A0000274,C001978,AUTO,2894081,INR,UNDER_REVIEW,319,MANUAL,branch,2026-03-01
A0000275,C000107,PERSONAL,4244414,USD,UNDER_REVIEW,516,MODEL_V1,mobile,2026-03-16
A0000276,C003415,SME,3331667,INR,DECLINED,649,MODEL_V1,mobile,2026-08-16
A0000277,C001906,SME,1000469,INR,UNDER_REVIEW,716,MODEL_V1,web,2026-06-03
A0000278,C003092,AUTO,3470148,INR,DECLINED,898,MODEL_V2,mobile,2026-02-27
A0000279,C002844,HOME,2409520,INR,APPROVED,576,MODEL_V1,partner,2026-05-24
A0000280,C002385,HOME,610571,USD,APPROVED,811,RULE,partner,2026-08-07
A0000281,C002271,SME,4830810,INR,UNDER_REVIEW,549,,branch,2026-04-06
A0000282,C001814,AUTO,4523958,INR,DECLINED,869,MODEL_V2,partner,2026-05-26
A0000283,C003281,HOME,1754629,INR,NEW,709,MODEL_V2,branch,2026-09-26
A0000284,C003182,PERSONAL,4270456,INR,UNDER_REVIEW,506,MODEL_V1,mobile,2026-03-05
A0000285,C002458,PERSONAL,2108596,USD,NEW,537,RULE,partner,2026-04-08
A0000286,C003189,HOME,1529293,INR,DECLINED,767,RULE,partner,2026-01-23
A0000287,C003342,PERSONAL,1868518,USD,APPROVED,656,RULE,partner,2026-08-14
A0000288,C000783,HOME,2466391,INR,UNDER_REVIEW,442,RULE,branch,2026-08-25
A0000289,C000904,PERSONAL,403469,INR,UNDER_REVIEW,635,MODEL_V2,mobile,2026-01-12
A0000290,C002554,PERSONAL,365207,INR,APPROVED,680,RULE,branch,2026-04-16
A0000291,C001283,PERSONAL,4599041,USD,NEW,554,MODEL_V1,partner,2026-07-10
A0000292,C003322,AUTO,2765148,INR,NEW,463,MANUAL,partner,2026-02-26
A0000293,C002005,HOME,965355,INR,DISBURSED,790,MANUAL,mobile,2026-06-08
A0000294,C000653,SME,4270436,USD,DECLINED,769,MODEL_V2,branch,2026-06-17
A0000295,C002466,HOME,2370532,INR,NEW,474,MODEL_V2,partner,2026-04-24
A0000296,C002921,HOME,3447917,USD,APPROVED,802,MODEL_V1,branch,2026-07-15
A0000297,C003431,AUTO,2694430,INR,UNDER_REVIEW,422,RULE,branch,2026-02-23
A0000298,C003371,PERSONAL,4328366,USD,DECLINED,378,MODEL_V2,mobile,2026-08-09
A0000299,C002761,PERSONAL,3074773,INR,UNDER_REVIEW,574,MODEL_V2,web,2026-03-28
A0000300,C000147,AUTO,255867,INR,DECLINED,366,RULE,branch,2026-04-25
A0000301,C002471,HOME,2485383,USD,DISBURSED,447,MODEL_V1,web,2026-01-15
A0000302,C001726,HOME,2544494,INR,UNDER_REVIEW,599,MODEL_V2,branch,2026-03-25
A0000303,C003478,AUTO,392920,INR,NEW,865,MANUAL,branch,2026-04-04
A0000304,C002144,PERSONAL,1893191,INR,APPROVED,520,MODEL_V2,mobile,2026-05-01
A0000305,C001421,HOME,1817030,INR,APPROVED,884,MANUAL,mobile,2026-05-09
A0000306,C002376,AUTO,1316327,INR,DECLINED,625,RULE,branch,2026-01-03
A0000307,C000988,HOME,1587541,INR,DISBURSED,432,MODEL_V1,web,2026-04-27
A0000308,C002249,HOME,3938081,INR,APPROVED,302,MANUAL,partner,2026-01-26
A0000309,C002176,PERSONAL,2657332,INR,DECLINED,890,MODEL_V1,web,2026-07-10
A0000310,C002184,PERSONAL,1855705,INR,DECLINED,626,MODEL_V2,partner,2026-09-22
A0000311,C002813,SME,1589211,INR,NEW,394,,mobile,2026-09-12
A0000312,C001369,AUTO,543715,USD,DECLINED,597,MODEL_V2,branch,2026-03-28
A0000313,C000132,PERSONAL,2174205,INR,DISBURSED,747,MODEL_V2,web,2026-07-25
A0000314,C002669,PERSONAL,494206,INR,DECLINED,407,RULE,web,2026-09-16
A0000315,C002511,AUTO,3620488,INR,DISBURSED,833,MANUAL,web,2026-04-22
A0000316,C000737,SME,4080903,INR,NEW,536,RULE,web,2026-02-27
A0000317,C000096,AUTO,2500792,INR,UNDER_REVIEW,754,MANUAL,partner,2026-02-09
A0000318,C000995,SME,3418660,USD,NEW,429,RULE,branch,2026-04-20
A0000319,C002471,PERSONAL,757591,INR,UNDER_REVIEW,842,MANUAL,branch,2026-07-13
A0000320,C000545,PERSONAL,3825530,INR,DECLINED,460,MODEL_V1,mobile,2026-06-04
A0000321,C002825,PERSONAL,2585789,USD,NEW,482,MODEL_V1,web,2026-07-19
A0000322,C002026,AUTO,85913,INR,DISBURSED,377,MODEL_V1,mobile,2026-02-12
A0000323,C002950,AUTO,3209007,INR,NEW,792,MANUAL,mobile,2026-08-18
A0000324,C002655,AUTO,4512799,INR,DISBURSED,866,RULE,mobile,2026-04-16
A0000325,C002498,AUTO,1373453,INR,DISBURSED,899,MANUAL,mobile,2026-06-19
A0000326,C001078,HOME,2520896,INR,UNDER_REVIEW,328,MANUAL,branch,2026-09-28
A0000327,C000782,PERSONAL,3085004,INR,DECLINED,477,MODEL_V1,web,2026-04-23
A0000328,C002204,AUTO,4933846,USD,DISBURSED,490,MODEL_V2,web,2026-08-06
A0000329,C003253,HOME,2063409,INR,UNDER_REVIEW,885,RULE,branch,2026-07-24
A0000330,C001707,SME,50685,INR,NEW,409,MODEL_V1,partner,2026-04-15
A0000331,C002795,AUTO,4387506,INR,NEW,754,,partner,2026-05-16
A0000332,C000595,AUTO,833498,INR,DECLINED,352,MANUAL,partner,2026-02-07
A0000333,C002419,PERSONAL,1752286,INR,APPROVED,492,MODEL_V1,mobile,2026-09-01
A0000334,C002661,AUTO,2080716,INR,DISBURSED,766,MODEL_V1,branch,2026-03-15
A0000335,C001874,SME,3256487,INR,NEW,827,MODEL_V1,web,2026-07-12
A0000336,C002691,AUTO,909682,USD,UNDER_REVIEW,550,MODEL_V1,partner,2026-08-28
A0000337,C001785,PERSONAL,3544082,INR,DISBURSED,576,MANUAL,mobile,2026-02-02
A0000338,C001057,SME,4982139,INR,NEW,819,MODEL_V2,branch,2026-04-17
A0000339,C001934,SME,4274002,INR,DISBURSED,481,MODEL_V1,mobile,2026-09-26
A0000340,C001540,PERSONAL,3327827,USD,UNDER_REVIEW,341,RULE,web,2026-04-16
A0000341,C000979,HOME,846917,INR,NEW,846,MODEL_V2,mobile,2026-09-25
A0000342,C002656,SME,4344652,USD,DECLINED,718,MANUAL,partner,2026-01-11
A0000343,C000137,PERSONAL,1060957,INR,DISBURSED,796,RULE,partner,2026-06-13
A0000344,C001505,HOME,838026,INR,APPROVED,488,RULE,partner,2026-07-07
A0000345,C000424,SME,4690053,INR,UNDER_REVIEW,876,MANUAL,partner,2026-08-05
A0000346,C003227,PERSONAL,327623,USD,UNDER_REVIEW,465,MANUAL,branch,2026-08-09
A0000347,C000468,HOME,1594919,INR,DISBURSED,619,MANUAL,partner,2026-04-05
A0000348,C002155,PERSONAL,4019012,USD,APPROVED,711,MODEL_V2,partner,2026-03-08
A0000349,C000083,HOME,3104075,USD,NEW,630,MODEL_V2,web,2026-09-21
A0000350,C000960,AUTO,2974680,INR,DISBURSED,685,MODEL_V1,web,2026-08-15
A0000351,C002305,SME,2753911,INR,NEW,863,RULE,partner,2026-02-18
A0000352,C002807,HOME,3327118,INR,UNDER_REVIEW,851,MODEL_V2,branch,2026-01-22
A0000353,C002157,SME,2429215,INR,NEW,353,MANUAL,branch,2026-06-06
A0000354,C001313,HOME,393124,USD,DECLINED,807,MODEL_V1,partner,2026-07-03
A0000355,C002189,PERSONAL,2945544,INR,NEW,349,MODEL_V1,mobile,2026-09-24
A0000356,C003407,AUTO,3209898,INR,APPROVED,779,MODEL_V1,branch,2026-08-08
A0000357,C002631,PERSONAL,3776193,USD,NEW,658,MODEL_V2,branch,2026-09-11
A0000358,C000436,HOME,1644856,INR,DECLINED,404,MANUAL,partner,2026-08-21
A0000359,C003409,HOME,3115562,USD,APPROVED,708,MODEL_V1,partner,2026-07-12
A0000360,C000967,PERSONAL,2355061,INR,APPROVED,600,MODEL_V2,branch,2026-09-10
A0000361,C000091,HOME,4091508,INR,DISBURSED,355,,partner,2026-02-15
A0000362,C002870,HOME,2822945,INR,DECLINED,657,MODEL_V1,branch,2026-03-09
A0000363,C001551,SME,1523072,INR,DECLINED,307,MODEL_V2,mobile,2026-06-10
A0000364,C003170,SME,4383308,INR,APPROVED,742,MODEL_V1,web,2026-08-13
A0000365,C001481,AUTO,1967212,USD,UNDER_REVIEW,341,MODEL_V1,web,2026-01-01
A0000366,C001777,AUTO,2722460,USD,UNDER_REVIEW,330,MODEL_V1,mobile,2026-01-11
A0000367,C003070,PERSONAL,2444315,INR,NEW,664,MODEL_V1,branch,2026-05-22
A0000368,C000446,SME,954455,INR,DECLINED,474,RULE,mobile,2026-02-01
A0000369,C000736,SME,2431059,INR,DECLINED,383,MANUAL,mobile,2026-07-25
A0000370,C001791,SME,2362684,INR,NEW,500,RULE,partner,2026-07-16
A0000371,C000545,AUTO,169709,USD,DISBURSED,665,RULE,mobile,2026-07-14
A0000372,C000879,PERSONAL,1607724,INR,DECLINED,629,MANUAL,mobile,2026-09-08
A0000373,C002075,PERSONAL,4662423,INR,NEW,899,MANUAL,branch,2026-06-02
A0000374,C001304,HOME,576469,USD,DECLINED,324,MANUAL,web,2026-06-17
A0000375,C002415,PERSONAL,133999,INR,NEW,453,RULE,web,2026-08-14
A0000376,C001883,SME,4167108,INR,NEW,723,RULE,web,2026-02-08
A0000377,C002068,AUTO,3306364,INR,APPROVED,422,RULE,web,2026-02-16
A0000378,C000689,AUTO,496253,USD,APPROVED,731,MODEL_V2,web,2026-06-28
A0000379,C001026,PERSONAL,2761943,INR,APPROVED,326,MODEL_V1,web,2026-01-24
A0000380,C001901,PERSONAL,3915906,USD,APPROVED,751,MODEL_V2,partner,2026-06-03
A0000381,C001918,HOME,3446775,INR,DISBURSED,472,MODEL_V1,partner,2026-02-27
A0000382,C000002,HOME,2097492,INR,DECLINED,418,MODEL_V2,partner,2026-07-24
A0000383,C002278,HOME,766542,INR,APPROVED,845,RULE,web,2026-09-24
A0000384,C003051,AUTO,4777126,INR,DISBURSED,755,RULE,branch,2026-06-21
A0000385,C002921,SME,3586474,INR,DECLINED,568,RULE,partner,2026-02-27
A0000386,C001322,SME,3089430,INR,NEW,780,MODEL_V1,branch,2026-06-25
A0000387,C000925,HOME,307570,INR,UNDER_REVIEW,742,MODEL_V1,partner,2026-01-20
A0000388,C002644,PERSONAL,1430167,INR,UNDER_REVIEW,783,MODEL_V2,mobile,2026-07-12
A0000389,C001953,PERSONAL,4510373,INR,DISBURSED,852,MODEL_V2,mobile,2026-09-09
A0000390,C001881,SME,2585012,INR,UNDER_REVIEW,424,RULE,partner,2026-02-24
A0000391,C001656,PERSONAL,1192013,INR,UNDER_REVIEW,643,MODEL_V1,mobile,2026-09-26
A0000392,C002605,SME,4210913,USD,APPROVED,884,MODEL_V1,web,2026-08-25
A0000393,C001331,PERSONAL,2808217,INR,APPROVED,780,MODEL_V2,branch,2026-09-11
A0000394,C002092,SME,4582270,INR,UNDER_REVIEW,819,MANUAL,partner,2026-05-17
A0000395,C003275,SME,139217,INR,DISBURSED,753,MODEL_V2,mobile,2026-02-06
A0000396,C000421,HOME,4199074,INR,DISBURSED,581,MODEL_V2,partner,2026-08-21
A0000397,C001369,PERSONAL,715352,INR,DISBURSED,493,MODEL_V1,mobile,2026-07-27
A0000398,C003169,HOME,2820575,INR,DECLINED,453,MODEL_V2,branch,2026-01-08
A0000399,C002562,AUTO,3120942,INR,DISBURSED,320,RULE,branch,2026-06-24
A0000400,C002249,PERSONAL,2919743,INR,UNDER_REVIEW,882,RULE,partner,2026-01-16
A0000401,C002905,SME,1738937,USD,NEW,790,MODEL_V1,web,2026-08-23
A0000402,C001793,HOME,4490542,USD,APPROVED,471,MODEL_V2,partner,2026-06-22
A0000403,C003297,SME,2791297,INR,UNDER_REVIEW,418,MANUAL,mobile,2026-05-06
A0000404,C000442,AUTO,3963360,INR,NEW,818,RULE,partner,2026-09-06
A0000405,C000643,PERSONAL,4034193,INR,DECLINED,555,MODEL_V1,partner,2026-01-23
A0000406,C002078,PERSONAL,3595902,INR,NEW,827,RULE,web,2026-05-20
A0000407,C001931,AUTO,4549199,INR,DISBURSED,521,MODEL_V1,partner,2026-01-22
A0000408,C001800,AUTO,2506532,INR,NEW,549,RULE,web,2026-05-16
A0000409,C001506,AUTO,4231158,INR,DISBURSED,317,MODEL_V2,partner,2026-02-05
A0000410,C001073,HOME,1418082,INR,APPROVED,538,MANUAL,mobile,2026-08-14
A0000411,C002484,AUTO,3158598,INR,DISBURSED,463,MODEL_V1,branch,2026-08-03
A0000412,C002810,HOME,224888,INR,DISBURSED,553,MANUAL,web,2026-03-02
A0000413,C003336,PERSONAL,4568967,INR,APPROVED,394,MANUAL,branch,2026-06-19
A0000414,C002602,AUTO,2188571,USD,DISBURSED,508,MODEL_V2,branch,2026-08-24
A0000415,C001023,PERSONAL,1163443,INR,APPROVED,491,MANUAL,mobile,2026-06-07
A0000416,C000184,SME,3737054,INR,APPROVED,574,MODEL_V1,web,2026-09-07
A0000417,C002439,HOME,4550316,USD,NEW,351,RULE,mobile,2026-07-18
A0000418,C000707,SME,2405352,INR,UNDER_REVIEW,315,RULE,mobile,2026-07-05
A0000419,C001039,PERSONAL,3210707,INR,DECLINED,338,MANUAL,mobile,2026-09-16
A0000420,C002887,AUTO,3181349,USD,DECLINED,771,MANUAL,branch,2026-01-20
A0000421,C002382,PERSONAL,4945559,INR,DECLINED,456,RULE,mobile,2026-06-09
A0000422,C003171,SME,897602,INR,DISBURSED,695,MODEL_V1,partner,2026-01-18
A0000423,C002659,SME,621427,USD,NEW,339,MODEL_V1,web,2026-06-22
A0000424,C000867,AUTO,3694329,INR,NEW,787,MANUAL,partner,2026-01-04
A0000425,C000045,AUTO,3760374,INR,UNDER_REVIEW,591,MODEL_V2,web,2026-06-02
A0000426,C001842,AUTO,1899853,INR,APPROVED,840,RULE,web,2026-02-02
A0000427,C000110,HOME,2804673,INR,DISBURSED,671,RULE,web,2026-02-24
A0000428,C003053,AUTO,2773467,INR,DISBURSED,690,RULE,partner,2026-06-04
A0000429,C002688,SME,2662674,INR,DISBURSED,461,RULE,mobile,2026-03-21
A0000430,C000477,HOME,3350323,INR,NEW,522,MODEL_V2,partner,2026-02-24
A0000431,C001131,HOME,3973663,INR,NEW,857,RULE,mobile,2026-05-03
A0000432,C001788,PERSONAL,2501003,USD,DISBURSED,884,RULE,web,2026-07-10
A0000433,C002670,SME,4327977,USD,APPROVED,523,RULE,partner,2026-07-17
A0000434,C001940,PERSONAL,2649146,INR,UNDER_REVIEW,702,MODEL_V2,partner,2026-08-02
A0000435,C001023,HOME,2784690,USD,DECLINED,806,MODEL_V2,partner,2026-04-03
A0000436,C000433,PERSONAL,1879194,USD,NEW,755,MODEL_V1,partner,2026-08-03
A0000437,C002801,PERSONAL,3227942,INR,DECLINED,529,MODEL_V2,branch,2026-04-26
A0000438,C001469,AUTO,3179869,INR,UNDER_REVIEW,773,MANUAL,mobile,2026-07-02
A0000439,C001386,SME,2808406,USD,APPROVED,430,MODEL_V2,branch,2026-08-03
A0000440,C002556,HOME,316180,USD,DECLINED,596,RULE,branch,2026-04-05
A0000441,C001246,SME,277945,INR,UNDER_REVIEW,864,RULE,branch,2026-09-15
A0000442,C000022,PERSONAL,2738044,INR,UNDER_REVIEW,638,MODEL_V2,web,2026-06-18
A0000443,C000850,AUTO,3185415,INR,APPROVED,688,MANUAL,mobile,2026-04-12
A0000444,C001166,SME,180151,INR,UNDER_REVIEW,317,MODEL_V2,partner,2026-09-26
A0000445,C000163,SME,1524436,INR,DISBURSED,406,MODEL_V2,branch,2026-05-28
A0000446,C003407,PERSONAL,1943228,INR,APPROVED,875,MODEL_V2,mobile,2026-06-08
A0000447,C002668,SME,3151604,USD,NEW,609,MANUAL,branch,2026-04-16
A0000448,C002857,AUTO,3196853,INR,UNDER_REVIEW,433,MANUAL,web,2026-04-01
A0000449,C003123,PERSONAL,3259848,USD,DISBURSED,464,MODEL_V2,mobile,2026-02-18
A0000450,C002541,HOME,2565376,INR,UNDER_REVIEW,814,RULE,partner,2026-09-27
A0000451,C002971,SME,4441784,INR,DECLINED,640,,partner,2026-07-26
A0000452,C000659,SME,1632041,INR,APPROVED,492,MODEL_V1,mobile,2026-08-05
A0000453,C002087,SME,1565132,INR,DISBURSED,673,MANUAL,web,2026-05-14
A0000454,C001247,SME,1875938,INR,DISBURSED,754,RULE,mobile,2026-06-28
A0000455,C001761,AUTO,1740247,INR,NEW,697,RULE,web,2026-03-23
A0000456,C001151,PERSONAL,4392111,INR,APPROVED,309,MODEL_V2,branch,2026-08-21
A0000457,C000707,AUTO,3221585,INR,DECLINED,486,RULE,partner,2026-05-07
A0000458,C002907,PERSONAL,173380,INR,DECLINED,520,MODEL_V2,partner,2026-08-12
A0000459,C001932,PERSONAL,2388719,INR,NEW,530,RULE,web,2026-01-07
A0000460,C001517,HOME,3486749,INR,APPROVED,499,MODEL_V2,web,2026-04-26
A0000461,C001862,HOME,1143187,USD,UNDER_REVIEW,542,MODEL_V2,mobile,2026-05-21
A0000462,C002929,SME,858356,USD,DISBURSED,801,MANUAL,partner,2026-08-07
A0000463,C000452,SME,2639886,INR,NEW,844,MODEL_V2,mobile,2026-05-09
A0000464,C002251,AUTO,3768888,USD,UNDER_REVIEW,472,MODEL_V2,branch,2026-06-02
A0000465,C001141,HOME,1692768,INR,UNDER_REVIEW,480,MANUAL,mobile,2026-08-08
A0000466,C001438,AUTO,4140749,INR,DISBURSED,777,MODEL_V2,partner,2026-06-23
A0000467,C001176,SME,1806278,INR,DISBURSED,813,MODEL_V1,web,2026-04-09
A0000468,C003392,PERSONAL,981229,INR,NEW,359,MODEL_V1,branch,2026-01-26
A0000469,C002202,SME,4903574,INR,NEW,881,MODEL_V2,mobile,2026-03-08
A0000470,C002019,SME,4792643,INR,UNDER_REVIEW,578,MODEL_V1,partner,2026-01-25
A0000471,C001124,PERSONAL,2859520,INR,DISBURSED,429,MANUAL,branch,2026-04-18
A0000472,C001686,AUTO,2543759,INR,NEW,765,MODEL_V1,branch,2026-08-23
A0000473,C003093,AUTO,4665720,INR,APPROVED,527,MANUAL,web,2026-08-11
A0000474,C000597,PERSONAL,100527,USD,DECLINED,358,MODEL_V1,web,2026-06-24
A0000475,C000168,SME,4918378,INR,NEW,462,RULE,web,2026-01-14
A0000476,C000764,SME,1701524,INR,NEW,336,MODEL_V2,branch,2026-06-01
A0000477,C002578,HOME,2728009,USD,UNDER_REVIEW,719,MODEL_V2,mobile,2026-07-11
A0000478,C001369,SME,4458954,INR,DECLINED,457,RULE,partner,2026-02-03
A0000479,C000265,SME,2844535,USD,DECLINED,716,MODEL_V2,branch,2026-02-07
A0000480,C001323,SME,1269870,INR,DECLINED,781,MANUAL,partner,2026-03-09
A0000481,C000692,AUTO,1807005,USD,UNDER_REVIEW,391,RULE,web,2026-04-16
A0000482,C002287,HOME,2420519,USD,DISBURSED,850,MODEL_V2,branch,2026-08-20
A0000483,C001414,PERSONAL,127935,USD,DECLINED,602,MODEL_V1,mobile,2026-01-17
A0000484,C000436,SME,542562,INR,DISBURSED,399,MODEL_V1,branch,2026-01-06
A0000485,C001886,AUTO,1938121,INR,UNDER_REVIEW,850,MODEL_V1,mobile,2026-06-07
A0000486,C003238,AUTO,3149249,INR,DISBURSED,848,RULE,mobile,2026-07-21
A0000487,C000967,SME,3993701,INR,UNDER_REVIEW,879,RULE,branch,2026-09-08
A0000488,C000786,PERSONAL,2565579,USD,DECLINED,401,MANUAL,partner,2026-06-08
A0000489,C001039,AUTO,3391015,INR,NEW,583,MODEL_V2,partner,2026-03-10
A0000490,C001225,SME,2865836,USD,DISBURSED,627,MODEL_V2,branch,2026-04-03
A0000491,C001033,PERSONAL,2460157,USD,DISBURSED,404,MODEL_V2,branch,2026-06-03
A0000492,C000240,HOME,1966986,INR,UNDER_REVIEW,569,MODEL_V1,mobile,2026-05-12
A0000493,C000027,HOME,2298495,USD,DISBURSED,622,RULE,mobile,2026-05-16
A0000494,C001012,PERSONAL,3520311,INR,UNDER_REVIEW,555,MODEL_V2,web,2026-02-10
A0000495,C001236,SME,1952006,INR,DISBURSED,475,MODEL_V2,web,2026-08-25
A0000496,C000888,PERSONAL,3716939,USD,DISBURSED,536,,web,2026-06-14
A0000497,C001001,HOME,1929762,INR,DECLINED,343,MODEL_V1,web,2026-06-15
A0000498,C002482,AUTO,2317321,INR,DECLINED,391,MANUAL,partner,2026-04-01
A0000499,C001808,SME,342411,INR,DISBURSED,562,MODEL_V1,mobile,2026-09-03
A0000500,C003297,PERSONAL,4783957,INR,DISBURSED,486,RULE,web,2026-08-05
A0000501,C000684,SME,2658104,INR,NEW,680,MANUAL,partner,2026-07-19
A0000502,C000077,PERSONAL,2568164,INR,DISBURSED,476,MANUAL,mobile,2026-04-19
A0000503,C001999,PERSONAL,278802,INR,DISBURSED,689,MANUAL,partner,2026-01-21
A0000504,C000862,AUTO,867599,INR,DISBURSED,898,MANUAL,branch,2026-05-12
A0000505,C000866,PERSONAL,881864,INR,DISBURSED,768,MANUAL,web,2026-07-11
A0000506,C002335,AUTO,3429221,INR,DISBURSED,601,,partner,2026-05-10
A0000507,C001758,PERSONAL,89593,INR,UNDER_REVIEW,768,MODEL_V1,web,2026-07-13
A0000508,C003351,HOME,92167,INR,UNDER_REVIEW,384,MANUAL,branch,2026-09-08
A0000509,C002716,PERSONAL,2025878,USD,DISBURSED,597,MODEL_V1,branch,2026-05-11
A0000510,C002259,HOME,1191273,USD,APPROVED,330,RULE,web,2026-05-08
A0000511,C003399,AUTO,3841929,INR,NEW,506,RULE,web,2026-05-03
A0000512,C000034,PERSONAL,4117295,INR,DISBURSED,667,MODEL_V1,branch,2026-03-27
A0000513,C001383,PERSONAL,1439439,USD,DISBURSED,698,MODEL_V1,partner,2026-08-19
A0000514,C001281,AUTO,1070514,INR,DISBURSED,481,MODEL_V1,partner,2026-01-25
A0000515,C000245,SME,3943628,INR,APPROVED,657,RULE,branch,2026-03-11
A0000516,C000351,PERSONAL,2547725,INR,DECLINED,583,MANUAL,partner,2026-04-06
A0000517,C003054,SME,1096670,INR,DECLINED,872,MODEL_V1,mobile,2026-09-11
A0000518,C003040,PERSONAL,3722531,INR,APPROVED,809,MANUAL,branch,2026-02-09
A0000519,C000707,AUTO,1830198,USD,UNDER_REVIEW,434,MODEL_V2,branch,2026-08-03
A0000520,C002026,SME,529465,INR,DISBURSED,581,MODEL_V1,branch,2026-04-11
A0000521,C001237,HOME,2802133,INR,APPROVED,489,,partner,2026-06-09
A0000522,C003242,PERSONAL,4293429,INR,APPROVED,336,MODEL_V1,web,2026-06-05
A0000523,C000636,PERSONAL,3328792,USD,APPROVED,706,RULE,branch,2026-08-10
A0000524,C001804,PERSONAL,4638482,INR,UNDER_REVIEW,422,RULE,web,2026-05-10
A0000525,C002632,PERSONAL,3626302,USD,NEW,749,RULE,branch,2026-02-02
A0000526,C001011,SME,4007766,USD,NEW,556,MODEL_V2,partner,2026-08-27
A0000527,C002046,PERSONAL,1488605,INR,APPROVED,847,RULE,partner,2026-08-11
A0000528,C001163,AUTO,3552184,INR,UNDER_REVIEW,526,MODEL_V2,branch,2026-04-21
A0000529,C003422,PERSONAL,2296853,INR,DISBURSED,376,MANUAL,web,2026-01-01
A0000530,C003380,SME,2299299,USD,DISBURSED,745,MANUAL,mobile,2026-07-02
A0000531,C000470,PERSONAL,3193289,INR,APPROVED,312,MODEL_V2,partner,2026-08-20
A0000532,C003232,PERSONAL,3204852,USD,DECLINED,735,MANUAL,partner,2026-03-26
A0000533,C003160,AUTO,3381913,INR,DISBURSED,643,RULE,web,2026-06-08
A0000534,C001773,SME,1110587,USD,DISBURSED,394,MODEL_V1,partner,2026-06-04
A0000535,C000733,SME,4893186,USD,UNDER_REVIEW,601,MODEL_V1,partner,2026-05-27
A0000536,C003151,HOME,3634190,INR,UNDER_REVIEW,463,MODEL_V2,partner,2026-05-26
A0000537,C002090,AUTO,2798314,INR,UNDER_REVIEW,393,RULE,branch,2026-04-28
A0000538,C003405,HOME,1331852,INR,DECLINED,846,MANUAL,mobile,2026-08-21
A0000539,C000160,PERSONAL,809130,INR,APPROVED,867,MODEL_V2,web,2026-02-15
A0000540,C002295,HOME,365358,USD,DECLINED,616,MODEL_V1,web,2026-01-26
A0000541,C002072,PERSONAL,335774,INR,DECLINED,570,RULE,web,2026-09-19
A0000542,C002564,AUTO,4430232,INR,DECLINED,532,MODEL_V1,web,2026-08-19
A0000543,C000017,HOME,2120393,INR,NEW,386,MANUAL,web,2026-02-04
A0000544,C002898,AUTO,1891743,INR,DECLINED,557,MANUAL,web,2026-09-15
A0000545,C001049,SME,3171717,INR,APPROVED,652,MANUAL,mobile,2026-07-13
A0000546,C001041,HOME,2841299,INR,DECLINED,712,MANUAL,branch,2026-03-26
A0000547,C002098,HOME,4946738,USD,UNDER_REVIEW,850,MODEL_V1,branch,2026-04-25
A0000548,C002624,AUTO,2591793,INR,DECLINED,746,MANUAL,branch,2026-03-10
A0000549,C001308,SME,1234798,INR,NEW,765,MODEL_V1,web,2026-09-19
A0000550,C001486,PERSONAL,2396816,INR,UNDER_REVIEW,789,RULE,mobile,2026-04-13
A0000551,C003256,PERSONAL,2036548,INR,UNDER_REVIEW,443,,mobile,2026-09-18
A0000552,C000334,AUTO,2052139,INR,UNDER_REVIEW,672,RULE,web,2026-03-22
A0000553,C001180,AUTO,2170376,INR,UNDER_REVIEW,412,RULE,web,2026-04-02
A0000554,C003088,HOME,969078,INR,DISBURSED,858,MANUAL,partner,2026-04-08
A0000555,C001325,HOME,2620547,USD,APPROVED,660,MODEL_V1,web,2026-02-14
A0000556,C002883,PERSONAL,4952086,INR,APPROVED,754,MODEL_V2,web,2026-06-08
A0000557,C002841,SME,1129533,INR,APPROVED,706,MANUAL,partner,2026-01-23
A0000558,C001019,HOME,4299894,INR,DISBURSED,399,MODEL_V2,web,2026-01-20
A0000559,C001982,SME,4131884,INR,UNDER_REVIEW,649,MODEL_V1,partner,2026-07-19
A0000560,C001901,PERSONAL,693452,USD,UNDER_REVIEW,735,MANUAL,branch,2026-02-10
A0000561,C002858,PERSONAL,4136169,INR,APPROVED,605,MANUAL,mobile,2026-03-10
A0000562,C001496,AUTO,1137245,USD,DISBURSED,840,MODEL_V1,web,2026-05-08
A0000563,C003231,SME,4402252,INR,DECLINED,447,MODEL_V1,partner,2026-03-21
A0000564,C002619,AUTO,2194876,INR,DISBURSED,397,MODEL_V2,branch,2026-01-03
A0000565,C001882,PERSONAL,1165821,INR,NEW,415,MODEL_V2,partner,2026-02-26
A0000566,C002229,HOME,4673433,INR,NEW,593,,partner,2026-01-02
A0000567,C000069,HOME,1691877,INR,NEW,365,RULE,web,2026-08-25
A0000568,C003095,PERSONAL,4864381,INR,APPROVED,673,MODEL_V2,partner,2026-04-10
A0000569,C003453,AUTO,1801409,USD,UNDER_REVIEW,645,MODEL_V2,branch,2026-08-03
A0000570,C002423,PERSONAL,1889864,INR,DISBURSED,381,MANUAL,web,2026-04-01
A0000571,C000122,AUTO,558707,INR,UNDER_REVIEW,555,MANUAL,mobile,2026-05-27
A0000572,C001360,SME,2145705,INR,DISBURSED,881,MANUAL,web,2026-03-28
A0000573,C000516,PERSONAL,3251924,INR,NEW,880,MANUAL,branch,2026-06-18
A0000574,C000694,AUTO,3891886,INR,DISBURSED,602,RULE,branch,2026-01-24
A0000575,C002817,AUTO,931909,INR,UNDER_REVIEW,640,MANUAL,partner,2026-01-09
A0000576,C001099,HOME,833554,USD,DISBURSED,540,,mobile,2026-07-19
A0000577,C002075,AUTO,1138336,INR,UNDER_REVIEW,791,MODEL_V1,branch,2026-08-16
A0000578,C001264,PERSONAL,2112414,USD,UNDER_REVIEW,397,MANUAL,web,2026-03-07
A0000579,C000263,HOME,1493764,INR,NEW,300,RULE,branch,2026-02-24
A0000580,C000466,PERSONAL,4142279,INR,UNDER_REVIEW,303,MODEL_V1,partner,2026-04-03
A0000581,C000684,AUTO,2076182,INR,APPROVED,401,MODEL_V2,partner,2026-05-10
A0000582,C001282,SME,3280319,INR,APPROVED,335,RULE,web,2026-06-01
A0000583,C003119,PERSONAL,2624777,INR,DECLINED,655,RULE,branch,2026-03-16
A0000584,C003301,PERSONAL,4960522,INR,UNDER_REVIEW,747,MODEL_V1,branch,2026-04-08
A0000585,C002938,HOME,931755,INR,NEW,663,RULE,partner,2026-06-20
A0000586,C000621,HOME,3542252,INR,DECLINED,661,MODEL_V2,mobile,2026-02-26
A0000587,C001190,AUTO,3157053,USD,DECLINED,665,RULE,mobile,2026-06-13
A0000588,C000761,SME,559906,INR,UNDER_REVIEW,827,MODEL_V2,branch,2026-06-06
A0000589,C002540,PERSONAL,4856455,USD,APPROVED,607,MODEL_V1,mobile,2026-09-09
A0000590,C001829,AUTO,2427894,USD,DISBURSED,527,MANUAL,web,2026-02-07
A0000591,C000005,AUTO,1596616,USD,NEW,660,MODEL_V1,mobile,2026-07-16
A0000592,C001605,HOME,1124308,INR,DECLINED,573,MODEL_V1,partner,2026-02-17
A0000593,C001709,HOME,2799422,INR,APPROVED,403,MODEL_V1,partner,2026-01-07
A0000594,C002316,PERSONAL,3883629,INR,NEW,450,RULE,partner,2026-03-19
A0000595,C003066,SME,1960758,INR,UNDER_REVIEW,385,MANUAL,branch,2026-03-28
A0000596,C003327,AUTO,2219203,INR,APPROVED,899,MODEL_V1,mobile,2026-02-04
A0000597,C002661,SME,2304810,INR,APPROVED,749,MODEL_V1,branch,2026-02-12
A0000598,C003043,SME,3252187,USD,DECLINED,778,MANUAL,partner,2026-08-27
A0000599,C000702,HOME,3644066,INR,NEW,579,RULE,web,2026-07-23
A0000600,C003495,AUTO,1681457,INR,APPROVED,797,MODEL_V1,web,2026-09-19
A0000601,C000448,PERSONAL,146979,USD,NEW,755,MANUAL,partner,2026-01-28
A0000602,C003442,HOME,2723639,INR,DECLINED,370,MODEL_V1,partner,2026-05-22
A0000603,C003154,AUTO,4420367,INR,DECLINED,667,RULE,branch,2026-07-15
A0000604,C003247,PERSONAL,1629170,USD,UNDER_REVIEW,717,MANUAL,web,2026-09-10
A0000605,C002944,HOME,2054633,INR,APPROVED,687,MODEL_V1,branch,2026-09-20
A0000606,C000268,SME,1802610,INR,UNDER_REVIEW,886,MODEL_V2,web,2026-05-09
A0000607,C000285,SME,183846,INR,DISBURSED,485,RULE,partner,2026-01-22
A0000608,C000348,HOME,1466364,INR,NEW,750,MODEL_V1,partner,2026-06-16
A0000609,C001756,HOME,2586375,INR,NEW,628,MANUAL,branch,2026-01-07
A0000610,C001773,SME,1336346,INR,NEW,308,RULE,branch,2026-01-25
A0000611,C003043,SME,1517572,INR,DISBURSED,774,,web,2026-08-06
A0000612,C002714,AUTO,3885291,INR,APPROVED,710,MODEL_V1,branch,2026-06-05
A0000613,C001225,AUTO,3200641,USD,DECLINED,437,MODEL_V1,web,2026-01-08
A0000614,C002471,HOME,2691243,INR,APPROVED,631,RULE,mobile,2026-02-26
A0000615,C000059,HOME,4371483,INR,DISBURSED,324,MODEL_V1,branch,2026-03-19
A0000616,C003240,HOME,2103703,INR,NEW,804,MODEL_V2,web,2026-04-09
A0000617,C000043,PERSONAL,3143772,INR,APPROVED,749,MANUAL,branch,2026-05-20
A0000618,C000071,AUTO,2864048,INR,UNDER_REVIEW,529,MODEL_V2,mobile,2026-02-19
A0000619,C001848,AUTO,541192,INR,DECLINED,681,RULE,mobile,2026-01-16
A0000620,C002564,HOME,3352762,INR,UNDER_REVIEW,366,MODEL_V2,web,2026-01-01
A0000621,C003289,PERSONAL,499663,INR,DISBURSED,590,RULE,mobile,2026-05-06
A0000622,C000296,HOME,1524110,USD,DISBURSED,557,MANUAL,web,2026-08-15
A0000623,C001125,HOME,4184420,INR,UNDER_REVIEW,391,MANUAL,web,2026-03-22
A0000624,C002036,SME,456948,INR,NEW,881,MANUAL,mobile,2026-07-18
A0000625,C002648,PERSONAL,2233658,INR,DECLINED,316,RULE,mobile,2026-04-16
A0000626,C002521,PERSONAL,1278143,INR,DECLINED,562,,web,2026-07-14
A0000627,C002328,SME,1563802,INR,APPROVED,427,RULE,branch,2026-06-03
A0000628,C002771,AUTO,4747888,INR,NEW,362,RULE,web,2026-08-26
A0000629,C002230,AUTO,4854553,INR,APPROVED,500,MODEL_V2,branch,2026-08-02
A0000630,C002382,HOME,1878640,INR,APPROVED,603,MODEL_V2,mobile,2026-03-06
A0000631,C000349,AUTO,4650778,INR,DISBURSED,494,MODEL_V1,branch,2026-08-08
A0000632,C001249,AUTO,1659101,INR,APPROVED,776,MODEL_V1,partner,2026-09-23
A0000633,C002246,PERSONAL,4154172,INR,DISBURSED,333,MODEL_V1,web,2026-05-28
A0000634,C000518,AUTO,754952,INR,DISBURSED,752,MODEL_V1,branch,2026-09-16
A0000635,C003229,SME,1784750,INR,UNDER_REVIEW,756,MODEL_V1,mobile,2026-01-22
A0000636,C002850,HOME,3248067,INR,UNDER_REVIEW,619,MODEL_V2,mobile,2026-07-02
A0000637,C002256,HOME,1100131,USD,APPROVED,437,MODEL_V2,branch,2026-08-20
A0000638,C001780,SME,3198425,INR,APPROVED,674,MODEL_V2,branch,2026-08-19
A0000639,C001171,HOME,4251810,USD,DISBURSED,770,MODEL_V2,web,2026-08-16
A0000640,C002876,HOME,4802660,INR,DECLINED,841,MANUAL,branch,2026-08-11
A0000641,C001852,PERSONAL,1670922,INR,DISBURSED,478,,partner,2026-04-15
A0000642,C002249,AUTO,1432067,USD,DECLINED,645,MODEL_V1,partner,2026-09-15
A0000643,C002000,AUTO,518796,USD,UNDER_REVIEW,784,MODEL_V2,partner,2026-07-27
A0000644,C003156,PERSONAL,755638,INR,UNDER_REVIEW,457,RULE,partner,2026-07-15
A0000645,C000599,AUTO,3506647,INR,NEW,546,RULE,branch,2026-08-09
A0000646,C000795,PERSONAL,1973556,INR,APPROVED,523,MODEL_V1,mobile,2026-06-17
A0000647,C002438,PERSONAL,1139996,INR,APPROVED,559,RULE,partner,2026-07-15
A0000648,C003205,SME,3337935,INR,DISBURSED,713,MANUAL,partner,2026-03-03
A0000649,C000431,PERSONAL,1858523,INR,DECLINED,639,RULE,web,2026-06-20
A0000650,C000582,HOME,3995798,INR,DECLINED,395,MODEL_V2,web,2026-09-23
A0000651,C000799,SME,4039274,INR,UNDER_REVIEW,804,MODEL_V2,partner,2026-09-17
A0000652,C003139,SME,2236372,INR,APPROVED,700,RULE,branch,2026-08-16
A0000653,C000377,HOME,3229049,USD,DISBURSED,403,MODEL_V1,mobile,2026-06-13
A0000654,C000295,SME,2470387,INR,APPROVED,599,RULE,web,2026-09-14
A0000655,C001083,SME,2280115,INR,DISBURSED,694,MANUAL,partner,2026-07-01
A0000656,C001561,HOME,1053241,INR,DECLINED,799,RULE,partner,2026-07-03
A0000657,C000291,AUTO,532960,INR,APPROVED,854,MODEL_V2,web,2026-03-12
A0000658,C002019,SME,900788,INR,NEW,714,RULE,partner,2026-07-27
A0000659,C003028,AUTO,4890344,USD,APPROVED,821,MODEL_V2,partner,2026-03-03
A0000660,C002133,AUTO,154155,USD,DECLINED,302,MODEL_V1,branch,2026-02-23
A0000661,C002267,PERSONAL,3369176,INR,DECLINED,662,MODEL_V2,partner,2026-09-05
A0000662,C001821,PERSONAL,2567289,INR,DISBURSED,561,MANUAL,branch,2026-03-28
A0000663,C001781,HOME,2515510,INR,APPROVED,369,MODEL_V1,mobile,2026-09-21
A0000664,C002338,HOME,4337496,INR,APPROVED,900,MODEL_V2,mobile,2026-06-23
A0000665,C003140,AUTO,4993022,INR,DISBURSED,356,MODEL_V2,mobile,2026-04-02
A0000666,C003470,PERSONAL,1477488,INR,UNDER_REVIEW,328,RULE,mobile,2026-03-04
A0000667,C003297,PERSONAL,3449856,INR,APPROVED,338,MODEL_V1,partner,2026-09-12
A0000668,C002372,SME,4290900,INR,UNDER_REVIEW,399,MODEL_V2,branch,2026-01-03
A0000669,C002867,HOME,256087,INR,NEW,729,MANUAL,branch,2026-06-09
A0000670,C000511,HOME,3116508,INR,NEW,767,MODEL_V2,partner,2026-07-15
A0000671,C001976,HOME,1180235,USD,APPROVED,508,MANUAL,branch,2026-01-23
A0000672,C002069,SME,4500979,INR,APPROVED,503,MANUAL,partner,2026-09-15
A0000673,C002204,AUTO,2219998,INR,UNDER_REVIEW,536,RULE,mobile,2026-02-18
A0000674,C002204,SME,4997683,USD,UNDER_REVIEW,311,RULE,branch,2026-08-28
A0000675,C000285,AUTO,652388,INR,DISBURSED,480,MODEL_V1,branch,2026-02-22
A0000676,C000570,PERSONAL,3480084,INR,DECLINED,640,MANUAL,branch,2026-05-01
A0000677,C002409,SME,4963278,INR,DECLINED,781,RULE,branch,2026-03-23
A0000678,C001283,HOME,1480708,INR,DISBURSED,757,MODEL_V2,mobile,2026-02-11
A0000679,C000756,PERSONAL,4133498,INR,UNDER_REVIEW,798,MODEL_V2,branch,2026-09-23
A0000680,C003005,HOME,3331483,INR,DECLINED,756,MANUAL,web,2026-02-16
A0000681,C000058,SME,2426732,INR,DECLINED,572,MODEL_V1,web,2026-01-11
A0000682,C000034,HOME,4560626,USD,UNDER_REVIEW,898,MANUAL,web,2026-05-10
A0000683,C000837,PERSONAL,3472914,USD,DISBURSED,476,MANUAL,web,2026-09-12
A0000684,C001034,PERSONAL,531121,USD,UNDER_REVIEW,607,MODEL_V1,web,2026-01-02
A0000685,C003399,SME,3272934,INR,NEW,691,MODEL_V2,web,2026-07-11
A0000686,C000488,PERSONAL,4878620,INR,DECLINED,526,RULE,web,2026-07-22
A0000687,C001317,HOME,1204974,INR,DISBURSED,702,MANUAL,web,2026-06-22
A0000688,C003430,SME,3708994,INR,DISBURSED,554,MODEL_V2,branch,2026-01-26
A0000689,C002504,AUTO,4847063,INR,UNDER_REVIEW,767,MODEL_V1,partner,2026-02-05
A0000690,C001537,AUTO,3025733,INR,UNDER_REVIEW,899,MODEL_V2,mobile,2026-09-08
A0000691,C000245,HOME,4951617,INR,NEW,768,,partner,2026-05-08
A0000692,C000541,SME,815281,USD,NEW,399,MODEL_V1,branch,2026-06-16
A0000693,C002365,HOME,1081890,INR,APPROVED,673,MODEL_V1,web,2026-08-20
A0000694,C002426,HOME,749993,INR,DECLINED,451,MANUAL,mobile,2026-06-13
A0000695,C002858,SME,123397,INR,NEW,564,MODEL_V1,mobile,2026-05-10
A0000696,C000940,HOME,290470,USD,APPROVED,603,MANUAL,partner,2026-02-12
A0000697,C003257,SME,768810,INR,DECLINED,561,RULE,partner,2026-04-18
A0000698,C002911,AUTO,2159407,USD,UNDER_REVIEW,361,MODEL_V1,mobile,2026-03-09
A0000699,C000708,AUTO,731379,INR,APPROVED,762,RULE,web,2026-07-16
A0000700,C000791,PERSONAL,2002547,INR,APPROVED,854,MODEL_V2,branch,2026-05-10
A0000701,C000997,SME,626383,INR,APPROVED,435,MODEL_V1,mobile,2026-08-24
A0000702,C002431,AUTO,447295,INR,APPROVED,654,RULE,branch,2026-09-05
A0000703,C001552,PERSONAL,3793178,INR,UNDER_REVIEW,400,MANUAL,web,2026-01-27
A0000704,C000837,HOME,2594994,INR,NEW,498,MODEL_V2,mobile,2026-08-07
A0000705,C000115,HOME,3050438,INR,DECLINED,508,RULE,partner,2026-03-09
A0000706,C002306,HOME,3621816,INR,UNDER_REVIEW,385,MANUAL,branch,2026-08-23
A0000707,C002001,SME,2440412,USD,APPROVED,731,MODEL_V1,web,2026-09-21
A0000708,C002490,AUTO,1125667,INR,NEW,744,MODEL_V1,branch,2026-04-06
A0000709,C001717,AUTO,1796463,INR,APPROVED,795,MODEL_V1,mobile,2026-03-12
A0000710,C001587,SME,459010,USD,UNDER_REVIEW,845,RULE,web,2026-04-05
A0000711,C000171,HOME,2368401,INR,NEW,756,MANUAL,partner,2026-09-24
A0000712,C001205,AUTO,303377,INR,DECLINED,383,MANUAL,web,2026-08-04
A0000713,C003422,PERSONAL,4312463,INR,DECLINED,857,MANUAL,web,2026-06-18
A0000714,C002438,SME,554563,INR,APPROVED,489,MODEL_V2,mobile,2026-08-26
A0000715,C002606,PERSONAL,249507,INR,DISBURSED,896,MODEL_V1,branch,2026-01-06
A0000716,C003419,HOME,183818,INR,APPROVED,831,MODEL_V2,branch,2026-06-06
A0000717,C001056,PERSONAL,4132847,INR,DISBURSED,465,MODEL_V1,web,2026-09-26
A0000718,C002570,HOME,4866030,INR,DECLINED,731,MANUAL,web,2026-09-26
A0000719,C002573,AUTO,4919561,INR,NEW,426,RULE,mobile,2026-05-15
A0000720,C001605,HOME,1350606,INR,UNDER_REVIEW,646,MODEL_V1,branch,2026-09-25
A0000721,C003012,HOME,1280422,USD,DISBURSED,713,MODEL_V2,partner,2026-08-03
A0000722,C002806,HOME,1182355,INR,UNDER_REVIEW,459,MODEL_V2,mobile,2026-08-21
A0000723,C001205,SME,2705047,INR,UNDER_REVIEW,847,MODEL_V1,mobile,2026-02-18
A0000724,C002541,HOME,4944371,INR,APPROVED,890,RULE,partner,2026-09-08
A0000725,C001442,AUTO,3071652,INR,NEW,341,MODEL_V2,mobile,2026-06-17
A0000726,C001790,AUTO,1783218,INR,UNDER_REVIEW,442,MODEL_V1,branch,2026-03-15
A0000727,C000723,SME,284223,INR,UNDER_REVIEW,365,MANUAL,mobile,2026-09-24
A0000728,C001048,PERSONAL,741112,INR,DISBURSED,569,MODEL_V2,web,2026-09-25
A0000729,C002465,SME,2231342,USD,NEW,495,MODEL_V1,branch,2026-02-26
A0000730,C001385,HOME,2793967,INR,UNDER_REVIEW,596,MODEL_V1,branch,2026-07-18
A0000731,C002494,SME,3607231,USD,UNDER_REVIEW,424,RULE,branch,2026-08-23
A0000732,C002148,HOME,2290137,INR,UNDER_REVIEW,403,MODEL_V1,branch,2026-07-20
A0000733,C001920,AUTO,2206362,INR,UNDER_REVIEW,497,RULE,web,2026-03-23
A0000734,C002002,PERSONAL,2149019,INR,DECLINED,877,MODEL_V1,partner,2026-05-08
A0000735,C003186,SME,1723609,INR,APPROVED,390,MODEL_V2,branch,2026-06-05
A0000736,C002465,HOME,4248675,USD,UNDER_REVIEW,758,,partner,2026-06-27
A0000737,C003322,SME,509009,INR,NEW,762,MODEL_V2,mobile,2026-08-15
A0000738,C002862,SME,946756,USD,UNDER_REVIEW,356,MANUAL,partner,2026-08-01
A0000739,C002866,AUTO,2896165,INR,DISBURSED,522,RULE,partner,2026-03-16
A0000740,C000897,HOME,2037101,INR,NEW,637,MODEL_V2,partner,2026-03-23
A0000741,C002431,SME,2942208,INR,DISBURSED,671,RULE,web,2026-07-14
A0000742,C001906,SME,2247931,INR,UNDER_REVIEW,500,MANUAL,mobile,2026-04-15
A0000743,C001554,AUTO,2369624,INR,UNDER_REVIEW,405,MODEL_V2,partner,2026-03-08
A0000744,C003248,AUTO,4239258,INR,DECLINED,796,MANUAL,branch,2026-01-07
A0000745,C002265,SME,624358,INR,DISBURSED,704,MODEL_V2,branch,2026-07-18
A0000746,C002901,PERSONAL,636549,INR,APPROVED,854,MANUAL,branch,2026-09-26
A0000747,C003070,PERSONAL,4190704,USD,APPROVED,446,MANUAL,mobile,2026-06-18
A0000748,C001013,AUTO,508270,INR,NEW,713,MANUAL,partner,2026-07-22
A0000749,C000864,HOME,4495451,INR,APPROVED,682,RULE,web,2026-09-17
A0000750,C000875,PERSONAL,3239088,INR,DISBURSED,729,MODEL_V1,branch,2026-01-26
A0000751,C001812,HOME,3171591,USD,DECLINED,323,MODEL_V2,branch,2026-02-01
A0000752,C001411,PERSONAL,85765,INR,DISBURSED,803,MODEL_V1,partner,2026-09-27
A0000753,C002663,PERSONAL,1698881,INR,UNDER_REVIEW,890,MANUAL,branch,2026-09-16
A0000754,C002981,PERSONAL,1038947,INR,UNDER_REVIEW,487,RULE,mobile,2026-04-04
A0000755,C003252,SME,3734303,INR,DISBURSED,375,MODEL_V1,partner,2026-07-10
A0000756,C002503,HOME,923240,INR,NEW,785,RULE,web,2026-09-14
A0000757,C002658,PERSONAL,3334166,USD,APPROVED,754,MODEL_V1,web,2026-05-17
A0000758,C002260,AUTO,4390974,USD,UNDER_REVIEW,792,MODEL_V1,partner,2026-06-07
A0000759,C000552,HOME,1920827,USD,UNDER_REVIEW,480,MANUAL,branch,2026-07-08
A0000760,C002475,SME,1741808,INR,UNDER_REVIEW,400,MANUAL,branch,2026-07-24
A0000761,C000100,AUTO,2633209,INR,APPROVED,672,MODEL_V2,web,2026-04-08
A0000762,C001298,HOME,3338872,INR,DECLINED,741,RULE,web,2026-09-10
A0000763,C002210,AUTO,1192440,USD,DECLINED,631,MANUAL,partner,2026-08-21
A0000764,C003384,AUTO,952262,INR,APPROVED,342,MODEL_V1,mobile,2026-09-28
A0000765,C000397,HOME,831874,INR,APPROVED,720,MODEL_V2,mobile,2026-09-05
A0000766,C002988,SME,593822,INR,DECLINED,642,MODEL_V2,branch,2026-09-16
A0000767,C002714,HOME,950659,INR,UNDER_REVIEW,342,RULE,partner,2026-09-22
A0000768,C000622,AUTO,780929,INR,UNDER_REVIEW,571,MODEL_V2,partner,2026-05-13
A0000769,C002670,AUTO,975904,USD,UNDER_REVIEW,562,MODEL_V2,branch,2026-08-20
A0000770,C003479,SME,632336,INR,DECLINED,765,MANUAL,mobile,2026-01-01
A0000771,C000649,HOME,4400448,INR,DECLINED,573,RULE,web,2026-06-04
A0000772,C003133,SME,4367879,INR,DECLINED,741,RULE,mobile,2026-04-10
A0000773,C000134,AUTO,2687567,INR,APPROVED,329,MODEL_V2,branch,2026-04-17
A0000774,C001576,AUTO,1996760,INR,DECLINED,420,MODEL_V2,partner,2026-09-24
A0000775,C001600,PERSONAL,3590556,INR,UNDER_REVIEW,574,MODEL_V1,partner,2026-05-16
A0000776,C002899,SME,605337,INR,DISBURSED,484,RULE,partner,2026-08-04
A0000777,C000812,HOME,4816696,INR,DISBURSED,755,RULE,partner,2026-08-20
A0000778,C002504,PERSONAL,3796252,INR,APPROVED,490,MODEL_V2,partner,2026-07-17
A0000779,C001436,SME,3678636,USD,DECLINED,589,MODEL_V1,partner,2026-08-21
A0000780,C001934,AUTO,3985846,INR,UNDER_REVIEW,565,RULE,partner,2026-02-11
A0000781,C002363,AUTO,576818,INR,NEW,724,MANUAL,branch,2026-01-16
A0000782,C002578,AUTO,2232835,USD,NEW,501,MANUAL,mobile,2026-03-11
A0000783,C001772,PERSONAL,78802,INR,UNDER_REVIEW,623,MODEL_V2,partner,2026-08-21
A0000784,C003045,PERSONAL,1256767,INR,NEW,884,RULE,branch,2026-09-04
A0000785,C001437,AUTO,3279224,INR,UNDER_REVIEW,564,MODEL_V2,mobile,2026-04-19
A0000786,C001092,HOME,1591762,INR,APPROVED,898,,branch,2026-04-22
A0000787,C003413,PERSONAL,1590181,INR,NEW,496,MANUAL,branch,2026-03-17
A0000788,C003080,HOME,202518,INR,UNDER_REVIEW,687,MODEL_V1,mobile,2026-07-17
A0000789,C000794,HOME,2161893,INR,APPROVED,723,RULE,branch,2026-05-06
A0000790,C002490,PERSONAL,1312140,INR,NEW,708,MANUAL,web,2026-04-02
A0000791,C001908,PERSONAL,1430688,USD,NEW,387,MANUAL,branch,2026-05-14
A0000792,C000037,SME,2764555,INR,NEW,642,MODEL_V2,mobile,2026-06-14
A0000793,C002626,AUTO,4262249,INR,APPROVED,724,MODEL_V1,web,2026-01-26
A0000794,C003110,SME,794155,INR,DECLINED,339,MODEL_V2,web,2026-02-21
A0000795,C002970,AUTO,1101008,INR,DECLINED,353,RULE,mobile,2026-02-26
A0000796,C002510,PERSONAL,2583411,INR,APPROVED,620,MODEL_V2,web,2026-04-28
A0000797,C001696,SME,639903,USD,DISBURSED,668,MODEL_V1,mobile,2026-07-10
A0000798,C002131,SME,1085320,USD,DECLINED,806,MODEL_V1,mobile,2026-06-16
A0000799,C002927,PERSONAL,3571618,INR,DISBURSED,748,MANUAL,branch,2026-01-19
A0000800,C001722,AUTO,834966,USD,APPROVED,780,RULE,branch,2026-06-14
A0000801,C000413,AUTO,3215584,INR,APPROVED,712,MANUAL,mobile,2026-07-21
A0000802,C002174,SME,2003121,INR,APPROVED,400,RULE,mobile,2026-08-10
A0000803,C000873,PERSONAL,4322331,INR,DISBURSED,316,MODEL_V2,branch,2026-04-04
A0000804,C000149,SME,317857,INR,APPROVED,606,MODEL_V2,web,2026-01-25
A0000805,C001908,PERSONAL,388635,INR,UNDER_REVIEW,481,MANUAL,web,2026-05-13
A0000806,C000167,PERSONAL,4666308,INR,APPROVED,546,MANUAL,partner,2026-04-21
A0000807,C003275,PERSONAL,3521524,USD,DECLINED,755,MODEL_V1,branch,2026-02-03
A0000808,C001732,HOME,801578,USD,NEW,686,MODEL_V2,web,2026-08-18
A0000809,C003235,SME,4879136,USD,UNDER_REVIEW,559,MANUAL,partner,2026-05-26
A0000810,C001283,HOME,2474884,INR,DISBURSED,521,MODEL_V2,web,2026-05-09
A0000811,C001345,SME,4844949,INR,APPROVED,323,MANUAL,mobile,2026-05-23
A0000812,C002836,PERSONAL,1906911,INR,UNDER_REVIEW,875,MANUAL,branch,2026-05-01
A0000813,C001657,SME,1551540,INR,UNDER_REVIEW,413,MODEL_V2,partner,2026-07-18
A0000814,C001898,SME,1054530,INR,DISBURSED,395,MODEL_V1,web,2026-06-08
A0000815,C000439,HOME,1872133,USD,DECLINED,712,RULE,partner,2026-08-28
A0000816,C003249,HOME,3648139,INR,APPROVED,760,MANUAL,web,2026-01-14
A0000817,C001817,SME,1411908,USD,NEW,355,MANUAL,mobile,2026-06-10
A0000818,C003312,PERSONAL,2605752,INR,NEW,322,MODEL_V2,branch,2026-01-20
A0000819,C001653,PERSONAL,3146293,INR,DISBURSED,524,MANUAL,web,2026-08-17
A0000820,C001401,AUTO,4327140,USD,UNDER_REVIEW,434,RULE,partner,2026-01-02
A0000821,C000204,PERSONAL,770692,INR,APPROVED,831,MODEL_V1,mobile,2026-09-05
A0000822,C000642,HOME,3996166,INR,APPROVED,580,MODEL_V1,branch,2026-05-08
A0000823,C000196,AUTO,2175139,USD,APPROVED,619,MODEL_V2,partner,2026-07-07
A0000824,C001425,HOME,3550036,INR,UNDER_REVIEW,671,MANUAL,partner,2026-05-11
A0000825,C001508,HOME,4749477,INR,UNDER_REVIEW,635,MODEL_V1,web,2026-01-03
A0000826,C001686,AUTO,4923828,USD,DISBURSED,352,MODEL_V1,mobile,2026-09-06
A0000827,C001246,PERSONAL,182534,INR,UNDER_REVIEW,858,MODEL_V1,partner,2026-07-24
A0000828,C001774,PERSONAL,4087879,INR,NEW,429,MODEL_V1,web,2026-04-18
A0000829,C001556,HOME,3414968,USD,UNDER_REVIEW,707,MODEL_V2,branch,2026-06-07
A0000830,C000146,PERSONAL,4070020,INR,UNDER_REVIEW,721,RULE,web,2026-03-20
A0000831,C001808,PERSONAL,4032386,USD,DECLINED,697,MODEL_V1,branch,2026-06-07
A0000832,C002227,SME,3422441,INR,APPROVED,772,RULE,mobile,2026-08-14
A0000833,C002493,SME,3228509,INR,DECLINED,455,MANUAL,web,2026-08-02
A0000834,C001952,HOME,3130584,INR,UNDER_REVIEW,357,RULE,mobile,2026-05-26
A0000835,C000761,HOME,4384627,USD,NEW,596,MODEL_V1,partner,2026-01-11
A0000836,C001444,SME,91908,INR,NEW,349,MANUAL,partner,2026-08-26
A0000837,C000562,HOME,2186186,INR,DISBURSED,365,MANUAL,branch,2026-09-24
A0000838,C003156,AUTO,2161805,USD,UNDER_REVIEW,654,MODEL_V2,partner,2026-03-17
A0000839,C002812,PERSONAL,2790755,INR,APPROVED,435,MANUAL,mobile,2026-01-05
A0000840,C002943,HOME,1589099,INR,UNDER_REVIEW,548,MODEL_V2,mobile,2026-05-28
A0000841,C001512,AUTO,454882,USD,UNDER_REVIEW,541,RULE,mobile,2026-03-25
A0000842,C002978,SME,3058989,INR,APPROVED,804,MANUAL,branch,2026-09-11
A0000843,C002728,AUTO,2545661,INR,DISBURSED,765,RULE,branch,2026-09-10
A0000844,C001321,PERSONAL,2669013,INR,NEW,786,MODEL_V1,partner,2026-07-09
A0000845,C000773,PERSONAL,1203716,INR,DECLINED,617,MODEL_V1,web,2026-04-22
A0000846,C001665,PERSONAL,4875880,INR,DECLINED,426,MODEL_V1,partner,2026-07-08
A0000847,C002534,HOME,3157994,INR,NEW,575,MANUAL,partner,2026-07-07
A0000848,C003405,PERSONAL,3952465,INR,NEW,722,MANUAL,branch,2026-09-14
A0000849,C003133,AUTO,108257,INR,DISBURSED,879,MODEL_V2,partner,2026-09-21
A0000850,C000095,AUTO,3436837,INR,DECLINED,769,MANUAL,branch,2026-02-28
A0000851,C000884,SME,1633127,INR,APPROVED,578,MODEL_V1,mobile,2026-04-04
A0000852,C001668,HOME,1796679,INR,APPROVED,319,MANUAL,partner,2026-07-22
A0000853,C003110,SME,4078849,USD,APPROVED,464,RULE,branch,2026-03-22
A0000854,C000700,PERSONAL,2658155,INR,DECLINED,303,MODEL_V1,partner,2026-03-02
A0000855,C002341,HOME,3615603,INR,APPROVED,875,MODEL_V1,mobile,2026-03-16
A0000856,C002558,AUTO,1291848,INR,UNDER_REVIEW,407,RULE,web,2026-03-22
A0000857,C002307,SME,2362664,INR,NEW,898,MODEL_V1,web,2026-09-22
A0000858,C000229,AUTO,3172421,INR,APPROVED,839,MANUAL,branch,2026-07-22
A0000859,C002264,PERSONAL,1039076,INR,APPROVED,694,MANUAL,branch,2026-07-07
A0000860,C001834,HOME,4407712,USD,UNDER_REVIEW,337,MANUAL,mobile,2026-06-19
A0000861,C000423,HOME,2634067,INR,DISBURSED,397,RULE,partner,2026-07-25
A0000862,C001138,HOME,150247,INR,NEW,411,MODEL_V2,mobile,2026-04-11
A0000863,C000061,PERSONAL,2410548,USD,DECLINED,707,RULE,mobile,2026-02-24
A0000864,C001799,AUTO,3191157,USD,DECLINED,407,RULE,web,2026-06-26
A0000865,C001549,SME,3578057,INR,DISBURSED,857,MANUAL,web,2026-06-28
A0000866,C001972,SME,3396150,INR,DECLINED,645,,partner,2026-08-06
A0000867,C001811,SME,3485911,INR,DISBURSED,788,MANUAL,branch,2026-02-20
A0000868,C003159,HOME,2390022,INR,NEW,863,RULE,web,2026-04-20
A0000869,C002894,HOME,2217743,INR,DISBURSED,728,MODEL_V2,branch,2026-07-20
A0000870,C003210,HOME,4626171,INR,DECLINED,541,MODEL_V2,mobile,2026-02-04
A0000871,C000910,SME,4960325,INR,UNDER_REVIEW,844,MODEL_V1,mobile,2026-05-01
A0000872,C002410,AUTO,791661,INR,UNDER_REVIEW,725,MANUAL,web,2026-08-13
A0000873,C001980,SME,3054940,INR,DECLINED,811,MODEL_V2,mobile,2026-07-13
A0000874,C002079,HOME,1951925,INR,DECLINED,763,MODEL_V2,web,2026-09-28
A0000875,C000473,PERSONAL,297071,INR,NEW,679,MODEL_V1,branch,2026-06-17
A0000876,C001154,PERSONAL,4395612,INR,APPROVED,852,MODEL_V2,branch,2026-03-10
A0000877,C002898,HOME,4280479,INR,APPROVED,551,MANUAL,partner,2026-08-20
A0000878,C002977,AUTO,3871967,INR,APPROVED,676,MODEL_V2,branch,2026-06-06
A0000879,C000185,AUTO,1915505,INR,DECLINED,755,MODEL_V2,partner,2026-01-15
A0000880,C000859,AUTO,3375308,USD,DECLINED,821,MODEL_V2,web,2026-04-12
A0000881,C002277,SME,4259439,USD,DECLINED,532,,web,2026-08-10
A0000882,C000509,SME,4375082,USD,DISBURSED,417,MODEL_V1,partner,2026-01-06
A0000883,C000956,SME,622068,INR,DISBURSED,700,MANUAL,branch,2026-01-03
A0000884,C003149,AUTO,1273345,INR,DISBURSED,635,MANUAL,mobile,2026-02-15
A0000885,C001721,PERSONAL,3922751,USD,DISBURSED,477,MODEL_V2,branch,2026-02-23
A0000886,C002468,PERSONAL,4050385,INR,UNDER_REVIEW,598,MANUAL,web,2026-04-19
A0000887,C000230,PERSONAL,3903378,INR,APPROVED,352,RULE,partner,2026-03-06
A0000888,C000037,SME,3927076,INR,APPROVED,701,RULE,web,2026-08-11
A0000889,C001657,HOME,1454174,INR,APPROVED,355,RULE,web,2026-09-13
A0000890,C000938,SME,3681067,INR,DECLINED,854,MANUAL,mobile,2026-03-10
A0000891,C001886,SME,4014585,INR,NEW,720,MODEL_V2,web,2026-03-09
A0000892,C001106,SME,4115181,USD,DISBURSED,644,MODEL_V2,partner,2026-06-14
A0000893,C002835,HOME,1423456,USD,DISBURSED,379,RULE,web,2026-03-27
A0000894,C002364,PERSONAL,614257,INR,UNDER_REVIEW,749,MODEL_V1,partner,2026-07-27
A0000895,C003428,SME,1097657,INR,DISBURSED,497,MODEL_V1,web,2026-09-26
A0000896,C001340,SME,582801,INR,APPROVED,567,MODEL_V1,mobile,2026-05-26
A0000897,C002143,AUTO,669547,INR,DECLINED,835,MODEL_V1,partner,2026-01-02
A0000898,C000417,AUTO,558545,INR,DECLINED,841,MODEL_V1,web,2026-02-19
A0000899,C001524,AUTO,4094738,USD,DECLINED,494,MODEL_V2,partner,2026-07-13
A0000900,C003076,SME,4536607,USD,APPROVED,832,MODEL_V1,branch,2026-04-11
A0000901,C001257,SME,1565111,INR,NEW,562,MANUAL,mobile,2026-08-26
A0000902,C002378,HOME,1437121,INR,APPROVED,517,MODEL_V1,web,2026-05-05
A0000903,C000910,PERSONAL,2965307,USD,DISBURSED,873,MODEL_V1,mobile,2026-03-14
A0000904,C002043,SME,4076025,USD,NEW,857,MODEL_V2,mobile,2026-08-14
A0000905,C001392,SME,3560995,USD,NEW,855,MODEL_V2,mobile,2026-04-15
A0000906,C002317,PERSONAL,859427,USD,NEW,838,MODEL_V2,partner,2026-06-01
A0000907,C000888,SME,4891071,USD,NEW,382,MODEL_V1,web,2026-08-19
A0000908,C002497,PERSONAL,1701239,INR,DISBURSED,505,RULE,partner,2026-08-06
A0000909,C001369,HOME,978028,USD,DISBURSED,581,RULE,web,2026-06-07
A0000910,C001092,SME,1520292,USD,UNDER_REVIEW,678,RULE,branch,2026-03-10
A0000911,C002943,SME,2130409,INR,APPROVED,425,,branch,2026-09-03
A0000912,C000268,PERSONAL,171188,INR,UNDER_REVIEW,579,MODEL_V2,mobile,2026-04-23
A0000913,C000990,PERSONAL,3937997,INR,UNDER_REVIEW,555,MODEL_V2,web,2026-01-04
A0000914,C000888,HOME,1337385,USD,NEW,798,MODEL_V1,partner,2026-01-11
A0000915,C001542,SME,849860,INR,DECLINED,332,RULE,partner,2026-02-07
A0000916,C000371,SME,3731325,INR,NEW,870,MODEL_V2,mobile,2026-03-01
A0000917,C001753,HOME,3355730,INR,DECLINED,763,MODEL_V2,web,2026-03-13
A0000918,C003216,SME,2947042,INR,UNDER_REVIEW,617,MODEL_V2,mobile,2026-05-11
A0000919,C002309,AUTO,4522290,USD,NEW,667,MODEL_V1,partner,2026-01-25
A0000920,C000767,SME,4944915,INR,UNDER_REVIEW,815,MODEL_V2,web,2026-07-22
A0000921,C002284,AUTO,200226,INR,UNDER_REVIEW,703,MODEL_V2,mobile,2026-03-06
A0000922,C001535,HOME,3492578,USD,DISBURSED,513,RULE,web,2026-09-05
A0000923,C002746,SME,1768333,INR,APPROVED,546,MANUAL,partner,2026-01-24
A0000924,C002212,PERSONAL,4560791,INR,NEW,301,RULE,web,2026-01-26
A0000925,C000535,AUTO,1918245,INR,DECLINED,417,MANUAL,web,2026-06-08
A0000926,C002304,HOME,4564223,INR,DISBURSED,620,,mobile,2026-04-02
A0000927,C001116,SME,4926843,INR,NEW,366,MANUAL,mobile,2026-05-26
A0000928,C002243,PERSONAL,4487049,USD,APPROVED,623,MODEL_V2,partner,2026-09-28
A0000929,C003180,AUTO,864943,INR,UNDER_REVIEW,751,MODEL_V1,mobile,2026-01-25
A0000930,C001133,AUTO,1242703,INR,DECLINED,656,MANUAL,web,2026-02-23
A0000931,C001070,PERSONAL,4046176,INR,APPROVED,795,MANUAL,web,2026-05-04
A0000932,C000644,PERSONAL,4348156,INR,DECLINED,440,MODEL_V1,mobile,2026-04-07
A0000933,C003290,SME,2731021,INR,DECLINED,330,RULE,branch,2026-04-12
A0000934,C001654,PERSONAL,3271391,INR,NEW,620,MANUAL,branch,2026-07-18
A0000935,C002258,HOME,1826761,INR,APPROVED,709,MODEL_V1,mobile,2026-02-02
A0000936,C003222,HOME,1934941,INR,UNDER_REVIEW,743,MODEL_V1,partner,2026-03-27
A0000937,C001302,SME,4634857,INR,APPROVED,419,RULE,web,2026-09-11
A0000938,C002012,AUTO,1533305,INR,DECLINED,525,MODEL_V2,web,2026-06-05
A0000939,C002106,HOME,2929690,INR,NEW,553,MODEL_V2,partner,2026-03-14
A0000940,C002785,SME,4850688,INR,NEW,480,MODEL_V2,web,2026-08-13
A0000941,C002434,HOME,4573714,INR,DECLINED,596,,web,2026-07-05
A0000942,C000219,HOME,2177183,INR,APPROVED,587,MODEL_V1,mobile,2026-08-21
A0000943,C003327,PERSONAL,970851,INR,APPROVED,410,RULE,web,2026-02-06
A0000944,C001469,PERSONAL,3722690,INR,UNDER_REVIEW,585,RULE,partner,2026-08-09
A0000945,C003067,PERSONAL,416565,INR,UNDER_REVIEW,805,MODEL_V1,web,2026-01-06
A0000946,C000298,PERSONAL,4771630,INR,APPROVED,621,MANUAL,branch,2026-01-06
A0000947,C002289,AUTO,3955603,INR,NEW,499,MODEL_V1,partner,2026-05-20
A0000948,C001482,SME,4634746,INR,DISBURSED,431,RULE,partner,2026-06-15
A0000949,C000685,SME,4963105,INR,UNDER_REVIEW,719,RULE,web,2026-08-21
A0000950,C003259,PERSONAL,3928987,USD,NEW,468,MODEL_V1,partner,2026-07-05
A0000951,C001904,AUTO,1104529,INR,NEW,341,RULE,mobile,2026-06-02
A0000952,C002747,AUTO,2648780,INR,APPROVED,608,RULE,web,2026-02-01
A0000953,C000602,SME,2231332,USD,UNDER_REVIEW,878,RULE,partner,2026-03-01
A0000954,C003398,AUTO,2429953,USD,DECLINED,513,MODEL_V2,mobile,2026-04-10
A0000955,C002622,SME,700753,USD,DISBURSED,863,MANUAL,web,2026-06-23
A0000956,C000524,HOME,1229368,INR,UNDER_REVIEW,586,RULE,partner,2026-07-28
A0000957,C002617,SME,1264779,INR,DISBURSED,735,RULE,branch,2026-07-02
A0000958,C000452,HOME,3694520,INR,DECLINED,734,MODEL_V2,mobile,2026-03-04
A0000959,C003371,HOME,3407791,INR,DISBURSED,644,MODEL_V2,mobile,2026-07-20
A0000960,C002393,SME,4552516,INR,UNDER_REVIEW,644,MODEL_V2,partner,2026-02-17
A0000961,C002871,SME,914092,INR,NEW,716,MODEL_V2,partner,2026-09-17
A0000962,C000261,AUTO,1567302,USD,APPROVED,310,RULE,branch,2026-04-19
A0000963,C000131,SME,3979311,INR,NEW,746,MODEL_V1,branch,2026-01-25
A0000964,C003355,PERSONAL,1580452,INR,NEW,777,MODEL_V1,partner,2026-03-23
A0000965,C002362,AUTO,4858611,INR,NEW,564,MODEL_V2,web,2026-06-24
A0000966,C002193,PERSONAL,1408940,INR,UNDER_REVIEW,672,MODEL_V1,web,2026-03-12
A0000967,C001500,PERSONAL,932562,INR,NEW,454,MANUAL,branch,2026-04-05
A0000968,C000982,PERSONAL,117971,INR,UNDER_REVIEW,406,RULE,partner,2026-02-28
A0000969,C002444,SME,583936,USD,NEW,496,MANUAL,mobile,2026-07-22
A0000970,C000265,HOME,3674700,INR,DISBURSED,836,MODEL_V1,partner,2026-07-02
A0000971,C001078,PERSONAL,3862586,INR,NEW,743,MANUAL,partner,2026-05-21
A0000972,C003026,SME,177100,INR,UNDER_REVIEW,822,RULE,web,2026-06-25
A0000973,C002726,PERSONAL,823515,INR,DISBURSED,441,MODEL_V2,partner,2026-09-28
A0000974,C002993,AUTO,295072,USD,DECLINED,366,MANUAL,web,2026-03-04
A0000975,C000220,SME,3001051,USD,DISBURSED,560,MANUAL,mobile,2026-04-23
A0000976,C000630,SME,1857243,INR,DISBURSED,465,RULE,branch,2026-01-19
A0000977,C002154,PERSONAL,3046311,INR,DECLINED,650,MODEL_V1,mobile,2026-03-10
A0000978,C001462,HOME,761537,INR,NEW,402,MODEL_V2,partner,2026-07-22
A0000979,C003001,AUTO,555584,USD,NEW,406,RULE,mobile,2026-02-13
A0000980,C000804,PERSONAL,4093134,USD,DISBURSED,708,RULE,branch,2026-05-26
A0000981,C002363,PERSONAL,4216177,INR,UNDER_REVIEW,832,MODEL_V1,branch,2026-01-19
A0000982,C002125,SME,2816263,INR,DECLINED,424,MANUAL,partner,2026-03-08
A0000983,C003368,PERSONAL,3070388,INR,NEW,365,MODEL_V2,branch,2026-06-14
A0000984,C002842,AUTO,812888,USD,DECLINED,333,MANUAL,branch,2026-05-11
A0000985,C002764,PERSONAL,2047134,USD,APPROVED,765,MODEL_V2,branch,2026-04-19
A0000986,C002735,AUTO,2192454,INR,APPROVED,409,MODEL_V1,partner,2026-01-12
A0000987,C000804,SME,337698,INR,NEW,462,MANUAL,mobile,2026-06-25
A0000988,C000740,PERSONAL,3361248,USD,APPROVED,827,MANUAL,branch,2026-09-07
A0000989,C002134,PERSONAL,3308897,USD,DISBURSED,331,MODEL_V1,web,2026-04-20
A0000990,C003253,HOME,1783346,INR,DECLINED,473,MANUAL,web,2026-07-28
A0000991,C000783,HOME,2982561,INR,UNDER_REVIEW,555,MODEL_V2,branch,2026-07-12
A0000992,C002143,HOME,4211215,INR,DISBURSED,822,MODEL_V2,branch,2026-03-16
A0000993,C002977,SME,2034521,INR,DISBURSED,809,MODEL_V2,mobile,2026-06-06
A0000994,C001820,SME,3739873,INR,NEW,729,MANUAL,mobile,2026-06-10
A0000995,C001221,SME,4789454,USD,NEW,321,RULE,partner,2026-08-09
A0000996,C000442,PERSONAL,2652757,INR,APPROVED,536,MODEL_V1,branch,2026-01-13
A0000997,C001473,SME,763261,INR,APPROVED,307,RULE,web,2026-04-11
A0000998,C003268,AUTO,1121531,INR,NEW,358,MODEL_V2,branch,2026-03-22
A0000999,C000901,AUTO,3037586,INR,UNDER_REVIEW,805,MODEL_V2,mobile,2026-08-02
A0001000,C000410,SME,4177864,INR,APPROVED,373,RULE,branch,2026-03-20
A0001001,C000783,PERSONAL,1696391,USD,APPROVED,707,MODEL_V1,mobile,2026-09-08
A0001002,C001728,SME,1845772,INR,DECLINED,570,MODEL_V1,partner,2026-09-13
A0001003,C001307,SME,4038979,INR,NEW,719,MODEL_V2,web,2026-07-20
A0001004,C000871,SME,1375384,INR,DISBURSED,520,MODEL_V2,web,2026-08-11
A0001005,C002365,HOME,3198889,INR,NEW,505,MODEL_V1,mobile,2026-04-15
A0001006,C000638,PERSONAL,1517540,INR,NEW,383,MANUAL,partner,2026-01-14
A0001007,C002826,AUTO,1203526,INR,DISBURSED,784,MODEL_V1,mobile,2026-07-25
A0001008,C001636,PERSONAL,3549966,USD,DISBURSED,857,MODEL_V1,mobile,2026-04-15
A0001009,C003303,HOME,2211677,INR,DECLINED,756,MANUAL,partner,2026-02-11
A0001010,C002242,PERSONAL,1004524,INR,DISBURSED,306,MODEL_V2,mobile,2026-06-25
A0001011,C002256,PERSONAL,1000182,INR,DISBURSED,561,MODEL_V1,branch,2026-06-11
A0001012,C000695,SME,3997982,USD,APPROVED,601,MANUAL,branch,2026-07-16
A0001013,C001862,AUTO,572098,USD,UNDER_REVIEW,881,MODEL_V2,branch,2026-08-15
A0001014,C001402,PERSONAL,4765001,USD,APPROVED,358,MODEL_V2,partner,2026-08-21
A0001015,C002469,SME,1530449,INR,DECLINED,732,MODEL_V1,web,2026-06-11
A0001016,C003134,PERSONAL,2948278,INR,APPROVED,683,MANUAL,partner,2026-03-27
A0001017,C001739,SME,1633749,INR,UNDER_REVIEW,889,MODEL_V1,web,2026-08-07
A0001018,C002403,HOME,2983450,INR,DECLINED,780,MODEL_V1,mobile,2026-09-07
A0001019,C003464,AUTO,333268,USD,DISBURSED,540,MANUAL,mobile,2026-08-18
A0001020,C003080,SME,3657889,INR,UNDER_REVIEW,712,MODEL_V2,web,2026-08-10
A0001021,C002140,AUTO,4216256,USD,NEW,429,MANUAL,branch,2026-06-21
A0001022,C000243,SME,4245034,INR,DISBURSED,845,MODEL_V1,mobile,2026-02-13
A0001023,C002716,SME,3221215,INR,UNDER_REVIEW,879,MODEL_V2,partner,2026-08-02
A0001024,C001279,PERSONAL,4844368,INR,NEW,632,MODEL_V1,web,2026-05-14
A0001025,C000065,HOME,1422001,INR,DISBURSED,597,MODEL_V2,branch,2026-05-20
A0001026,C001599,HOME,1100948,INR,UNDER_REVIEW,581,,web,2026-07-18
A0001027,C003068,HOME,4142799,INR,DECLINED,433,MODEL_V1,partner,2026-09-19
A0001028,C001139,PERSONAL,4134042,INR,UNDER_REVIEW,632,MODEL_V1,mobile,2026-04-27
A0001029,C001381,SME,1374791,USD,DISBURSED,459,RULE,mobile,2026-04-03
A0001030,C001962,PERSONAL,3936218,INR,APPROVED,626,MODEL_V1,branch,2026-02-12
A0001031,C000529,PERSONAL,4985116,USD,APPROVED,687,MODEL_V1,branch,2026-02-11
A0001032,C001006,AUTO,345062,USD,NEW,681,MODEL_V2,web,2026-06-11
A0001033,C001452,PERSONAL,4492746,INR,DISBURSED,488,RULE,web,2026-08-03
A0001034,C001016,AUTO,3172876,USD,APPROVED,418,MODEL_V1,mobile,2026-04-23
A0001035,C003451,AUTO,438184,USD,DECLINED,783,MODEL_V2,web,2026-08-16
A0001036,C000333,SME,1567177,USD,APPROVED,869,MANUAL,mobile,2026-02-25
A0001037,C000489,PERSONAL,1589239,INR,DECLINED,794,MODEL_V1,partner,2026-01-08
A0001038,C003226,HOME,311705,INR,NEW,648,MANUAL,branch,2026-08-09
A0001039,C001231,AUTO,3304489,INR,APPROVED,778,MANUAL,branch,2026-03-19
A0001040,C002687,SME,1508905,INR,NEW,674,MANUAL,partner,2026-07-19
A0001041,C000622,AUTO,4068858,INR,APPROVED,900,,partner,2026-08-02
A0001042,C002429,PERSONAL,1861408,INR,DECLINED,840,MANUAL,partner,2026-07-20
A0001043,C002084,AUTO,4486419,USD,NEW,705,MODEL_V1,partner,2026-02-17
A0001044,C002836,HOME,844103,INR,UNDER_REVIEW,445,MANUAL,web,2026-09-04
A0001045,C000866,HOME,3804283,INR,APPROVED,605,MODEL_V2,web,2026-02-19
A0001046,C003247,SME,2064173,INR,NEW,722,RULE,mobile,2026-03-01
A0001047,C000291,SME,1712463,INR,NEW,580,MANUAL,mobile,2026-06-08
A0001048,C002947,HOME,480310,INR,NEW,514,MANUAL,branch,2026-09-27
A0001049,C000682,AUTO,3034753,INR,UNDER_REVIEW,814,RULE,web,2026-04-09
A0001050,C002314,PERSONAL,2973200,INR,DECLINED,567,MODEL_V2,partner,2026-03-15
A0001051,C002856,SME,966653,INR,DECLINED,408,MANUAL,web,2026-09-14
A0001052,C000693,PERSONAL,3612553,USD,NEW,518,MODEL_V2,branch,2026-06-05
A0001053,C002167,PERSONAL,1357054,INR,UNDER_REVIEW,701,MODEL_V2,partner,2026-04-15
A0001054,C000166,SME,3808609,USD,DECLINED,697,RULE,web,2026-08-17
A0001055,C001634,SME,2171035,INR,UNDER_REVIEW,860,RULE,branch,2026-05-28
A0001056,C001701,PERSONAL,2255970,INR,DECLINED,383,MODEL_V1,web,2026-06-19
A0001057,C002511,AUTO,1311941,USD,APPROVED,873,MODEL_V1,partner,2026-06-12
A0001058,C001506,SME,1096548,INR,NEW,631,MODEL_V2,partner,2026-04-07
A0001059,C001638,SME,355211,INR,APPROVED,710,RULE,web,2026-01-24
A0001060,C001612,AUTO,324402,INR,APPROVED,334,MODEL_V1,mobile,2026-06-21
A0001061,C000697,SME,3158428,INR,DISBURSED,551,MANUAL,partner,2026-02-23
A0001062,C002777,AUTO,439542,INR,APPROVED,889,MODEL_V1,mobile,2026-09-19
A0001063,C001429,PERSONAL,1903179,USD,DECLINED,456,MODEL_V2,web,2026-09-12
A0001064,C000960,SME,2347469,INR,DECLINED,387,MODEL_V2,web,2026-04-28
A0001065,C000730,HOME,982452,INR,APPROVED,552,MODEL_V1,web,2026-04-21
A0001066,C002149,HOME,819525,USD,APPROVED,863,MODEL_V2,branch,2026-01-04
A0001067,C002369,HOME,1769720,INR,DISBURSED,449,RULE,web,2026-03-08
A0001068,C001877,HOME,4647444,USD,APPROVED,636,RULE,partner,2026-04-17
A0001069,C003376,SME,4280265,INR,APPROVED,561,MODEL_V1,partner,2026-04-03
A0001070,C003255,HOME,1215410,INR,NEW,785,MODEL_V2,web,2026-01-12
A0001071,C003160,HOME,1117277,USD,DECLINED,433,MANUAL,mobile,2026-07-07
A0001072,C002881,SME,633634,USD,NEW,361,MANUAL,branch,2026-02-23
A0001073,C001091,PERSONAL,981346,USD,DISBURSED,871,RULE,web,2026-08-10
A0001074,C003217,HOME,3384156,INR,UNDER_REVIEW,374,MODEL_V1,web,2026-08-23
A0001075,C001139,AUTO,1128870,USD,DECLINED,461,MANUAL,mobile,2026-06-03
A0001076,C003274,HOME,1873192,USD,DISBURSED,688,MANUAL,web,2026-05-13
A0001077,C002750,SME,4304014,INR,DECLINED,425,RULE,partner,2026-02-26
A0001078,C001753,SME,3764639,USD,UNDER_REVIEW,353,MANUAL,mobile,2026-02-05
A0001079,C003125,PERSONAL,4370698,INR,NEW,320,MODEL_V2,branch,2026-01-21
A0001080,C003499,HOME,4755685,INR,UNDER_REVIEW,410,MODEL_V1,branch,2026-04-09
A0001081,C001399,AUTO,1174321,INR,NEW,729,MANUAL,web,2026-06-27
A0001082,C002162,HOME,2629466,USD,DECLINED,794,MODEL_V2,mobile,2026-04-08
A0001083,C000928,AUTO,525139,INR,DISBURSED,339,MANUAL,mobile,2026-03-24
A0001084,C000210,HOME,4720711,INR,NEW,822,MODEL_V2,web,2026-06-12
A0001085,C001826,HOME,2102204,INR,NEW,614,RULE,branch,2026-04-07
A0001086,C000168,SME,2230937,INR,APPROVED,401,,mobile,2026-03-25
A0001087,C002331,AUTO,1729536,USD,DISBURSED,720,MANUAL,branch,2026-09-27
A0001088,C000984,AUTO,262795,INR,UNDER_REVIEW,341,RULE,web,2026-03-05
A0001089,C000948,PERSONAL,4565003,INR,APPROVED,678,RULE,branch,2026-03-11
A0001090,C000525,SME,2531779,USD,DISBURSED,422,MANUAL,partner,2026-05-01
A0001091,C001167,SME,1391167,INR,UNDER_REVIEW,349,MODEL_V1,partner,2026-05-19
A0001092,C001649,HOME,4608518,INR,UNDER_REVIEW,770,MODEL_V1,web,2026-09-21
A0001093,C002198,HOME,1849036,INR,DECLINED,310,RULE,web,2026-02-18
A0001094,C002151,SME,104968,USD,NEW,518,MODEL_V1,partner,2026-07-13
A0001095,C001591,AUTO,1419911,INR,DISBURSED,810,MANUAL,mobile,2026-08-25
A0001096,C001879,SME,3340270,USD,APPROVED,785,,mobile,2026-06-14
A0001097,C001355,SME,2981853,INR,DECLINED,877,MANUAL,mobile,2026-08-13
A0001098,C003357,HOME,1879529,INR,NEW,728,MODEL_V2,mobile,2026-01-25
A0001099,C002487,PERSONAL,1451648,INR,DISBURSED,835,MODEL_V1,mobile,2026-05-12
A0001100,C003146,PERSONAL,63699,USD,APPROVED,596,MODEL_V1,partner,2026-09-24
A0001101,C001853,HOME,2796785,INR,DISBURSED,725,MODEL_V1,web,2026-06-23
A0001102,C002232,SME,555756,INR,NEW,624,MANUAL,partner,2026-09-04
A0001103,C002591,HOME,688644,INR,DISBURSED,652,MODEL_V2,branch,2026-06-05
A0001104,C002408,SME,878175,INR,DISBURSED,583,MODEL_V2,web,2026-03-13
A0001105,C003040,AUTO,2242044,INR,APPROVED,458,MODEL_V1,mobile,2026-03-27
A0001106,C002833,SME,118903,INR,DISBURSED,628,MANUAL,web,2026-07-25
A0001107,C002918,HOME,585169,INR,DISBURSED,451,MODEL_V1,partner,2026-03-17
A0001108,C002441,AUTO,1353266,USD,DECLINED,425,MODEL_V2,web,2026-06-07
A0001109,C002044,AUTO,2838082,INR,APPROVED,734,RULE,branch,2026-02-17
A0001110,C000536,PERSONAL,4195607,INR,UNDER_REVIEW,881,RULE,web,2026-09-08
A0001111,C001179,SME,2110125,INR,DECLINED,533,RULE,branch,2026-05-03
A0001112,C002833,HOME,1558551,INR,APPROVED,883,MODEL_V1,partner,2026-06-08
A0001113,C002313,SME,52086,INR,DISBURSED,600,MODEL_V2,mobile,2026-01-17
A0001114,C002668,HOME,4716836,INR,UNDER_REVIEW,790,RULE,mobile,2026-04-25
A0001115,C002525,PERSONAL,3430119,INR,DISBURSED,308,MODEL_V2,web,2026-06-02
A0001116,C002501,AUTO,4278301,INR,UNDER_REVIEW,361,,branch,2026-01-17
A0001117,C000495,PERSONAL,2004145,USD,DISBURSED,569,RULE,branch,2026-06-19
A0001118,C002305,PERSONAL,2807996,USD,NEW,458,MODEL_V2,partner,2026-08-18
A0001119,C001824,PERSONAL,2447837,USD,NEW,625,MODEL_V1,branch,2026-01-22
A0001120,C001230,AUTO,4981589,USD,UNDER_REVIEW,537,MODEL_V2,branch,2026-07-20
A0001121,C003483,HOME,1352979,INR,DECLINED,534,MODEL_V1,mobile,2026-07-22
A0001122,C001230,AUTO,2853095,USD,NEW,856,MODEL_V2,mobile,2026-06-10
A0001123,C002669,SME,1920319,INR,DISBURSED,316,MODEL_V1,partner,2026-08-20
A0001124,C000055,AUTO,4549149,INR,NEW,740,MODEL_V1,mobile,2026-09-02
A0001125,C001717,SME,4973592,INR,UNDER_REVIEW,751,RULE,partner,2026-02-14
A0001126,C002366,PERSONAL,2246664,INR,DECLINED,330,MODEL_V1,web,2026-05-01
A0001127,C003201,PERSONAL,867159,INR,DISBURSED,421,MODEL_V2,mobile,2026-03-19
A0001128,C000367,HOME,4725163,USD,UNDER_REVIEW,457,MANUAL,branch,2026-09-09
A0001129,C000061,HOME,2163898,INR,DISBURSED,643,MODEL_V1,web,2026-05-09
A0001130,C001837,SME,1310886,INR,DISBURSED,651,RULE,branch,2026-05-10
A0001131,C000120,AUTO,2896139,INR,DISBURSED,815,RULE,partner,2026-04-23
A0001132,C000761,AUTO,2494087,INR,APPROVED,446,MODEL_V1,branch,2026-03-04
A0001133,C002092,AUTO,1235231,INR,DECLINED,706,MANUAL,branch,2026-05-15
A0001134,C001113,HOME,1988025,INR,UNDER_REVIEW,380,MODEL_V1,partner,2026-05-03
A0001135,C000079,SME,2794951,INR,NEW,569,MODEL_V2,branch,2026-03-03
A0001136,C000278,PERSONAL,1861848,INR,DISBURSED,384,MODEL_V2,web,2026-09-23
A0001137,C002205,SME,4880361,INR,DISBURSED,760,MODEL_V2,mobile,2026-01-01
A0001138,C002736,SME,2751655,INR,DISBURSED,672,MODEL_V1,web,2026-01-18
A0001139,C003410,HOME,3277617,INR,DISBURSED,338,MODEL_V1,partner,2026-04-17
A0001140,C000111,AUTO,2540845,INR,NEW,807,RULE,branch,2026-09-24
A0001141,C001834,SME,4353777,INR,APPROVED,876,,branch,2026-08-05
A0001142,C000673,SME,4100246,INR,DECLINED,789,MANUAL,branch,2026-06-28
A0001143,C000629,PERSONAL,867979,INR,NEW,438,MANUAL,web,2026-09-12
A0001144,C002113,HOME,2273211,INR,DISBURSED,571,MODEL_V1,branch,2026-02-11
A0001145,C000048,HOME,1399049,INR,NEW,791,MODEL_V1,mobile,2026-08-07
A0001146,C002052,SME,76951,USD,APPROVED,398,MODEL_V1,branch,2026-05-16
A0001147,C003424,HOME,431503,INR,DECLINED,858,MODEL_V1,branch,2026-01-12
A0001148,C000577,PERSONAL,797291,INR,DECLINED,356,MODEL_V2,mobile,2026-02-26
A0001149,C003304,HOME,4742931,INR,NEW,657,RULE,web,2026-02-08
A0001150,C002590,PERSONAL,1091666,INR,NEW,317,MANUAL,branch,2026-09-06
A0001151,C000449,AUTO,960476,USD,DECLINED,650,MODEL_V1,branch,2026-07-16
A0001152,C000544,SME,3186728,USD,NEW,619,RULE,mobile,2026-02-04
A0001153,C002532,HOME,219436,USD,DECLINED,595,MODEL_V1,web,2026-06-20
A0001154,C002581,AUTO,985269,INR,DECLINED,834,MODEL_V1,web,2026-02-11
A0001155,C003235,AUTO,948747,USD,DECLINED,880,MODEL_V2,mobile,2026-06-02
A0001156,C001202,HOME,1125327,INR,DISBURSED,503,MANUAL,mobile,2026-04-17
A0001157,C003238,HOME,4054300,USD,NEW,682,MODEL_V2,partner,2026-02-10
A0001158,C003037,PERSONAL,430717,USD,UNDER_REVIEW,446,MODEL_V1,mobile,2026-08-01
A0001159,C003344,AUTO,154470,INR,APPROVED,744,MODEL_V1,branch,2026-03-17
A0001160,C000260,AUTO,2169087,INR,APPROVED,388,MODEL_V2,branch,2026-01-09
A0001161,C001668,AUTO,3458343,INR,DISBURSED,784,MODEL_V1,branch,2026-06-09
A0001162,C000208,PERSONAL,3662191,INR,NEW,598,MODEL_V1,web,2026-08-28
A0001163,C000477,SME,3582503,INR,DISBURSED,363,MODEL_V1,web,2026-07-03
A0001164,C000913,PERSONAL,1669513,INR,APPROVED,847,MODEL_V2,web,2026-08-02
A0001165,C002220,AUTO,4996840,INR,NEW,612,RULE,partner,2026-08-26
A0001166,C002141,AUTO,263213,INR,APPROVED,583,MANUAL,branch,2026-06-18
A0001167,C002461,HOME,578343,INR,NEW,467,RULE,partner,2026-09-27
A0001168,C002377,HOME,2508669,INR,APPROVED,323,RULE,mobile,2026-04-19
A0001169,C000580,SME,277809,INR,NEW,412,RULE,partner,2026-04-07
A0001170,C000761,SME,3269204,USD,NEW,493,RULE,mobile,2026-03-10
A0001171,C000112,AUTO,2152233,INR,DISBURSED,851,MODEL_V1,partner,2026-09-15
A0001172,C001188,SME,3591120,INR,NEW,359,MANUAL,partner,2026-07-13
A0001173,C000191,HOME,4226387,INR,UNDER_REVIEW,420,MODEL_V1,partner,2026-01-01
A0001174,C002611,HOME,296739,INR,UNDER_REVIEW,728,MODEL_V2,web,2026-07-23
A0001175,C001666,SME,4883133,INR,DISBURSED,712,MODEL_V2,web,2026-06-24
A0001176,C003133,AUTO,952351,USD,DECLINED,721,MANUAL,partner,2026-08-11
A0001177,C001986,SME,162461,INR,DECLINED,447,MODEL_V2,web,2026-06-16
A0001178,C001751,AUTO,4241305,USD,APPROVED,829,MODEL_V2,partner,2026-04-07
A0001179,C001175,HOME,1191327,INR,APPROVED,535,MODEL_V2,mobile,2026-04-06
A0001180,C000478,HOME,381214,INR,DECLINED,563,MANUAL,partner,2026-07-10
A0001181,C002543,PERSONAL,357519,INR,NEW,330,RULE,partner,2026-04-01
A0001182,C002836,AUTO,2004029,INR,DECLINED,336,MODEL_V1,partner,2026-07-01
A0001183,C000063,PERSONAL,1809896,INR,APPROVED,746,MODEL_V2,web,2026-01-07
A0001184,C001671,AUTO,2822439,INR,APPROVED,744,MANUAL,web,2026-07-01
A0001185,C000560,AUTO,3553025,INR,DECLINED,794,MODEL_V1,partner,2026-02-20
A0001186,C003246,AUTO,709612,INR,DISBURSED,742,MODEL_V2,mobile,2026-02-25
A0001187,C001383,AUTO,751569,INR,DECLINED,694,MODEL_V1,branch,2026-03-21
A0001188,C000569,AUTO,3435194,INR,APPROVED,530,RULE,partner,2026-05-18
A0001189,C000567,HOME,2084421,USD,DECLINED,436,MODEL_V2,mobile,2026-08-13
A0001190,C000053,SME,2474384,INR,APPROVED,742,MODEL_V2,partner,2026-05-07
A0001191,C002626,PERSONAL,1918843,INR,DECLINED,772,MODEL_V2,mobile,2026-02-24
A0001192,C001502,PERSONAL,3058705,INR,NEW,529,MODEL_V2,mobile,2026-09-12
A0001193,C002842,PERSONAL,1948693,USD,NEW,544,MODEL_V1,web,2026-01-10
A0001194,C003294,SME,3734055,INR,APPROVED,454,MANUAL,web,2026-01-26
A0001195,C000245,SME,120803,INR,NEW,890,RULE,mobile,2026-03-11
A0001196,C002405,PERSONAL,3123450,USD,UNDER_REVIEW,564,,web,2026-06-13
A0001197,C002940,HOME,4465575,INR,DISBURSED,377,MANUAL,web,2026-06-13
A0001198,C000145,SME,2308689,USD,DISBURSED,358,RULE,branch,2026-04-14
A0001199,C001428,HOME,1611262,INR,DECLINED,450,RULE,web,2026-05-22
A0001200,C002144,AUTO,4962285,INR,UNDER_REVIEW,430,RULE,branch,2026-01-15
A0001201,C002876,AUTO,4134502,INR,UNDER_REVIEW,867,MODEL_V1,partner,2026-01-26
A0001202,C002428,HOME,2574272,INR,APPROVED,448,MODEL_V1,partner,2026-06-08
A0001203,C001109,SME,772262,INR,DISBURSED,398,RULE,mobile,2026-03-01
A0001204,C003332,AUTO,3628284,INR,UNDER_REVIEW,621,RULE,partner,2026-05-10
A0001205,C000153,SME,421848,INR,DECLINED,889,MANUAL,partner,2026-07-03
A0001206,C000612,SME,4959628,INR,DISBURSED,590,,web,2026-01-17
A0001207,C001483,AUTO,3224191,INR,DISBURSED,713,MODEL_V1,partner,2026-05-18
A0001208,C000628,AUTO,2844822,USD,UNDER_REVIEW,524,RULE,web,2026-07-07
A0001209,C000472,PERSONAL,3697927,INR,UNDER_REVIEW,441,RULE,partner,2026-05-06
A0001210,C003314,AUTO,3366424,USD,DECLINED,615,MANUAL,branch,2026-05-28
A0001211,C001292,SME,2192659,USD,DISBURSED,659,MODEL_V2,branch,2026-02-20
A0001212,C002791,SME,1859432,USD,DECLINED,849,MANUAL,mobile,2026-08-15
A0001213,C000043,AUTO,176798,INR,UNDER_REVIEW,702,MODEL_V2,partner,2026-06-03
A0001214,C003384,AUTO,4859603,USD,DISBURSED,794,MODEL_V2,mobile,2026-07-22
A0001215,C002435,AUTO,3531563,INR,NEW,557,MODEL_V1,partner,2026-07-04
A0001216,C001392,HOME,1518424,USD,NEW,533,MODEL_V1,branch,2026-05-27
A0001217,C001244,SME,3843016,USD,DECLINED,623,RULE,mobile,2026-02-05
A0001218,C001678,PERSONAL,4774591,INR,NEW,583,MODEL_V1,branch,2026-05-08
A0001219,C000986,SME,4049081,USD,APPROVED,452,RULE,partner,2026-03-04
A0001220,C000534,SME,2583484,USD,DECLINED,707,MODEL_V2,branch,2026-08-06
A0001221,C003387,SME,3773044,INR,UNDER_REVIEW,740,,mobile,2026-07-23
A0001222,C001369,PERSONAL,3096634,USD,DISBURSED,397,MODEL_V2,partner,2026-01-25
A0001223,C000315,SME,234459,INR,DISBURSED,721,RULE,mobile,2026-05-19
A0001224,C002229,SME,1540240,INR,UNDER_REVIEW,864,RULE,mobile,2026-02-09
A0001225,C001897,HOME,2573157,USD,APPROVED,696,MANUAL,partner,2026-07-08
A0001226,C001020,HOME,4233944,INR,UNDER_REVIEW,578,MANUAL,web,2026-01-06
A0001227,C001808,SME,2727029,INR,UNDER_REVIEW,613,MODEL_V2,web,2026-08-15
A0001228,C000797,PERSONAL,3600066,INR,APPROVED,610,MODEL_V1,mobile,2026-03-26
A0001229,C002519,PERSONAL,2366009,INR,DISBURSED,575,MODEL_V1,branch,2026-05-17
A0001230,C003429,PERSONAL,810396,USD,DISBURSED,451,RULE,web,2026-08-14
A0001231,C000862,PERSONAL,3470834,INR,DISBURSED,881,RULE,mobile,2026-06-05
A0001232,C001841,HOME,2708615,INR,APPROVED,538,MODEL_V1,branch,2026-05-09
A0001233,C001497,PERSONAL,121876,INR,DECLINED,890,MODEL_V1,mobile,2026-01-08
A0001234,C002090,SME,4437659,USD,NEW,446,RULE,branch,2026-03-14
A0001235,C000339,PERSONAL,1582862,INR,DISBURSED,895,MODEL_V1,partner,2026-06-24
A0001236,C002259,HOME,2799409,USD,NEW,896,,branch,2026-09-05
A0001237,C000571,AUTO,2721849,INR,NEW,836,MODEL_V1,mobile,2026-03-26
A0001238,C000044,SME,2912526,INR,DECLINED,842,MODEL_V2,mobile,2026-01-23
A0001239,C000787,HOME,3243630,INR,APPROVED,834,RULE,branch,2026-09-28
A0001240,C003487,HOME,3153322,INR,UNDER_REVIEW,304,MODEL_V1,branch,2026-09-21
A0001241,C001935,PERSONAL,1779405,USD,DECLINED,739,MANUAL,partner,2026-07-13
A0001242,C000360,AUTO,1836518,INR,NEW,395,MANUAL,mobile,2026-03-26
A0001243,C002124,HOME,1586607,USD,UNDER_REVIEW,559,MODEL_V2,web,2026-07-07
A0001244,C002731,AUTO,4042685,USD,APPROVED,588,MANUAL,mobile,2026-09-22
A0001245,C000789,HOME,3718157,INR,DECLINED,440,RULE,web,2026-01-03
A0001246,C002982,SME,1985039,USD,UNDER_REVIEW,838,,web,2026-09-20
A0001247,C000398,HOME,4307268,INR,DISBURSED,478,MODEL_V1,partner,2026-05-24
A0001248,C000139,SME,96396,INR,DECLINED,794,RULE,partner,2026-05-15
A0001249,C000259,AUTO,3371259,USD,NEW,719,MODEL_V1,mobile,2026-09-20
A0001250,C002264,AUTO,2498336,INR,NEW,660,MODEL_V1,partner,2026-05-16
A0001251,C000859,SME,3655338,USD,NEW,538,MODEL_V1,mobile,2026-09-03
A0001252,C001302,SME,3026760,USD,DECLINED,654,MANUAL,web,2026-08-03
A0001253,C002965,PERSONAL,414822,INR,UNDER_REVIEW,817,MANUAL,mobile,2026-09-12
A0001254,C000037,AUTO,2059809,INR,UNDER_REVIEW,543,RULE,web,2026-05-07
A0001255,C000705,HOME,613850,USD,NEW,341,MODEL_V2,partner,2026-05-02
A0001256,C000744,HOME,3571198,INR,UNDER_REVIEW,339,MODEL_V1,mobile,2026-09-05
A0001257,C002030,HOME,61304,INR,UNDER_REVIEW,791,MANUAL,web,2026-03-13
A0001258,C002489,PERSONAL,2361660,USD,DECLINED,695,MANUAL,mobile,2026-07-23
A0001259,C000811,HOME,4090251,INR,NEW,565,MODEL_V2,web,2026-02-17
A0001260,C000896,AUTO,4445925,INR,DECLINED,749,MANUAL,web,2026-02-26
A0001261,C001442,AUTO,4550980,INR,APPROVED,833,MANUAL,mobile,2026-06-07
A0001262,C002909,HOME,777075,INR,DECLINED,386,MANUAL,mobile,2026-02-12
A0001263,C001387,HOME,366660,INR,APPROVED,475,MODEL_V2,partner,2026-06-19
A0001264,C002168,SME,4015355,INR,DISBURSED,537,RULE,partner,2026-09-03
A0001265,C001336,AUTO,246133,INR,NEW,663,RULE,mobile,2026-03-20
A0001266,C000673,AUTO,126380,INR,UNDER_REVIEW,532,RULE,web,2026-04-08
A0001267,C002000,SME,3694595,INR,DISBURSED,883,MODEL_V1,partner,2026-03-18
A0001268,C002442,PERSONAL,1935922,INR,DISBURSED,351,MANUAL,web,2026-04-03
A0001269,C003398,SME,570886,USD,APPROVED,459,MODEL_V2,branch,2026-06-13
A0001270,C000654,AUTO,3914875,USD,DISBURSED,476,MANUAL,web,2026-09-08
A0001271,C000173,AUTO,2504884,USD,NEW,567,MANUAL,web,2026-04-13
A0001272,C003133,PERSONAL,4852233,INR,UNDER_REVIEW,335,MANUAL,web,2026-06-09
A0001273,C000133,SME,3631499,INR,NEW,756,MODEL_V1,web,2026-02-18
A0001274,C001232,PERSONAL,540186,INR,UNDER_REVIEW,640,RULE,web,2026-08-06
A0001275,C002653,SME,575828,INR,DISBURSED,507,MODEL_V2,branch,2026-08-14
A0001276,C001677,AUTO,1407223,INR,UNDER_REVIEW,589,MANUAL,mobile,2026-01-09
A0001277,C000240,PERSONAL,3199185,INR,DISBURSED,451,MANUAL,partner,2026-06-12
A0001278,C002668,AUTO,4608058,USD,NEW,678,MANUAL,partner,2026-07-19
A0001279,C002736,HOME,3724932,USD,NEW,840,RULE,mobile,2026-08-07
A0001280,C002657,PERSONAL,3345062,INR,DECLINED,801,RULE,partner,2026-01-04
A0001281,C000150,HOME,193081,INR,APPROVED,314,MANUAL,branch,2026-09-07
A0001282,C000619,PERSONAL,3202101,USD,APPROVED,604,MODEL_V2,mobile,2026-04-21
A0001283,C001984,SME,1300711,INR,DISBURSED,437,MANUAL,mobile,2026-05-04
A0001284,C002564,AUTO,1710517,INR,DECLINED,383,MODEL_V1,mobile,2026-08-07
A0001285,C000542,HOME,653034,INR,UNDER_REVIEW,733,MODEL_V1,branch,2026-08-03
A0001286,C000599,SME,3337530,INR,DISBURSED,482,RULE,partner,2026-02-04
A0001287,C001616,HOME,4411114,INR,NEW,869,MODEL_V1,partner,2026-07-27
A0001288,C001964,AUTO,2809215,INR,UNDER_REVIEW,597,MANUAL,web,2026-06-09
A0001289,C002664,HOME,1445986,INR,APPROVED,317,MODEL_V2,branch,2026-09-22
A0001290,C000711,PERSONAL,153045,INR,DISBURSED,449,MODEL_V2,web,2026-05-23
A0001291,C001447,HOME,3121662,INR,DISBURSED,723,MODEL_V1,partner,2026-08-20
A0001292,C002071,AUTO,403032,INR,NEW,862,MANUAL,branch,2026-02-20
A0001293,C001276,SME,3514572,INR,DISBURSED,758,MODEL_V1,branch,2026-01-06
A0001294,C000992,HOME,651829,INR,APPROVED,599,MODEL_V2,branch,2026-07-07
A0001295,C001780,HOME,4588634,INR,APPROVED,833,MODEL_V1,partner,2026-06-28
A0001296,C002101,HOME,2948038,USD,DECLINED,617,MANUAL,partner,2026-04-25
A0001297,C002878,AUTO,768947,INR,APPROVED,900,MANUAL,web,2026-02-16
A0001298,C001815,SME,4050831,INR,APPROVED,697,MODEL_V1,partner,2026-07-01
A0001299,C001619,SME,119660,INR,UNDER_REVIEW,302,MODEL_V2,mobile,2026-04-19
A0001300,C000863,PERSONAL,4259148,INR,UNDER_REVIEW,374,RULE,web,2026-04-04
A0001301,C002166,PERSONAL,1173294,INR,DISBURSED,695,MODEL_V2,mobile,2026-06-07
A0001302,C003192,HOME,2406396,INR,NEW,724,MODEL_V2,web,2026-05-24
A0001303,C002007,PERSONAL,1519953,INR,NEW,343,MODEL_V1,branch,2026-05-12
A0001304,C000222,HOME,2499954,INR,UNDER_REVIEW,567,MANUAL,branch,2026-09-07
A0001305,C001591,HOME,3957406,USD,DISBURSED,789,MODEL_V1,web,2026-02-09
A0001306,C000466,AUTO,1251545,INR,UNDER_REVIEW,629,,branch,2026-04-07
A0001307,C001338,PERSONAL,4378915,INR,DISBURSED,656,MODEL_V2,web,2026-05-24
A0001308,C001959,PERSONAL,540059,INR,DISBURSED,742,MODEL_V1,partner,2026-02-09
A0001309,C001397,SME,1829121,USD,DISBURSED,411,MODEL_V2,branch,2026-02-19
A0001310,C002091,HOME,2973063,INR,UNDER_REVIEW,567,MODEL_V2,branch,2026-09-08
A0001311,C000487,AUTO,126423,USD,NEW,385,,mobile,2026-04-19
A0001312,C000594,PERSONAL,551746,INR,APPROVED,400,MANUAL,partner,2026-01-28
A0001313,C001415,HOME,843643,INR,DECLINED,372,MODEL_V2,branch,2026-05-14
A0001314,C000324,AUTO,4421949,INR,UNDER_REVIEW,637,MANUAL,partner,2026-06-11
A0001315,C000919,AUTO,1832007,INR,APPROVED,741,MODEL_V2,web,2026-08-03
A0001316,C002144,HOME,2562585,INR,NEW,447,RULE,partner,2026-04-13
A0001317,C001343,HOME,1759560,INR,UNDER_REVIEW,487,MANUAL,partner,2026-01-02
A0001318,C002002,PERSONAL,1646092,INR,UNDER_REVIEW,758,RULE,partner,2026-02-25
A0001319,C001413,SME,808011,USD,DISBURSED,636,MANUAL,mobile,2026-04-24
A0001320,C002454,AUTO,1771431,INR,NEW,740,RULE,web,2026-09-17
A0001321,C003234,AUTO,459061,INR,APPROVED,768,RULE,web,2026-05-23
A0001322,C003388,AUTO,2252255,USD,UNDER_REVIEW,688,MODEL_V2,branch,2026-01-02
A0001323,C002553,HOME,1555574,USD,DISBURSED,655,MANUAL,mobile,2026-02-17
A0001324,C000452,SME,1063624,USD,DECLINED,653,MODEL_V2,web,2026-06-01
A0001325,C002002,PERSONAL,699879,INR,UNDER_REVIEW,449,MANUAL,web,2026-08-03
A0001326,C001796,SME,3431792,USD,DISBURSED,375,,web,2026-01-17
A0001327,C002398,SME,2872106,USD,DECLINED,685,RULE,partner,2026-07-28
A0001328,C000830,HOME,1501066,INR,APPROVED,501,RULE,partner,2026-09-14
A0001329,C002472,AUTO,4326073,INR,DECLINED,305,MODEL_V2,branch,2026-01-19
A0001330,C000056,PERSONAL,869562,INR,DISBURSED,724,MANUAL,partner,2026-07-16
A0001331,C001028,AUTO,2356800,USD,DECLINED,464,MODEL_V2,partner,2026-02-26
A0001332,C000577,AUTO,4670424,INR,APPROVED,548,MANUAL,partner,2026-08-03
A0001333,C002864,AUTO,2141811,INR,UNDER_REVIEW,765,MODEL_V2,web,2026-02-01
A0001334,C001097,SME,1031839,USD,DECLINED,733,MODEL_V1,partner,2026-01-23
A0001335,C001349,AUTO,3612032,INR,DISBURSED,465,MANUAL,partner,2026-03-26
A0001336,C001404,AUTO,1016155,USD,DECLINED,774,RULE,mobile,2026-05-03
A0001337,C000947,PERSONAL,73816,INR,DECLINED,590,MANUAL,branch,2026-02-08
A0001338,C002694,SME,1155090,INR,DECLINED,489,MODEL_V1,mobile,2026-08-27
A0001339,C000205,AUTO,1248582,INR,UNDER_REVIEW,799,MODEL_V1,mobile,2026-09-18
A0001340,C000760,SME,3599560,USD,DISBURSED,663,MANUAL,web,2026-08-17
A0001341,C000674,SME,1339523,USD,UNDER_REVIEW,787,MODEL_V1,branch,2026-02-15
A0001342,C001907,PERSONAL,3408618,INR,UNDER_REVIEW,873,MODEL_V2,branch,2026-05-17
A0001343,C001418,PERSONAL,880312,USD,DECLINED,481,RULE,partner,2026-04-11
A0001344,C000596,SME,2409157,INR,NEW,883,MODEL_V2,web,2026-01-08
A0001345,C003014,HOME,100757,INR,DECLINED,881,MODEL_V2,mobile,2026-03-11
A0001346,C000078,HOME,2466338,INR,DECLINED,423,,web,2026-04-19
A0001347,C001787,HOME,236892,INR,DISBURSED,390,MODEL_V1,web,2026-01-17
A0001348,C002865,AUTO,237592,INR,DISBURSED,789,MODEL_V2,branch,2026-01-20
A0001349,C003196,HOME,1456154,USD,UNDER_REVIEW,536,RULE,mobile,2026-09-27
A0001350,C000867,SME,3509702,INR,DECLINED,743,RULE,branch,2026-02-15
A0001351,C001366,PERSONAL,3253338,USD,DISBURSED,639,MANUAL,partner,2026-07-04
A0001352,C001483,HOME,3698634,INR,NEW,399,RULE,web,2026-04-06
A0001353,C000044,HOME,4587548,USD,DECLINED,885,MODEL_V2,partner,2026-06-22
A0001354,C000118,SME,3859010,INR,DECLINED,780,MODEL_V2,branch,2026-04-27
A0001355,C002464,PERSONAL,4967145,INR,APPROVED,764,RULE,web,2026-02-10
A0001356,C000245,SME,2863009,INR,DECLINED,857,RULE,web,2026-02-08
A0001357,C000419,PERSONAL,4356045,USD,UNDER_REVIEW,501,MODEL_V1,branch,2026-09-03
A0001358,C000135,PERSONAL,2881254,INR,NEW,636,MANUAL,partner,2026-08-28
A0001359,C002174,HOME,2899966,USD,NEW,392,MANUAL,mobile,2026-03-18
A0001360,C001573,AUTO,1866329,USD,DISBURSED,857,MODEL_V1,mobile,2026-03-06
A0001361,C002534,SME,3468284,USD,NEW,613,MODEL_V2,web,2026-02-14
A0001362,C003434,SME,3199808,INR,NEW,782,MODEL_V2,mobile,2026-09-05
A0001363,C000676,AUTO,3645407,USD,UNDER_REVIEW,329,MODEL_V1,mobile,2026-09-09
A0001364,C001633,HOME,4152104,INR,DISBURSED,571,MODEL_V1,mobile,2026-08-20
A0001365,C001830,AUTO,272944,INR,DISBURSED,435,MODEL_V1,branch,2026-05-22
A0001366,C002949,AUTO,2017958,INR,NEW,836,MODEL_V1,branch,2026-03-19
A0001367,C003339,PERSONAL,4122945,INR,APPROVED,510,MODEL_V1,web,2026-02-07
A0001368,C002309,AUTO,4411231,USD,DECLINED,598,MANUAL,partner,2026-09-09
A0001369,C001087,HOME,3937762,INR,UNDER_REVIEW,795,RULE,mobile,2026-05-15
A0001370,C001519,SME,4291446,USD,DISBURSED,783,RULE,partner,2026-04-18
A0001371,C000747,PERSONAL,2479551,INR,APPROVED,481,MODEL_V1,branch,2026-07-06
A0001372,C003002,SME,1504169,INR,DECLINED,866,RULE,web,2026-09-23
A0001373,C000103,PERSONAL,4095455,INR,APPROVED,546,MODEL_V2,mobile,2026-09-04
A0001374,C000794,HOME,3203353,INR,NEW,528,MANUAL,mobile,2026-02-15
A0001375,C002702,SME,3551280,INR,NEW,816,MODEL_V2,mobile,2026-01-27
A0001376,C001460,SME,504542,USD,UNDER_REVIEW,486,MODEL_V2,mobile,2026-05-22
A0001377,C001425,HOME,4287731,INR,APPROVED,365,MANUAL,web,2026-01-17
A0001378,C002952,PERSONAL,1399809,INR,DISBURSED,837,MANUAL,branch,2026-01-21
A0001379,C000785,HOME,1142660,USD,UNDER_REVIEW,568,MODEL_V2,branch,2026-05-17
A0001380,C002553,PERSONAL,1341140,INR,APPROVED,496,RULE,branch,2026-01-16
A0001381,C002539,SME,837058,USD,DECLINED,681,RULE,mobile,2026-06-14
A0001382,C001523,AUTO,1011104,USD,APPROVED,313,MODEL_V2,mobile,2026-06-18
A0001383,C002442,AUTO,4685250,INR,UNDER_REVIEW,522,MODEL_V1,web,2026-08-17
A0001384,C001913,AUTO,317552,INR,APPROVED,438,RULE,partner,2026-02-15
A0001385,C000477,HOME,2790033,INR,DECLINED,441,RULE,web,2026-02-21
A0001386,C002370,HOME,4792899,INR,DECLINED,592,MANUAL,web,2026-03-12
A0001387,C001675,SME,1115247,INR,UNDER_REVIEW,555,MODEL_V1,mobile,2026-06-14
A0001388,C001670,HOME,179214,INR,APPROVED,455,MODEL_V1,branch,2026-06-10
A0001389,C002455,SME,165035,USD,DISBURSED,900,MANUAL,web,2026-01-11
A0001390,C002711,PERSONAL,2460619,INR,DISBURSED,325,MODEL_V1,branch,2026-03-19
A0001391,C000140,HOME,1816190,USD,DECLINED,406,,mobile,2026-01-23
A0001392,C001169,HOME,4409187,INR,DISBURSED,501,MANUAL,web,2026-08-25
A0001393,C003413,PERSONAL,4887760,INR,UNDER_REVIEW,531,RULE,partner,2026-04-02
A0001394,C003358,AUTO,3217131,USD,DECLINED,767,RULE,mobile,2026-08-10
A0001395,C001787,HOME,1389351,INR,DISBURSED,481,MANUAL,mobile,2026-03-11
A0001396,C002864,PERSONAL,4188119,INR,APPROVED,477,RULE,partner,2026-08-27
A0001397,C003315,AUTO,4163485,USD,UNDER_REVIEW,831,MANUAL,branch,2026-08-16
A0001398,C000101,HOME,1960984,INR,NEW,702,MODEL_V1,partner,2026-06-03
A0001399,C003217,AUTO,3291612,INR,DISBURSED,398,MODEL_V2,partner,2026-07-13
A0001400,C000035,AUTO,693572,USD,DISBURSED,765,MODEL_V2,partner,2026-09-22
A0001401,C001334,SME,4099523,INR,APPROVED,593,MODEL_V1,mobile,2026-08-17
A0001402,C001704,HOME,1985744,INR,DISBURSED,485,MANUAL,mobile,2026-08-15
A0001403,C000311,HOME,2978098,INR,NEW,633,MANUAL,web,2026-05-23
A0001404,C001623,PERSONAL,1588251,INR,NEW,329,RULE,mobile,2026-01-21
A0001405,C002651,HOME,915221,INR,APPROVED,791,MANUAL,branch,2026-09-25
A0001406,C001052,HOME,3554173,INR,APPROVED,809,MODEL_V1,partner,2026-05-24
A0001407,C003339,PERSONAL,2607849,USD,NEW,646,MODEL_V2,web,2026-05-25
A0001408,C001405,SME,1540902,INR,DECLINED,443,MODEL_V2,branch,2026-06-12
A0001409,C002807,SME,4618863,INR,APPROVED,840,MODEL_V2,partner,2026-06-26
A0001410,C001158,AUTO,2632922,USD,UNDER_REVIEW,771,MODEL_V2,web,2026-02-03
A0001411,C002171,AUTO,3021432,INR,APPROVED,657,MODEL_V2,partner,2026-09-26
A0001412,C002073,HOME,1249981,USD,APPROVED,318,MODEL_V1,mobile,2026-02-19
A0001413,C000835,PERSONAL,4286588,USD,DECLINED,604,RULE,branch,2026-08-20
A0001414,C001726,PERSONAL,1848419,INR,NEW,657,MANUAL,web,2026-05-16
A0001415,C001524,SME,4951284,INR,APPROVED,839,MANUAL,web,2026-06-20
A0001416,C000307,SME,2632361,INR,DISBURSED,413,,mobile,2026-01-04
A0001417,C003038,HOME,2456823,INR,UNDER_REVIEW,607,MODEL_V2,branch,2026-06-18
A0001418,C000602,AUTO,2785721,INR,DECLINED,572,MODEL_V2,mobile,2026-02-16
A0001419,C000897,AUTO,1379656,USD,DISBURSED,738,MANUAL,partner,2026-04-24
A0001420,C002421,HOME,4764621,USD,APPROVED,506,RULE,mobile,2026-06-09
A0001421,C003295,PERSONAL,4968795,INR,APPROVED,692,MODEL_V2,web,2026-09-18
A0001422,C003478,SME,438810,USD,DISBURSED,738,MANUAL,branch,2026-05-09
A0001423,C003254,AUTO,2486347,INR,DECLINED,508,RULE,branch,2026-05-02
A0001424,C001331,PERSONAL,123432,INR,DECLINED,574,MANUAL,branch,2026-08-15
A0001425,C002475,SME,2200585,INR,DISBURSED,538,MANUAL,partner,2026-07-20
A0001426,C000717,HOME,3656947,INR,APPROVED,406,RULE,mobile,2026-02-16
A0001427,C003457,HOME,1283574,INR,UNDER_REVIEW,441,MODEL_V2,branch,2026-03-28
A0001428,C001176,PERSONAL,4742148,INR,NEW,773,MODEL_V2,partner,2026-02-18
A0001429,C001190,HOME,3457836,USD,DISBURSED,479,RULE,branch,2026-03-28
A0001430,C003304,HOME,991703,INR,APPROVED,506,MODEL_V1,partner,2026-09-18
A0001431,C001267,AUTO,595115,USD,UNDER_REVIEW,721,MODEL_V1,web,2026-01-26
A0001432,C001437,PERSONAL,2749289,USD,NEW,744,RULE,partner,2026-08-12
A0001433,C003217,PERSONAL,3665850,USD,DECLINED,338,MANUAL,branch,2026-07-16
A0001434,C000216,PERSONAL,2830224,USD,UNDER_REVIEW,575,RULE,branch,2026-09-06
A0001435,C002784,PERSONAL,3757877,INR,UNDER_REVIEW,499,MODEL_V1,web,2026-07-23
A0001436,C003328,HOME,4839616,USD,NEW,463,MODEL_V1,web,2026-05-07
A0001437,C003055,PERSONAL,4820108,INR,NEW,312,RULE,mobile,2026-02-24
A0001438,C003392,AUTO,3464951,INR,DISBURSED,577,MODEL_V1,branch,2026-08-07
A0001439,C002039,SME,255880,USD,DISBURSED,745,MODEL_V1,partner,2026-07-17
A0001440,C002007,AUTO,1086907,USD,NEW,316,MANUAL,branch,2026-07-13
A0001441,C001625,AUTO,855431,INR,NEW,716,MODEL_V2,partner,2026-05-08
A0001442,C001347,SME,1750710,INR,NEW,544,MODEL_V2,web,2026-03-02
A0001443,C003233,SME,863897,INR,DECLINED,829,MODEL_V1,branch,2026-09-25
A0001444,C003102,PERSONAL,3716481,INR,APPROVED,465,MODEL_V2,web,2026-04-08
A0001445,C003499,AUTO,3752226,INR,UNDER_REVIEW,498,RULE,mobile,2026-09-06
A0001446,C001119,PERSONAL,4970406,INR,APPROVED,444,RULE,mobile,2026-09-17
A0001447,C001065,AUTO,4169430,INR,DECLINED,681,RULE,web,2026-08-02
A0001448,C000354,HOME,3949392,INR,DISBURSED,562,MODEL_V2,branch,2026-09-24
A0001449,C002118,AUTO,3268036,INR,DECLINED,301,RULE,branch,2026-07-14
A0001450,C001071,SME,491186,INR,APPROVED,630,MODEL_V1,branch,2026-09-02
A0001451,C000530,PERSONAL,3784928,INR,DISBURSED,305,RULE,mobile,2026-01-11
A0001452,C003430,SME,3487685,INR,UNDER_REVIEW,523,MANUAL,branch,2026-07-20
A0001453,C000794,HOME,336910,INR,DISBURSED,330,MODEL_V1,branch,2026-04-21
A0001454,C003226,SME,3160269,INR,UNDER_REVIEW,782,MODEL_V1,mobile,2026-05-14
A0001455,C003009,SME,965161,INR,UNDER_REVIEW,813,MODEL_V2,partner,2026-03-09
A0001456,C002714,AUTO,1699262,INR,NEW,452,MODEL_V2,partner,2026-08-02
A0001457,C000950,PERSONAL,1268259,INR,UNDER_REVIEW,697,MODEL_V1,partner,2026-04-06
A0001458,C003209,AUTO,136607,USD,NEW,578,MODEL_V1,partner,2026-07-24
A0001459,C000270,SME,4770932,INR,UNDER_REVIEW,716,MANUAL,web,2026-09-14
A0001460,C001707,PERSONAL,2301244,USD,NEW,582,MODEL_V1,partner,2026-01-08
A0001461,C000018,AUTO,4140308,INR,DECLINED,405,MANUAL,web,2026-06-05
A0001462,C003300,HOME,2589661,INR,NEW,458,MANUAL,branch,2026-07-28
A0001463,C001003,AUTO,4230600,INR,UNDER_REVIEW,496,MODEL_V2,branch,2026-05-26
A0001464,C002621,AUTO,1924546,INR,DISBURSED,797,MODEL_V1,partner,2026-06-03
A0001465,C002524,SME,1160483,INR,APPROVED,784,MODEL_V1,branch,2026-04-18
A0001466,C000389,AUTO,817756,USD,DECLINED,828,MODEL_V2,mobile,2026-07-14
A0001467,C002277,SME,1579591,INR,APPROVED,468,MODEL_V2,branch,2026-02-15
A0001468,C001377,PERSONAL,1163619,INR,UNDER_REVIEW,484,RULE,branch,2026-08-04
A0001469,C002149,HOME,2089177,INR,UNDER_REVIEW,426,MODEL_V1,web,2026-05-14
A0001470,C003283,AUTO,4773302,INR,APPROVED,745,MODEL_V1,web,2026-01-18
A0001471,C000549,AUTO,4335053,USD,DECLINED,317,MANUAL,partner,2026-01-12
A0001472,C002925,SME,4298205,INR,UNDER_REVIEW,846,MODEL_V2,mobile,2026-03-19
A0001473,C001227,SME,2628172,INR,UNDER_REVIEW,504,MODEL_V2,mobile,2026-07-03
A0001474,C000302,PERSONAL,1832173,INR,UNDER_REVIEW,726,MANUAL,partner,2026-04-24
A0001475,C001262,SME,4679874,USD,DISBURSED,432,MODEL_V1,partner,2026-08-22
A0001476,C001688,PERSONAL,1487880,INR,UNDER_REVIEW,622,,branch,2026-02-09
A0001477,C001675,AUTO,336614,INR,DECLINED,718,RULE,branch,2026-03-28
A0001478,C003368,PERSONAL,4937824,USD,APPROVED,708,RULE,branch,2026-04-12
A0001479,C002551,HOME,4165947,INR,NEW,579,RULE,mobile,2026-03-13
A0001480,C003389,HOME,3378734,USD,DECLINED,636,RULE,partner,2026-08-26
A0001481,C002542,SME,3630520,INR,DISBURSED,780,MODEL_V1,mobile,2026-08-19
A0001482,C000984,AUTO,3789506,INR,APPROVED,345,RULE,partner,2026-04-10
A0001483,C002559,HOME,434077,INR,UNDER_REVIEW,782,MODEL_V2,web,2026-06-01
A0001484,C001001,AUTO,3865206,USD,DISBURSED,489,MODEL_V2,partner,2026-07-06
A0001485,C000061,AUTO,2182340,INR,UNDER_REVIEW,643,MANUAL,partner,2026-08-26
A0001486,C002883,AUTO,3193685,INR,UNDER_REVIEW,433,MODEL_V1,partner,2026-02-10
A0001487,C001282,AUTO,3829555,USD,UNDER_REVIEW,387,MANUAL,web,2026-07-16
A0001488,C002970,AUTO,2356643,INR,DISBURSED,448,MODEL_V1,branch,2026-06-27
A0001489,C002460,SME,4904030,INR,DISBURSED,339,MANUAL,partner,2026-03-08
A0001490,C001978,HOME,4067073,INR,NEW,673,MODEL_V1,mobile,2026-08-09
A0001491,C002956,SME,4464954,INR,NEW,564,MANUAL,branch,2026-03-25
A0001492,C000885,AUTO,2983700,INR,UNDER_REVIEW,373,MODEL_V2,partner,2026-08-13
A0001493,C000081,AUTO,4700271,INR,APPROVED,650,MODEL_V1,partner,2026-02-25
A0001494,C003053,SME,4236307,INR,NEW,604,MODEL_V2,mobile,2026-09-06
A0001495,C000431,PERSONAL,199047,INR,APPROVED,679,MANUAL,branch,2026-04-18
A0001496,C001878,SME,598422,USD,DECLINED,603,MANUAL,web,2026-02-18
A0001497,C001012,AUTO,3150296,INR,DISBURSED,442,MODEL_V2,branch,2026-06-01
A0001498,C001391,SME,4506854,INR,UNDER_REVIEW,350,RULE,branch,2026-01-16
A0001499,C002271,SME,4250428,INR,APPROVED,330,MANUAL,web,2026-07-09
A0001500,C002823,HOME,4941240,INR,DECLINED,432,RULE,mobile,2026-09-07
A0001501,C003144,PERSONAL,2417890,USD,APPROVED,858,MODEL_V2,mobile,2026-02-18
A0001502,C002607,HOME,2286606,USD,UNDER_REVIEW,760,RULE,branch,2026-03-16
A0001503,C003277,SME,1294023,INR,NEW,670,RULE,mobile,2026-09-13
A0001504,C002587,SME,1187098,INR,DISBURSED,893,MODEL_V1,branch,2026-08-17
A0001505,C003102,SME,1995133,INR,DISBURSED,643,MANUAL,web,2026-05-08
A0001506,C001688,AUTO,1529977,INR,DISBURSED,316,MODEL_V1,partner,2026-01-16
A0001507,C003373,AUTO,202302,INR,UNDER_REVIEW,738,MANUAL,web,2026-03-03
A0001508,C000182,SME,303114,INR,NEW,618,MODEL_V2,web,2026-04-24
A0001509,C003130,SME,150622,INR,UNDER_REVIEW,573,MANUAL,web,2026-09-12
A0001510,C001476,PERSONAL,1118374,INR,NEW,312,MODEL_V1,branch,2026-04-26
A0001511,C000391,AUTO,1609737,INR,UNDER_REVIEW,737,RULE,partner,2026-02-13
A0001512,C000179,PERSONAL,4828459,INR,NEW,765,MANUAL,mobile,2026-03-27
A0001513,C003223,HOME,911250,INR,DECLINED,773,MODEL_V1,mobile,2026-09-08
A0001514,C001560,HOME,4583924,INR,NEW,328,RULE,branch,2026-08-23
A0001515,C002042,HOME,4205157,INR,DECLINED,765,RULE,mobile,2026-08-06
A0001516,C001505,HOME,3703744,INR,DECLINED,735,RULE,partner,2026-09-12
A0001517,C000900,PERSONAL,2822258,INR,UNDER_REVIEW,552,RULE,mobile,2026-06-17
A0001518,C002356,SME,2812622,USD,DISBURSED,860,RULE,mobile,2026-04-03
A0001519,C000376,SME,2581476,INR,NEW,363,MANUAL,mobile,2026-03-02
A0001520,C002342,AUTO,4023341,USD,DISBURSED,455,MODEL_V2,web,2026-02-05
A0001521,C003063,HOME,498010,INR,DECLINED,316,MODEL_V2,partner,2026-09-14
A0001522,C000306,PERSONAL,704006,USD,DISBURSED,342,MODEL_V1,mobile,2026-01-25
A0001523,C001262,AUTO,536386,INR,DECLINED,766,MODEL_V2,web,2026-08-09
A0001524,C000696,SME,4288091,INR,NEW,848,RULE,branch,2026-03-06
A0001525,C000459,HOME,4927395,USD,APPROVED,640,MODEL_V2,mobile,2026-02-28
A0001526,C003016,HOME,4200665,INR,APPROVED,553,RULE,web,2026-02-12
A0001527,C001793,AUTO,1701139,INR,APPROVED,486,RULE,branch,2026-02-02
A0001528,C001943,AUTO,483162,USD,NEW,470,RULE,branch,2026-04-02
A0001529,C003423,PERSONAL,3500409,USD,NEW,708,MODEL_V1,partner,2026-09-14
A0001530,C003197,SME,3744506,USD,NEW,586,MODEL_V2,web,2026-02-27
A0001531,C002608,AUTO,3952496,INR,DECLINED,374,RULE,branch,2026-08-04
A0001532,C002869,HOME,474225,INR,UNDER_REVIEW,662,MANUAL,branch,2026-02-03
A0001533,C002841,SME,1536121,INR,DISBURSED,589,MANUAL,branch,2026-02-23
A0001534,C003192,SME,3585817,INR,DISBURSED,492,MODEL_V2,partner,2026-07-09
A0001535,C001247,AUTO,1966525,USD,DECLINED,772,MODEL_V1,mobile,2026-07-21
A0001536,C002433,SME,3589540,INR,DISBURSED,649,MODEL_V1,branch,2026-01-03
A0001537,C001535,AUTO,1881872,INR,UNDER_REVIEW,746,MODEL_V1,mobile,2026-02-23
A0001538,C000151,HOME,3484407,USD,DISBURSED,473,RULE,mobile,2026-05-09
A0001539,C002490,SME,4316955,INR,DECLINED,600,MODEL_V2,partner,2026-08-13
A0001540,C002783,PERSONAL,538922,USD,DISBURSED,372,MODEL_V2,web,2026-09-24
A0001541,C001832,PERSONAL,4799514,INR,APPROVED,475,MODEL_V1,branch,2026-08-28
A0001542,C001015,AUTO,780248,INR,DECLINED,674,MODEL_V2,mobile,2026-05-08
A0001543,C001415,SME,3205345,USD,APPROVED,587,MANUAL,partner,2026-04-01
A0001544,C002788,HOME,2507538,INR,NEW,755,MODEL_V1,web,2026-09-02
A0001545,C000254,PERSONAL,945551,INR,DISBURSED,388,MODEL_V1,branch,2026-05-27
A0001546,C000343,SME,935608,INR,UNDER_REVIEW,644,RULE,mobile,2026-04-14
A0001547,C003445,PERSONAL,3348505,INR,APPROVED,497,MODEL_V1,partner,2026-02-11
A0001548,C002287,AUTO,3999288,USD,DECLINED,749,MODEL_V2,branch,2026-07-17
A0001549,C001393,AUTO,3115304,USD,DECLINED,647,MANUAL,web,2026-04-20
A0001550,C001342,PERSONAL,976482,INR,NEW,541,MODEL_V2,web,2026-08-20
A0001551,C001044,SME,4468539,USD,UNDER_REVIEW,545,MANUAL,branch,2026-08-05
A0001552,C002982,SME,3557477,INR,NEW,602,MODEL_V2,web,2026-01-14
A0001553,C000457,PERSONAL,4065130,INR,DECLINED,772,MODEL_V1,branch,2026-04-08
A0001554,C002497,AUTO,1036672,INR,DISBURSED,396,MODEL_V1,web,2026-01-28
A0001555,C003041,AUTO,1302177,USD,UNDER_REVIEW,454,MANUAL,partner,2026-04-23
A0001556,C000264,HOME,1528103,USD,APPROVED,626,MODEL_V2,branch,2026-07-02
A0001557,C001248,HOME,4510824,USD,DECLINED,513,MODEL_V2,partner,2026-07-18
A0001558,C002744,SME,3048613,INR,DECLINED,681,MODEL_V1,mobile,2026-06-03
A0001559,C003326,PERSONAL,4526644,INR,UNDER_REVIEW,826,RULE,mobile,2026-05-20
A0001560,C003355,PERSONAL,430942,INR,UNDER_REVIEW,673,RULE,mobile,2026-01-16
A0001561,C003084,SME,3295496,INR,DECLINED,390,MANUAL,branch,2026-04-28
A0001562,C001643,AUTO,3530587,INR,APPROVED,795,RULE,branch,2026-09-05
A0001563,C001097,HOME,945761,USD,APPROVED,478,MODEL_V2,partner,2026-05-04
A0001564,C002708,AUTO,3075207,INR,DISBURSED,327,MODEL_V2,mobile,2026-02-12
A0001565,C002309,HOME,2914487,INR,UNDER_REVIEW,556,RULE,mobile,2026-05-04
A0001566,C001387,PERSONAL,1763718,INR,NEW,457,MANUAL,partner,2026-05-12
A0001567,C000156,AUTO,1588876,USD,APPROVED,620,MANUAL,mobile,2026-04-14
A0001568,C002029,PERSONAL,1921255,INR,DISBURSED,428,MODEL_V1,web,2026-06-18
A0001569,C002534,AUTO,155039,INR,NEW,464,MODEL_V1,mobile,2026-04-04
A0001570,C000666,PERSONAL,3840769,INR,NEW,659,MODEL_V2,web,2026-04-22
A0001571,C001129,SME,4239342,USD,DECLINED,570,,branch,2026-08-02
A0001572,C003121,AUTO,608787,INR,DECLINED,654,MODEL_V2,partner,2026-08-06
A0001573,C001741,SME,4613761,INR,DECLINED,376,MODEL_V2,branch,2026-02-13
A0001574,C003103,AUTO,807015,USD,UNDER_REVIEW,358,MODEL_V1,branch,2026-01-21
A0001575,C001059,HOME,724175,USD,DISBURSED,743,MODEL_V1,partner,2026-07-14
A0001576,C002798,AUTO,1365951,INR,APPROVED,693,MANUAL,web,2026-06-18
A0001577,C001351,AUTO,2520133,INR,NEW,722,MODEL_V1,web,2026-06-18
A0001578,C002530,HOME,3785393,INR,APPROVED,783,MANUAL,branch,2026-08-20
A0001579,C002747,SME,4868664,INR,NEW,694,MODEL_V2,mobile,2026-01-01
A0001580,C001497,SME,676274,INR,DISBURSED,624,MANUAL,partner,2026-08-17
A0001581,C001598,SME,2358565,USD,DISBURSED,841,,branch,2026-08-27
A0001582,C003019,HOME,4492953,INR,UNDER_REVIEW,503,RULE,partner,2026-03-03
A0001583,C001189,PERSONAL,4849443,INR,NEW,434,MANUAL,branch,2026-09-20
A0001584,C001912,PERSONAL,2622711,USD,UNDER_REVIEW,752,MANUAL,web,2026-07-21
A0001585,C002057,AUTO,895217,INR,NEW,762,RULE,web,2026-04-08
A0001586,C002225,HOME,897318,INR,NEW,761,RULE,mobile,2026-03-25
A0001587,C002944,SME,722915,INR,NEW,540,MANUAL,mobile,2026-08-09
A0001588,C000407,SME,224397,USD,UNDER_REVIEW,638,MODEL_V1,partner,2026-04-05
A0001589,C000098,AUTO,4427220,INR,UNDER_REVIEW,882,RULE,mobile,2026-02-11
A0001590,C001439,AUTO,2148178,INR,APPROVED,655,RULE,mobile,2026-09-06
A0001591,C001474,HOME,1481501,INR,UNDER_REVIEW,543,,branch,2026-04-23
A0001592,C002769,HOME,3490092,INR,APPROVED,834,MANUAL,mobile,2026-05-13
A0001593,C001223,SME,4719008,USD,DISBURSED,682,RULE,partner,2026-08-05
A0001594,C003419,HOME,150878,USD,NEW,459,MANUAL,branch,2026-02-17
A0001595,C001021,HOME,4500774,INR,APPROVED,748,MANUAL,web,2026-04-02
A0001596,C001013,PERSONAL,3265404,INR,UNDER_REVIEW,740,MODEL_V1,mobile,2026-05-21
A0001597,C001314,HOME,633505,INR,APPROVED,447,MODEL_V2,branch,2026-03-05
A0001598,C003090,HOME,3826982,INR,NEW,835,MODEL_V2,mobile,2026-08-25
A0001599,C002040,AUTO,2198211,INR,UNDER_REVIEW,574,MODEL_V1,mobile,2026-04-28
A0001600,C001000,PERSONAL,4830346,INR,NEW,307,MANUAL,web,2026-05-01
A0001601,C000097,HOME,4518019,INR,DISBURSED,418,MODEL_V1,mobile,2026-07-16
A0001602,C001675,SME,3381849,USD,NEW,880,MODEL_V2,mobile,2026-02-22
A0001603,C001088,PERSONAL,2969790,INR,DISBURSED,722,RULE,branch,2026-03-09
A0001604,C001246,PERSONAL,4191736,INR,DECLINED,438,MODEL_V1,branch,2026-04-22
A0001605,C000289,SME,4518574,INR,NEW,390,RULE,mobile,2026-09-27
A0001606,C002752,HOME,1196806,INR,DISBURSED,574,MODEL_V1,mobile,2026-05-19
A0001607,C001592,AUTO,312025,INR,DECLINED,522,MODEL_V1,partner,2026-04-25
A0001608,C001514,SME,3793143,USD,DISBURSED,303,MANUAL,web,2026-06-13
A0001609,C002611,PERSONAL,4831917,INR,DISBURSED,304,MODEL_V1,mobile,2026-06-09
A0001610,C002366,AUTO,4243442,INR,APPROVED,442,MANUAL,branch,2026-05-22
A0001611,C000250,PERSONAL,1180900,INR,DECLINED,787,RULE,partner,2026-09-26
A0001612,C002429,PERSONAL,3562315,INR,UNDER_REVIEW,350,MANUAL,mobile,2026-09-14
A0001613,C001572,AUTO,1533792,INR,DISBURSED,536,MODEL_V1,branch,2026-07-19
A0001614,C001805,HOME,1888736,INR,UNDER_REVIEW,329,MODEL_V2,partner,2026-06-09
A0001615,C000770,AUTO,4844321,USD,DECLINED,835,MANUAL,web,2026-02-17
A0001616,C001864,PERSONAL,1214455,INR,APPROVED,841,MODEL_V1,branch,2026-04-03
A0001617,C001074,HOME,4991459,INR,DECLINED,765,RULE,web,2026-03-10
A0001618,C000778,HOME,2473080,USD,UNDER_REVIEW,898,MODEL_V2,web,2026-03-11
A0001619,C002404,AUTO,2051997,INR,DECLINED,699,MODEL_V1,mobile,2026-01-15
A0001620,C001571,PERSONAL,1309196,INR,NEW,448,MANUAL,partner,2026-04-03
A0001621,C002328,SME,2077798,INR,DISBURSED,825,RULE,mobile,2026-02-21
A0001622,C000226,PERSONAL,4667417,INR,DECLINED,578,MODEL_V1,partner,2026-09-28
A0001623,C002092,PERSONAL,1253338,INR,UNDER_REVIEW,672,MODEL_V2,partner,2026-02-01
A0001624,C003010,PERSONAL,4149433,INR,NEW,655,RULE,partner,2026-03-17
A0001625,C001290,HOME,1833480,USD,DISBURSED,830,MODEL_V2,partner,2026-01-12
A0001626,C000402,PERSONAL,293458,INR,UNDER_REVIEW,641,RULE,mobile,2026-06-16
A0001627,C002829,SME,998550,INR,UNDER_REVIEW,780,MODEL_V2,web,2026-06-06
A0001628,C002736,AUTO,1501220,INR,NEW,469,MODEL_V1,partner,2026-09-27
A0001629,C000093,HOME,818418,INR,NEW,773,MODEL_V2,partner,2026-02-26
A0001630,C001356,PERSONAL,2244031,INR,APPROVED,353,MODEL_V2,mobile,2026-02-06
A0001631,C001038,AUTO,851604,INR,UNDER_REVIEW,445,MODEL_V2,mobile,2026-05-01
A0001632,C003417,PERSONAL,1014020,INR,DISBURSED,506,MANUAL,partner,2026-06-26
A0001633,C001358,PERSONAL,2109696,INR,NEW,696,RULE,mobile,2026-07-26
A0001634,C000651,HOME,3850185,INR,NEW,497,MODEL_V2,mobile,2026-07-18
A0001635,C001602,SME,4400582,USD,UNDER_REVIEW,366,MANUAL,web,2026-08-18
A0001636,C001324,AUTO,300712,INR,NEW,502,MODEL_V2,mobile,2026-07-19
A0001637,C000067,AUTO,375693,INR,NEW,689,MODEL_V1,branch,2026-02-19
A0001638,C001973,AUTO,674399,INR,APPROVED,681,MODEL_V1,web,2026-08-20
A0001639,C001353,HOME,372607,INR,UNDER_REVIEW,696,MODEL_V2,mobile,2026-01-24
A0001640,C001613,PERSONAL,711897,INR,NEW,430,RULE,mobile,2026-07-03
A0001641,C002301,SME,1994326,INR,NEW,330,,mobile,2026-07-11
A0001642,C001613,AUTO,3650567,INR,APPROVED,556,MODEL_V2,partner,2026-05-05
A0001643,C002472,HOME,164091,INR,APPROVED,525,RULE,mobile,2026-07-18
A0001644,C003282,PERSONAL,2496507,INR,DISBURSED,362,MANUAL,web,2026-07-21
A0001645,C001050,AUTO,4359773,INR,DISBURSED,680,MODEL_V1,branch,2026-08-28
A0001646,C000206,SME,4306295,INR,APPROVED,859,MANUAL,branch,2026-09-27
A0001647,C002252,PERSONAL,3424731,INR,DISBURSED,546,MODEL_V2,mobile,2026-06-23
A0001648,C002739,PERSONAL,3553364,INR,UNDER_REVIEW,692,MODEL_V2,partner,2026-01-26
A0001649,C002995,SME,3128084,INR,NEW,300,MODEL_V2,partner,2026-05-28
A0001650,C003097,AUTO,396485,INR,DISBURSED,471,MANUAL,mobile,2026-03-08
A0001651,C000068,SME,3186546,USD,APPROVED,708,MANUAL,mobile,2026-04-23
A0001652,C003157,SME,4549464,INR,APPROVED,490,RULE,mobile,2026-06-28
A0001653,C003192,AUTO,1829774,INR,UNDER_REVIEW,653,MANUAL,mobile,2026-09-11
A0001654,C000225,PERSONAL,376778,USD,DECLINED,402,RULE,mobile,2026-09-18
A0001655,C002966,AUTO,2365771,INR,NEW,563,MANUAL,mobile,2026-09-02
A0001656,C001899,PERSONAL,3256131,INR,DECLINED,412,MANUAL,web,2026-02-23
A0001657,C002908,HOME,1186337,INR,UNDER_REVIEW,686,MANUAL,web,2026-01-20
A0001658,C001167,PERSONAL,2150718,USD,UNDER_REVIEW,751,RULE,partner,2026-06-28
A0001659,C000482,PERSONAL,2848605,INR,APPROVED,793,MODEL_V1,branch,2026-04-26
A0001660,C003274,PERSONAL,4139167,INR,DECLINED,823,MANUAL,partner,2026-03-27
A0001661,C000851,HOME,3894836,USD,UNDER_REVIEW,869,MODEL_V1,partner,2026-05-12
A0001662,C003368,HOME,4066774,USD,UNDER_REVIEW,875,MODEL_V1,mobile,2026-08-16
A0001663,C001944,AUTO,1234601,INR,DECLINED,517,MANUAL,branch,2026-07-23
A0001664,C003205,AUTO,312464,INR,UNDER_REVIEW,502,RULE,branch,2026-07-03
A0001665,C000037,SME,3062429,INR,DISBURSED,655,MANUAL,partner,2026-01-07
A0001666,C002621,AUTO,4890978,INR,APPROVED,835,,mobile,2026-04-03
A0001667,C002484,HOME,1355213,USD,DECLINED,505,MODEL_V1,partner,2026-08-08
A0001668,C003174,HOME,1982210,INR,DISBURSED,840,MANUAL,web,2026-06-14
A0001669,C000708,HOME,103292,INR,UNDER_REVIEW,761,RULE,branch,2026-01-03
A0001670,C003155,HOME,4734318,INR,APPROVED,590,MODEL_V1,partner,2026-05-24
A0001671,C002494,SME,3385886,INR,UNDER_REVIEW,500,MODEL_V1,mobile,2026-03-08
A0001672,C001427,PERSONAL,2036556,USD,DECLINED,346,RULE,branch,2026-06-09
A0001673,C002582,PERSONAL,2129579,USD,DECLINED,611,MANUAL,web,2026-03-06
A0001674,C003328,AUTO,917758,INR,DISBURSED,553,MANUAL,web,2026-08-05
A0001675,C003382,SME,4772042,INR,APPROVED,629,RULE,partner,2026-04-28
A0001676,C003223,HOME,2638457,INR,UNDER_REVIEW,897,RULE,partner,2026-01-21
A0001677,C000609,PERSONAL,4134084,INR,DISBURSED,756,RULE,partner,2026-02-24
A0001678,C001316,HOME,1215689,INR,UNDER_REVIEW,548,MANUAL,mobile,2026-05-13
A0001679,C001568,AUTO,3063608,USD,DISBURSED,636,MANUAL,web,2026-02-26
A0001680,C003343,AUTO,4731700,USD,DISBURSED,474,RULE,partner,2026-09-08
A0001681,C000277,AUTO,4335814,INR,DISBURSED,877,MODEL_V1,partner,2026-01-21
A0001682,C002907,PERSONAL,1311576,INR,APPROVED,562,RULE,branch,2026-07-01
A0001683,C002506,PERSONAL,4053373,INR,NEW,564,MODEL_V1,partner,2026-03-28
A0001684,C002551,PERSONAL,4300716,INR,DISBURSED,827,MANUAL,branch,2026-07-11
A0001685,C002519,AUTO,1125888,INR,UNDER_REVIEW,875,MODEL_V2,partner,2026-02-13
A0001686,C001734,HOME,3332506,INR,DISBURSED,483,RULE,web,2026-06-25
A0001687,C000306,AUTO,3584153,INR,UNDER_REVIEW,391,MODEL_V1,partner,2026-09-17
A0001688,C001566,HOME,4947052,INR,DISBURSED,441,RULE,branch,2026-05-19
A0001689,C002703,SME,735143,INR,DISBURSED,670,RULE,web,2026-09-03
A0001690,C001262,HOME,3805242,USD,NEW,862,RULE,branch,2026-04-23
A0001691,C000421,SME,2256933,USD,DISBURSED,406,MANUAL,branch,2026-04-27
A0001692,C003387,PERSONAL,4771550,INR,DECLINED,356,RULE,web,2026-09-02
A0001693,C001796,SME,114895,INR,DISBURSED,687,MANUAL,web,2026-09-02
A0001694,C003452,AUTO,3512661,INR,APPROVED,596,MODEL_V2,branch,2026-05-05
A0001695,C000056,SME,1605014,INR,DISBURSED,543,MANUAL,branch,2026-05-26
A0001696,C002304,SME,4648797,INR,NEW,467,RULE,mobile,2026-01-08
A0001697,C002580,SME,4474639,INR,UNDER_REVIEW,743,RULE,partner,2026-04-23
A0001698,C000871,HOME,2614923,USD,DECLINED,326,RULE,web,2026-01-25
A0001699,C000401,HOME,2635482,USD,UNDER_REVIEW,785,RULE,web,2026-01-23
A0001700,C003327,SME,3449802,INR,DISBURSED,865,MANUAL,web,2026-04-23
A0001701,C000830,SME,2557954,INR,NEW,887,RULE,web,2026-02-21
A0001702,C000511,AUTO,3252319,INR,DISBURSED,518,RULE,web,2026-02-13
A0001703,C001030,AUTO,970531,INR,NEW,596,MANUAL,mobile,2026-04-23
A0001704,C002937,PERSONAL,4335486,INR,APPROVED,683,MANUAL,partner,2026-03-10
A0001705,C002726,HOME,2611745,INR,DECLINED,793,MODEL_V1,partner,2026-01-07
A0001706,C001904,HOME,3541326,USD,DISBURSED,541,RULE,branch,2026-06-01
A0001707,C002781,AUTO,324305,INR,DECLINED,411,MODEL_V2,partner,2026-02-10
A0001708,C001686,SME,1354653,USD,APPROVED,842,MODEL_V2,partner,2026-08-10
A0001709,C003297,HOME,4963401,INR,APPROVED,785,RULE,partner,2026-05-24
A0001710,C000509,PERSONAL,4902986,INR,DECLINED,482,MANUAL,partner,2026-03-15
A0001711,C001869,SME,2897164,INR,UNDER_REVIEW,533,MODEL_V1,branch,2026-01-27
A0001712,C000987,SME,2034535,INR,UNDER_REVIEW,309,MODEL_V2,partner,2026-05-26
A0001713,C003075,HOME,3344237,INR,DISBURSED,434,MANUAL,branch,2026-07-24
A0001714,C000926,HOME,3249826,INR,DECLINED,625,MODEL_V2,branch,2026-06-26
A0001715,C000183,PERSONAL,1065969,INR,NEW,577,RULE,partner,2026-04-26
A0001716,C002907,AUTO,4571119,INR,DECLINED,747,MODEL_V2,web,2026-01-07
A0001717,C000314,HOME,3805062,INR,NEW,743,MODEL_V2,web,2026-04-10
A0001718,C002130,SME,2150821,INR,DISBURSED,428,RULE,web,2026-01-07
A0001719,C000898,SME,3772134,INR,NEW,643,MODEL_V1,mobile,2026-06-28
A0001720,C003112,AUTO,3413743,INR,DISBURSED,580,MANUAL,branch,2026-03-06
A0001721,C003334,HOME,4369339,USD,APPROVED,312,MODEL_V1,partner,2026-03-16
A0001722,C002721,PERSONAL,3166757,INR,NEW,552,MANUAL,partner,2026-07-18
A0001723,C003490,HOME,2770667,INR,UNDER_REVIEW,749,MANUAL,web,2026-02-25
A0001724,C001218,SME,3095450,USD,DISBURSED,890,RULE,mobile,2026-08-27
A0001725,C001218,SME,3668208,INR,DISBURSED,654,MODEL_V1,partner,2026-07-21
A0001726,C002180,PERSONAL,913943,INR,DECLINED,876,MANUAL,branch,2026-08-04
A0001727,C001819,PERSONAL,2385626,USD,DECLINED,351,MODEL_V1,branch,2026-04-21
A0001728,C003080,SME,1842315,USD,DECLINED,768,MODEL_V1,partner,2026-01-10
A0001729,C002144,AUTO,719134,USD,NEW,855,MANUAL,partner,2026-07-11
A0001730,C001033,PERSONAL,3720014,INR,DECLINED,782,MANUAL,branch,2026-06-07
A0001731,C002890,HOME,859268,INR,APPROVED,424,MODEL_V2,partner,2026-06-25
A0001732,C001827,SME,4686928,INR,DISBURSED,638,MANUAL,partner,2026-03-13
A0001733,C000088,SME,1246073,INR,NEW,686,RULE,partner,2026-09-06
A0001734,C002510,AUTO,803228,INR,APPROVED,580,MODEL_V1,web,2026-04-05
A0001735,C003025,HOME,4205842,INR,NEW,592,RULE,web,2026-04-02
A0001736,C000130,PERSONAL,4784844,USD,NEW,524,MODEL_V1,partner,2026-09-07
A0001737,C002625,SME,1532828,USD,UNDER_REVIEW,420,MANUAL,branch,2026-03-18
A0001738,C002889,HOME,3145973,INR,NEW,835,RULE,web,2026-09-09
A0001739,C000847,SME,1185997,INR,DECLINED,394,MODEL_V1,branch,2026-09-08
A0001740,C001379,AUTO,3748339,INR,DISBURSED,685,RULE,mobile,2026-09-18
A0001741,C003451,PERSONAL,2603720,INR,APPROVED,825,RULE,web,2026-02-18
A0001742,C000920,SME,3038167,INR,DECLINED,571,RULE,partner,2026-07-01
A0001743,C000785,SME,2438455,INR,APPROVED,774,RULE,web,2026-06-03
A0001744,C002902,PERSONAL,4462999,INR,UNDER_REVIEW,420,MANUAL,mobile,2026-02-08
A0001745,C000370,PERSONAL,2345832,INR,UNDER_REVIEW,839,MANUAL,partner,2026-04-04
A0001746,C002325,HOME,764498,USD,UNDER_REVIEW,502,,partner,2026-09-21
A0001747,C000309,SME,4547674,USD,UNDER_REVIEW,478,RULE,branch,2026-04-06
A0001748,C000305,SME,1849060,INR,DISBURSED,825,MODEL_V2,partner,2026-02-15
A0001749,C002703,AUTO,1501049,INR,DECLINED,565,RULE,branch,2026-02-22
A0001750,C001513,SME,2941209,USD,DISBURSED,756,MODEL_V1,mobile,2026-08-20
A0001751,C002259,HOME,2599752,INR,APPROVED,687,MODEL_V1,branch,2026-09-14
A0001752,C001904,SME,2171322,INR,DECLINED,626,MANUAL,mobile,2026-05-12
A0001753,C001246,HOME,2328581,INR,APPROVED,648,MODEL_V2,partner,2026-09-01
A0001754,C002882,HOME,95528,INR,DISBURSED,505,MODEL_V2,branch,2026-02-04
A0001755,C002015,PERSONAL,2851998,INR,APPROVED,663,RULE,branch,2026-05-22
A0001756,C002954,PERSONAL,70165,INR,APPROVED,735,,branch,2026-04-24
A0001757,C000550,AUTO,2192461,INR,DISBURSED,804,MANUAL,partner,2026-08-09
A0001758,C000308,SME,3567560,INR,NEW,655,MODEL_V2,branch,2026-03-12
A0001759,C003238,HOME,1811304,INR,APPROVED,505,MANUAL,partner,2026-05-12
A0001760,C000160,AUTO,486655,INR,APPROVED,672,RULE,partner,2026-02-12
A0001761,C001366,HOME,4451299,USD,DECLINED,557,MODEL_V1,mobile,2026-04-03
A0001762,C000790,PERSONAL,1253674,INR,DECLINED,637,MODEL_V2,branch,2026-01-09
A0001763,C000408,PERSONAL,4665186,INR,NEW,528,MANUAL,branch,2026-03-03
A0001764,C002372,SME,2715039,USD,DECLINED,456,RULE,web,2026-01-11
A0001765,C002293,SME,1137062,INR,DISBURSED,426,RULE,web,2026-08-21
A0001766,C002784,SME,740732,USD,DECLINED,629,MANUAL,web,2026-03-13
A0001767,C000030,SME,169655,INR,DISBURSED,760,MANUAL,mobile,2026-06-01
A0001768,C000706,PERSONAL,4193625,INR,DISBURSED,420,MODEL_V1,branch,2026-01-06
A0001769,C000728,PERSONAL,3186499,INR,APPROVED,797,RULE,partner,2026-06-26
A0001770,C001121,HOME,3833151,INR,DECLINED,301,MODEL_V2,web,2026-09-28
A0001771,C000757,HOME,3861139,INR,UNDER_REVIEW,508,MANUAL,mobile,2026-07-13
A0001772,C000595,HOME,1162424,INR,APPROVED,784,MODEL_V1,mobile,2026-09-12
A0001773,C003315,AUTO,2244271,INR,DECLINED,689,RULE,partner,2026-07-28
A0001774,C002559,PERSONAL,393005,USD,DISBURSED,777,MODEL_V1,partner,2026-07-25
A0001775,C000652,AUTO,1645106,INR,NEW,699,MODEL_V1,branch,2026-04-28
A0001776,C002571,SME,4673084,USD,DISBURSED,377,RULE,web,2026-06-24
A0001777,C001543,HOME,4078565,INR,UNDER_REVIEW,520,RULE,partner,2026-05-03
A0001778,C000100,HOME,1078949,INR,NEW,336,MANUAL,branch,2026-06-12
A0001779,C000628,SME,3153510,USD,DECLINED,770,MANUAL,web,2026-02-01
A0001780,C003408,AUTO,2301874,USD,DISBURSED,787,MODEL_V2,branch,2026-04-09
A0001781,C002955,SME,1780624,INR,NEW,412,RULE,branch,2026-07-07
A0001782,C002128,PERSONAL,1417332,INR,APPROVED,832,MODEL_V2,web,2026-06-20
A0001783,C001620,PERSONAL,2759652,INR,DECLINED,830,MODEL_V1,branch,2026-03-03
A0001784,C000961,SME,3353668,INR,NEW,688,MODEL_V1,mobile,2026-07-03
A0001785,C003184,AUTO,3964131,INR,APPROVED,373,MANUAL,mobile,2026-03-03
A0001786,C003038,PERSONAL,3331666,INR,NEW,528,,partner,2026-09-11
A0001787,C002174,AUTO,2394830,INR,UNDER_REVIEW,572,RULE,web,2026-09-01
A0001788,C001856,SME,4428858,INR,UNDER_REVIEW,761,RULE,mobile,2026-05-15
A0001789,C000133,PERSONAL,820266,INR,UNDER_REVIEW,362,MANUAL,partner,2026-04-19
A0001790,C002755,SME,971809,INR,DISBURSED,375,MODEL_V2,partner,2026-06-14
A0001791,C000022,SME,3376825,INR,DECLINED,787,MODEL_V1,web,2026-05-20
A0001792,C003331,SME,898019,USD,UNDER_REVIEW,316,MODEL_V2,mobile,2026-04-14
A0001793,C002656,AUTO,3202478,INR,APPROVED,514,MANUAL,partner,2026-01-23
A0001794,C003071,SME,1148131,USD,DISBURSED,367,RULE,web,2026-07-01
A0001795,C003434,HOME,482454,INR,DECLINED,691,MODEL_V2,mobile,2026-02-23
A0001796,C000341,PERSONAL,4159562,INR,APPROVED,735,RULE,branch,2026-03-04
A0001797,C002483,AUTO,4255142,USD,UNDER_REVIEW,725,MODEL_V1,branch,2026-06-12
A0001798,C002284,HOME,151279,USD,NEW,834,MODEL_V1,partner,2026-01-28
A0001799,C002357,PERSONAL,2360226,INR,DISBURSED,367,RULE,branch,2026-07-27
A0001800,C000750,AUTO,2042089,INR,NEW,307,RULE,web,2026-03-12
A0001801,C003491,PERSONAL,1094720,INR,NEW,362,RULE,branch,2026-02-13
A0001802,C002535,SME,1441501,INR,UNDER_REVIEW,801,MODEL_V1,web,2026-09-11
A0001803,C003359,HOME,4659097,INR,APPROVED,629,MODEL_V1,partner,2026-09-22
A0001804,C001638,HOME,2693682,INR,UNDER_REVIEW,707,MODEL_V1,partner,2026-07-19
A0001805,C000520,AUTO,1492393,INR,NEW,539,MANUAL,branch,2026-07-20
A0001806,C000902,SME,4880589,USD,UNDER_REVIEW,538,MODEL_V1,mobile,2026-03-28
A0001807,C003044,PERSONAL,1217095,USD,DECLINED,568,MANUAL,branch,2026-01-24
A0001808,C000278,PERSONAL,1808636,INR,APPROVED,771,MODEL_V2,web,2026-06-05
A0001809,C002469,HOME,3896499,INR,APPROVED,792,MANUAL,web,2026-08-11
A0001810,C000214,SME,4199536,INR,NEW,658,RULE,branch,2026-06-21
A0001811,C002303,HOME,1133300,INR,APPROVED,346,,branch,2026-09-06
A0001812,C000293,HOME,3602518,INR,UNDER_REVIEW,654,MODEL_V1,branch,2026-02-16
A0001813,C002385,PERSONAL,1543148,INR,APPROVED,773,MODEL_V2,partner,2026-06-13
A0001814,C001206,PERSONAL,3323141,INR,DECLINED,590,MODEL_V1,web,2026-04-15
A0001815,C000610,HOME,2987129,USD,UNDER_REVIEW,361,MODEL_V2,branch,2026-06-16
A0001816,C001563,AUTO,4008971,USD,NEW,807,RULE,mobile,2026-01-18
A0001817,C002349,HOME,666690,INR,DISBURSED,707,RULE,mobile,2026-09-16
A0001818,C000368,HOME,468523,USD,DISBURSED,557,RULE,mobile,2026-09-08
A0001819,C002412,AUTO,2487750,USD,NEW,309,RULE,branch,2026-02-23
A0001820,C000696,AUTO,1842788,INR,UNDER_REVIEW,581,MODEL_V2,web,2026-03-19
A0001821,C001152,HOME,3456648,INR,DISBURSED,534,,mobile,2026-09-07
A0001822,C001612,PERSONAL,4139859,INR,APPROVED,653,MODEL_V2,web,2026-02-28
A0001823,C001993,AUTO,2327869,INR,UNDER_REVIEW,626,MANUAL,web,2026-03-07
A0001824,C001494,PERSONAL,1016989,INR,APPROVED,874,MANUAL,mobile,2026-03-07
A0001825,C000745,PERSONAL,4472425,INR,UNDER_REVIEW,590,RULE,mobile,2026-02-04
A0001826,C002318,HOME,4357572,INR,DISBURSED,596,RULE,partner,2026-08-28
A0001827,C000904,SME,2329722,INR,DECLINED,809,RULE,partner,2026-06-04
A0001828,C001608,AUTO,1836432,INR,NEW,391,MODEL_V2,mobile,2026-01-10
A0001829,C001081,SME,4691509,INR,UNDER_REVIEW,653,RULE,branch,2026-03-12
A0001830,C002546,HOME,3672375,INR,DISBURSED,861,MODEL_V1,mobile,2026-02-23
A0001831,C001715,PERSONAL,3094213,INR,DECLINED,817,MODEL_V1,branch,2026-01-16
A0001832,C002941,HOME,4661792,INR,UNDER_REVIEW,389,MODEL_V2,branch,2026-03-22
A0001833,C001971,HOME,4980267,USD,NEW,565,RULE,web,2026-02-10
A0001834,C003223,HOME,2405749,USD,DECLINED,699,MANUAL,mobile,2026-02-28
A0001835,C003444,SME,3267706,INR,DECLINED,862,RULE,branch,2026-01-27
A0001836,C000447,PERSONAL,3444747,INR,NEW,301,RULE,web,2026-01-17
A0001837,C002774,PERSONAL,1570795,INR,APPROVED,550,MODEL_V1,mobile,2026-06-05
A0001838,C001772,SME,3527329,INR,DECLINED,527,RULE,web,2026-06-21
A0001839,C001794,PERSONAL,1445258,USD,APPROVED,491,MANUAL,partner,2026-02-19
A0001840,C002355,SME,4682298,USD,NEW,747,MODEL_V2,mobile,2026-09-18
A0001841,C000340,PERSONAL,763392,INR,NEW,707,RULE,partner,2026-02-03
A0001842,C003471,SME,256563,USD,UNDER_REVIEW,816,MANUAL,mobile,2026-07-12
A0001843,C002534,SME,2684981,USD,DISBURSED,864,MANUAL,branch,2026-09-07
A0001844,C000619,AUTO,4954448,INR,NEW,603,MANUAL,web,2026-04-21
A0001845,C000516,PERSONAL,567727,USD,DISBURSED,774,RULE,web,2026-04-22
A0001846,C003393,PERSONAL,4802769,INR,APPROVED,699,RULE,mobile,2026-01-20
A0001847,C002926,PERSONAL,3952390,USD,DISBURSED,841,MANUAL,branch,2026-06-26
A0001848,C001446,PERSONAL,3656713,INR,DECLINED,664,RULE,web,2026-04-16
A0001849,C002165,HOME,2548253,INR,DECLINED,774,MODEL_V1,web,2026-04-16
A0001850,C002724,PERSONAL,2325042,INR,UNDER_REVIEW,795,MODEL_V2,mobile,2026-05-18
A0001851,C002274,AUTO,1944439,INR,APPROVED,847,MODEL_V1,web,2026-05-13
A0001852,C000588,PERSONAL,844394,INR,UNDER_REVIEW,590,MODEL_V1,mobile,2026-08-23
A0001853,C000222,HOME,794233,INR,UNDER_REVIEW,767,MODEL_V2,branch,2026-06-23
A0001854,C002661,SME,2666639,INR,APPROVED,374,RULE,branch,2026-05-24
A0001855,C000831,AUTO,4408546,INR,APPROVED,569,MODEL_V2,partner,2026-04-13
A0001856,C001665,AUTO,3062452,USD,NEW,864,MODEL_V1,partner,2026-09-16
A0001857,C001548,AUTO,1951908,INR,UNDER_REVIEW,482,MANUAL,web,2026-02-04
A0001858,C003137,HOME,2098008,INR,DECLINED,456,MODEL_V2,partner,2026-04-15
A0001859,C003235,AUTO,4698067,INR,DECLINED,484,MANUAL,branch,2026-05-25
A0001860,C003380,AUTO,861547,INR,UNDER_REVIEW,786,MODEL_V2,partner,2026-07-18
A0001861,C001700,PERSONAL,2552526,INR,DISBURSED,654,MANUAL,branch,2026-02-01
A0001862,C002930,PERSONAL,2927832,INR,NEW,593,MANUAL,web,2026-03-20
A0001863,C000141,AUTO,4716191,INR,DECLINED,397,MODEL_V1,mobile,2026-06-05
A0001864,C000384,HOME,2965893,INR,DISBURSED,331,RULE,web,2026-04-23
A0001865,C000056,HOME,2097195,INR,DECLINED,780,MODEL_V2,partner,2026-01-26
A0001866,C001837,SME,1857541,USD,DISBURSED,755,,mobile,2026-06-28
A0001867,C000847,SME,4207655,USD,DISBURSED,778,MODEL_V1,branch,2026-08-16
A0001868,C003058,SME,226602,INR,NEW,442,MODEL_V1,branch,2026-09-25
A0001869,C002488,HOME,210918,INR,NEW,371,MANUAL,partner,2026-01-25
A0001870,C000266,HOME,3432783,USD,NEW,654,RULE,web,2026-01-11
A0001871,C000125,SME,464847,INR,NEW,724,,branch,2026-08-02
A0001872,C001243,SME,3550166,INR,APPROVED,726,MODEL_V2,mobile,2026-01-19
A0001873,C002886,SME,3775913,INR,DISBURSED,855,MODEL_V1,partner,2026-01-03
A0001874,C002509,AUTO,4960859,INR,NEW,329,RULE,partner,2026-08-21
A0001875,C003158,SME,3900575,INR,NEW,818,MANUAL,partner,2026-01-24
A0001876,C000858,PERSONAL,2600252,INR,DISBURSED,873,MODEL_V2,partner,2026-04-21
A0001877,C002448,HOME,1651181,INR,APPROVED,827,RULE,branch,2026-08-25
A0001878,C002277,SME,2916606,INR,APPROVED,388,MODEL_V2,mobile,2026-06-18
A0001879,C001337,HOME,3650114,USD,DECLINED,880,MODEL_V1,web,2026-06-22
A0001880,C002892,HOME,3236997,INR,NEW,698,MODEL_V1,partner,2026-08-12
A0001881,C002689,AUTO,2817061,USD,DECLINED,856,,web,2026-03-24
A0001882,C000505,AUTO,2894588,USD,APPROVED,377,MANUAL,partner,2026-09-19
A0001883,C003196,PERSONAL,260939,INR,DISBURSED,472,RULE,mobile,2026-02-03
A0001884,C000573,HOME,2166634,INR,DECLINED,509,RULE,branch,2026-09-23
A0001885,C000850,AUTO,4205340,INR,NEW,515,RULE,mobile,2026-05-13
A0001886,C001524,AUTO,4960129,INR,DISBURSED,612,MANUAL,mobile,2026-05-01
A0001887,C003418,AUTO,4789572,INR,DECLINED,609,MODEL_V1,partner,2026-06-15
A0001888,C000879,PERSONAL,2345598,INR,NEW,845,RULE,partner,2026-09-19
A0001889,C001918,HOME,1649081,INR,APPROVED,357,RULE,mobile,2026-09-28
A0001890,C000140,HOME,1239072,USD,APPROVED,315,MODEL_V1,mobile,2026-03-15
A0001891,C000588,SME,4034695,INR,DECLINED,316,MODEL_V1,web,2026-04-01
A0001892,C001203,SME,338401,INR,DISBURSED,545,MODEL_V1,mobile,2026-04-18
A0001893,C000384,HOME,4679559,INR,DECLINED,476,MANUAL,web,2026-07-11
A0001894,C001436,HOME,1857056,USD,DISBURSED,376,MODEL_V1,web,2026-06-27
A0001895,C003025,PERSONAL,3519238,INR,DISBURSED,482,MODEL_V1,mobile,2026-02-24
A0001896,C001303,AUTO,4112074,INR,NEW,720,,partner,2026-01-12
A0001897,C002224,PERSONAL,422418,USD,APPROVED,647,MANUAL,mobile,2026-09-08
A0001898,C001485,PERSONAL,4476704,USD,DECLINED,313,MODEL_V2,partner,2026-04-11
A0001899,C002503,AUTO,140999,INR,UNDER_REVIEW,358,MODEL_V2,web,2026-02-03
A0001900,C002177,AUTO,4826337,USD,UNDER_REVIEW,888,MANUAL,mobile,2026-07-25
A0001901,C001760,SME,3717642,INR,NEW,404,MANUAL,branch,2026-02-04
A0001902,C001310,AUTO,501841,INR,APPROVED,452,MODEL_V1,mobile,2026-07-17
A0001903,C003311,HOME,1215756,USD,UNDER_REVIEW,454,MODEL_V1,partner,2026-02-11
A0001904,C001728,SME,4161865,USD,APPROVED,426,MANUAL,partner,2026-07-10
A0001905,C001644,AUTO,1258271,INR,DECLINED,429,MODEL_V1,mobile,2026-06-09
A0001906,C000869,SME,1876250,USD,NEW,480,MODEL_V1,web,2026-07-06
A0001907,C000265,AUTO,2330045,INR,NEW,381,MANUAL,mobile,2026-06-02
A0001908,C002426,AUTO,2919846,INR,UNDER_REVIEW,897,MODEL_V1,mobile,2026-02-13
A0001909,C002117,AUTO,653789,INR,APPROVED,358,RULE,partner,2026-03-26
A0001910,C000959,SME,120471,INR,APPROVED,679,MODEL_V1,branch,2026-01-24
A0001911,C001714,PERSONAL,894734,USD,NEW,853,MODEL_V1,mobile,2026-08-02
A0001912,C002993,HOME,363335,INR,UNDER_REVIEW,472,RULE,web,2026-08-11
A0001913,C002731,AUTO,1651752,INR,DECLINED,438,MANUAL,partner,2026-08-11
A0001914,C003172,AUTO,2433476,USD,DECLINED,861,MANUAL,branch,2026-01-28
A0001915,C001690,SME,681046,INR,NEW,867,MODEL_V2,branch,2026-01-22
A0001916,C001086,PERSONAL,1628151,USD,APPROVED,766,RULE,branch,2026-02-06
A0001917,C000044,SME,2517871,INR,DECLINED,769,MODEL_V1,partner,2026-04-17
A0001918,C000684,HOME,2679021,USD,DECLINED,713,MODEL_V2,partner,2026-04-01
A0001919,C000864,PERSONAL,111568,USD,APPROVED,307,RULE,mobile,2026-04-28
A0001920,C001571,PERSONAL,1187059,INR,DISBURSED,627,RULE,web,2026-02-19
A0001921,C002983,AUTO,4070643,INR,NEW,794,MODEL_V2,web,2026-01-19
A0001922,C000377,HOME,4312846,INR,DECLINED,632,RULE,mobile,2026-06-23
A0001923,C002254,HOME,162733,INR,DISBURSED,518,MODEL_V1,web,2026-05-18
A0001924,C000077,PERSONAL,260911,INR,APPROVED,778,MODEL_V2,mobile,2026-04-04
A0001925,C002363,AUTO,3144153,INR,APPROVED,746,MANUAL,branch,2026-09-17
A0001926,C002217,AUTO,800028,USD,NEW,743,MODEL_V2,branch,2026-04-28
A0001927,C000632,SME,1059255,INR,UNDER_REVIEW,712,RULE,partner,2026-04-07
A0001928,C002324,AUTO,2519432,INR,UNDER_REVIEW,703,MODEL_V2,branch,2026-07-26
A0001929,C002894,SME,1770396,USD,UNDER_REVIEW,646,MANUAL,branch,2026-09-08
A0001930,C002566,AUTO,3502970,INR,DECLINED,402,RULE,partner,2026-03-05
A0001931,C000172,AUTO,288160,INR,UNDER_REVIEW,568,RULE,web,2026-03-07
A0001932,C000423,SME,392246,INR,DECLINED,461,MANUAL,partner,2026-07-06
A0001933,C002602,AUTO,2314302,INR,DISBURSED,556,MODEL_V2,branch,2026-07-08
A0001934,C002206,HOME,2646634,USD,DECLINED,865,MANUAL,branch,2026-06-13
A0001935,C000207,HOME,1300663,INR,DISBURSED,615,MODEL_V1,web,2026-01-08
A0001936,C000383,PERSONAL,4148411,USD,APPROVED,497,,branch,2026-05-26
A0001937,C000382,HOME,3330426,INR,NEW,639,RULE,mobile,2026-06-05
A0001938,C000684,HOME,2207644,INR,DISBURSED,478,MODEL_V2,branch,2026-08-25
A0001939,C002222,AUTO,2606686,INR,NEW,594,MANUAL,mobile,2026-06-14
A0001940,C001782,HOME,1780675,INR,APPROVED,580,MANUAL,mobile,2026-05-08
A0001941,C003089,SME,1908110,INR,NEW,318,MODEL_V2,branch,2026-01-12
A0001942,C002356,AUTO,3231562,INR,NEW,896,MODEL_V2,mobile,2026-06-16
A0001943,C000436,PERSONAL,3042230,INR,DECLINED,665,MODEL_V2,branch,2026-07-11
A0001944,C003355,HOME,4200898,INR,NEW,357,RULE,partner,2026-01-15
A0001945,C000663,AUTO,536295,USD,DISBURSED,334,MODEL_V2,web,2026-07-15
A0001946,C000476,AUTO,854547,USD,NEW,397,RULE,partner,2026-01-21
A0001947,C000856,PERSONAL,1820603,INR,UNDER_REVIEW,880,MODEL_V2,partner,2026-05-21
A0001948,C000040,HOME,2388434,INR,NEW,455,RULE,partner,2026-05-28
A0001949,C001926,AUTO,2526329,INR,UNDER_REVIEW,604,MANUAL,branch,2026-03-28
A0001950,C000860,AUTO,2686666,USD,APPROVED,654,MODEL_V2,branch,2026-05-23
A0001951,C001728,PERSONAL,1677726,INR,DISBURSED,548,MANUAL,partner,2026-08-28
A0001952,C000796,SME,2706809,INR,NEW,819,MODEL_V2,web,2026-02-20
A0001953,C000688,SME,4196678,INR,APPROVED,760,RULE,branch,2026-01-09
A0001954,C000253,HOME,209503,USD,DECLINED,868,RULE,branch,2026-06-02
A0001955,C003216,AUTO,3979716,USD,APPROVED,537,RULE,partner,2026-07-14
A0001956,C001363,SME,2866602,INR,DECLINED,587,MODEL_V1,branch,2026-05-07
A0001957,C000046,AUTO,3243293,INR,DECLINED,520,MODEL_V1,branch,2026-09-14
A0001958,C000738,PERSONAL,2542716,USD,UNDER_REVIEW,655,MANUAL,branch,2026-04-19
A0001959,C001593,HOME,173655,INR,UNDER_REVIEW,336,MANUAL,mobile,2026-04-07
A0001960,C000101,PERSONAL,2832673,INR,APPROVED,785,MODEL_V2,partner,2026-05-09
A0001961,C001721,HOME,4569696,USD,DECLINED,677,MODEL_V2,partner,2026-03-17
A0001962,C000893,HOME,2783377,INR,DISBURSED,571,MODEL_V1,partner,2026-05-06
A0001963,C003057,SME,3495999,INR,DISBURSED,473,MANUAL,branch,2026-05-26
A0001964,C002123,AUTO,2131300,INR,APPROVED,629,MODEL_V2,web,2026-01-28
A0001965,C000474,AUTO,3025393,INR,NEW,592,MODEL_V2,partner,2026-05-22
A0001966,C002421,SME,1149659,INR,DECLINED,713,MODEL_V2,branch,2026-05-13
A0001967,C001431,PERSONAL,4003675,INR,APPROVED,539,MODEL_V1,branch,2026-01-14
A0001968,C001922,HOME,1071257,INR,DISBURSED,482,RULE,web,2026-09-17
A0001969,C003366,AUTO,3096077,USD,UNDER_REVIEW,624,MODEL_V1,branch,2026-01-06
A0001970,C002896,PERSONAL,327148,INR,DISBURSED,464,RULE,web,2026-05-26
A0001971,C000411,AUTO,2155603,INR,APPROVED,450,MANUAL,mobile,2026-09-13
A0001972,C003025,HOME,4228288,INR,APPROVED,776,RULE,branch,2026-08-19
A0001973,C003363,SME,124681,USD,DECLINED,754,RULE,branch,2026-01-23
A0001974,C000396,SME,4287935,INR,NEW,677,RULE,branch,2026-03-07
A0001975,C001192,AUTO,1765852,INR,UNDER_REVIEW,724,MODEL_V2,branch,2026-04-16
A0001976,C003381,PERSONAL,2931247,INR,APPROVED,441,,partner,2026-08-21
A0001977,C003294,HOME,4448701,INR,DECLINED,898,MODEL_V2,partner,2026-02-02
A0001978,C001240,AUTO,499414,INR,DECLINED,655,RULE,partner,2026-03-18
A0001979,C003444,SME,850493,USD,APPROVED,486,MODEL_V1,branch,2026-06-21
A0001980,C003033,AUTO,3800765,INR,UNDER_REVIEW,505,RULE,mobile,2026-09-23
A0001981,C001625,HOME,2017435,INR,APPROVED,604,RULE,branch,2026-01-16
A0001982,C000029,SME,2332420,INR,NEW,323,MODEL_V1,web,2026-05-26
A0001983,C001008,AUTO,907406,INR,NEW,576,MODEL_V1,mobile,2026-09-22
A0001984,C000053,PERSONAL,3045918,INR,UNDER_REVIEW,565,RULE,branch,2026-03-27
A0001985,C002209,HOME,2330627,USD,NEW,730,MANUAL,partner,2026-01-27
A0001986,C001194,SME,4923760,INR,DISBURSED,307,MANUAL,branch,2026-07-21
A0001987,C002947,PERSONAL,2749493,INR,NEW,348,MANUAL,mobile,2026-04-19
A0001988,C001796,HOME,1809836,USD,NEW,701,MODEL_V2,partner,2026-07-11
A0001989,C003206,AUTO,4929683,INR,DISBURSED,530,MODEL_V1,mobile,2026-02-22
A0001990,C000105,SME,4432086,INR,NEW,817,MODEL_V2,branch,2026-09-16
A0001991,C000670,AUTO,2998587,INR,DISBURSED,579,MODEL_V1,web,2026-03-09
A0001992,C000954,AUTO,3420600,INR,UNDER_REVIEW,432,MANUAL,branch,2026-05-24
A0001993,C000474,HOME,3817899,INR,NEW,377,MODEL_V2,partner,2026-01-18
A0001994,C000252,PERSONAL,2414858,INR,NEW,378,RULE,mobile,2026-04-27
A0001995,C002869,PERSONAL,4377256,INR,DISBURSED,495,RULE,mobile,2026-05-15
A0001996,C001419,AUTO,1905587,USD,DECLINED,733,,mobile,2026-08-05
A0001997,C001638,AUTO,4874205,INR,DISBURSED,802,RULE,partner,2026-04-11
A0001998,C002863,PERSONAL,3312139,INR,DISBURSED,842,RULE,branch,2026-05-16
A0001999,C001047,AUTO,2797439,INR,APPROVED,811,MODEL_V1,branch,2026-01-02
A0002000,C003059,AUTO,3531883,INR,NEW,793,MODEL_V1,partner,2026-04-03
A0002001,C002292,SME,2952154,USD,DISBURSED,340,,web,2026-06-15
A0002002,C001730,PERSONAL,3507142,INR,DISBURSED,410,MODEL_V1,partner,2026-06-20
A0002003,C001314,AUTO,4138786,INR,NEW,458,MANUAL,web,2026-08-13
A0002004,C002688,PERSONAL,4225377,INR,DECLINED,756,MODEL_V2,branch,2026-05-16
A0002005,C000812,AUTO,2829224,USD,DISBURSED,648,RULE,branch,2026-03-23
A0002006,C001732,HOME,1943711,INR,DECLINED,841,MANUAL,partner,2026-02-01
A0002007,C001925,AUTO,862975,USD,DECLINED,423,MANUAL,mobile,2026-09-25
A0002008,C000104,PERSONAL,1548404,USD,NEW,826,MODEL_V2,partner,2026-09-05
A0002009,C002589,PERSONAL,3635348,INR,NEW,745,MODEL_V2,web,2026-05-19
A0002010,C001604,SME,1186785,USD,APPROVED,628,MODEL_V1,branch,2026-09-09
A0002011,C002230,HOME,2903798,INR,UNDER_REVIEW,344,MANUAL,partner,2026-06-27
A0002012,C003341,SME,4877474,INR,APPROVED,360,MODEL_V2,branch,2026-04-08
A0002013,C002162,SME,2744149,INR,DECLINED,858,MANUAL,web,2026-07-24
A0002014,C003337,SME,3441116,INR,APPROVED,611,RULE,branch,2026-02-21
A0002015,C000034,SME,1289632,USD,APPROVED,796,RULE,partner,2026-06-10
A0002016,C000414,PERSONAL,3070876,INR,DECLINED,810,MODEL_V1,mobile,2026-09-02
A0002017,C002268,SME,4040576,INR,DECLINED,514,MODEL_V1,branch,2026-03-11
A0002018,C000776,HOME,1307376,INR,DECLINED,411,MODEL_V1,branch,2026-08-18
A0002019,C000236,SME,154980,INR,APPROVED,411,MANUAL,branch,2026-04-26
A0002020,C002550,AUTO,3271517,INR,DISBURSED,824,MODEL_V1,web,2026-03-19
A0002021,C003448,SME,3854846,USD,DISBURSED,434,MANUAL,partner,2026-03-01
A0002022,C001339,HOME,2235922,INR,DECLINED,563,MODEL_V1,web,2026-04-24
A0002023,C002572,SME,4425811,INR,APPROVED,609,RULE,branch,2026-06-09
A0002024,C002462,AUTO,844325,INR,APPROVED,344,RULE,partner,2026-02-03
A0002025,C000767,HOME,3775729,USD,APPROVED,702,MANUAL,partner,2026-08-23
A0002026,C001749,PERSONAL,3953128,INR,APPROVED,440,MODEL_V1,web,2026-05-28
A0002027,C001886,AUTO,1700796,USD,DISBURSED,845,MODEL_V1,branch,2026-03-02
A0002028,C002339,AUTO,1794302,INR,UNDER_REVIEW,835,MODEL_V1,branch,2026-02-25
A0002029,C002134,HOME,2074262,INR,DISBURSED,697,RULE,mobile,2026-07-10
A0002030,C003147,SME,3688442,INR,DECLINED,672,MODEL_V1,partner,2026-05-24
A0002031,C001215,PERSONAL,1148364,INR,DISBURSED,690,,branch,2026-02-08
A0002032,C002928,SME,812425,INR,NEW,517,RULE,branch,2026-05-13
A0002033,C002441,SME,4829677,USD,APPROVED,789,MODEL_V2,web,2026-01-07
A0002034,C002134,PERSONAL,2477193,INR,DISBURSED,807,MODEL_V2,mobile,2026-03-20
A0002035,C002857,PERSONAL,1600331,INR,NEW,552,MODEL_V1,mobile,2026-03-12
A0002036,C001421,AUTO,2241119,INR,NEW,437,MODEL_V2,mobile,2026-03-19
A0002037,C001992,HOME,4122291,INR,DISBURSED,809,RULE,mobile,2026-05-13
A0002038,C002547,AUTO,369454,INR,DECLINED,610,RULE,mobile,2026-05-18
A0002039,C001771,HOME,2774628,INR,DISBURSED,879,MODEL_V2,partner,2026-08-16
A0002040,C000537,PERSONAL,4055031,INR,DISBURSED,814,MODEL_V2,branch,2026-06-28
A0002041,C003120,PERSONAL,4620604,USD,APPROVED,555,MANUAL,branch,2026-09-03
A0002042,C002106,AUTO,4199892,USD,DISBURSED,781,RULE,mobile,2026-05-06
A0002043,C003150,HOME,3120786,INR,APPROVED,573,MODEL_V1,mobile,2026-07-08
A0002044,C000169,HOME,2080439,USD,DISBURSED,653,MODEL_V2,branch,2026-05-08
A0002045,C000727,PERSONAL,4511831,INR,APPROVED,461,MANUAL,partner,2026-07-13
A0002046,C002341,PERSONAL,2276354,USD,UNDER_REVIEW,432,MODEL_V2,web,2026-04-23
A0002047,C001350,PERSONAL,716255,USD,DECLINED,530,MODEL_V2,mobile,2026-01-25
A0002048,C002108,AUTO,3428862,INR,DISBURSED,555,MODEL_V1,web,2026-05-27
A0002049,C003012,PERSONAL,4307168,INR,APPROVED,574,MODEL_V2,branch,2026-03-20
A0002050,C002097,HOME,2855527,INR,DECLINED,671,MANUAL,partner,2026-05-24
A0002051,C002985,PERSONAL,2638976,USD,DISBURSED,666,MANUAL,mobile,2026-03-09
A0002052,C000745,HOME,3580714,INR,DISBURSED,455,MANUAL,web,2026-04-01
A0002053,C001587,PERSONAL,281108,INR,DECLINED,873,MODEL_V1,web,2026-06-07
A0002054,C001890,HOME,3631604,USD,NEW,557,MANUAL,web,2026-08-07
A0002055,C000677,AUTO,619152,USD,DECLINED,667,MODEL_V1,partner,2026-09-12
A0002056,C000272,PERSONAL,308138,INR,NEW,340,,mobile,2026-04-11
A0002057,C001702,HOME,4549156,INR,NEW,585,MANUAL,branch,2026-09-23
A0002058,C000297,SME,1874965,INR,NEW,431,MODEL_V2,partner,2026-06-05
A0002059,C003247,PERSONAL,2279418,INR,DECLINED,300,MODEL_V2,partner,2026-07-26
A0002060,C000362,HOME,1970250,INR,APPROVED,357,MODEL_V1,branch,2026-05-15
A0002061,C000908,PERSONAL,2784627,USD,NEW,884,,partner,2026-08-15
A0002062,C000233,AUTO,2854434,INR,DECLINED,402,MANUAL,mobile,2026-01-02
A0002063,C001802,HOME,4812550,INR,NEW,301,MODEL_V1,partner,2026-01-25
A0002064,C002021,SME,3288492,USD,UNDER_REVIEW,400,MODEL_V2,web,2026-04-02
A0002065,C000803,AUTO,1577344,USD,NEW,358,MODEL_V2,mobile,2026-06-11
A0002066,C003071,PERSONAL,1414062,INR,UNDER_REVIEW,703,MODEL_V1,mobile,2026-01-08
A0002067,C003358,AUTO,1084497,INR,UNDER_REVIEW,303,RULE,branch,2026-07-01
A0002068,C002733,AUTO,518778,INR,DISBURSED,423,MANUAL,mobile,2026-01-01
A0002069,C001108,PERSONAL,801202,INR,DECLINED,378,MODEL_V1,partner,2026-06-18
A0002070,C002290,PERSONAL,262190,INR,APPROVED,431,RULE,branch,2026-05-15
A0002071,C003345,AUTO,3878480,INR,NEW,555,,partner,2026-09-10
A0002072,C002591,AUTO,1184000,USD,NEW,483,MANUAL,web,2026-02-08
A0002073,C001636,AUTO,506111,INR,NEW,500,RULE,branch,2026-08-28
A0002074,C000444,AUTO,703807,INR,APPROVED,521,RULE,mobile,2026-02-18
A0002075,C002685,SME,2065995,USD,DECLINED,432,MODEL_V1,branch,2026-01-17
A0002076,C000194,HOME,2002464,INR,NEW,313,,partner,2026-02-07
A0002077,C000285,SME,2992701,INR,APPROVED,599,RULE,branch,2026-01-19
A0002078,C001073,SME,2619222,INR,APPROVED,401,MODEL_V1,branch,2026-06-07
A0002079,C000211,HOME,3749040,INR,DECLINED,393,MANUAL,mobile,2026-03-16
A0002080,C002503,PERSONAL,3933968,INR,NEW,483,MODEL_V2,partner,2026-08-03
A0002081,C002894,SME,2355452,INR,NEW,807,RULE,web,2026-04-17
A0002082,C000679,SME,2915385,INR,UNDER_REVIEW,351,MODEL_V1,branch,2026-01-19
A0002083,C001525,HOME,2779027,INR,DISBURSED,588,MANUAL,web,2026-06-11
A0002084,C003227,PERSONAL,3748211,INR,DISBURSED,448,MODEL_V1,branch,2026-03-22
A0002085,C000464,SME,4437019,INR,DECLINED,691,MODEL_V2,web,2026-06-05
A0002086,C000794,AUTO,1986381,INR,UNDER_REVIEW,895,MODEL_V2,web,2026-02-09
A0002087,C000839,HOME,229520,INR,UNDER_REVIEW,720,MODEL_V1,partner,2026-08-21
A0002088,C000889,PERSONAL,2661280,INR,NEW,511,RULE,partner,2026-08-12
A0002089,C002973,SME,1576729,USD,DECLINED,779,RULE,mobile,2026-06-13
A0002090,C001634,AUTO,3810265,USD,APPROVED,812,MANUAL,branch,2026-05-09
A0002091,C001972,AUTO,4444120,USD,DECLINED,784,,partner,2026-01-24
A0002092,C000998,AUTO,1888643,USD,DISBURSED,320,MODEL_V1,partner,2026-03-26
A0002093,C000584,SME,4259398,INR,DISBURSED,835,RULE,mobile,2026-04-25
A0002094,C000482,AUTO,1399811,INR,UNDER_REVIEW,544,MANUAL,partner,2026-08-13
A0002095,C002073,SME,3244499,INR,UNDER_REVIEW,348,RULE,mobile,2026-01-21
A0002096,C002303,HOME,3010015,USD,UNDER_REVIEW,604,,branch,2026-01-10
A0002097,C002758,PERSONAL,2485940,INR,DISBURSED,893,RULE,branch,2026-07-26
A0002098,C002609,SME,3077040,INR,APPROVED,512,MODEL_V2,branch,2026-04-12
A0002099,C000839,AUTO,941808,INR,NEW,681,MANUAL,branch,2026-01-13
A0002100,C002759,PERSONAL,2124688,INR,DECLINED,733,MANUAL,web,2026-05-11
A0002101,C002095,HOME,3791048,INR,APPROVED,708,,mobile,2026-06-04
A0002102,C002136,PERSONAL,2151489,INR,DECLINED,730,MANUAL,mobile,2026-03-26
A0002103,C000112,HOME,3179719,INR,DECLINED,572,MANUAL,web,2026-08-08
A0002104,C000880,AUTO,2350730,INR,DISBURSED,753,RULE,branch,2026-04-11
A0002105,C000605,SME,4762316,USD,DISBURSED,689,MODEL_V1,branch,2026-06-19
A0002106,C001237,PERSONAL,3757426,INR,NEW,526,MODEL_V2,branch,2026-04-12
A0002107,C002841,AUTO,4795201,INR,UNDER_REVIEW,322,MODEL_V1,branch,2026-03-04
A0002108,C002647,AUTO,4818063,INR,DISBURSED,541,MANUAL,web,2026-02-15
A0002109,C000928,AUTO,773294,INR,DECLINED,878,RULE,web,2026-03-11
A0002110,C000826,PERSONAL,2701814,USD,APPROVED,475,RULE,branch,2026-01-12
A0002111,C001844,HOME,1486770,USD,DECLINED,858,MODEL_V1,mobile,2026-07-09
A0002112,C001082,PERSONAL,4788310,INR,DISBURSED,871,MODEL_V1,mobile,2026-04-24
A0002113,C000439,PERSONAL,4892436,INR,APPROVED,770,MANUAL,web,2026-08-11
A0002114,C003257,HOME,4715732,INR,DECLINED,660,MODEL_V2,web,2026-05-25
A0002115,C000926,SME,2690430,INR,UNDER_REVIEW,319,RULE,web,2026-05-24
A0002116,C001076,PERSONAL,4934289,INR,APPROVED,358,,partner,2026-07-11
A0002117,C002308,PERSONAL,580864,USD,DISBURSED,538,MODEL_V1,branch,2026-08-16
A0002118,C002679,SME,915582,USD,DECLINED,324,MODEL_V1,branch,2026-09-20
A0002119,C002520,PERSONAL,2772953,INR,NEW,329,MODEL_V1,partner,2026-06-25
A0002120,C001411,HOME,2332972,INR,UNDER_REVIEW,837,RULE,web,2026-01-11
A0002121,C003271,AUTO,3774399,INR,NEW,719,MODEL_V1,mobile,2026-09-18
A0002122,C001749,HOME,2618473,INR,UNDER_REVIEW,300,RULE,web,2026-05-22
A0002123,C001493,AUTO,1055244,INR,DECLINED,844,RULE,branch,2026-07-25
A0002124,C002018,PERSONAL,3953694,INR,APPROVED,798,MANUAL,branch,2026-09-10
A0002125,C003187,HOME,4842302,INR,UNDER_REVIEW,444,MANUAL,web,2026-08-28
A0002126,C003055,HOME,4526452,INR,DISBURSED,686,MODEL_V2,mobile,2026-01-27
A0002127,C002659,PERSONAL,1054540,INR,DISBURSED,823,MODEL_V2,web,2026-01-24
A0002128,C000422,AUTO,577808,INR,DISBURSED,765,MODEL_V2,mobile,2026-01-27
A0002129,C000759,PERSONAL,2228949,INR,DECLINED,549,RULE,branch,2026-04-05
A0002130,C000849,SME,741350,INR,DECLINED,417,MANUAL,mobile,2026-01-04
A0002131,C000778,SME,2701517,INR,UNDER_REVIEW,388,,branch,2026-05-10
A0002132,C002014,AUTO,78011,USD,NEW,730,MODEL_V2,web,2026-08-05
A0002133,C001994,SME,2766821,INR,APPROVED,834,MODEL_V1,partner,2026-02-17
A0002134,C002416,SME,2471807,USD,UNDER_REVIEW,543,MANUAL,partner,2026-03-14
A0002135,C001338,SME,1083978,USD,UNDER_REVIEW,642,MODEL_V1,partner,2026-04-23
A0002136,C000183,AUTO,408242,INR,APPROVED,630,,web,2026-09-24
A0002137,C000088,SME,1178561,INR,DISBURSED,769,MANUAL,web,2026-03-01
A0002138,C003332,HOME,2216229,INR,UNDER_REVIEW,350,MODEL_V2,branch,2026-09-08
A0002139,C003073,AUTO,690838,INR,APPROVED,410,MODEL_V1,web,2026-08-23
A0002140,C000633,HOME,1092913,INR,APPROVED,764,MODEL_V2,partner,2026-07-16
A0002141,C000471,SME,4817173,INR,DISBURSED,322,MODEL_V1,branch,2026-05-09
A0002142,C001919,HOME,294472,USD,DECLINED,616,MODEL_V2,partner,2026-01-24
A0002143,C000657,HOME,4525047,USD,DISBURSED,629,MODEL_V2,mobile,2026-07-22
A0002144,C000422,SME,729103,INR,APPROVED,552,MODEL_V1,branch,2026-05-21
A0002145,C000438,HOME,1924923,USD,DISBURSED,380,MODEL_V1,partner,2026-08-19
A0002146,C003185,PERSONAL,1034103,INR,APPROVED,473,MODEL_V2,partner,2026-06-23
A0002147,C003058,HOME,4231508,INR,DECLINED,829,MANUAL,branch,2026-01-06
A0002148,C000141,AUTO,1781486,INR,DISBURSED,796,MANUAL,mobile,2026-07-18
A0002149,C002378,SME,4395568,USD,DECLINED,408,MODEL_V1,partner,2026-02-14
A0002150,C001589,AUTO,536832,INR,UNDER_REVIEW,479,MANUAL,partner,2026-05-26
A0002151,C001613,SME,2164140,USD,APPROVED,745,MODEL_V2,mobile,2026-05-03
A0002152,C000617,AUTO,1845638,INR,APPROVED,379,MODEL_V2,mobile,2026-04-07
A0002153,C003250,HOME,693383,INR,APPROVED,582,MODEL_V2,partner,2026-07-05
A0002154,C000500,PERSONAL,4468497,INR,NEW,542,MANUAL,partner,2026-08-01
A0002155,C002015,HOME,1488163,INR,APPROVED,813,MODEL_V2,web,2026-01-18
A0002156,C001474,HOME,4045306,INR,NEW,606,MANUAL,web,2026-04-23
A0002157,C002642,SME,3959232,INR,DECLINED,520,MODEL_V1,partner,2026-01-07
A0002158,C001139,SME,3895246,USD,UNDER_REVIEW,834,MANUAL,web,2026-02-21
A0002159,C002098,PERSONAL,3137048,INR,NEW,762,MANUAL,partner,2026-02-13
A0002160,C002240,SME,4507255,USD,UNDER_REVIEW,610,MODEL_V2,web,2026-01-19
A0002161,C002893,HOME,2725082,INR,DECLINED,349,MODEL_V2,mobile,2026-04-01
A0002162,C001537,HOME,3479951,INR,NEW,730,RULE,branch,2026-01-21
A0002163,C001666,SME,4159830,INR,NEW,562,MODEL_V1,branch,2026-07-28
A0002164,C001690,AUTO,1658935,INR,NEW,536,MODEL_V2,branch,2026-07-09
A0002165,C002714,SME,1629580,INR,DECLINED,473,MANUAL,partner,2026-03-04
A0002166,C002814,AUTO,941582,INR,UNDER_REVIEW,482,MANUAL,web,2026-09-17
A0002167,C001717,PERSONAL,4621137,INR,DECLINED,745,MODEL_V2,branch,2026-08-03
A0002168,C002226,PERSONAL,3303709,INR,NEW,551,MANUAL,mobile,2026-06-26
A0002169,C002166,HOME,4769066,INR,UNDER_REVIEW,715,MANUAL,partner,2026-08-10
A0002170,C002485,AUTO,4109205,INR,DISBURSED,446,RULE,web,2026-01-07
A0002171,C003105,AUTO,3501040,INR,DISBURSED,536,MANUAL,web,2026-04-28
A0002172,C003177,PERSONAL,1991059,INR,APPROVED,751,MODEL_V1,mobile,2026-07-07
A0002173,C002289,AUTO,3942406,USD,NEW,711,MANUAL,mobile,2026-06-22
A0002174,C001870,HOME,1616530,INR,DISBURSED,624,MODEL_V1,partner,2026-07-17
A0002175,C002022,SME,4953868,USD,UNDER_REVIEW,853,MANUAL,web,2026-01-08
A0002176,C000518,HOME,4073679,INR,UNDER_REVIEW,504,MODEL_V2,branch,2026-05-27
A0002177,C001091,PERSONAL,4987480,INR,DECLINED,437,MODEL_V1,partner,2026-09-15
A0002178,C002526,AUTO,2135353,INR,UNDER_REVIEW,332,MANUAL,web,2026-01-11
A0002179,C003379,HOME,3396369,INR,DISBURSED,761,MODEL_V1,branch,2026-05-14
A0002180,C002541,SME,4297076,INR,DISBURSED,831,MANUAL,partner,2026-03-14
A0002181,C001953,HOME,926406,USD,NEW,808,RULE,branch,2026-03-17
A0002182,C003145,AUTO,3082564,INR,NEW,552,MODEL_V1,mobile,2026-08-24
A0002183,C001480,SME,4761913,USD,DISBURSED,574,MODEL_V1,mobile,2026-01-18
A0002184,C002563,SME,3198504,INR,UNDER_REVIEW,484,RULE,branch,2026-04-13
A0002185,C000814,AUTO,3728053,USD,DECLINED,756,MODEL_V1,branch,2026-07-23
A0002186,C002304,SME,746136,INR,DECLINED,890,RULE,partner,2026-01-08
A0002187,C001895,HOME,660997,INR,DISBURSED,325,MODEL_V2,web,2026-08-13
A0002188,C002026,SME,560952,INR,NEW,649,MODEL_V1,web,2026-07-10
A0002189,C001355,HOME,4842094,INR,DECLINED,589,MODEL_V2,partner,2026-04-14
A0002190,C002008,PERSONAL,173790,INR,DISBURSED,702,MODEL_V2,partner,2026-09-14
A0002191,C000321,PERSONAL,2699985,INR,DECLINED,836,MODEL_V1,mobile,2026-04-18
A0002192,C001004,AUTO,1281636,INR,NEW,696,MODEL_V2,web,2026-06-05
A0002193,C003113,SME,3194918,INR,NEW,741,RULE,web,2026-07-07
A0002194,C000657,SME,1210040,INR,UNDER_REVIEW,411,MODEL_V1,branch,2026-05-16
A0002195,C001202,HOME,509526,INR,DECLINED,339,MODEL_V1,web,2026-08-11
A0002196,C001383,SME,4470791,INR,APPROVED,625,MANUAL,web,2026-09-11
A0002197,C003140,HOME,3655651,INR,UNDER_REVIEW,884,MODEL_V1,web,2026-07-06
A0002198,C001431,AUTO,3391722,USD,DISBURSED,721,RULE,mobile,2026-03-16
A0002199,C002877,SME,844739,INR,DECLINED,791,MODEL_V1,web,2026-04-08
A0002200,C002820,PERSONAL,2496484,INR,NEW,865,MODEL_V1,branch,2026-07-06
A0002201,C000623,HOME,1147361,INR,APPROVED,795,RULE,web,2026-06-13
A0002202,C002379,SME,4213580,USD,APPROVED,674,MODEL_V2,web,2026-08-27
A0002203,C002707,PERSONAL,870380,INR,DECLINED,812,RULE,mobile,2026-07-26
A0002204,C002362,HOME,3062878,INR,DISBURSED,799,MODEL_V1,mobile,2026-06-02
A0002205,C001965,SME,4782229,INR,DISBURSED,517,MODEL_V2,branch,2026-01-24
A0002206,C000343,PERSONAL,607644,INR,NEW,479,,mobile,2026-02-16
A0002207,C000553,HOME,4307248,INR,UNDER_REVIEW,315,MANUAL,web,2026-06-18
A0002208,C000145,SME,1407403,USD,NEW,495,MANUAL,branch,2026-01-21
A0002209,C000314,AUTO,2503996,INR,UNDER_REVIEW,745,MODEL_V1,partner,2026-08-06
A0002210,C000738,AUTO,637229,INR,UNDER_REVIEW,481,MODEL_V2,partner,2026-09-19
A0002211,C000056,PERSONAL,607014,INR,DISBURSED,690,MODEL_V2,branch,2026-08-06
A0002212,C002692,PERSONAL,4945096,INR,NEW,594,RULE,branch,2026-01-12
A0002213,C000970,SME,999515,USD,DECLINED,643,RULE,branch,2026-05-19
A0002214,C001037,HOME,4814659,INR,DECLINED,560,MODEL_V2,branch,2026-04-04
A0002215,C003281,PERSONAL,2788749,USD,APPROVED,797,MANUAL,partner,2026-02-15
A0002216,C001078,HOME,3287499,INR,APPROVED,501,MODEL_V1,web,2026-04-18
A0002217,C002355,SME,4524514,INR,NEW,673,MODEL_V1,branch,2026-06-18
A0002218,C000224,PERSONAL,4979201,USD,DECLINED,710,RULE,branch,2026-01-19
A0002219,C001916,PERSONAL,2936854,USD,UNDER_REVIEW,647,MODEL_V1,partner,2026-09-20
A0002220,C003324,AUTO,4177971,INR,DISBURSED,358,MODEL_V2,web,2026-07-08
A0002221,C001529,SME,1995845,INR,NEW,469,MANUAL,web,2026-09-02
A0002222,C002631,AUTO,4877699,INR,DECLINED,305,MODEL_V2,web,2026-07-14
A0002223,C002268,PERSONAL,1201717,INR,DECLINED,311,MODEL_V1,branch,2026-06-19
A0002224,C003393,HOME,2559306,INR,DISBURSED,386,RULE,mobile,2026-05-23
A0002225,C002687,SME,2852954,INR,NEW,789,MODEL_V2,mobile,2026-01-28
A0002226,C000502,SME,3976618,INR,UNDER_REVIEW,717,MODEL_V2,branch,2026-03-18
A0002227,C003422,SME,2467273,INR,APPROVED,429,RULE,branch,2026-04-10
A0002228,C001157,HOME,3813408,USD,NEW,686,MODEL_V1,partner,2026-09-27
A0002229,C001260,SME,4020975,INR,APPROVED,816,MODEL_V1,branch,2026-09-08
A0002230,C001152,AUTO,1589127,INR,DISBURSED,616,MANUAL,mobile,2026-03-14
A0002231,C002834,HOME,4550413,INR,NEW,731,,branch,2026-08-19
A0002232,C001856,AUTO,610834,USD,UNDER_REVIEW,502,MODEL_V1,web,2026-02-28
A0002233,C000367,SME,2315920,INR,APPROVED,523,MANUAL,partner,2026-03-09
A0002234,C000189,HOME,3423729,INR,UNDER_REVIEW,324,MODEL_V2,branch,2026-08-14
A0002235,C002095,HOME,751530,INR,APPROVED,731,RULE,branch,2026-09-23
A0002236,C000081,PERSONAL,2924743,INR,APPROVED,579,MANUAL,branch,2026-05-13
A0002237,C001707,AUTO,4161062,INR,UNDER_REVIEW,552,MANUAL,web,2026-03-15
A0002238,C002323,PERSONAL,3716016,USD,UNDER_REVIEW,713,RULE,partner,2026-02-13
A0002239,C000663,SME,3176031,INR,DISBURSED,688,RULE,partner,2026-09-21
A0002240,C000531,PERSONAL,4446934,INR,DECLINED,631,MODEL_V2,branch,2026-02-18
A0002241,C000952,PERSONAL,3434463,INR,UNDER_REVIEW,536,RULE,branch,2026-05-27
A0002242,C003163,HOME,1613561,USD,DISBURSED,622,MODEL_V1,web,2026-05-03
A0002243,C000005,AUTO,4540589,INR,DISBURSED,751,MANUAL,mobile,2026-06-24
A0002244,C000542,AUTO,2161565,INR,NEW,796,MANUAL,branch,2026-05-17
A0002245,C001313,SME,3180671,USD,APPROVED,734,MODEL_V2,branch,2026-04-18
A0002246,C000746,HOME,2400410,INR,DISBURSED,367,MODEL_V2,branch,2026-07-06
A0002247,C003379,PERSONAL,3523911,INR,DECLINED,720,RULE,partner,2026-04-14
A0002248,C000230,PERSONAL,4955010,INR,DECLINED,492,RULE,web,2026-08-17
A0002249,C003361,HOME,3417814,INR,APPROVED,360,MANUAL,branch,2026-07-04
A0002250,C001983,PERSONAL,4985329,USD,UNDER_REVIEW,671,RULE,partner,2026-02-20
A0002251,C001884,PERSONAL,261194,INR,DISBURSED,676,MODEL_V1,branch,2026-09-16
A0002252,C003155,PERSONAL,3080134,INR,NEW,719,MODEL_V2,partner,2026-07-04
A0002253,C000038,PERSONAL,1293642,INR,NEW,884,MODEL_V1,partner,2026-01-28
A0002254,C001184,SME,1082961,INR,NEW,581,MODEL_V2,web,2026-01-07
A0002255,C002923,HOME,4227411,USD,DECLINED,851,RULE,branch,2026-06-01
A0002256,C003118,PERSONAL,3485711,INR,UNDER_REVIEW,477,MODEL_V2,branch,2026-02-25
A0002257,C000360,HOME,4417688,INR,APPROVED,869,MODEL_V2,mobile,2026-01-21
A0002258,C000735,PERSONAL,3653750,INR,DECLINED,503,MODEL_V2,mobile,2026-03-03
A0002259,C002733,HOME,1397161,INR,UNDER_REVIEW,755,MODEL_V1,web,2026-07-22
A0002260,C003243,PERSONAL,1944614,INR,DISBURSED,557,MANUAL,web,2026-04-15
A0002261,C000323,AUTO,1922015,INR,DISBURSED,806,MODEL_V2,branch,2026-02-24
A0002262,C002619,AUTO,4787485,INR,UNDER_REVIEW,312,MANUAL,web,2026-03-20
A0002263,C000666,AUTO,3768819,INR,DECLINED,784,MODEL_V2,partner,2026-01-20
A0002264,C001906,PERSONAL,3477240,INR,DISBURSED,603,MANUAL,web,2026-07-21
A0002265,C002053,PERSONAL,4003247,INR,NEW,565,MANUAL,mobile,2026-09-26
A0002266,C002947,PERSONAL,1854721,USD,DECLINED,452,MODEL_V2,web,2026-07-27
A0002267,C000063,SME,2765369,INR,UNDER_REVIEW,711,MODEL_V2,web,2026-05-06
A0002268,C002411,AUTO,1456962,INR,DISBURSED,874,MANUAL,branch,2026-05-04
A0002269,C000109,PERSONAL,2558950,INR,UNDER_REVIEW,521,MODEL_V1,web,2026-04-27
A0002270,C002388,HOME,1163498,INR,APPROVED,592,RULE,partner,2026-04-16
A0002271,C003184,SME,4971453,USD,NEW,361,RULE,partner,2026-07-12
A0002272,C000215,PERSONAL,2024278,INR,NEW,555,MODEL_V2,branch,2026-03-06
A0002273,C003121,SME,2647309,INR,APPROVED,527,MODEL_V2,partner,2026-02-03
A0002274,C002136,AUTO,3036586,INR,DECLINED,501,MODEL_V1,web,2026-01-20
A0002275,C001313,PERSONAL,2057510,INR,UNDER_REVIEW,814,MODEL_V2,partner,2026-05-20
A0002276,C001672,SME,3865656,INR,APPROVED,563,MODEL_V2,mobile,2026-02-09
A0002277,C002528,SME,4517782,INR,APPROVED,787,MODEL_V1,branch,2026-04-09
A0002278,C002753,AUTO,1746643,INR,APPROVED,646,MODEL_V2,mobile,2026-07-05
A0002279,C000065,AUTO,945090,INR,DISBURSED,879,MODEL_V1,mobile,2026-03-02
A0002280,C002606,AUTO,2904304,INR,DECLINED,417,MODEL_V2,web,2026-01-08
A0002281,C000346,HOME,837034,INR,DISBURSED,429,MODEL_V2,partner,2026-05-04
A0002282,C001627,AUTO,3953717,INR,DISBURSED,362,MODEL_V1,partner,2026-01-08
A0002283,C000123,PERSONAL,440280,INR,DECLINED,461,MODEL_V2,branch,2026-05-23
A0002284,C000899,HOME,1207242,INR,DECLINED,305,RULE,partner,2026-01-10
A0002285,C001959,AUTO,2358604,USD,APPROVED,881,MODEL_V1,branch,2026-06-13
A0002286,C001628,HOME,960233,INR,APPROVED,338,MODEL_V1,mobile,2026-08-16
A0002287,C002731,SME,2192152,USD,UNDER_REVIEW,515,RULE,partner,2026-05-14
A0002288,C002931,AUTO,1699217,INR,DISBURSED,720,MANUAL,branch,2026-01-13
A0002289,C002669,PERSONAL,4352947,INR,NEW,424,RULE,branch,2026-01-03
A0002290,C002516,HOME,594815,INR,DECLINED,648,RULE,partner,2026-02-02
A0002291,C002146,SME,2410537,USD,DECLINED,874,RULE,partner,2026-03-10
A0002292,C000389,SME,1518858,USD,DISBURSED,323,MODEL_V1,partner,2026-02-16
A0002293,C002282,SME,1434557,INR,DECLINED,866,RULE,partner,2026-07-12
A0002294,C002181,HOME,3263535,USD,DISBURSED,474,MODEL_V1,branch,2026-07-15
A0002295,C001064,PERSONAL,3348696,INR,NEW,550,MODEL_V2,branch,2026-07-17
A0002296,C001450,HOME,2009431,USD,DISBURSED,555,,mobile,2026-02-14
A0002297,C000149,AUTO,2618934,INR,DECLINED,656,MODEL_V1,mobile,2026-09-19
A0002298,C000447,SME,4248781,USD,DISBURSED,637,MODEL_V1,branch,2026-01-24
A0002299,C000214,PERSONAL,1448879,INR,DISBURSED,692,MODEL_V1,branch,2026-05-24
A0002300,C001781,AUTO,3329211,INR,DISBURSED,432,MANUAL,partner,2026-03-12
A0002301,C001634,PERSONAL,4897952,INR,UNDER_REVIEW,500,MANUAL,mobile,2026-05-08
A0002302,C002200,SME,3083778,INR,DECLINED,492,MANUAL,mobile,2026-05-13
A0002303,C000651,AUTO,1039212,INR,DISBURSED,518,MODEL_V2,partner,2026-02-12
A0002304,C003482,HOME,2440272,INR,DECLINED,418,MODEL_V2,mobile,2026-08-28
A0002305,C002839,PERSONAL,3099716,USD,APPROVED,697,MODEL_V1,web,2026-05-27
A0002306,C000707,PERSONAL,3411379,INR,UNDER_REVIEW,863,MANUAL,partner,2026-03-15
A0002307,C000987,PERSONAL,1044332,INR,NEW,593,MODEL_V2,mobile,2026-02-21
A0002308,C000603,AUTO,1622838,INR,NEW,583,MODEL_V2,mobile,2026-05-08
A0002309,C002229,HOME,1380864,INR,UNDER_REVIEW,324,MODEL_V1,web,2026-08-08
A0002310,C001907,SME,3957750,USD,NEW,743,RULE,partner,2026-04-03
A0002311,C002529,SME,3428838,USD,UNDER_REVIEW,628,MANUAL,partner,2026-06-23
A0002312,C000332,HOME,861792,USD,DISBURSED,727,RULE,mobile,2026-02-01
A0002313,C001453,HOME,629046,INR,NEW,651,MODEL_V1,mobile,2026-02-12
A0002314,C001759,SME,392830,INR,DECLINED,661,MODEL_V1,partner,2026-06-07
A0002315,C000827,SME,1341450,INR,NEW,582,RULE,web,2026-08-02
A0002316,C002016,HOME,900288,INR,DECLINED,839,RULE,branch,2026-07-18
A0002317,C003428,PERSONAL,1174286,INR,NEW,761,MODEL_V2,mobile,2026-06-07
A0002318,C000454,PERSONAL,3269960,INR,NEW,702,MODEL_V1,web,2026-07-21
A0002319,C002023,HOME,2551699,INR,APPROVED,711,MODEL_V2,mobile,2026-08-23
A0002320,C002998,HOME,1463232,INR,NEW,595,MANUAL,branch,2026-06-01
A0002321,C002575,HOME,450228,USD,NEW,809,,web,2026-04-06
A0002322,C002986,PERSONAL,3263268,INR,DISBURSED,577,MODEL_V1,mobile,2026-06-14
A0002323,C000811,PERSONAL,849315,INR,DECLINED,381,MANUAL,mobile,2026-02-02
A0002324,C002515,PERSONAL,4805926,INR,APPROVED,302,MANUAL,branch,2026-03-10
A0002325,C000840,SME,3162137,INR,NEW,789,RULE,partner,2026-06-04
A0002326,C002874,HOME,1054857,INR,APPROVED,486,MANUAL,web,2026-07-14
A0002327,C001820,AUTO,4483019,INR,UNDER_REVIEW,316,MODEL_V1,partner,2026-06-06
A0002328,C003361,SME,4594786,USD,UNDER_REVIEW,355,MANUAL,branch,2026-09-26
A0002329,C000592,PERSONAL,852960,INR,NEW,478,MANUAL,mobile,2026-05-22
A0002330,C002450,PERSONAL,1172330,INR,DISBURSED,804,MANUAL,partner,2026-06-05
A0002331,C002696,PERSONAL,2119743,INR,UNDER_REVIEW,843,MODEL_V2,mobile,2026-02-07
A0002332,C003377,AUTO,2019731,INR,DECLINED,810,MODEL_V2,branch,2026-02-05
A0002333,C000438,HOME,1209068,INR,APPROVED,500,MANUAL,branch,2026-01-03
A0002334,C002209,SME,2717927,INR,UNDER_REVIEW,835,RULE,mobile,2026-03-28
A0002335,C000302,HOME,4823575,INR,NEW,602,RULE,mobile,2026-05-02
A0002336,C000841,HOME,4713282,INR,UNDER_REVIEW,325,MODEL_V1,branch,2026-05-09
A0002337,C003330,AUTO,651355,USD,APPROVED,774,MODEL_V2,branch,2026-09-08
A0002338,C000629,AUTO,1161998,USD,NEW,882,RULE,branch,2026-05-26
A0002339,C000123,PERSONAL,1170094,INR,APPROVED,807,MANUAL,partner,2026-06-17
A0002340,C001435,PERSONAL,2882142,INR,DISBURSED,583,MANUAL,web,2026-03-21
A0002341,C001305,PERSONAL,4203188,INR,APPROVED,607,RULE,branch,2026-05-13
A0002342,C001093,HOME,363886,USD,DECLINED,892,MODEL_V2,branch,2026-01-13
A0002343,C001259,SME,2740033,USD,APPROVED,827,MANUAL,web,2026-01-12
A0002344,C001035,PERSONAL,4708202,INR,UNDER_REVIEW,828,MODEL_V2,branch,2026-07-20
A0002345,C002649,PERSONAL,4980662,INR,UNDER_REVIEW,677,MANUAL,branch,2026-08-07
A0002346,C001954,SME,1469694,USD,UNDER_REVIEW,575,RULE,partner,2026-09-07
A0002347,C001087,SME,4741153,INR,NEW,753,RULE,web,2026-09-12
A0002348,C000453,AUTO,4013653,INR,APPROVED,392,MANUAL,web,2026-01-07
A0002349,C001505,HOME,3943517,USD,UNDER_REVIEW,315,RULE,partner,2026-09-06
A0002350,C001426,HOME,4141522,INR,DISBURSED,389,MODEL_V2,mobile,2026-05-12
A0002351,C000661,AUTO,4205320,INR,NEW,422,,web,2026-04-16
A0002352,C002682,AUTO,3153316,INR,NEW,609,MANUAL,mobile,2026-02-14
A0002353,C003149,SME,1421985,INR,UNDER_REVIEW,323,RULE,branch,2026-07-07
A0002354,C000767,AUTO,775828,INR,UNDER_REVIEW,324,MODEL_V2,mobile,2026-08-14
A0002355,C002473,AUTO,1755641,USD,DISBURSED,866,MODEL_V1,partner,2026-04-12
A0002356,C000460,PERSONAL,4090770,USD,DISBURSED,879,RULE,branch,2026-01-25
A0002357,C000942,SME,3343206,USD,DISBURSED,448,RULE,branch,2026-02-08
A0002358,C000357,PERSONAL,1734767,INR,DECLINED,427,MODEL_V2,branch,2026-05-21
A0002359,C000368,PERSONAL,2439348,INR,DISBURSED,505,RULE,branch,2026-07-10
A0002360,C002669,PERSONAL,1769866,INR,NEW,364,MODEL_V1,partner,2026-02-23
A0002361,C002201,HOME,1545199,INR,DECLINED,889,MODEL_V2,branch,2026-09-14
A0002362,C001412,AUTO,1252612,INR,NEW,828,RULE,mobile,2026-04-15
A0002363,C000713,HOME,4811556,INR,UNDER_REVIEW,358,RULE,web,2026-01-04
A0002364,C003421,SME,2155155,INR,NEW,470,MODEL_V2,web,2026-01-10
A0002365,C002266,PERSONAL,3559528,INR,DECLINED,798,MANUAL,web,2026-07-03
A0002366,C002670,SME,2377579,INR,NEW,347,MODEL_V1,partner,2026-07-10
A0002367,C003182,PERSONAL,3380077,INR,APPROVED,687,MODEL_V2,web,2026-05-28
A0002368,C000842,SME,1837552,INR,DISBURSED,355,RULE,mobile,2026-03-14
A0002369,C001643,SME,620219,USD,DISBURSED,383,RULE,mobile,2026-07-05
A0002370,C002669,AUTO,1321519,INR,NEW,413,RULE,branch,2026-06-11
A0002371,C003099,PERSONAL,209432,INR,UNDER_REVIEW,447,RULE,branch,2026-01-25
A0002372,C002586,SME,3252047,USD,DISBURSED,446,MODEL_V2,partner,2026-02-22
A0002373,C001616,SME,4067843,INR,NEW,457,MODEL_V1,branch,2026-07-28
A0002374,C000322,SME,4777618,USD,DISBURSED,752,MODEL_V1,branch,2026-04-21
A0002375,C000699,AUTO,3067648,INR,APPROVED,803,MODEL_V2,branch,2026-03-07
A0002376,C000010,AUTO,3146025,INR,DISBURSED,670,RULE,mobile,2026-02-15
A0002377,C003251,PERSONAL,4667630,USD,DISBURSED,653,RULE,web,2026-02-09
A0002378,C003282,SME,4074477,USD,APPROVED,799,MANUAL,web,2026-06-20
A0002379,C000628,SME,1621240,INR,DECLINED,603,MODEL_V1,web,2026-05-17
A0002380,C002325,AUTO,4095060,INR,NEW,599,MANUAL,mobile,2026-03-18
A0002381,C000987,PERSONAL,496255,INR,DECLINED,397,RULE,web,2026-06-23
A0002382,C001258,AUTO,2975837,INR,APPROVED,810,RULE,branch,2026-05-20
A0002383,C002674,PERSONAL,3371383,INR,NEW,334,RULE,partner,2026-06-17
A0002384,C000322,SME,4163783,INR,APPROVED,544,MODEL_V2,partner,2026-04-21
A0002385,C000180,HOME,4329477,INR,APPROVED,872,MODEL_V2,mobile,2026-08-26
A0002386,C001114,PERSONAL,3911294,USD,UNDER_REVIEW,464,MODEL_V1,branch,2026-01-25
A0002387,C000285,PERSONAL,4527132,INR,APPROVED,833,RULE,branch,2026-04-03
A0002388,C002676,PERSONAL,338958,INR,DECLINED,601,RULE,branch,2026-01-17
A0002389,C000493,HOME,4213300,INR,APPROVED,518,MANUAL,branch,2026-09-26
A0002390,C002233,HOME,2579652,INR,APPROVED,317,RULE,partner,2026-08-14
A0002391,C003274,SME,4798582,INR,DISBURSED,348,,web,2026-01-02
A0002392,C003019,AUTO,3453695,INR,DISBURSED,306,MANUAL,partner,2026-06-12
A0002393,C001429,AUTO,4754905,INR,APPROVED,786,MODEL_V1,mobile,2026-08-12
A0002394,C001610,SME,1766125,INR,UNDER_REVIEW,824,MODEL_V2,branch,2026-01-02
A0002395,C002886,SME,2676348,INR,NEW,396,RULE,mobile,2026-09-11
A0002396,C001344,SME,222745,INR,APPROVED,316,,branch,2026-07-28
A0002397,C002838,SME,2177089,USD,UNDER_REVIEW,380,MODEL_V2,branch,2026-07-17
A0002398,C002491,PERSONAL,3626088,USD,DISBURSED,495,MODEL_V2,partner,2026-06-24
A0002399,C000774,HOME,569347,USD,NEW,761,MANUAL,partner,2026-03-11
A0002400,C001897,PERSONAL,604042,USD,NEW,838,MODEL_V1,web,2026-05-25
A0002401,C002270,SME,1509785,INR,DECLINED,819,MODEL_V2,mobile,2026-06-04
A0002402,C001673,HOME,4874726,INR,APPROVED,702,RULE,branch,2026-08-16
A0002403,C003321,PERSONAL,489995,INR,DISBURSED,868,MODEL_V2,mobile,2026-05-08
A0002404,C001227,AUTO,3317141,USD,NEW,650,MODEL_V1,partner,2026-05-17
A0002405,C002824,SME,1480020,USD,DISBURSED,751,RULE,mobile,2026-07-19
A0002406,C001202,PERSONAL,2279901,INR,UNDER_REVIEW,683,MODEL_V1,mobile,2026-01-06
A0002407,C003447,PERSONAL,4462588,USD,APPROVED,819,RULE,branch,2026-05-16
A0002408,C001955,AUTO,861637,INR,NEW,564,MODEL_V2,branch,2026-04-18
A0002409,C000063,PERSONAL,3921649,INR,DISBURSED,492,MANUAL,branch,2026-05-23
A0002410,C002715,HOME,1352014,USD,NEW,581,RULE,partner,2026-04-23
A0002411,C000396,PERSONAL,2350004,USD,DECLINED,567,RULE,branch,2026-01-06
A0002412,C002288,SME,1770929,USD,UNDER_REVIEW,748,MANUAL,partner,2026-02-24
A0002413,C002345,SME,2704010,INR,APPROVED,546,MODEL_V1,mobile,2026-01-23
A0002414,C000229,SME,3495880,INR,APPROVED,735,MODEL_V1,mobile,2026-06-22
A0002415,C000185,PERSONAL,3245015,INR,APPROVED,776,MANUAL,branch,2026-09-24
A0002416,C000705,PERSONAL,2385762,INR,NEW,602,,partner,2026-04-16
A0002417,C002095,AUTO,4291093,USD,NEW,422,RULE,mobile,2026-09-27
A0002418,C000554,HOME,881161,USD,UNDER_REVIEW,531,MANUAL,mobile,2026-07-11
A0002419,C001699,PERSONAL,4789736,INR,NEW,650,RULE,branch,2026-02-07
A0002420,C000802,AUTO,214246,INR,APPROVED,816,MODEL_V2,web,2026-07-21
A0002421,C002325,SME,3926414,USD,DECLINED,689,RULE,web,2026-07-09
A0002422,C001601,AUTO,66341,INR,APPROVED,388,MANUAL,web,2026-04-16
A0002423,C002785,PERSONAL,1603222,USD,DISBURSED,419,RULE,mobile,2026-09-06
A0002424,C000732,PERSONAL,2705088,USD,NEW,464,RULE,web,2026-09-02
A0002425,C003190,AUTO,4578958,INR,UNDER_REVIEW,899,RULE,branch,2026-04-22
A0002426,C001635,HOME,4367754,INR,UNDER_REVIEW,438,MODEL_V2,web,2026-01-22
A0002427,C000234,SME,983875,INR,APPROVED,641,MODEL_V1,branch,2026-03-11
A0002428,C000217,SME,675992,INR,DISBURSED,353,RULE,partner,2026-08-14
A0002429,C002322,PERSONAL,3458090,INR,DECLINED,623,RULE,web,2026-04-24
A0002430,C001913,AUTO,3947238,INR,DISBURSED,811,MODEL_V2,web,2026-03-04
A0002431,C002168,HOME,332806,INR,DECLINED,776,MANUAL,web,2026-06-22
A0002432,C003340,PERSONAL,1761910,INR,DISBURSED,774,MANUAL,web,2026-04-24
A0002433,C000749,AUTO,1399724,INR,NEW,562,MODEL_V1,web,2026-04-08
A0002434,C000837,PERSONAL,4188036,INR,APPROVED,431,MODEL_V2,branch,2026-04-18
A0002435,C003274,PERSONAL,489502,INR,DISBURSED,448,MODEL_V2,branch,2026-04-11
A0002436,C002773,PERSONAL,2315057,INR,NEW,740,,partner,2026-07-12
A0002437,C000917,PERSONAL,2194861,INR,DISBURSED,682,MODEL_V2,partner,2026-06-28
A0002438,C001584,HOME,189948,INR,UNDER_REVIEW,867,MANUAL,mobile,2026-09-25
A0002439,C002395,HOME,4775396,INR,APPROVED,311,MODEL_V2,partner,2026-09-25
A0002440,C000373,HOME,3237222,INR,APPROVED,693,RULE,web,2026-02-07
A0002441,C003262,AUTO,4176427,INR,DISBURSED,593,MODEL_V1,partner,2026-03-27
A0002442,C001073,SME,3972867,USD,APPROVED,636,MANUAL,web,2026-01-06
A0002443,C001695,SME,3228815,INR,DECLINED,329,MODEL_V1,branch,2026-09-25
A0002444,C001717,HOME,669962,INR,APPROVED,627,MODEL_V2,mobile,2026-02-04
A0002445,C000476,AUTO,417113,INR,DISBURSED,475,RULE,mobile,2026-06-07
A0002446,C002445,SME,774388,INR,DISBURSED,814,MODEL_V2,mobile,2026-09-19
A0002447,C003006,PERSONAL,4634550,USD,UNDER_REVIEW,786,RULE,mobile,2026-01-20
A0002448,C001242,PERSONAL,2030983,USD,UNDER_REVIEW,726,MODEL_V2,partner,2026-07-25
A0002449,C003070,HOME,2137001,INR,DECLINED,585,MODEL_V2,branch,2026-05-10
A0002450,C000656,AUTO,3974551,INR,APPROVED,538,MODEL_V1,partner,2026-09-20
A0002451,C002392,HOME,3980595,INR,UNDER_REVIEW,822,RULE,branch,2026-03-22
A0002452,C003379,PERSONAL,4604608,USD,DECLINED,712,RULE,mobile,2026-06-14
A0002453,C002531,PERSONAL,863796,INR,DECLINED,412,MANUAL,web,2026-08-13
A0002454,C001927,HOME,313177,INR,APPROVED,629,RULE,mobile,2026-01-26
A0002455,C002676,PERSONAL,2109632,USD,DECLINED,340,RULE,web,2026-05-12
A0002456,C001512,SME,3630140,INR,DISBURSED,314,MODEL_V1,web,2026-04-24
A0002457,C002186,AUTO,4930257,INR,DISBURSED,373,MANUAL,web,2026-02-12
A0002458,C000853,HOME,422723,INR,DECLINED,882,RULE,web,2026-09-12
A0002459,C001622,HOME,4646034,USD,APPROVED,467,MODEL_V2,mobile,2026-05-25
A0002460,C000852,PERSONAL,3496056,USD,DECLINED,340,MANUAL,web,2026-01-09
A0002461,C001727,AUTO,758682,USD,DECLINED,403,MODEL_V2,branch,2026-07-26
A0002462,C000253,HOME,1945636,INR,UNDER_REVIEW,481,MANUAL,mobile,2026-07-16
A0002463,C002761,HOME,3065576,USD,UNDER_REVIEW,864,MODEL_V1,mobile,2026-07-12
A0002464,C001591,PERSONAL,987819,INR,NEW,550,MODEL_V1,branch,2026-02-16
A0002465,C001865,SME,3516822,INR,DECLINED,357,MODEL_V2,partner,2026-05-19
A0002466,C000509,SME,737334,INR,UNDER_REVIEW,863,MODEL_V2,branch,2026-08-27
A0002467,C000801,AUTO,547282,INR,NEW,384,MANUAL,partner,2026-09-28
A0002468,C001232,SME,409120,INR,APPROVED,388,RULE,mobile,2026-03-15
A0002469,C003396,SME,2722955,INR,UNDER_REVIEW,462,MANUAL,branch,2026-03-20
A0002470,C002213,HOME,4038163,USD,UNDER_REVIEW,742,MANUAL,branch,2026-06-20
A0002471,C002866,HOME,4583284,INR,UNDER_REVIEW,812,MODEL_V2,mobile,2026-07-19
A0002472,C002484,PERSONAL,3534525,USD,APPROVED,489,RULE,mobile,2026-01-01
A0002473,C002873,AUTO,4202619,USD,DISBURSED,552,MODEL_V2,web,2026-06-21
A0002474,C000769,SME,750494,INR,NEW,494,MODEL_V1,web,2026-03-18
A0002475,C001905,PERSONAL,4175121,INR,NEW,511,MODEL_V1,partner,2026-06-18
A0002476,C001586,HOME,3955130,INR,APPROVED,558,,web,2026-01-18
A0002477,C001839,PERSONAL,2303978,INR,DECLINED,410,RULE,web,2026-06-10
A0002478,C001940,PERSONAL,924904,INR,NEW,443,MODEL_V2,partner,2026-06-16
A0002479,C001255,SME,3456226,INR,DECLINED,638,RULE,web,2026-05-24
A0002480,C001207,PERSONAL,4711380,INR,APPROVED,581,MANUAL,mobile,2026-02-10
A0002481,C003197,SME,4300896,INR,UNDER_REVIEW,531,MODEL_V1,mobile,2026-03-19
A0002482,C002304,AUTO,868090,USD,NEW,355,MODEL_V2,web,2026-03-13
A0002483,C002071,PERSONAL,3352416,INR,DECLINED,850,RULE,mobile,2026-03-14
A0002484,C001659,SME,3106534,USD,DECLINED,745,RULE,mobile,2026-09-08
A0002485,C002956,HOME,2487513,INR,UNDER_REVIEW,467,MODEL_V1,branch,2026-08-26
A0002486,C001271,SME,3746642,INR,UNDER_REVIEW,822,,mobile,2026-02-14
A0002487,C000323,HOME,3600427,INR,NEW,555,RULE,partner,2026-03-28
A0002488,C002744,HOME,358141,INR,APPROVED,831,MODEL_V2,branch,2026-06-01
A0002489,C001215,HOME,2385890,USD,UNDER_REVIEW,443,RULE,web,2026-07-23
A0002490,C003072,PERSONAL,4653589,INR,DISBURSED,889,RULE,partner,2026-01-27
A0002491,C000146,PERSONAL,557868,INR,UNDER_REVIEW,467,,mobile,2026-02-02
A0002492,C001522,HOME,1620063,INR,DISBURSED,392,MODEL_V1,web,2026-08-06
A0002493,C002526,SME,2345493,INR,UNDER_REVIEW,491,RULE,partner,2026-09-28
A0002494,C000093,AUTO,670572,INR,DISBURSED,577,MODEL_V1,web,2026-03-23
A0002495,C002396,SME,1644759,INR,UNDER_REVIEW,486,RULE,web,2026-05-05
A0002496,C001624,PERSONAL,3007463,USD,NEW,535,RULE,partner,2026-08-18
A0002497,C001544,HOME,197782,INR,NEW,803,MODEL_V2,branch,2026-05-11
A0002498,C002135,PERSONAL,3138284,INR,DISBURSED,895,MODEL_V1,partner,2026-03-23
A0002499,C000621,SME,3933580,INR,DISBURSED,356,MANUAL,partner,2026-05-15
A0002500,C000221,SME,1176972,INR,NEW,853,MODEL_V1,branch,2026-03-06
A0002501,C000853,AUTO,106520,INR,NEW,840,MODEL_V1,branch,2026-02-18
A0002502,C001154,PERSONAL,2610159,INR,DECLINED,845,RULE,partner,2026-03-06
A0002503,C003248,AUTO,4219331,USD,DISBURSED,612,MODEL_V2,mobile,2026-05-26
A0002504,C000830,PERSONAL,1380261,INR,UNDER_REVIEW,872,MODEL_V2,branch,2026-01-17
A0002505,C002286,HOME,3652904,USD,APPROVED,685,MODEL_V1,partner,2026-03-15
A0002506,C001754,HOME,161443,USD,APPROVED,500,RULE,branch,2026-01-27
A0002507,C001168,SME,4813742,INR,UNDER_REVIEW,856,MODEL_V1,mobile,2026-05-26
A0002508,C002428,PERSONAL,3482822,INR,APPROVED,603,MANUAL,branch,2026-01-02
A0002509,C001291,HOME,4040779,USD,UNDER_REVIEW,895,MODEL_V1,web,2026-09-22
A0002510,C002287,PERSONAL,2328778,USD,UNDER_REVIEW,795,RULE,mobile,2026-04-02
A0002511,C000005,HOME,399864,INR,NEW,680,MANUAL,web,2026-07-08
A0002512,C000203,SME,913317,INR,DECLINED,421,RULE,partner,2026-03-15
A0002513,C000095,PERSONAL,4449341,INR,APPROVED,549,MODEL_V1,partner,2026-09-11
A0002514,C003398,PERSONAL,3034082,USD,NEW,487,RULE,web,2026-09-15
A0002515,C001720,HOME,4734723,USD,DISBURSED,628,MANUAL,branch,2026-03-20
A0002516,C000395,HOME,3098232,INR,DECLINED,519,MODEL_V2,mobile,2026-05-23
A0002517,C002048,AUTO,102672,USD,NEW,479,MODEL_V1,partner,2026-02-22
A0002518,C002626,SME,4404483,INR,UNDER_REVIEW,605,MODEL_V2,partner,2026-08-14
A0002519,C002707,PERSONAL,2566276,USD,APPROVED,831,MANUAL,web,2026-01-26
A0002520,C001167,HOME,2084634,USD,DECLINED,742,RULE,partner,2026-09-20
A0002521,C001929,PERSONAL,3594814,INR,DECLINED,504,RULE,branch,2026-09-09
A0002522,C003201,HOME,4797865,INR,DECLINED,631,MANUAL,web,2026-02-05
A0002523,C001615,PERSONAL,1879831,USD,APPROVED,768,MODEL_V1,web,2026-06-02
A0002524,C000072,SME,1328718,INR,UNDER_REVIEW,517,RULE,web,2026-07-04
A0002525,C002065,AUTO,428124,INR,APPROVED,304,MODEL_V2,mobile,2026-05-07
A0002526,C000768,SME,1253685,INR,NEW,344,MODEL_V1,partner,2026-01-09
A0002527,C001164,PERSONAL,4431840,INR,NEW,452,MANUAL,branch,2026-06-16
A0002528,C002553,PERSONAL,3434256,INR,DISBURSED,505,RULE,mobile,2026-01-12
A0002529,C001185,PERSONAL,4884469,USD,APPROVED,536,MODEL_V1,branch,2026-07-26
A0002530,C000317,SME,1480165,INR,DISBURSED,699,RULE,partner,2026-04-23
A0002531,C002475,AUTO,4706492,INR,NEW,813,MANUAL,branch,2026-01-25
A0002532,C003257,SME,3180201,INR,APPROVED,367,MANUAL,web,2026-02-24
A0002533,C001960,SME,3737538,INR,UNDER_REVIEW,656,MODEL_V2,partner,2026-06-10
A0002534,C000705,PERSONAL,1890350,INR,DECLINED,367,RULE,branch,2026-07-09
A0002535,C001574,HOME,4169956,INR,DECLINED,336,RULE,branch,2026-03-18
A0002536,C000511,HOME,815109,INR,UNDER_REVIEW,369,MODEL_V1,branch,2026-08-13
A0002537,C001429,AUTO,4775654,INR,DECLINED,351,MODEL_V2,web,2026-03-10
A0002538,C000019,HOME,335036,INR,DECLINED,553,MODEL_V1,branch,2026-03-04
A0002539,C000328,SME,1323787,INR,DECLINED,838,MODEL_V1,partner,2026-04-02
A0002540,C002720,SME,4100571,USD,DECLINED,311,MODEL_V1,web,2026-09-11
A0002541,C001016,PERSONAL,2023859,INR,NEW,817,,branch,2026-06-16
A0002542,C003390,SME,2282514,USD,UNDER_REVIEW,597,MANUAL,branch,2026-06-13
A0002543,C000928,PERSONAL,1568922,USD,NEW,696,RULE,partner,2026-02-23
A0002544,C002861,SME,4692294,INR,UNDER_REVIEW,617,RULE,branch,2026-07-15
A0002545,C001448,PERSONAL,2834131,INR,DECLINED,491,MODEL_V1,branch,2026-09-24
A0002546,C000716,SME,2482156,INR,DISBURSED,683,RULE,partner,2026-04-17
A0002547,C001300,PERSONAL,1647266,INR,UNDER_REVIEW,551,MANUAL,web,2026-01-10
A0002548,C000873,HOME,1764083,INR,NEW,557,MANUAL,mobile,2026-08-03
A0002549,C000140,PERSONAL,4512277,INR,DECLINED,602,MODEL_V1,web,2026-06-13
A0002550,C003295,AUTO,4292719,INR,NEW,560,MANUAL,branch,2026-01-18
A0002551,C002143,SME,2848021,USD,APPROVED,417,MANUAL,branch,2026-02-01
A0002552,C000851,HOME,4812276,USD,DISBURSED,595,MODEL_V1,web,2026-03-25
A0002553,C000665,PERSONAL,3337476,INR,DECLINED,496,RULE,mobile,2026-03-18
A0002554,C000770,SME,209354,INR,APPROVED,606,MANUAL,mobile,2026-07-27
A0002555,C002509,HOME,1282945,USD,DISBURSED,470,MANUAL,branch,2026-09-20
A0002556,C002582,PERSONAL,2169376,INR,DISBURSED,718,MODEL_V2,partner,2026-09-04
A0002557,C001819,PERSONAL,313867,INR,UNDER_REVIEW,843,MODEL_V1,branch,2026-02-13
A0002558,C002986,SME,4859472,INR,UNDER_REVIEW,749,MANUAL,mobile,2026-02-24
A0002559,C000539,SME,2395799,INR,NEW,889,MODEL_V1,partner,2026-06-20
A0002560,C001058,SME,308655,INR,NEW,519,RULE,mobile,2026-06-10
A0002561,C003148,AUTO,2329122,INR,UNDER_REVIEW,602,MODEL_V1,partner,2026-04-18
A0002562,C000008,AUTO,986369,USD,APPROVED,596,MODEL_V1,web,2026-01-27
A0002563,C003109,AUTO,4393722,INR,DECLINED,367,MODEL_V2,mobile,2026-05-22
A0002564,C002448,SME,4219561,INR,DECLINED,622,MODEL_V2,partner,2026-01-14
A0002565,C002840,PERSONAL,3514789,INR,UNDER_REVIEW,328,MODEL_V2,branch,2026-07-27
A0002566,C000535,SME,3304080,INR,NEW,400,MODEL_V2,mobile,2026-06-22
A0002567,C001471,SME,2334667,INR,APPROVED,586,MODEL_V2,partner,2026-07-20
A0002568,C000130,HOME,1740715,INR,APPROVED,748,MANUAL,web,2026-06-09
A0002569,C002423,SME,4814056,INR,DISBURSED,445,MODEL_V2,web,2026-06-23
A0002570,C002527,PERSONAL,1208802,INR,DISBURSED,472,RULE,web,2026-07-19
A0002571,C000643,AUTO,3848796,INR,NEW,639,,mobile,2026-08-08
A0002572,C002969,SME,3250414,INR,NEW,520,RULE,partner,2026-08-17
A0002573,C003309,SME,1740034,USD,DECLINED,539,MODEL_V1,mobile,2026-07-05
A0002574,C001853,PERSONAL,241448,INR,NEW,753,MODEL_V1,partner,2026-03-27
A0002575,C001658,HOME,4733300,INR,DISBURSED,803,MODEL_V1,mobile,2026-05-22
A0002576,C001081,SME,4803923,INR,DECLINED,536,,mobile,2026-04-10
A0002577,C001272,SME,1906408,INR,NEW,356,MODEL_V2,branch,2026-01-21
A0002578,C003390,SME,759856,USD,UNDER_REVIEW,715,MANUAL,mobile,2026-02-09
A0002579,C002551,PERSONAL,881329,INR,UNDER_REVIEW,884,MODEL_V1,web,2026-01-10
A0002580,C001707,AUTO,3451880,INR,NEW,627,RULE,partner,2026-09-21
A0002581,C003479,PERSONAL,2049041,INR,UNDER_REVIEW,713,MODEL_V1,partner,2026-09-05
A0002582,C002166,HOME,4262343,USD,DISBURSED,636,MODEL_V1,web,2026-01-17
A0002583,C001297,HOME,4898641,USD,DISBURSED,722,RULE,branch,2026-03-21
A0002584,C000251,HOME,3082995,INR,NEW,711,MANUAL,mobile,2026-01-09
A0002585,C001071,AUTO,985458,INR,UNDER_REVIEW,796,MODEL_V1,mobile,2026-06-20
A0002586,C000172,PERSONAL,2019473,INR,DECLINED,759,RULE,partner,2026-08-15
A0002587,C001116,HOME,4042145,INR,UNDER_REVIEW,822,MODEL_V2,mobile,2026-09-04
A0002588,C001296,SME,2396724,USD,APPROVED,617,MANUAL,mobile,2026-05-24
A0002589,C002154,SME,3266359,INR,NEW,489,MODEL_V1,branch,2026-09-15
A0002590,C000949,PERSONAL,107220,INR,DISBURSED,658,RULE,partner,2026-01-18
A0002591,C000760,HOME,4979504,INR,DISBURSED,531,MANUAL,web,2026-08-06
A0002592,C003440,SME,920003,INR,NEW,552,MODEL_V2,mobile,2026-09-25
A0002593,C000845,SME,795924,INR,APPROVED,642,RULE,branch,2026-09-25
A0002594,C000081,SME,3857512,INR,APPROVED,898,MODEL_V1,mobile,2026-04-10
A0002595,C001766,AUTO,4966047,INR,DECLINED,839,RULE,web,2026-01-28
A0002596,C000740,HOME,3832549,USD,APPROVED,362,,partner,2026-06-16
A0002597,C001015,SME,3904679,USD,DECLINED,864,MODEL_V2,branch,2026-03-08
A0002598,C001893,AUTO,3933917,INR,UNDER_REVIEW,550,MODEL_V1,branch,2026-01-09
A0002599,C002814,HOME,305133,INR,DECLINED,654,MODEL_V1,web,2026-01-08
A0002600,C002225,AUTO,1833437,USD,DISBURSED,372,MODEL_V1,web,2026-07-27
A0002601,C000153,AUTO,2448623,INR,UNDER_REVIEW,689,MODEL_V1,mobile,2026-08-08
A0002602,C002255,PERSONAL,4732148,INR,NEW,713,MANUAL,partner,2026-08-26
A0002603,C000304,SME,4424423,USD,DISBURSED,688,MANUAL,mobile,2026-05-03
A0002604,C001434,HOME,600169,INR,DISBURSED,537,MODEL_V2,branch,2026-02-16
A0002605,C000088,AUTO,2914209,INR,DECLINED,594,MODEL_V2,web,2026-04-10
A0002606,C001292,SME,2553499,INR,UNDER_REVIEW,752,MODEL_V1,branch,2026-08-21
A0002607,C002501,HOME,4879781,INR,DISBURSED,585,MANUAL,branch,2026-05-14
A0002608,C003238,AUTO,3614233,INR,DECLINED,618,MODEL_V2,partner,2026-04-13
A0002609,C001056,PERSONAL,4539345,USD,DECLINED,765,MODEL_V1,branch,2026-02-02
A0002610,C001397,SME,2188935,INR,UNDER_REVIEW,510,MANUAL,branch,2026-04-16
A0002611,C003045,AUTO,3053150,USD,DECLINED,352,MODEL_V2,branch,2026-07-19
A0002612,C001371,SME,3495963,INR,UNDER_REVIEW,625,RULE,branch,2026-05-17
A0002613,C002942,PERSONAL,1082077,INR,DISBURSED,325,MODEL_V1,web,2026-07-21
A0002614,C002241,PERSONAL,4785696,INR,NEW,319,RULE,mobile,2026-07-22
A0002615,C001073,AUTO,4010748,USD,DISBURSED,664,MODEL_V2,mobile,2026-04-15
A0002616,C000560,HOME,3076095,INR,NEW,530,MODEL_V1,branch,2026-07-26
A0002617,C000050,HOME,4646686,INR,APPROVED,739,MODEL_V2,partner,2026-07-15
A0002618,C002099,SME,3464031,INR,DISBURSED,479,MODEL_V2,mobile,2026-06-26
A0002619,C001640,SME,595417,INR,DISBURSED,841,MANUAL,partner,2026-09-18
A0002620,C000721,PERSONAL,2769577,INR,UNDER_REVIEW,755,MODEL_V1,mobile,2026-08-19
A0002621,C000229,AUTO,2292627,USD,DISBURSED,610,RULE,mobile,2026-06-13
A0002622,C002336,HOME,511537,INR,DISBURSED,654,MODEL_V2,web,2026-02-14
A0002623,C001314,HOME,2565922,USD,UNDER_REVIEW,535,RULE,branch,2026-07-16
A0002624,C000385,PERSONAL,2754023,INR,DISBURSED,304,RULE,mobile,2026-03-28
A0002625,C002682,AUTO,3564939,INR,UNDER_REVIEW,823,MODEL_V2,web,2026-04-09
A0002626,C002514,AUTO,4265938,INR,APPROVED,465,MANUAL,mobile,2026-08-05
A0002627,C000869,SME,2510248,INR,APPROVED,598,MANUAL,web,2026-08-07
A0002628,C003342,PERSONAL,237722,INR,APPROVED,632,MANUAL,branch,2026-09-03
A0002629,C003358,AUTO,3774422,INR,DISBURSED,765,MANUAL,mobile,2026-06-11
A0002630,C000637,AUTO,1776798,INR,DECLINED,672,MANUAL,web,2026-04-27
A0002631,C000513,PERSONAL,4037763,INR,DECLINED,417,MODEL_V2,partner,2026-02-20
A0002632,C001360,SME,1014264,INR,APPROVED,652,MODEL_V1,partner,2026-03-19
A0002633,C002144,HOME,1128862,INR,DECLINED,694,MODEL_V1,partner,2026-08-27
A0002634,C002295,SME,568389,USD,APPROVED,723,RULE,mobile,2026-06-15
A0002635,C003327,PERSONAL,3656214,USD,UNDER_REVIEW,763,RULE,mobile,2026-06-02
A0002636,C002443,SME,3203339,INR,DECLINED,327,,partner,2026-04-16
A0002637,C001077,PERSONAL,3716771,INR,NEW,373,MODEL_V1,branch,2026-02-19
A0002638,C001229,AUTO,4929948,INR,DECLINED,881,RULE,web,2026-09-17
A0002639,C002007,HOME,2138787,INR,DISBURSED,757,RULE,web,2026-05-04
A0002640,C003426,SME,388177,INR,NEW,544,MANUAL,branch,2026-04-22
A0002641,C001510,AUTO,3004302,USD,DISBURSED,549,MANUAL,mobile,2026-05-12
A0002642,C002218,AUTO,2949052,INR,DECLINED,357,MODEL_V2,branch,2026-08-27
A0002643,C001626,HOME,2398181,USD,APPROVED,330,RULE,branch,2026-07-27
A0002644,C001257,PERSONAL,3156239,INR,DECLINED,436,MODEL_V1,mobile,2026-03-17
A0002645,C002947,SME,3503457,INR,DECLINED,554,RULE,partner,2026-09-05
A0002646,C000991,AUTO,2879543,USD,UNDER_REVIEW,898,MANUAL,web,2026-01-26
A0002647,C001923,SME,4659889,INR,APPROVED,501,MANUAL,partner,2026-07-19
A0002648,C001418,PERSONAL,4347724,INR,DISBURSED,568,RULE,mobile,2026-07-04
A0002649,C001158,AUTO,3928702,INR,NEW,524,MANUAL,mobile,2026-07-04
A0002650,C000510,PERSONAL,1350191,USD,UNDER_REVIEW,694,RULE,partner,2026-02-20
A0002651,C002324,HOME,792774,USD,APPROVED,570,,mobile,2026-07-16
A0002652,C001066,AUTO,223655,INR,NEW,303,MODEL_V1,web,2026-03-12
A0002653,C002321,HOME,1491428,INR,APPROVED,723,RULE,web,2026-09-27
A0002654,C000147,SME,3150325,INR,NEW,549,RULE,mobile,2026-09-12
A0002655,C000283,SME,2305640,USD,NEW,684,MODEL_V1,branch,2026-03-24
A0002656,C000766,PERSONAL,2812110,INR,UNDER_REVIEW,669,,branch,2026-08-11
A0002657,C002812,AUTO,3529922,INR,DECLINED,845,MANUAL,mobile,2026-06-21
A0002658,C001552,PERSONAL,3631172,INR,DECLINED,816,MODEL_V1,web,2026-09-28
A0002659,C000977,AUTO,88453,INR,APPROVED,867,RULE,web,2026-07-21
A0002660,C001763,PERSONAL,2364403,INR,NEW,429,MANUAL,partner,2026-03-13
A0002661,C002911,AUTO,733920,INR,APPROVED,737,MODEL_V1,partner,2026-01-07
A0002662,C003396,AUTO,4450440,USD,UNDER_REVIEW,632,MANUAL,branch,2026-04-28
A0002663,C001052,HOME,950127,USD,APPROVED,583,MODEL_V2,partner,2026-03-07
A0002664,C000232,PERSONAL,2430225,USD,DECLINED,505,MODEL_V1,branch,2026-03-06
A0002665,C000330,AUTO,4959620,USD,UNDER_REVIEW,494,MODEL_V2,web,2026-08-28
A0002666,C003416,PERSONAL,1975382,USD,UNDER_REVIEW,785,MANUAL,partner,2026-07-01
A0002667,C000980,HOME,1997698,INR,DISBURSED,353,MANUAL,branch,2026-04-21
A0002668,C003434,HOME,2759271,INR,DISBURSED,488,MODEL_V1,web,2026-06-12
A0002669,C000963,AUTO,4749314,INR,UNDER_REVIEW,507,MODEL_V1,mobile,2026-08-26
A0002670,C002684,PERSONAL,4834733,INR,NEW,316,RULE,branch,2026-06-25
A0002671,C001151,AUTO,3189949,INR,DISBURSED,527,MODEL_V1,branch,2026-01-06
A0002672,C002465,HOME,1709751,INR,DISBURSED,387,RULE,branch,2026-02-08
A0002673,C002378,AUTO,4436559,INR,NEW,418,MANUAL,partner,2026-02-04
A0002674,C000964,PERSONAL,2192367,USD,UNDER_REVIEW,422,MANUAL,branch,2026-09-16
A0002675,C000767,AUTO,2741594,INR,DECLINED,836,MODEL_V2,branch,2026-01-03
A0002676,C000616,PERSONAL,411765,INR,DISBURSED,823,MODEL_V1,partner,2026-03-09
A0002677,C002620,PERSONAL,3442241,USD,APPROVED,568,MODEL_V2,web,2026-04-12
A0002678,C000571,PERSONAL,2521206,INR,NEW,419,RULE,mobile,2026-06-16
A0002679,C000883,HOME,3336073,USD,DISBURSED,478,MANUAL,web,2026-08-09
A0002680,C003455,PERSONAL,834452,INR,DECLINED,708,MANUAL,branch,2026-03-03
A0002681,C002536,AUTO,776970,INR,DISBURSED,398,,web,2026-02-12
A0002682,C002425,PERSONAL,3946562,INR,DECLINED,321,MODEL_V2,partner,2026-07-07
A0002683,C002799,SME,3368919,USD,NEW,787,MODEL_V1,partner,2026-05-21
A0002684,C000059,PERSONAL,696023,INR,UNDER_REVIEW,476,MANUAL,partner,2026-03-02
A0002685,C002663,PERSONAL,4966616,INR,DECLINED,470,MANUAL,mobile,2026-01-07
A0002686,C003214,AUTO,353958,INR,APPROVED,783,RULE,web,2026-02-23
A0002687,C000253,PERSONAL,1684695,INR,DECLINED,648,MANUAL,branch,2026-09-19
A0002688,C002083,HOME,1744149,INR,UNDER_REVIEW,500,MODEL_V1,partner,2026-08-26
A0002689,C001759,PERSONAL,4535538,USD,NEW,547,MODEL_V1,branch,2026-06-17
A0002690,C002346,SME,1815660,USD,APPROVED,707,MODEL_V1,mobile,2026-06-28
A0002691,C000116,AUTO,4385546,INR,DECLINED,741,RULE,branch,2026-02-16
A0002692,C003092,SME,4002940,INR,UNDER_REVIEW,485,MODEL_V2,partner,2026-05-20
A0002693,C001896,HOME,4967281,INR,DISBURSED,595,MODEL_V1,mobile,2026-05-08
A0002694,C000174,SME,3226302,INR,NEW,562,MODEL_V2,web,2026-05-27
A0002695,C001803,PERSONAL,2201909,INR,DISBURSED,692,MODEL_V1,web,2026-04-12
A0002696,C000573,HOME,4254972,INR,DISBURSED,392,MANUAL,mobile,2026-09-26
A0002697,C000591,AUTO,4585071,INR,NEW,565,MANUAL,branch,2026-06-18
A0002698,C000806,SME,4911867,INR,DECLINED,398,MODEL_V1,partner,2026-05-06
A0002699,C000605,HOME,4007809,INR,APPROVED,896,MANUAL,branch,2026-03-04
A0002700,C001511,PERSONAL,1938694,INR,UNDER_REVIEW,508,MANUAL,branch,2026-02-23
A0002701,C002975,SME,1759807,INR,DISBURSED,702,,branch,2026-07-27
A0002702,C002238,SME,3451662,INR,APPROVED,347,MANUAL,mobile,2026-07-08
A0002703,C001045,PERSONAL,3669034,INR,DISBURSED,505,MODEL_V2,web,2026-06-22
A0002704,C002896,SME,3030405,INR,DISBURSED,694,MODEL_V2,branch,2026-09-27
A0002705,C002004,PERSONAL,2663112,INR,DISBURSED,321,RULE,mobile,2026-03-05
A0002706,C001655,SME,876196,USD,NEW,675,MANUAL,branch,2026-01-02
A0002707,C001063,HOME,405761,USD,NEW,323,RULE,partner,2026-03-27
A0002708,C000899,PERSONAL,4763853,INR,DISBURSED,311,MODEL_V1,branch,2026-08-20
A0002709,C000554,AUTO,4421247,INR,UNDER_REVIEW,558,MODEL_V1,branch,2026-04-03
A0002710,C002484,PERSONAL,3720225,INR,DECLINED,560,MODEL_V2,partner,2026-08-12
A0002711,C000024,AUTO,1366453,INR,DISBURSED,712,RULE,partner,2026-07-11
A0002712,C000378,SME,2783762,USD,DISBURSED,361,MODEL_V2,mobile,2026-06-21
A0002713,C002069,PERSONAL,4545823,INR,UNDER_REVIEW,443,MODEL_V2,partner,2026-09-09
A0002714,C002981,HOME,168080,INR,UNDER_REVIEW,648,MODEL_V2,mobile,2026-09-05
A0002715,C002950,SME,1318157,INR,DECLINED,338,MODEL_V1,partner,2026-04-22
A0002716,C003409,PERSONAL,299863,INR,DECLINED,555,RULE,branch,2026-01-04
A0002717,C000754,SME,1036960,INR,DISBURSED,443,RULE,mobile,2026-02-04
A0002718,C002493,AUTO,2820158,INR,APPROVED,588,MANUAL,partner,2026-02-07
A0002719,C000243,HOME,2624584,INR,NEW,811,MODEL_V1,branch,2026-04-28
A0002720,C002077,PERSONAL,4585425,INR,APPROVED,753,RULE,partner,2026-08-02
A0002721,C000404,PERSONAL,4559340,INR,NEW,764,RULE,mobile,2026-04-03
A0002722,C001969,AUTO,3829688,INR,APPROVED,839,MANUAL,mobile,2026-09-13
A0002723,C000850,HOME,2604534,INR,NEW,765,MODEL_V1,web,2026-07-04
A0002724,C000743,HOME,2641530,USD,UNDER_REVIEW,815,MANUAL,branch,2026-06-27
A0002725,C000644,SME,4909953,INR,DECLINED,361,RULE,web,2026-08-21
A0002726,C000632,HOME,3863565,INR,DECLINED,383,RULE,partner,2026-01-04
A0002727,C000474,PERSONAL,1895517,INR,DECLINED,868,RULE,web,2026-09-10
A0002728,C002317,PERSONAL,1884404,USD,DECLINED,655,MODEL_V2,web,2026-07-11
A0002729,C000729,AUTO,3745246,INR,DECLINED,692,RULE,mobile,2026-09-25
A0002730,C000656,SME,2389243,INR,DECLINED,846,MODEL_V2,partner,2026-04-24
A0002731,C000114,SME,1776581,INR,NEW,586,MODEL_V2,partner,2026-03-23
A0002732,C003108,SME,452399,INR,DECLINED,864,MANUAL,partner,2026-02-27
A0002733,C002637,PERSONAL,4188882,USD,DISBURSED,645,MODEL_V1,mobile,2026-08-09
A0002734,C000304,AUTO,2755956,INR,UNDER_REVIEW,730,MANUAL,branch,2026-07-23
A0002735,C003348,SME,4666378,INR,NEW,538,MANUAL,partner,2026-08-24
A0002736,C000307,PERSONAL,3327060,INR,NEW,644,RULE,mobile,2026-04-22
A0002737,C002085,SME,127099,INR,UNDER_REVIEW,588,RULE,partner,2026-04-02
A0002738,C002025,PERSONAL,3966730,INR,DISBURSED,566,MODEL_V2,mobile,2026-05-06
A0002739,C001266,AUTO,4332978,INR,APPROVED,833,MODEL_V1,branch,2026-04-21
A0002740,C002312,AUTO,546519,INR,APPROVED,624,MODEL_V1,partner,2026-03-14
A0002741,C000540,HOME,2541729,USD,DECLINED,540,,web,2026-09-25
A0002742,C000104,AUTO,351869,INR,DISBURSED,630,RULE,partner,2026-02-08
A0002743,C002491,AUTO,891659,USD,DECLINED,770,MANUAL,mobile,2026-02-25
A0002744,C002494,SME,711278,INR,DISBURSED,553,MODEL_V1,partner,2026-03-09
A0002745,C001234,HOME,3029375,USD,NEW,804,MODEL_V2,branch,2026-01-02
A0002746,C001182,AUTO,1017503,USD,NEW,583,MODEL_V2,mobile,2026-04-03
A0002747,C003372,HOME,4813492,USD,DISBURSED,304,MODEL_V1,mobile,2026-07-03
A0002748,C001505,HOME,3559897,INR,DISBURSED,378,MODEL_V2,branch,2026-05-19
A0002749,C002632,SME,409931,INR,UNDER_REVIEW,790,RULE,partner,2026-08-12
A0002750,C002909,AUTO,2375517,USD,DECLINED,740,MODEL_V1,branch,2026-05-13
A0002751,C000943,PERSONAL,3492581,INR,UNDER_REVIEW,852,,web,2026-07-17
A0002752,C000172,PERSONAL,1748639,INR,DISBURSED,814,MANUAL,branch,2026-01-20
A0002753,C002975,PERSONAL,4936584,INR,DECLINED,615,MODEL_V1,mobile,2026-04-23
A0002754,C001280,AUTO,902138,USD,APPROVED,526,RULE,partner,2026-07-23
A0002755,C002074,AUTO,3537109,INR,DECLINED,342,MODEL_V1,web,2026-06-09
A0002756,C000629,PERSONAL,4123480,INR,NEW,898,MODEL_V1,partner,2026-08-01
A0002757,C003247,PERSONAL,2805924,INR,UNDER_REVIEW,428,MODEL_V2,partner,2026-07-05
A0002758,C002064,PERSONAL,159353,INR,DECLINED,672,MANUAL,branch,2026-03-02
A0002759,C003494,SME,535109,INR,NEW,523,RULE,partner,2026-09-16
A0002760,C002437,PERSONAL,3231582,USD,UNDER_REVIEW,892,MODEL_V1,web,2026-08-17
A0002761,C003402,HOME,3603814,INR,DISBURSED,542,MANUAL,branch,2026-05-06
A0002762,C001431,AUTO,3148304,INR,APPROVED,473,MODEL_V1,branch,2026-04-26
A0002763,C002737,PERSONAL,2304236,INR,NEW,724,MODEL_V1,partner,2026-02-26
A0002764,C001793,PERSONAL,3085847,USD,DECLINED,702,MANUAL,branch,2026-03-26
A0002765,C002517,HOME,1362849,INR,UNDER_REVIEW,521,MANUAL,mobile,2026-03-20
A0002766,C000774,HOME,1034786,INR,APPROVED,420,MODEL_V2,partner,2026-03-20
A0002767,C001743,SME,3853610,USD,DISBURSED,534,MODEL_V1,mobile,2026-01-16
A0002768,C001246,HOME,3979524,USD,NEW,766,MANUAL,branch,2026-01-25
A0002769,C000735,SME,2323479,INR,NEW,398,MODEL_V1,mobile,2026-01-18
A0002770,C001986,SME,3260972,INR,DISBURSED,414,RULE,partner,2026-07-23
A0002771,C000260,HOME,699089,INR,NEW,575,MANUAL,mobile,2026-08-02
A0002772,C001512,HOME,3784519,USD,NEW,467,MANUAL,branch,2026-08-26
A0002773,C002273,AUTO,1272436,INR,DISBURSED,896,MODEL_V1,web,2026-04-03
A0002774,C002179,SME,1481076,INR,NEW,696,MANUAL,web,2026-07-28
A0002775,C002701,AUTO,1498609,INR,NEW,831,MANUAL,web,2026-07-21
A0002776,C000619,PERSONAL,3294627,USD,UNDER_REVIEW,671,MANUAL,branch,2026-01-02
A0002777,C000643,SME,2590514,INR,DECLINED,392,MODEL_V1,branch,2026-05-28
A0002778,C001994,AUTO,4865464,INR,APPROVED,337,RULE,branch,2026-08-03
A0002779,C001734,AUTO,836175,USD,APPROVED,511,MANUAL,mobile,2026-09-26
A0002780,C001162,AUTO,1047388,USD,APPROVED,801,RULE,partner,2026-09-19
A0002781,C000786,AUTO,1281475,USD,NEW,411,,web,2026-08-19
A0002782,C001798,HOME,470706,USD,NEW,483,RULE,branch,2026-07-14
A0002783,C000400,HOME,1827665,INR,APPROVED,726,MODEL_V2,branch,2026-03-02
A0002784,C001426,PERSONAL,2184091,INR,NEW,344,RULE,partner,2026-01-22
A0002785,C000151,AUTO,1896266,INR,DISBURSED,397,MODEL_V1,branch,2026-09-25
A0002786,C002388,SME,148534,INR,UNDER_REVIEW,761,RULE,web,2026-04-19
A0002787,C000192,HOME,2078234,INR,NEW,452,RULE,partner,2026-06-21
A0002788,C000713,SME,3837342,INR,DECLINED,788,MODEL_V2,web,2026-05-22
A0002789,C001421,AUTO,70761,USD,NEW,614,MANUAL,web,2026-01-26
A0002790,C002222,AUTO,3365972,USD,APPROVED,597,MANUAL,mobile,2026-03-12
A0002791,C002128,AUTO,307300,INR,NEW,373,RULE,mobile,2026-01-19
A0002792,C002807,PERSONAL,2266395,INR,NEW,888,MODEL_V1,branch,2026-02-06
A0002793,C001136,HOME,1397511,INR,NEW,465,MODEL_V1,web,2026-03-24
A0002794,C000014,SME,1867077,INR,NEW,386,MODEL_V1,mobile,2026-02-08
A0002795,C000920,HOME,654033,INR,DECLINED,467,MODEL_V1,partner,2026-08-09
A0002796,C000286,SME,2138204,USD,UNDER_REVIEW,760,MANUAL,branch,2026-01-27
A0002797,C000729,HOME,829535,INR,UNDER_REVIEW,435,RULE,branch,2026-07-06
A0002798,C000082,SME,127510,INR,APPROVED,800,MODEL_V2,mobile,2026-09-14
A0002799,C002673,HOME,149428,INR,DECLINED,809,MANUAL,partner,2026-08-24
A0002800,C001395,PERSONAL,844320,INR,DECLINED,586,MANUAL,branch,2026-09-09
A0002801,C003136,HOME,1853840,INR,UNDER_REVIEW,537,MODEL_V1,branch,2026-07-23
A0002802,C001333,SME,4412971,INR,DECLINED,715,RULE,mobile,2026-06-07
A0002803,C002702,HOME,3635431,INR,UNDER_REVIEW,843,RULE,mobile,2026-06-09
A0002804,C001070,SME,1506418,INR,DECLINED,772,MANUAL,mobile,2026-04-26
A0002805,C002545,AUTO,2778079,USD,APPROVED,485,MODEL_V1,web,2026-06-26
A0002806,C002035,PERSONAL,3360876,INR,DISBURSED,520,,mobile,2026-02-26
A0002807,C001183,HOME,1779815,INR,DECLINED,585,MANUAL,web,2026-07-11
A0002808,C002531,SME,1909222,INR,UNDER_REVIEW,473,RULE,branch,2026-05-05
A0002809,C002117,PERSONAL,901958,INR,APPROVED,761,MANUAL,web,2026-05-06
A0002810,C001536,SME,3471995,INR,DISBURSED,733,MODEL_V2,partner,2026-02-05
A0002811,C002613,HOME,3796563,INR,NEW,603,MANUAL,web,2026-02-18
A0002812,C002773,PERSONAL,4166006,INR,DISBURSED,492,RULE,mobile,2026-09-26
A0002813,C003221,SME,4365020,INR,DISBURSED,881,MANUAL,branch,2026-09-05
A0002814,C001446,AUTO,532933,INR,NEW,552,MODEL_V1,partner,2026-01-04
A0002815,C002940,SME,1678144,INR,DISBURSED,601,MANUAL,partner,2026-08-20
A0002816,C003481,SME,3855535,INR,NEW,813,MANUAL,branch,2026-05-25
A0002817,C000511,SME,148109,USD,UNDER_REVIEW,828,MODEL_V2,mobile,2026-01-02
A0002818,C002014,SME,1565368,USD,APPROVED,872,MODEL_V2,web,2026-04-23
A0002819,C002970,AUTO,4695583,INR,DISBURSED,548,MODEL_V2,web,2026-09-07
A0002820,C001809,SME,1070796,USD,DISBURSED,716,MODEL_V1,partner,2026-02-26
A0002821,C001013,AUTO,1949235,USD,DISBURSED,693,,branch,2026-09-15
A0002822,C001951,SME,3110710,INR,APPROVED,684,MANUAL,branch,2026-09-12
A0002823,C002083,PERSONAL,882924,INR,APPROVED,894,MANUAL,branch,2026-07-20
A0002824,C003265,AUTO,4956062,INR,UNDER_REVIEW,357,MODEL_V1,branch,2026-04-16
A0002825,C001321,PERSONAL,2295883,INR,DECLINED,610,RULE,mobile,2026-06-04
A0002826,C002351,SME,4029204,INR,UNDER_REVIEW,599,MANUAL,web,2026-09-24
A0002827,C003441,AUTO,3988068,USD,NEW,438,MANUAL,partner,2026-02-14
A0002828,C003258,PERSONAL,4426622,INR,APPROVED,445,MODEL_V2,partner,2026-01-21
A0002829,C002641,SME,4143810,INR,NEW,854,RULE,web,2026-02-02
A0002830,C000297,HOME,1910760,INR,UNDER_REVIEW,612,MODEL_V1,web,2026-04-06
A0002831,C002811,AUTO,2501495,INR,UNDER_REVIEW,805,,partner,2026-06-20
A0002832,C003361,PERSONAL,4825625,INR,UNDER_REVIEW,457,MODEL_V1,branch,2026-03-25
A0002833,C001851,PERSONAL,732397,INR,APPROVED,770,RULE,web,2026-08-14
A0002834,C003369,PERSONAL,2132838,USD,APPROVED,789,RULE,web,2026-02-18
A0002835,C000336,AUTO,1288534,USD,DECLINED,567,MANUAL,partner,2026-04-11
A0002836,C001170,HOME,2024016,USD,DECLINED,655,,web,2026-09-07
A0002837,C002518,SME,1307388,INR,APPROVED,391,MANUAL,web,2026-08-05
A0002838,C000781,AUTO,2569256,INR,NEW,756,MODEL_V2,branch,2026-08-09
A0002839,C000588,HOME,2773414,INR,APPROVED,865,RULE,mobile,2026-07-22
A0002840,C001728,PERSONAL,1235046,INR,NEW,719,MODEL_V1,branch,2026-08-15
A0002841,C000103,AUTO,1866434,INR,DECLINED,435,MODEL_V2,web,2026-06-13
A0002842,C000833,HOME,1170700,USD,DISBURSED,900,MANUAL,mobile,2026-01-20
A0002843,C002232,HOME,4806728,INR,DECLINED,709,MODEL_V2,branch,2026-07-23
A0002844,C003310,PERSONAL,677710,USD,DISBURSED,637,MODEL_V1,branch,2026-09-24
A0002845,C000424,AUTO,3114793,INR,APPROVED,648,MODEL_V2,web,2026-02-27
A0002846,C002775,AUTO,3762747,INR,APPROVED,872,RULE,mobile,2026-09-24
A0002847,C002858,HOME,3034151,USD,UNDER_REVIEW,484,MODEL_V1,branch,2026-03-19
A0002848,C001530,HOME,2852598,INR,DECLINED,374,MODEL_V1,web,2026-01-05
A0002849,C003348,SME,2348744,INR,DECLINED,644,RULE,mobile,2026-04-12
A0002850,C000007,AUTO,761321,INR,APPROVED,597,MANUAL,web,2026-01-06
A0002851,C001304,SME,1454750,INR,NEW,838,,branch,2026-05-08
A0002852,C003182,PERSONAL,4768918,INR,DISBURSED,435,MODEL_V1,web,2026-05-23
A0002853,C002929,AUTO,2545356,INR,APPROVED,705,RULE,branch,2026-07-07
A0002854,C000016,SME,644946,INR,DECLINED,407,MANUAL,web,2026-02-18
A0002855,C000818,AUTO,3461954,USD,UNDER_REVIEW,785,MANUAL,partner,2026-06-10
A0002856,C000342,PERSONAL,4518560,INR,UNDER_REVIEW,322,RULE,partner,2026-07-19
A0002857,C001723,SME,4082094,INR,DECLINED,833,RULE,web,2026-07-06
A0002858,C002844,PERSONAL,2187419,INR,APPROVED,398,MODEL_V1,mobile,2026-06-23
A0002859,C003311,HOME,4387347,INR,NEW,492,MANUAL,mobile,2026-01-04
A0002860,C000066,AUTO,1181256,INR,DECLINED,310,MANUAL,branch,2026-09-15
A0002861,C002490,HOME,1333279,INR,DECLINED,671,MODEL_V2,branch,2026-02-01
A0002862,C000489,SME,4390523,INR,APPROVED,750,RULE,branch,2026-09-21
A0002863,C003262,AUTO,123990,INR,DISBURSED,479,MODEL_V1,web,2026-05-26
A0002864,C001447,AUTO,1365031,INR,DECLINED,674,MODEL_V1,branch,2026-04-03
A0002865,C000678,SME,262047,INR,UNDER_REVIEW,477,MODEL_V1,partner,2026-02-01
A0002866,C001613,HOME,4103501,INR,APPROVED,342,,web,2026-09-16
A0002867,C002109,PERSONAL,2856366,USD,UNDER_REVIEW,422,MODEL_V2,partner,2026-04-25
A0002868,C000710,HOME,3398023,INR,DISBURSED,613,MANUAL,web,2026-05-13
A0002869,C001279,AUTO,368846,INR,UNDER_REVIEW,733,MODEL_V2,branch,2026-08-09
A0002870,C001127,SME,2184279,INR,DECLINED,667,MODEL_V2,mobile,2026-01-20
A0002871,C001962,HOME,307320,INR,UNDER_REVIEW,354,,mobile,2026-03-23
A0002872,C001959,PERSONAL,2862319,INR,DISBURSED,360,MODEL_V2,mobile,2026-08-02
A0002873,C001493,HOME,1208274,INR,DECLINED,306,MANUAL,web,2026-09-09
A0002874,C001832,AUTO,382669,INR,DECLINED,714,MANUAL,branch,2026-06-03
A0002875,C000406,HOME,3883713,INR,DECLINED,668,MANUAL,partner,2026-03-28
A0002876,C003215,HOME,653837,INR,NEW,345,MODEL_V2,mobile,2026-07-10
A0002877,C001329,AUTO,190655,INR,NEW,670,MODEL_V1,web,2026-06-22
A0002878,C003379,HOME,3634383,INR,DECLINED,879,MANUAL,web,2026-01-20
A0002879,C002803,PERSONAL,3495425,INR,UNDER_REVIEW,435,MODEL_V1,web,2026-07-12
A0002880,C001765,SME,472331,INR,DECLINED,392,MANUAL,mobile,2026-02-04
A0002881,C003378,HOME,1418409,INR,APPROVED,664,,branch,2026-01-17
A0002882,C000020,SME,2267655,INR,DISBURSED,886,MODEL_V2,mobile,2026-09-21
A0002883,C002077,HOME,1310676,INR,UNDER_REVIEW,866,RULE,branch,2026-02-22
A0002884,C000575,PERSONAL,1262018,USD,DISBURSED,896,MANUAL,web,2026-06-12
A0002885,C000620,SME,631813,INR,NEW,824,MODEL_V2,web,2026-06-06
A0002886,C001065,HOME,110355,INR,DISBURSED,871,MODEL_V2,mobile,2026-04-02
A0002887,C002747,SME,3998245,INR,APPROVED,502,MODEL_V2,branch,2026-03-04
A0002888,C002874,SME,1592952,USD,DISBURSED,754,RULE,web,2026-09-01
A0002889,C002567,AUTO,2747829,INR,NEW,487,MANUAL,mobile,2026-08-14
A0002890,C002103,SME,2105291,INR,NEW,653,RULE,partner,2026-06-26
A0002891,C001277,HOME,906383,INR,APPROVED,517,,web,2026-03-07
A0002892,C000013,PERSONAL,625959,USD,DISBURSED,658,MODEL_V2,partner,2026-01-11
A0002893,C002533,PERSONAL,4760663,INR,DECLINED,497,MODEL_V1,web,2026-06-15
A0002894,C001212,AUTO,1335343,INR,NEW,704,MANUAL,web,2026-09-01
A0002895,C001890,HOME,2692612,INR,DECLINED,884,RULE,mobile,2026-01-11
A0002896,C002451,AUTO,4354467,INR,DECLINED,492,RULE,mobile,2026-02-19
A0002897,C001638,AUTO,4217382,INR,NEW,374,MANUAL,web,2026-06-16
A0002898,C002949,AUTO,4313084,INR,APPROVED,581,MODEL_V2,mobile,2026-01-27
A0002899,C001052,PERSONAL,1317720,USD,UNDER_REVIEW,576,MODEL_V1,web,2026-04-07
A0002900,C001349,PERSONAL,2596673,INR,DECLINED,710,MANUAL,mobile,2026-08-03
A0002901,C003081,AUTO,4634505,USD,APPROVED,635,MANUAL,web,2026-02-04
A0002902,C001007,HOME,4288074,INR,DECLINED,667,MODEL_V2,mobile,2026-02-28
A0002903,C001639,AUTO,1965659,USD,DECLINED,350,MODEL_V1,partner,2026-03-25
A0002904,C002504,HOME,4298842,INR,UNDER_REVIEW,367,MANUAL,partner,2026-06-17
A0002905,C001031,AUTO,2339696,INR,UNDER_REVIEW,846,RULE,branch,2026-06-08
A0002906,C000081,PERSONAL,738834,INR,DECLINED,796,MODEL_V2,partner,2026-07-16
A0002907,C001768,AUTO,802578,INR,APPROVED,861,RULE,partner,2026-08-13
A0002908,C000642,AUTO,797659,INR,UNDER_REVIEW,694,MODEL_V1,mobile,2026-08-09
A0002909,C001193,SME,3834680,INR,NEW,885,MODEL_V2,partner,2026-04-11
A0002910,C001436,AUTO,1480818,INR,DISBURSED,335,MODEL_V1,mobile,2026-01-27
A0002911,C000991,SME,1221203,INR,DECLINED,779,MODEL_V2,branch,2026-06-15
A0002912,C002525,SME,4109860,INR,NEW,834,MODEL_V2,mobile,2026-07-24
A0002913,C002431,PERSONAL,1100457,INR,NEW,520,MODEL_V2,mobile,2026-08-23
A0002914,C000785,PERSONAL,4741895,INR,DISBURSED,842,MODEL_V2,web,2026-09-10
A0002915,C000232,AUTO,3669991,USD,APPROVED,335,MODEL_V2,mobile,2026-09-02
A0002916,C001566,HOME,4751356,INR,APPROVED,813,MANUAL,web,2026-01-11
A0002917,C002713,AUTO,3826778,INR,UNDER_REVIEW,816,RULE,partner,2026-04-18
A0002918,C003179,HOME,4088321,INR,APPROVED,410,MANUAL,web,2026-09-02
A0002919,C001175,HOME,4224162,INR,DECLINED,323,RULE,branch,2026-06-20
A0002920,C001792,AUTO,4594703,INR,UNDER_REVIEW,724,MODEL_V2,web,2026-03-09
A0002921,C002918,HOME,3314583,INR,APPROVED,339,RULE,mobile,2026-07-05
A0002922,C001894,HOME,1615071,USD,DECLINED,739,RULE,mobile,2026-08-21
A0002923,C002014,AUTO,4722863,INR,DISBURSED,309,MODEL_V2,mobile,2026-04-15
A0002924,C001178,HOME,4777569,INR,APPROVED,507,RULE,partner,2026-04-10
A0002925,C003246,SME,2397962,INR,DECLINED,732,MODEL_V1,mobile,2026-04-26
A0002926,C002592,HOME,2699997,INR,UNDER_REVIEW,429,MODEL_V2,partner,2026-07-11
A0002927,C000725,HOME,3337769,INR,DECLINED,490,RULE,partner,2026-06-21
A0002928,C002900,SME,2227177,INR,DISBURSED,618,MODEL_V1,web,2026-02-26
A0002929,C001401,HOME,256012,INR,DECLINED,379,MODEL_V1,web,2026-05-09
A0002930,C003022,AUTO,1763386,USD,UNDER_REVIEW,308,MODEL_V1,branch,2026-09-08
A0002931,C002542,SME,4019461,INR,DISBURSED,564,MANUAL,web,2026-03-25
A0002932,C002762,HOME,381087,INR,DECLINED,827,MODEL_V1,mobile,2026-08-06
A0002933,C000265,AUTO,2685050,USD,DECLINED,519,MANUAL,mobile,2026-01-25
A0002934,C001538,SME,3443754,INR,APPROVED,710,RULE,web,2026-05-09
A0002935,C001384,HOME,1149914,INR,DISBURSED,603,MODEL_V1,partner,2026-07-26
A0002936,C002870,SME,4839853,INR,DECLINED,624,RULE,web,2026-03-19
A0002937,C001785,SME,1524391,USD,DISBURSED,386,RULE,mobile,2026-07-01
A0002938,C002166,PERSONAL,1665843,INR,DISBURSED,395,RULE,mobile,2026-02-18
A0002939,C001919,SME,3765117,INR,DECLINED,424,MANUAL,web,2026-05-07
A0002940,C002547,HOME,2342196,INR,APPROVED,330,MODEL_V2,partner,2026-07-28
A0002941,C003335,PERSONAL,4348082,INR,UNDER_REVIEW,479,MANUAL,branch,2026-07-07
A0002942,C002905,HOME,461382,INR,DISBURSED,747,MODEL_V1,mobile,2026-06-24
A0002943,C003426,HOME,4994801,USD,UNDER_REVIEW,307,RULE,partner,2026-07-08
A0002944,C000004,AUTO,621092,INR,NEW,844,MANUAL,partner,2026-04-19
A0002945,C003289,HOME,3705697,INR,UNDER_REVIEW,692,MODEL_V2,mobile,2026-05-02
A0002946,C001746,HOME,740704,INR,DISBURSED,454,MANUAL,branch,2026-06-17
A0002947,C001141,AUTO,675925,INR,DECLINED,574,MODEL_V2,branch,2026-09-10
A0002948,C001520,SME,1567538,USD,APPROVED,889,MODEL_V2,partner,2026-09-21
A0002949,C001843,HOME,1447605,INR,APPROVED,853,RULE,web,2026-02-14
A0002950,C000908,SME,4799858,INR,DECLINED,492,RULE,mobile,2026-04-17
A0002951,C002296,HOME,1661302,INR,UNDER_REVIEW,621,MODEL_V1,web,2026-02-28
A0002952,C001625,SME,2665921,INR,DISBURSED,700,MANUAL,web,2026-05-04
A0002953,C002590,HOME,1736789,USD,DECLINED,410,MANUAL,web,2026-02-15
A0002954,C000022,SME,167192,INR,APPROVED,329,MODEL_V1,web,2026-01-04
A0002955,C000480,HOME,4923565,USD,UNDER_REVIEW,408,MANUAL,partner,2026-03-19
A0002956,C001309,HOME,2288512,INR,DECLINED,513,RULE,partner,2026-08-10
A0002957,C000736,HOME,1446969,USD,APPROVED,379,MODEL_V2,partner,2026-01-22
A0002958,C001516,SME,3390536,INR,UNDER_REVIEW,832,MODEL_V2,mobile,2026-08-04
A0002959,C001591,PERSONAL,3362288,INR,DISBURSED,584,MANUAL,mobile,2026-04-26
A0002960,C002804,HOME,3663528,USD,DECLINED,353,MODEL_V1,web,2026-03-28
A0002961,C000642,PERSONAL,534560,INR,APPROVED,682,MANUAL,mobile,2026-01-14
A0002962,C002440,PERSONAL,1169381,INR,APPROVED,687,RULE,mobile,2026-05-07
A0002963,C000379,HOME,4254987,INR,DECLINED,664,MANUAL,mobile,2026-07-19
A0002964,C002035,AUTO,3448373,INR,DECLINED,746,MANUAL,web,2026-02-12
A0002965,C001542,PERSONAL,1767983,INR,APPROVED,785,MANUAL,mobile,2026-05-11
A0002966,C002063,PERSONAL,864186,USD,NEW,638,,branch,2026-01-13
A0002967,C001560,HOME,1362814,INR,NEW,338,MODEL_V1,mobile,2026-04-20
A0002968,C003412,PERSONAL,3193654,INR,APPROVED,571,RULE,web,2026-08-21
A0002969,C001652,SME,3673159,INR,APPROVED,848,RULE,mobile,2026-02-24
A0002970,C001346,SME,3755490,INR,UNDER_REVIEW,337,MODEL_V2,mobile,2026-02-02
A0002971,C002013,HOME,4912921,INR,APPROVED,609,RULE,mobile,2026-09-28
A0002972,C000082,PERSONAL,3247270,USD,DECLINED,676,RULE,partner,2026-03-25
A0002973,C002416,PERSONAL,2995201,INR,UNDER_REVIEW,402,MODEL_V2,partner,2026-07-27
A0002974,C002056,SME,294436,INR,DISBURSED,573,MODEL_V1,web,2026-09-23
A0002975,C000070,SME,4943545,INR,APPROVED,504,MODEL_V2,web,2026-05-03
A0002976,C001863,HOME,3481982,INR,APPROVED,343,MANUAL,partner,2026-05-02
A0002977,C003424,SME,4801702,USD,UNDER_REVIEW,523,MANUAL,partner,2026-06-02
A0002978,C001868,HOME,290033,INR,UNDER_REVIEW,807,MODEL_V2,web,2026-02-22
A0002979,C001864,PERSONAL,4165982,INR,NEW,556,RULE,web,2026-06-12
A0002980,C001161,HOME,3751416,INR,DECLINED,829,RULE,partner,2026-08-19
A0002981,C002368,SME,2244691,USD,NEW,696,MODEL_V2,partner,2026-08-25
A0002982,C003395,SME,3996440,INR,DISBURSED,440,MODEL_V1,web,2026-01-01
A0002983,C002279,SME,2553177,INR,DISBURSED,797,MODEL_V2,partner,2026-07-01
A0002984,C002580,AUTO,3556179,INR,DECLINED,696,MODEL_V1,mobile,2026-07-08
A0002985,C001873,AUTO,4957382,INR,DECLINED,317,MODEL_V2,branch,2026-05-10
A0002986,C003172,AUTO,4535634,INR,APPROVED,458,,branch,2026-01-25
A0002987,C002103,AUTO,3677818,INR,NEW,782,RULE,branch,2026-03-16
A0002988,C001553,HOME,1449821,INR,NEW,743,MODEL_V2,mobile,2026-09-06
A0002989,C000598,AUTO,3068870,INR,DECLINED,434,RULE,partner,2026-06-06
A0002990,C003256,SME,2329188,USD,NEW,454,MANUAL,branch,2026-07-25
A0002991,C000808,AUTO,1203716,INR,DECLINED,766,MANUAL,mobile,2026-01-19
A0002992,C002572,AUTO,4779396,INR,UNDER_REVIEW,603,MANUAL,branch,2026-04-06
A0002993,C002913,HOME,1073270,INR,NEW,671,MANUAL,mobile,2026-05-18
A0002994,C001820,SME,2960659,USD,NEW,714,MANUAL,web,2026-09-21
A0002995,C001236,AUTO,3807668,INR,DISBURSED,360,MANUAL,mobile,2026-06-10
A0002996,C000044,SME,260501,INR,APPROVED,857,,branch,2026-01-10
A0002997,C000875,HOME,688689,INR,DECLINED,321,MANUAL,mobile,2026-03-12
A0002998,C001652,HOME,1582773,INR,DISBURSED,614,MODEL_V2,web,2026-07-08
A0002999,C000772,AUTO,632939,INR,UNDER_REVIEW,595,MODEL_V2,branch,2026-09-10
A0003000,C000575,AUTO,2525328,USD,DISBURSED,810,MODEL_V2,branch,2026-04-13
A0003001,C003129,AUTO,4634081,INR,DISBURSED,350,,mobile,2026-09-23
A0003002,C001798,SME,59617,USD,APPROVED,788,MODEL_V2,partner,2026-09-17
A0003003,C000482,HOME,421392,USD,NEW,558,MODEL_V2,mobile,2026-02-01
A0003004,C002197,PERSONAL,1067330,INR,DECLINED,551,MODEL_V2,partner,2026-06-19
A0003005,C000552,AUTO,4595449,USD,APPROVED,342,MODEL_V1,web,2026-08-01
A0003006,C001453,PERSONAL,77255,USD,NEW,455,MANUAL,web,2026-01-18
A0003007,C001023,HOME,1226448,INR,DECLINED,714,MODEL_V2,partner,2026-04-13
A0003008,C000148,PERSONAL,3663346,INR,NEW,368,MODEL_V1,branch,2026-02-15
A0003009,C002180,HOME,1658258,INR,DISBURSED,580,RULE,partner,2026-01-03
A0003010,C002289,HOME,484904,USD,DECLINED,506,MODEL_V2,web,2026-09-20
A0003011,C001673,HOME,4452097,USD,APPROVED,463,MODEL_V1,partner,2026-02-09
A0003012,C001363,AUTO,4176419,INR,UNDER_REVIEW,368,MANUAL,web,2026-09-20
A0003013,C001306,PERSONAL,1083140,INR,DISBURSED,402,MODEL_V1,branch,2026-05-07
A0003014,C002089,HOME,302970,USD,DECLINED,845,RULE,web,2026-04-09
A0003015,C002934,HOME,740593,INR,NEW,795,MODEL_V1,branch,2026-02-05
A0003016,C001175,PERSONAL,1290804,INR,UNDER_REVIEW,420,MODEL_V2,web,2026-09-25
A0003017,C001299,HOME,1131091,INR,APPROVED,549,MODEL_V1,mobile,2026-05-16
A0003018,C003428,HOME,4557079,USD,DISBURSED,573,MODEL_V2,partner,2026-02-03
A0003019,C003476,SME,3874770,USD,UNDER_REVIEW,518,MODEL_V2,web,2026-09-23
A0003020,C001460,HOME,2370436,INR,UNDER_REVIEW,855,MANUAL,web,2026-02-01
A0003021,C001238,SME,4097192,INR,UNDER_REVIEW,634,RULE,mobile,2026-08-26
A0003022,C001530,SME,2885856,INR,DISBURSED,313,RULE,mobile,2026-09-14
A0003023,C001336,AUTO,3597693,INR,NEW,359,RULE,branch,2026-04-23
A0003024,C002509,SME,3188154,INR,UNDER_REVIEW,499,MODEL_V2,branch,2026-01-13
A0003025,C000484,SME,3044716,USD,DECLINED,311,MODEL_V1,web,2026-06-02
A0003026,C002953,AUTO,3768021,INR,NEW,567,MODEL_V1,branch,2026-09-10
A0003027,C003374,AUTO,1804303,INR,DISBURSED,361,MODEL_V1,partner,2026-07-25
A0003028,C002601,AUTO,2048361,USD,UNDER_REVIEW,824,MODEL_V2,branch,2026-08-03
A0003029,C001083,HOME,564729,INR,DECLINED,682,MODEL_V1,branch,2026-03-14
A0003030,C001881,AUTO,3859417,INR,APPROVED,632,MANUAL,web,2026-06-12
A0003031,C002783,AUTO,3407428,INR,NEW,458,MODEL_V1,branch,2026-02-27
A0003032,C003121,SME,3146601,USD,UNDER_REVIEW,437,MANUAL,branch,2026-03-22
A0003033,C003471,HOME,1386442,USD,DISBURSED,317,MODEL_V2,web,2026-06-08
A0003034,C003204,PERSONAL,4372845,INR,DISBURSED,693,MANUAL,branch,2026-07-10
A0003035,C003361,AUTO,570600,INR,DECLINED,813,MANUAL,web,2026-03-19
A0003036,C000112,AUTO,3478653,INR,APPROVED,814,,branch,2026-02-09
A0003037,C000670,PERSONAL,382219,USD,DECLINED,421,MODEL_V2,web,2026-01-12
A0003038,C002924,SME,4358493,INR,APPROVED,746,MODEL_V2,branch,2026-04-20
A0003039,C003252,SME,2791631,INR,DECLINED,780,MODEL_V2,branch,2026-08-09
A0003040,C000921,AUTO,2182956,INR,APPROVED,898,MANUAL,branch,2026-09-01
A0003041,C000617,PERSONAL,3934758,USD,DISBURSED,669,,partner,2026-05-04
A0003042,C002468,HOME,597224,INR,UNDER_REVIEW,872,RULE,web,2026-01-14
A0003043,C002596,AUTO,1744654,INR,NEW,786,MODEL_V2,branch,2026-06-12
A0003044,C002644,PERSONAL,260773,USD,UNDER_REVIEW,495,RULE,mobile,2026-09-16
A0003045,C002370,PERSONAL,4544260,INR,DISBURSED,540,RULE,branch,2026-07-25
A0003046,C002769,PERSONAL,4955501,INR,NEW,813,RULE,partner,2026-06-08
A0003047,C002076,AUTO,641339,INR,UNDER_REVIEW,896,MANUAL,web,2026-09-28
A0003048,C002478,HOME,2622597,INR,DECLINED,452,MODEL_V2,branch,2026-04-27
A0003049,C003364,SME,905578,INR,DISBURSED,349,MODEL_V1,partner,2026-03-23
A0003050,C000438,HOME,2751851,INR,UNDER_REVIEW,529,MODEL_V2,web,2026-03-08
A0003051,C003025,SME,4729182,INR,DISBURSED,678,,branch,2026-08-19
A0003052,C003165,AUTO,1191542,USD,DECLINED,403,MODEL_V2,web,2026-03-21
A0003053,C002313,PERSONAL,4396079,INR,DECLINED,643,MODEL_V1,web,2026-05-28
A0003054,C001932,HOME,3592881,INR,DECLINED,313,RULE,web,2026-04-16
A0003055,C002613,SME,4599764,INR,APPROVED,861,MODEL_V1,mobile,2026-04-11
A0003056,C002938,SME,606123,INR,UNDER_REVIEW,560,MODEL_V1,branch,2026-06-24
A0003057,C001952,SME,2975435,USD,DECLINED,349,MODEL_V1,branch,2026-06-21
A0003058,C000893,SME,4130825,USD,DISBURSED,893,MANUAL,mobile,2026-01-19
A0003059,C000970,HOME,926961,USD,DISBURSED,493,MANUAL,mobile,2026-06-11
A0003060,C003015,PERSONAL,4778879,INR,NEW,359,MODEL_V1,web,2026-04-19
A0003061,C001139,PERSONAL,2801826,USD,UNDER_REVIEW,629,MANUAL,partner,2026-09-10
A0003062,C001046,HOME,4525282,INR,DISBURSED,654,RULE,web,2026-07-20
A0003063,C000189,SME,4186059,INR,UNDER_REVIEW,419,MODEL_V1,mobile,2026-01-25
A0003064,C003398,AUTO,3699061,USD,DISBURSED,395,RULE,branch,2026-07-20
A0003065,C001323,SME,2069779,INR,APPROVED,716,MANUAL,web,2026-01-24
A0003066,C002568,PERSONAL,1688697,INR,DECLINED,699,MANUAL,partner,2026-08-13
A0003067,C000742,HOME,2508457,INR,NEW,802,RULE,web,2026-01-19
A0003068,C001739,AUTO,4218949,INR,UNDER_REVIEW,604,RULE,web,2026-08-08
A0003069,C003134,PERSONAL,3626420,INR,UNDER_REVIEW,381,MODEL_V1,partner,2026-03-16
A0003070,C000241,SME,4245719,INR,NEW,361,MANUAL,partner,2026-06-01
A0003071,C002564,PERSONAL,824710,INR,DISBURSED,807,,web,2026-05-01
A0003072,C001007,AUTO,4800592,INR,NEW,835,MODEL_V2,partner,2026-09-13
A0003073,C001494,HOME,4817527,USD,NEW,444,RULE,mobile,2026-06-24
A0003074,C002074,SME,1839418,INR,UNDER_REVIEW,805,MANUAL,branch,2026-04-28
A0003075,C002651,SME,4703424,INR,UNDER_REVIEW,474,MODEL_V1,partner,2026-04-17
A0003076,C002121,SME,4168223,INR,NEW,567,,branch,2026-06-13
A0003077,C001989,SME,1163389,INR,DECLINED,417,MODEL_V1,partner,2026-07-23
A0003078,C000555,SME,4985549,INR,UNDER_REVIEW,670,MANUAL,mobile,2026-07-16
A0003079,C000295,AUTO,2387165,USD,DECLINED,367,RULE,partner,2026-02-04
A0003080,C000379,HOME,4271374,INR,UNDER_REVIEW,588,MODEL_V2,branch,2026-02-18
A0003081,C002462,AUTO,1241025,USD,UNDER_REVIEW,364,RULE,web,2026-07-13
A0003082,C003329,SME,1419625,INR,NEW,356,MODEL_V1,partner,2026-03-16
A0003083,C000604,SME,1908389,INR,NEW,360,MODEL_V1,partner,2026-08-26
A0003084,C000038,HOME,1415448,INR,UNDER_REVIEW,362,MODEL_V2,web,2026-04-09
A0003085,C002046,SME,3144126,INR,DECLINED,594,MANUAL,web,2026-04-12
A0003086,C002856,HOME,3770150,INR,NEW,730,MODEL_V1,web,2026-05-06
A0003087,C001313,AUTO,1740230,INR,APPROVED,504,RULE,partner,2026-06-12
A0003088,C000175,HOME,467657,INR,NEW,364,MODEL_V1,branch,2026-01-07
A0003089,C002739,AUTO,4690426,USD,DECLINED,369,MODEL_V2,web,2026-09-19
A0003090,C000846,PERSONAL,1261987,INR,DECLINED,450,MANUAL,web,2026-06-22
A0003091,C001287,PERSONAL,3304973,INR,DISBURSED,757,MANUAL,partner,2026-06-27
A0003092,C003471,PERSONAL,3094239,USD,UNDER_REVIEW,793,MANUAL,branch,2026-02-05
A0003093,C001440,HOME,81737,USD,DECLINED,671,MODEL_V2,web,2026-02-11
A0003094,C001152,HOME,1087257,INR,DISBURSED,565,RULE,branch,2026-01-02
A0003095,C001759,SME,2973966,INR,DISBURSED,483,MODEL_V2,web,2026-04-05
A0003096,C000945,AUTO,2740363,INR,UNDER_REVIEW,728,MANUAL,web,2026-09-17
A0003097,C001896,PERSONAL,3126573,INR,NEW,528,MODEL_V2,branch,2026-02-03
A0003098,C001044,AUTO,4513407,INR,UNDER_REVIEW,807,MODEL_V1,partner,2026-01-02
A0003099,C002570,SME,4486348,INR,APPROVED,862,MODEL_V2,partner,2026-02-28
A0003100,C002581,HOME,1654426,USD,DISBURSED,840,MODEL_V2,mobile,2026-02-10
A0003101,C002259,SME,1770820,INR,UNDER_REVIEW,643,MODEL_V1,web,2026-03-05
A0003102,C001273,PERSONAL,2235609,INR,UNDER_REVIEW,342,MODEL_V2,web,2026-04-15
A0003103,C003411,SME,4143666,USD,UNDER_REVIEW,647,MANUAL,partner,2026-03-24
A0003104,C003288,HOME,305732,INR,UNDER_REVIEW,325,MODEL_V2,mobile,2026-06-24
A0003105,C003162,PERSONAL,4193389,USD,DISBURSED,405,MANUAL,branch,2026-08-12
A0003106,C000984,SME,2061554,INR,DECLINED,405,MANUAL,mobile,2026-01-09
A0003107,C002810,PERSONAL,4785386,INR,UNDER_REVIEW,388,MODEL_V1,partner,2026-07-15
A0003108,C001625,PERSONAL,1614502,INR,UNDER_REVIEW,581,MODEL_V2,mobile,2026-02-15
A0003109,C002487,AUTO,3361161,USD,DISBURSED,645,MANUAL,mobile,2026-03-08
A0003110,C000797,HOME,964296,USD,NEW,443,MODEL_V2,branch,2026-09-10
A0003111,C000937,AUTO,3192554,INR,NEW,711,MANUAL,mobile,2026-02-22
A0003112,C001155,PERSONAL,572840,USD,DECLINED,625,MODEL_V1,branch,2026-09-02
A0003113,C000539,HOME,525414,INR,DISBURSED,526,MODEL_V2,web,2026-02-02
A0003114,C001673,SME,1910756,INR,DECLINED,872,RULE,mobile,2026-02-15
A0003115,C002478,PERSONAL,448553,USD,DISBURSED,545,MODEL_V1,branch,2026-08-27
A0003116,C002502,AUTO,2446060,INR,DISBURSED,695,MODEL_V2,partner,2026-05-16
A0003117,C000476,SME,2865205,INR,UNDER_REVIEW,567,MODEL_V1,partner,2026-04-26
A0003118,C001051,AUTO,135395,INR,UNDER_REVIEW,467,RULE,web,2026-07-16
A0003119,C002933,SME,977789,INR,APPROVED,423,MANUAL,web,2026-01-24
A0003120,C003101,HOME,2019932,USD,NEW,801,RULE,partner,2026-03-02
A0003121,C002700,SME,1537270,INR,UNDER_REVIEW,424,,partner,2026-08-09
A0003122,C002990,SME,1246845,USD,DECLINED,714,MODEL_V1,branch,2026-01-16
A0003123,C001693,HOME,105584,INR,NEW,660,MANUAL,branch,2026-09-02
A0003124,C001538,HOME,3183975,INR,DECLINED,849,MODEL_V2,branch,2026-02-18
A0003125,C002853,AUTO,776293,INR,UNDER_REVIEW,724,RULE,partner,2026-07-08
A0003126,C000022,AUTO,1324669,INR,NEW,328,RULE,web,2026-04-08
A0003127,C001236,SME,3138618,INR,NEW,642,MANUAL,branch,2026-09-16
A0003128,C001012,SME,58149,INR,DISBURSED,478,MODEL_V1,branch,2026-05-11
A0003129,C003448,AUTO,411057,USD,APPROVED,708,MODEL_V2,mobile,2026-05-20
A0003130,C002886,PERSONAL,4815181,INR,DECLINED,582,MANUAL,web,2026-02-18
A0003131,C003387,HOME,1202960,USD,DISBURSED,869,MANUAL,web,2026-03-22
A0003132,C002831,SME,318136,USD,DECLINED,306,MODEL_V1,web,2026-09-14
A0003133,C000312,SME,1528452,INR,APPROVED,746,RULE,branch,2026-09-08
A0003134,C000565,SME,1470992,INR,DISBURSED,567,MODEL_V1,partner,2026-07-21
A0003135,C001619,HOME,3566398,USD,NEW,742,MODEL_V1,partner,2026-05-11
A0003136,C002984,HOME,3151180,INR,UNDER_REVIEW,870,,branch,2026-07-27
A0003137,C003322,SME,1486324,INR,DECLINED,720,MODEL_V2,web,2026-08-18
A0003138,C000533,HOME,2301433,USD,DISBURSED,765,MODEL_V1,web,2026-01-01
A0003139,C000042,SME,3827402,INR,NEW,841,MANUAL,mobile,2026-03-07
A0003140,C002174,PERSONAL,2856924,INR,UNDER_REVIEW,559,RULE,web,2026-05-25
A0003141,C001271,AUTO,4855323,INR,NEW,507,MODEL_V2,mobile,2026-07-13
A0003142,C000522,PERSONAL,2288922,INR,APPROVED,883,MANUAL,branch,2026-07-20
A0003143,C003158,SME,4848624,INR,UNDER_REVIEW,330,RULE,mobile,2026-05-14
A0003144,C001485,PERSONAL,1791444,INR,UNDER_REVIEW,460,MODEL_V2,partner,2026-08-27
A0003145,C003027,SME,4780778,INR,NEW,374,MODEL_V2,web,2026-02-24
A0003146,C003025,PERSONAL,2771200,INR,APPROVED,494,MODEL_V2,branch,2026-02-25
A0003147,C000898,HOME,4447001,INR,DECLINED,582,MODEL_V2,partner,2026-01-06
A0003148,C001312,HOME,1108139,INR,NEW,761,MODEL_V2,mobile,2026-08-11
A0003149,C001713,HOME,157527,INR,DECLINED,556,MANUAL,web,2026-09-08
A0003150,C002119,HOME,2260338,INR,DISBURSED,472,MANUAL,branch,2026-09-27
A0003151,C000460,SME,2537309,USD,UNDER_REVIEW,431,MANUAL,mobile,2026-07-15
A0003152,C002514,SME,4886629,INR,DISBURSED,367,MANUAL,branch,2026-08-17
A0003153,C002303,AUTO,3874818,INR,DISBURSED,874,MODEL_V1,branch,2026-08-07
A0003154,C001104,AUTO,1945433,INR,APPROVED,742,MODEL_V2,partner,2026-09-27
A0003155,C001713,PERSONAL,3228768,INR,UNDER_REVIEW,663,MODEL_V1,branch,2026-09-09
A0003156,C002403,AUTO,1789677,INR,DECLINED,833,MODEL_V2,branch,2026-02-26
A0003157,C000614,SME,3161973,INR,APPROVED,899,MANUAL,web,2026-05-14
A0003158,C001228,PERSONAL,3802771,INR,NEW,866,RULE,web,2026-02-05
A0003159,C000199,SME,650090,INR,APPROVED,304,MODEL_V1,branch,2026-04-08
A0003160,C001104,SME,2727599,INR,UNDER_REVIEW,694,RULE,branch,2026-02-26
A0003161,C003064,PERSONAL,1880417,USD,DECLINED,313,MODEL_V2,mobile,2026-08-04
A0003162,C000179,SME,400194,INR,NEW,506,MODEL_V2,branch,2026-02-14
A0003163,C000658,SME,2521062,INR,DECLINED,484,MODEL_V1,branch,2026-01-09
A0003164,C001398,HOME,1709984,USD,DISBURSED,387,MODEL_V1,web,2026-05-07
A0003165,C000404,PERSONAL,2429022,USD,UNDER_REVIEW,829,RULE,partner,2026-01-28
A0003166,C000774,PERSONAL,274859,INR,DECLINED,860,RULE,branch,2026-07-21
A0003167,C001948,PERSONAL,3908444,INR,DECLINED,534,RULE,mobile,2026-08-10
A0003168,C002354,HOME,4336118,USD,UNDER_REVIEW,492,MODEL_V2,partner,2026-04-02
A0003169,C001868,SME,3972167,INR,APPROVED,719,MODEL_V1,web,2026-03-23
A0003170,C002003,AUTO,3806416,INR,APPROVED,702,MODEL_V1,partner,2026-06-19
A0003171,C000731,SME,3267176,INR,UNDER_REVIEW,427,MODEL_V1,branch,2026-01-22
A0003172,C001796,PERSONAL,567282,INR,UNDER_REVIEW,383,MODEL_V1,partner,2026-07-08
A0003173,C002477,AUTO,708912,USD,DISBURSED,826,RULE,web,2026-07-16
A0003174,C002398,PERSONAL,3155437,INR,APPROVED,707,MODEL_V2,mobile,2026-04-22
A0003175,C001801,HOME,2142630,INR,NEW,681,MODEL_V1,partner,2026-04-14
A0003176,C001677,SME,4936369,INR,NEW,771,RULE,branch,2026-08-09
A0003177,C001931,PERSONAL,3248883,INR,DECLINED,464,MANUAL,branch,2026-08-15
A0003178,C003177,PERSONAL,2715639,USD,NEW,663,MODEL_V2,branch,2026-07-10
A0003179,C000020,HOME,3701535,INR,NEW,344,MODEL_V1,branch,2026-05-12
A0003180,C003143,HOME,4068555,INR,DISBURSED,588,MODEL_V1,partner,2026-02-12
A0003181,C000982,SME,2190023,INR,NEW,463,MODEL_V1,mobile,2026-05-15
A0003182,C001996,AUTO,3946391,USD,NEW,660,MODEL_V2,branch,2026-02-10
A0003183,C000807,AUTO,2259313,USD,NEW,629,RULE,branch,2026-05-09
A0003184,C001946,AUTO,551250,USD,DECLINED,483,MODEL_V1,branch,2026-09-12
A0003185,C003047,SME,4961449,INR,DISBURSED,643,MODEL_V1,mobile,2026-08-06
A0003186,C002388,AUTO,2106552,INR,APPROVED,609,RULE,web,2026-08-20
A0003187,C001886,PERSONAL,1451490,INR,APPROVED,845,MANUAL,mobile,2026-06-10
A0003188,C001632,AUTO,2569409,USD,UNDER_REVIEW,822,MANUAL,web,2026-03-20
A0003189,C001109,HOME,1117846,INR,DECLINED,646,RULE,web,2026-04-22
A0003190,C001413,AUTO,3495057,USD,DISBURSED,598,RULE,web,2026-02-03
A0003191,C002632,HOME,1897081,INR,APPROVED,335,MANUAL,web,2026-02-24
A0003192,C000733,HOME,2753432,USD,APPROVED,354,MODEL_V2,partner,2026-02-01
A0003193,C000695,PERSONAL,2055165,INR,DECLINED,745,RULE,partner,2026-05-05
A0003194,C001278,HOME,98433,USD,NEW,448,MODEL_V1,mobile,2026-05-18
A0003195,C002460,AUTO,2304207,INR,APPROVED,501,RULE,web,2026-09-02
A0003196,C000847,PERSONAL,1310372,INR,DISBURSED,357,,web,2026-09-08
A0003197,C002544,HOME,1933171,USD,APPROVED,324,MANUAL,mobile,2026-01-27
A0003198,C002531,SME,3659697,INR,NEW,776,MANUAL,web,2026-06-06
A0003199,C000323,PERSONAL,3859549,USD,UNDER_REVIEW,828,MODEL_V2,web,2026-01-05
A0003200,C001638,HOME,2712678,INR,DECLINED,557,RULE,web,2026-04-04
A0003201,C003493,SME,475930,INR,UNDER_REVIEW,835,MODEL_V2,web,2026-03-21
A0003202,C001417,AUTO,2693762,INR,DECLINED,440,MANUAL,branch,2026-05-21
A0003203,C000567,AUTO,1284769,USD,DECLINED,629,MANUAL,branch,2026-09-05
A0003204,C000459,HOME,2341552,USD,UNDER_REVIEW,537,RULE,mobile,2026-02-22
A0003205,C000464,HOME,4290732,INR,UNDER_REVIEW,803,MANUAL,partner,2026-06-22
A0003206,C003391,HOME,4820503,INR,APPROVED,809,MODEL_V2,web,2026-04-02
A0003207,C003469,HOME,1101361,INR,NEW,753,MANUAL,partner,2026-01-11
A0003208,C002858,PERSONAL,1298805,INR,UNDER_REVIEW,423,MODEL_V2,branch,2026-01-25
A0003209,C001978,PERSONAL,4278824,USD,DECLINED,670,MODEL_V2,mobile,2026-06-07
A0003210,C001067,HOME,2957126,INR,DECLINED,392,MANUAL,branch,2026-04-22
A0003211,C001532,AUTO,270049,USD,UNDER_REVIEW,809,MANUAL,partner,2026-04-22
A0003212,C000181,SME,4550743,INR,APPROVED,431,MODEL_V2,branch,2026-08-27
A0003213,C000957,HOME,495897,INR,DISBURSED,431,MODEL_V2,web,2026-04-02
A0003214,C003012,HOME,885983,INR,APPROVED,340,MODEL_V2,web,2026-03-27
A0003215,C002780,SME,3722643,USD,NEW,481,MODEL_V2,partner,2026-05-04
A0003216,C002192,SME,1570890,INR,DECLINED,526,,branch,2026-05-05
A0003217,C000271,PERSONAL,559237,USD,DISBURSED,371,RULE,web,2026-07-03
A0003218,C002340,PERSONAL,4681811,INR,UNDER_REVIEW,615,MODEL_V1,mobile,2026-04-18
A0003219,C003411,AUTO,1931776,USD,NEW,831,MODEL_V1,mobile,2026-07-12
A0003220,C003353,HOME,1729486,USD,UNDER_REVIEW,444,MODEL_V2,partner,2026-04-09
A0003221,C001242,SME,352397,INR,NEW,867,RULE,web,2026-06-28
A0003222,C001014,PERSONAL,4428457,INR,UNDER_REVIEW,677,MODEL_V1,partner,2026-01-24
A0003223,C000004,PERSONAL,3162958,INR,UNDER_REVIEW,443,MODEL_V2,partner,2026-07-22
A0003224,C002535,AUTO,1607535,INR,UNDER_REVIEW,584,MODEL_V2,web,2026-02-21
A0003225,C000159,AUTO,4788501,INR,DISBURSED,504,MODEL_V1,partner,2026-06-11
A0003226,C002945,SME,3414721,INR,NEW,357,MODEL_V1,partner,2026-08-15
A0003227,C001804,PERSONAL,2519809,INR,APPROVED,645,MODEL_V2,mobile,2026-05-27
A0003228,C002077,SME,997702,INR,APPROVED,507,MODEL_V1,branch,2026-08-01
A0003229,C001408,SME,1242306,INR,APPROVED,558,MANUAL,partner,2026-02-09
A0003230,C001841,HOME,1932251,USD,UNDER_REVIEW,390,MANUAL,partner,2026-01-26
A0003231,C000486,AUTO,4091377,INR,DISBURSED,569,,branch,2026-09-08
A0003232,C002868,HOME,3183251,INR,NEW,781,RULE,web,2026-07-26
A0003233,C002916,AUTO,3272385,INR,DECLINED,850,MODEL_V1,web,2026-02-15
A0003234,C000200,AUTO,4000891,INR,APPROVED,375,RULE,partner,2026-02-06
A0003235,C000933,SME,784626,USD,DECLINED,843,RULE,branch,2026-01-12
A0003236,C002575,AUTO,4273854,INR,DECLINED,360,MODEL_V1,mobile,2026-02-21
A0003237,C001174,AUTO,1843736,INR,NEW,522,MODEL_V2,branch,2026-08-04
A0003238,C001743,HOME,3105507,USD,DECLINED,423,MODEL_V2,web,2026-04-13
A0003239,C000106,PERSONAL,4467187,INR,DISBURSED,475,MANUAL,branch,2026-01-05
A0003240,C000106,SME,3783578,USD,NEW,476,MANUAL,partner,2026-09-06
A0003241,C001048,PERSONAL,4963008,INR,UNDER_REVIEW,741,MANUAL,mobile,2026-06-11
A0003242,C001665,HOME,1021243,INR,APPROVED,657,MODEL_V1,web,2026-01-15
A0003243,C001331,PERSONAL,552614,USD,UNDER_REVIEW,389,MODEL_V1,web,2026-03-18
A0003244,C000499,AUTO,482508,INR,DISBURSED,684,MANUAL,web,2026-06-11
A0003245,C002153,HOME,4016233,INR,DISBURSED,724,MODEL_V2,branch,2026-05-17
A0003246,C003434,PERSONAL,4076637,INR,UNDER_REVIEW,859,MANUAL,web,2026-07-23
A0003247,C001326,PERSONAL,561981,INR,DISBURSED,477,MODEL_V1,branch,2026-09-12
A0003248,C002250,HOME,1703836,INR,DISBURSED,684,MANUAL,web,2026-05-24
A0003249,C002523,PERSONAL,2082640,INR,UNDER_REVIEW,559,RULE,web,2026-08-15
A0003250,C000079,AUTO,949303,INR,DISBURSED,389,MODEL_V1,mobile,2026-07-27
A0003251,C002165,HOME,4125507,INR,DECLINED,591,,partner,2026-01-21
A0003252,C002285,PERSONAL,2621619,INR,NEW,782,MODEL_V1,web,2026-01-03
A0003253,C001720,HOME,3579706,INR,UNDER_REVIEW,676,MANUAL,branch,2026-04-23
A0003254,C003046,HOME,1479150,USD,APPROVED,874,MODEL_V2,branch,2026-08-27
A0003255,C001585,AUTO,2279667,USD,DISBURSED,609,MODEL_V1,branch,2026-07-21
A0003256,C000716,AUTO,1473210,INR,UNDER_REVIEW,650,MANUAL,web,2026-03-20
A0003257,C002586,PERSONAL,1879475,USD,NEW,387,MODEL_V2,web,2026-06-10
A0003258,C003411,PERSONAL,3831457,INR,UNDER_REVIEW,461,MODEL_V2,mobile,2026-05-08
A0003259,C002794,HOME,2926577,INR,UNDER_REVIEW,798,MODEL_V1,partner,2026-09-22
A0003260,C001325,AUTO,3188460,INR,DECLINED,881,MODEL_V1,web,2026-02-07
A0003261,C000924,SME,682804,USD,DECLINED,537,MANUAL,branch,2026-03-09
A0003262,C001229,AUTO,4737558,INR,DECLINED,633,RULE,web,2026-06-25
A0003263,C001924,PERSONAL,400252,INR,APPROVED,695,RULE,web,2026-07-11
A0003264,C000806,HOME,362925,USD,APPROVED,660,RULE,partner,2026-01-25
A0003265,C002996,PERSONAL,4990819,INR,DECLINED,881,RULE,branch,2026-09-02
A0003266,C002232,AUTO,2263810,USD,UNDER_REVIEW,341,MODEL_V1,mobile,2026-06-22
A0003267,C000615,PERSONAL,4548494,INR,UNDER_REVIEW,458,MANUAL,branch,2026-04-14
A0003268,C000341,SME,3094000,INR,DECLINED,311,MODEL_V2,branch,2026-06-23
A0003269,C000882,SME,2568988,USD,DECLINED,420,MODEL_V1,web,2026-07-05
A0003270,C001690,HOME,4677032,USD,UNDER_REVIEW,850,MANUAL,web,2026-01-05
A0003271,C002548,HOME,3303646,INR,APPROVED,861,,mobile,2026-04-19
A0003272,C002019,AUTO,720132,USD,UNDER_REVIEW,891,MANUAL,mobile,2026-08-15
A0003273,C003226,AUTO,2908967,INR,DECLINED,591,MODEL_V1,web,2026-08-21
A0003274,C002956,AUTO,1176399,INR,DECLINED,892,MANUAL,mobile,2026-08-09
A0003275,C002831,AUTO,3789944,INR,NEW,349,MODEL_V1,branch,2026-02-15
A0003276,C001956,HOME,4306055,USD,UNDER_REVIEW,333,RULE,partner,2026-02-28
A0003277,C000044,AUTO,4252228,INR,DECLINED,830,RULE,web,2026-03-02
A0003278,C000048,HOME,3279699,INR,DECLINED,687,MODEL_V2,branch,2026-06-06
A0003279,C000162,PERSONAL,2371041,INR,NEW,452,MODEL_V1,partner,2026-04-22
A0003280,C001506,SME,3282709,USD,NEW,537,MANUAL,web,2026-02-25
A0003281,C003442,HOME,1894241,INR,DECLINED,752,RULE,branch,2026-02-28
A0003282,C001763,SME,780117,INR,DECLINED,606,MANUAL,branch,2026-04-27
A0003283,C000407,AUTO,567973,INR,DISBURSED,695,MANUAL,web,2026-02-18
A0003284,C003470,HOME,2319200,INR,NEW,808,MANUAL,mobile,2026-04-19
A0003285,C001458,HOME,2134399,INR,NEW,404,MODEL_V1,partner,2026-04-23
A0003286,C003125,PERSONAL,4675753,INR,NEW,761,MODEL_V2,partner,2026-05-13
A0003287,C000544,SME,4177216,USD,DISBURSED,438,MODEL_V2,web,2026-09-15
A0003288,C002028,PERSONAL,3653782,INR,UNDER_REVIEW,333,MODEL_V1,web,2026-09-05
A0003289,C001078,SME,3733771,INR,DISBURSED,507,RULE,branch,2026-01-15
A0003290,C002199,HOME,1044678,INR,DISBURSED,360,MANUAL,web,2026-03-24
A0003291,C002016,AUTO,2670249,INR,NEW,488,MANUAL,partner,2026-08-23
A0003292,C002626,AUTO,984343,INR,UNDER_REVIEW,359,RULE,web,2026-04-25
A0003293,C001923,HOME,197581,INR,DISBURSED,736,MANUAL,mobile,2026-09-26
A0003294,C000094,AUTO,3846290,USD,NEW,545,MANUAL,web,2026-02-24
A0003295,C003493,HOME,1046425,USD,DISBURSED,449,MANUAL,partner,2026-02-03
A0003296,C000803,HOME,1107323,USD,APPROVED,488,,web,2026-05-26
A0003297,C002370,AUTO,306940,INR,DECLINED,634,MANUAL,mobile,2026-03-07
A0003298,C000417,HOME,4940133,USD,UNDER_REVIEW,517,MODEL_V2,web,2026-09-17
A0003299,C000962,PERSONAL,266294,INR,APPROVED,815,MODEL_V1,web,2026-09-05
A0003300,C003475,PERSONAL,1105297,INR,UNDER_REVIEW,799,MANUAL,branch,2026-07-18
A0003301,C000505,AUTO,4280155,INR,DISBURSED,753,MANUAL,branch,2026-03-18
A0003302,C000421,PERSONAL,1580663,USD,DISBURSED,826,MODEL_V2,branch,2026-03-11
A0003303,C000211,AUTO,1390649,INR,APPROVED,760,RULE,web,2026-03-26
A0003304,C002091,PERSONAL,988862,USD,DECLINED,534,MODEL_V1,partner,2026-06-27
A0003305,C003062,AUTO,3303541,INR,UNDER_REVIEW,776,MODEL_V2,mobile,2026-06-14
A0003306,C003296,HOME,1009410,INR,UNDER_REVIEW,413,MODEL_V2,mobile,2026-02-10
A0003307,C002478,PERSONAL,763458,INR,UNDER_REVIEW,803,MODEL_V2,branch,2026-07-14
A0003308,C001748,PERSONAL,2128344,INR,UNDER_REVIEW,731,MODEL_V2,partner,2026-01-24
A0003309,C001988,HOME,531396,INR,NEW,734,MODEL_V1,web,2026-05-13
A0003310,C000955,PERSONAL,1749329,INR,NEW,458,MODEL_V2,web,2026-06-10
A0003311,C002900,HOME,3709980,INR,NEW,886,RULE,branch,2026-08-28
A0003312,C000207,AUTO,2433991,INR,NEW,658,MODEL_V1,mobile,2026-01-02
A0003313,C000736,SME,1437871,INR,DISBURSED,348,RULE,mobile,2026-09-15
A0003314,C000540,AUTO,1840912,INR,UNDER_REVIEW,304,MODEL_V1,partner,2026-07-21
A0003315,C003220,PERSONAL,1570412,INR,DISBURSED,569,MODEL_V1,web,2026-01-20
A0003316,C002034,HOME,2803355,INR,APPROVED,852,MANUAL,branch,2026-05-02
A0003317,C000301,SME,4773122,INR,APPROVED,373,RULE,mobile,2026-07-07
A0003318,C002605,HOME,4375799,USD,UNDER_REVIEW,465,MODEL_V2,branch,2026-04-26
A0003319,C000337,HOME,4190553,INR,DECLINED,342,MODEL_V2,web,2026-05-27
A0003320,C000907,PERSONAL,3928593,INR,APPROVED,394,MODEL_V1,partner,2026-05-02
A0003321,C001325,SME,3023572,INR,DECLINED,809,MODEL_V2,mobile,2026-09-09
A0003322,C000216,SME,1813496,INR,APPROVED,592,MANUAL,web,2026-04-21
A0003323,C002873,PERSONAL,4276098,INR,DISBURSED,570,MODEL_V1,partner,2026-08-03
A0003324,C000632,PERSONAL,3043878,INR,DISBURSED,800,MODEL_V1,mobile,2026-06-06
A0003325,C000541,HOME,2964051,INR,DECLINED,530,MODEL_V2,mobile,2026-01-15
A0003326,C000959,AUTO,3746316,INR,DECLINED,796,MANUAL,branch,2026-03-15
A0003327,C002825,PERSONAL,2109977,INR,DECLINED,821,MODEL_V1,partner,2026-07-13
A0003328,C000568,AUTO,2780857,INR,APPROVED,837,RULE,web,2026-01-17
A0003329,C001581,AUTO,1346072,INR,DISBURSED,336,MODEL_V1,partner,2026-03-05
A0003330,C001113,AUTO,1855406,INR,DECLINED,741,MODEL_V2,mobile,2026-06-21
A0003331,C000542,SME,4231908,USD,APPROVED,363,MANUAL,web,2026-02-22
A0003332,C002277,AUTO,4606872,INR,NEW,631,RULE,web,2026-06-24
A0003333,C001781,SME,4938594,INR,DISBURSED,419,MODEL_V2,partner,2026-04-14
A0003334,C003284,PERSONAL,496656,INR,DISBURSED,507,MANUAL,branch,2026-01-27
A0003335,C002295,PERSONAL,1978080,INR,DISBURSED,661,MANUAL,partner,2026-06-10
A0003336,C002456,AUTO,3903253,USD,UNDER_REVIEW,343,MODEL_V2,partner,2026-01-17
A0003337,C002262,SME,3804477,INR,UNDER_REVIEW,743,RULE,mobile,2026-01-13
A0003338,C001062,HOME,2320924,USD,DECLINED,568,MANUAL,web,2026-09-02
A0003339,C002743,PERSONAL,2812067,INR,UNDER_REVIEW,458,MODEL_V2,mobile,2026-09-06
A0003340,C001573,AUTO,292627,USD,APPROVED,313,RULE,mobile,2026-01-22
A0003341,C000151,HOME,2003934,INR,DECLINED,627,RULE,partner,2026-04-22
A0003342,C003210,HOME,385069,INR,UNDER_REVIEW,592,MODEL_V2,web,2026-02-22
A0003343,C002582,SME,1512517,INR,DECLINED,399,MANUAL,mobile,2026-04-06
A0003344,C002859,AUTO,2271939,USD,UNDER_REVIEW,551,MODEL_V1,branch,2026-03-17
A0003345,C001549,SME,1155236,INR,UNDER_REVIEW,605,MODEL_V1,partner,2026-09-03
A0003346,C001324,AUTO,249702,INR,UNDER_REVIEW,571,MODEL_V1,web,2026-06-25
A0003347,C002823,HOME,4441259,INR,DECLINED,480,RULE,mobile,2026-01-08
A0003348,C001054,SME,3152547,USD,UNDER_REVIEW,637,RULE,web,2026-04-12
A0003349,C002585,SME,313228,INR,UNDER_REVIEW,599,MODEL_V1,web,2026-08-08
A0003350,C001829,SME,3981058,INR,NEW,511,MODEL_V2,mobile,2026-04-22
A0003351,C001984,PERSONAL,4052983,INR,APPROVED,552,MODEL_V2,branch,2026-06-04
A0003352,C003395,AUTO,1201937,USD,APPROVED,312,RULE,mobile,2026-08-01
A0003353,C001667,PERSONAL,3279711,INR,NEW,551,MODEL_V2,mobile,2026-09-11
A0003354,C002334,HOME,3010117,USD,UNDER_REVIEW,542,MODEL_V1,partner,2026-08-28
A0003355,C003295,AUTO,3456897,INR,UNDER_REVIEW,374,MANUAL,mobile,2026-03-04
A0003356,C001833,SME,4798066,INR,UNDER_REVIEW,816,RULE,web,2026-03-21
A0003357,C001387,PERSONAL,4997104,INR,DISBURSED,794,MANUAL,branch,2026-03-06
A0003358,C002877,PERSONAL,2486693,INR,DISBURSED,532,MODEL_V1,branch,2026-02-12
A0003359,C002211,AUTO,988042,INR,DECLINED,639,MODEL_V2,web,2026-07-22
A0003360,C000321,HOME,3735349,INR,APPROVED,467,MANUAL,web,2026-05-07
A0003361,C001068,HOME,3631562,USD,DECLINED,507,RULE,web,2026-07-11
A0003362,C001181,AUTO,4336653,INR,UNDER_REVIEW,694,MODEL_V1,branch,2026-03-13
A0003363,C003327,HOME,598729,INR,APPROVED,820,RULE,branch,2026-04-12
A0003364,C000491,PERSONAL,2607825,INR,DISBURSED,397,MANUAL,partner,2026-04-20
A0003365,C002526,HOME,3466661,INR,DECLINED,333,MODEL_V2,web,2026-02-16
A0003366,C003217,PERSONAL,2829962,INR,DISBURSED,458,MODEL_V2,web,2026-01-23
A0003367,C000257,HOME,3153488,INR,APPROVED,847,RULE,branch,2026-04-26
A0003368,C000488,HOME,3879622,INR,DISBURSED,404,MANUAL,mobile,2026-08-27
A0003369,C000244,AUTO,463380,USD,NEW,672,RULE,mobile,2026-01-05
A0003370,C001751,HOME,2091216,INR,NEW,345,RULE,web,2026-05-15
A0003371,C002158,PERSONAL,777393,INR,DISBURSED,535,,partner,2026-02-03
A0003372,C002920,PERSONAL,4516726,USD,DISBURSED,363,MANUAL,partner,2026-03-17
A0003373,C001773,SME,3276223,INR,UNDER_REVIEW,880,MODEL_V1,web,2026-07-20
A0003374,C003188,AUTO,3549950,INR,DISBURSED,365,RULE,branch,2026-08-21
A0003375,C002850,SME,2928261,INR,DISBURSED,732,MODEL_V1,partner,2026-08-15
A0003376,C002307,SME,2403850,INR,DECLINED,668,,web,2026-04-09
A0003377,C000316,AUTO,2613400,USD,UNDER_REVIEW,567,MODEL_V2,web,2026-05-01
A0003378,C003418,AUTO,4113391,USD,APPROVED,694,MANUAL,mobile,2026-06-02
A0003379,C000297,AUTO,525783,USD,DISBURSED,865,MODEL_V2,mobile,2026-06-04
A0003380,C000799,PERSONAL,4537982,INR,DECLINED,384,MODEL_V2,partner,2026-08-04
A0003381,C000287,SME,4788633,INR,DECLINED,797,,partner,2026-04-21
A0003382,C002315,AUTO,3665787,USD,DISBURSED,768,MODEL_V1,partner,2026-01-09
A0003383,C003136,SME,1018028,INR,APPROVED,428,MODEL_V1,branch,2026-02-11
A0003384,C002500,PERSONAL,4147727,INR,UNDER_REVIEW,782,MODEL_V2,branch,2026-01-27
A0003385,C001552,SME,3003623,USD,NEW,454,MODEL_V1,partner,2026-01-06
A0003386,C001310,AUTO,3559894,INR,DISBURSED,347,RULE,web,2026-03-26
A0003387,C002050,SME,4479571,INR,NEW,488,MANUAL,web,2026-02-24
A0003388,C000537,AUTO,4921878,USD,UNDER_REVIEW,366,MANUAL,mobile,2026-04-14
A0003389,C001401,PERSONAL,4094576,INR,UNDER_REVIEW,545,MODEL_V2,mobile,2026-08-07
A0003390,C003080,HOME,582416,INR,NEW,324,MODEL_V2,web,2026-04-25
A0003391,C001081,HOME,1297495,INR,DISBURSED,663,MANUAL,partner,2026-09-15
A0003392,C002415,AUTO,772945,INR,APPROVED,792,MODEL_V1,branch,2026-08-04
A0003393,C001223,SME,1971455,INR,UNDER_REVIEW,724,MODEL_V1,branch,2026-08-03
A0003394,C000578,HOME,4582760,INR,DISBURSED,562,MODEL_V1,branch,2026-02-27
A0003395,C002798,PERSONAL,633089,INR,APPROVED,767,MODEL_V1,partner,2026-01-06
A0003396,C000608,SME,2595646,INR,APPROVED,434,MODEL_V1,web,2026-04-13
A0003397,C000195,PERSONAL,462056,INR,NEW,636,MANUAL,branch,2026-01-08
A0003398,C000283,AUTO,4841187,INR,DECLINED,528,MODEL_V2,branch,2026-08-04
A0003399,C002561,SME,1216118,USD,APPROVED,788,MANUAL,web,2026-08-16
A0003400,C000701,HOME,1293311,USD,NEW,609,MODEL_V1,partner,2026-09-21
A0003401,C000776,AUTO,794707,USD,UNDER_REVIEW,515,RULE,web,2026-03-16
A0003402,C000079,PERSONAL,4992487,INR,NEW,600,MANUAL,mobile,2026-04-16
A0003403,C003486,PERSONAL,2188790,INR,DISBURSED,568,MODEL_V1,branch,2026-04-08
A0003404,C001880,HOME,2964006,INR,UNDER_REVIEW,608,MANUAL,partner,2026-09-18
A0003405,C002705,HOME,1071777,INR,DECLINED,353,MODEL_V2,partner,2026-05-06
A0003406,C000096,AUTO,1316422,USD,DISBURSED,712,MODEL_V1,web,2026-04-11
A0003407,C000668,AUTO,3644875,INR,UNDER_REVIEW,648,MODEL_V1,branch,2026-08-02
A0003408,C002860,SME,4848214,INR,DISBURSED,609,MODEL_V1,web,2026-06-14
A0003409,C000858,AUTO,4910462,USD,APPROVED,620,MODEL_V1,web,2026-09-22
A0003410,C000593,HOME,2752402,INR,DISBURSED,811,MODEL_V2,web,2026-06-19
A0003411,C003307,HOME,2803666,INR,DISBURSED,612,MODEL_V2,web,2026-06-07
A0003412,C002966,AUTO,3375461,INR,UNDER_REVIEW,750,MANUAL,mobile,2026-02-07
A0003413,C003212,AUTO,2057054,INR,UNDER_REVIEW,829,RULE,web,2026-08-19
A0003414,C000039,HOME,4254087,INR,DECLINED,679,MODEL_V1,partner,2026-05-22
A0003415,C001258,PERSONAL,3439699,INR,NEW,445,MODEL_V2,branch,2026-03-08
A0003416,C002604,AUTO,1350163,INR,APPROVED,820,MODEL_V2,mobile,2026-09-19
A0003417,C001797,HOME,2868783,INR,DISBURSED,424,RULE,mobile,2026-06-12
A0003418,C003101,AUTO,1987454,INR,APPROVED,526,MODEL_V2,branch,2026-02-27
A0003419,C001798,HOME,2037212,INR,DISBURSED,472,MODEL_V1,mobile,2026-01-21
A0003420,C001481,HOME,4437400,INR,NEW,586,MODEL_V1,branch,2026-09-18
A0003421,C002713,AUTO,3637485,INR,DISBURSED,322,,partner,2026-01-13
A0003422,C000362,HOME,1425981,USD,DECLINED,795,MODEL_V1,branch,2026-03-03
A0003423,C000770,PERSONAL,3510232,INR,DECLINED,849,RULE,branch,2026-01-13
A0003424,C000402,HOME,2756851,INR,NEW,785,MODEL_V2,mobile,2026-04-06
A0003425,C001815,PERSONAL,3349878,INR,DISBURSED,676,MODEL_V2,web,2026-05-24
A0003426,C000555,PERSONAL,4977743,INR,DISBURSED,573,MODEL_V2,mobile,2026-06-07
A0003427,C000007,SME,3593596,USD,NEW,522,MANUAL,mobile,2026-04-20
A0003428,C003387,PERSONAL,3891845,INR,APPROVED,654,MANUAL,partner,2026-03-03
A0003429,C002430,SME,1394698,INR,DECLINED,458,MANUAL,branch,2026-07-28
A0003430,C002242,HOME,2256169,INR,APPROVED,839,MODEL_V1,web,2026-04-18
A0003431,C002784,AUTO,2051378,INR,DECLINED,854,RULE,mobile,2026-04-10
A0003432,C000289,HOME,2847947,INR,APPROVED,798,MANUAL,mobile,2026-08-08
A0003433,C000757,SME,1242801,INR,NEW,663,MODEL_V1,web,2026-01-17
A0003434,C002272,AUTO,1504924,INR,UNDER_REVIEW,509,RULE,branch,2026-05-10
A0003435,C002603,HOME,521261,INR,APPROVED,750,MODEL_V1,branch,2026-01-26
A0003436,C000582,PERSONAL,3462957,INR,DECLINED,553,MODEL_V1,mobile,2026-08-25
A0003437,C001200,SME,794212,INR,UNDER_REVIEW,627,MODEL_V1,partner,2026-02-23
A0003438,C000382,PERSONAL,4244629,INR,DISBURSED,485,MODEL_V1,branch,2026-04-02
A0003439,C002038,SME,1538844,INR,UNDER_REVIEW,585,MANUAL,mobile,2026-01-24
A0003440,C002990,SME,3036364,USD,DECLINED,366,MODEL_V2,mobile,2026-08-23
A0003441,C001875,AUTO,397258,USD,APPROVED,863,MANUAL,mobile,2026-05-08
A0003442,C000072,HOME,4944488,INR,NEW,450,RULE,mobile,2026-05-15
A0003443,C000207,PERSONAL,2671900,INR,DISBURSED,660,MANUAL,web,2026-03-12
A0003444,C001762,SME,2973397,INR,APPROVED,709,MODEL_V1,partner,2026-06-14
A0003445,C003032,SME,1267572,USD,DECLINED,350,MANUAL,mobile,2026-07-26
A0003446,C001552,HOME,831628,INR,APPROVED,386,,branch,2026-02-12
A0003447,C002272,PERSONAL,3635981,USD,DECLINED,738,RULE,partner,2026-06-16
A0003448,C000659,AUTO,128115,INR,UNDER_REVIEW,445,MODEL_V2,branch,2026-03-08
A0003449,C001486,HOME,635398,USD,UNDER_REVIEW,717,MANUAL,mobile,2026-09-23
A0003450,C000507,SME,1608798,INR,DISBURSED,888,MANUAL,partner,2026-02-23
A0003451,C000027,HOME,2581542,INR,NEW,512,MODEL_V2,branch,2026-01-17
A0003452,C000029,HOME,2245054,INR,NEW,471,RULE,partner,2026-04-15
A0003453,C002106,SME,4546499,USD,UNDER_REVIEW,526,RULE,mobile,2026-01-02
A0003454,C002360,SME,231030,INR,UNDER_REVIEW,521,MANUAL,partner,2026-07-06
A0003455,C003254,HOME,2894321,USD,DECLINED,589,RULE,branch,2026-02-24
A0003456,C001837,SME,2213135,INR,DECLINED,643,MODEL_V1,partner,2026-06-23
A0003457,C002764,PERSONAL,4762743,INR,DECLINED,303,RULE,branch,2026-09-10
A0003458,C001957,SME,2748060,INR,DISBURSED,415,RULE,web,2026-07-27
A0003459,C001308,SME,4582059,USD,APPROVED,656,RULE,mobile,2026-01-10
A0003460,C001066,SME,1938471,INR,NEW,721,MANUAL,partner,2026-07-27
A0003461,C000600,HOME,3156553,INR,NEW,321,MODEL_V2,branch,2026-04-21
A0003462,C003434,SME,829628,INR,NEW,752,MANUAL,partner,2026-01-03
A0003463,C002440,SME,674613,INR,UNDER_REVIEW,529,MODEL_V1,partner,2026-02-28
A0003464,C000778,HOME,4455091,INR,APPROVED,629,MANUAL,branch,2026-08-04
A0003465,C002066,AUTO,1789418,INR,DISBURSED,726,MODEL_V1,web,2026-06-08
A0003466,C002782,PERSONAL,902316,USD,DISBURSED,637,MODEL_V1,web,2026-02-10
A0003467,C001231,HOME,1814409,INR,DISBURSED,576,MODEL_V2,branch,2026-05-14
A0003468,C003118,AUTO,4721743,INR,DECLINED,317,MODEL_V1,web,2026-08-15
A0003469,C001172,SME,389879,INR,DISBURSED,862,MANUAL,branch,2026-09-17
A0003470,C000723,SME,2590192,INR,APPROVED,613,MANUAL,branch,2026-03-12
A0003471,C002781,PERSONAL,351587,INR,DISBURSED,896,,mobile,2026-01-15
A0003472,C000630,SME,4442367,INR,UNDER_REVIEW,379,RULE,web,2026-03-24
A0003473,C003079,AUTO,174643,INR,DECLINED,649,MANUAL,mobile,2026-07-14
A0003474,C002898,HOME,1317239,INR,DISBURSED,497,MANUAL,web,2026-01-01
A0003475,C000980,AUTO,3207259,INR,DISBURSED,584,RULE,web,2026-06-09
A0003476,C002649,SME,3427506,INR,DECLINED,385,MANUAL,web,2026-08-04
A0003477,C001805,HOME,1286915,INR,UNDER_REVIEW,700,MODEL_V1,branch,2026-01-26
A0003478,C000631,AUTO,348797,USD,UNDER_REVIEW,787,MODEL_V2,branch,2026-04-20
A0003479,C000212,SME,3749228,INR,DECLINED,433,MANUAL,mobile,2026-05-23
A0003480,C002977,HOME,735286,INR,APPROVED,657,MANUAL,branch,2026-02-18
A0003481,C000780,AUTO,404575,INR,APPROVED,377,MANUAL,branch,2026-02-20
A0003482,C001290,PERSONAL,327548,INR,DECLINED,750,MODEL_V2,branch,2026-07-10
A0003483,C002488,SME,3229821,USD,NEW,763,MODEL_V1,mobile,2026-05-01
A0003484,C001508,PERSONAL,4728490,USD,UNDER_REVIEW,708,MODEL_V2,web,2026-06-07
A0003485,C000655,HOME,2929727,USD,DECLINED,396,MODEL_V2,web,2026-09-11
A0003486,C002482,PERSONAL,1685857,INR,APPROVED,529,MODEL_V1,branch,2026-06-12
A0003487,C000431,SME,3134850,INR,DISBURSED,592,MODEL_V1,mobile,2026-08-25
A0003488,C002271,AUTO,1041027,INR,DISBURSED,346,MODEL_V2,branch,2026-05-16
A0003489,C000076,SME,2598472,INR,NEW,435,MANUAL,branch,2026-09-13
A0003490,C003470,PERSONAL,441668,INR,APPROVED,628,MODEL_V2,branch,2026-02-13
A0003491,C001346,AUTO,1421526,INR,DECLINED,580,MANUAL,mobile,2026-08-05
A0003492,C001472,AUTO,485008,INR,APPROVED,682,RULE,branch,2026-07-06
A0003493,C002758,SME,1835487,INR,APPROVED,543,MODEL_V2,mobile,2026-03-17
A0003494,C001126,AUTO,1412320,INR,DECLINED,520,RULE,partner,2026-04-21
A0003495,C000763,PERSONAL,3613819,INR,DISBURSED,833,MODEL_V1,mobile,2026-05-04
A0003496,C002594,HOME,892798,USD,DECLINED,496,MODEL_V1,web,2026-04-06
A0003497,C000759,SME,3294114,USD,DECLINED,587,RULE,partner,2026-02-13
A0003498,C000377,PERSONAL,4553642,INR,NEW,773,MODEL_V1,mobile,2026-09-12
A0003499,C002577,HOME,806364,USD,APPROVED,591,MODEL_V2,web,2026-06-22
A0003500,C001913,SME,4849525,USD,UNDER_REVIEW,751,MODEL_V1,branch,2026-05-06
A0003501,C000082,AUTO,4333532,INR,APPROVED,722,RULE,mobile,2026-03-17
A0003502,C000801,SME,2751844,INR,DECLINED,610,MODEL_V1,web,2026-07-27
A0003503,C003032,SME,884866,INR,NEW,502,MODEL_V2,web,2026-01-22
A0003504,C003394,SME,685875,INR,NEW,484,MODEL_V1,web,2026-02-13
A0003505,C002562,PERSONAL,4919654,USD,NEW,314,RULE,mobile,2026-02-09
A0003506,C001563,PERSONAL,73793,INR,UNDER_REVIEW,857,MODEL_V1,mobile,2026-03-11
A0003507,C003189,AUTO,1814007,INR,UNDER_REVIEW,417,RULE,web,2026-05-06
A0003508,C000705,SME,812616,INR,NEW,765,MANUAL,branch,2026-06-02
A0003509,C000390,HOME,3703518,INR,UNDER_REVIEW,364,MODEL_V2,partner,2026-06-21
A0003510,C001143,PERSONAL,4171701,USD,APPROVED,476,MODEL_V1,branch,2026-05-19
A0003511,C001955,AUTO,3296749,USD,UNDER_REVIEW,461,MODEL_V2,web,2026-03-26
A0003512,C000019,PERSONAL,3647688,INR,UNDER_REVIEW,382,MANUAL,web,2026-05-10
A0003513,C000884,HOME,3096382,USD,APPROVED,459,RULE,partner,2026-06-15
A0003514,C002056,AUTO,1838307,INR,NEW,322,MODEL_V1,branch,2026-06-03
A0003515,C000283,SME,460895,INR,APPROVED,862,RULE,partner,2026-03-17
A0003516,C001393,HOME,2846922,INR,DECLINED,346,,mobile,2026-05-03
A0003517,C000036,SME,2390099,INR,APPROVED,868,MODEL_V2,partner,2026-07-14
A0003518,C001976,AUTO,3518340,INR,DECLINED,791,MODEL_V2,partner,2026-07-23
A0003519,C001618,AUTO,4709634,INR,UNDER_REVIEW,521,MODEL_V1,partner,2026-08-27
A0003520,C000012,HOME,4148584,INR,DECLINED,617,MANUAL,web,2026-06-27
A0003521,C002535,PERSONAL,2092701,INR,UNDER_REVIEW,763,MODEL_V2,web,2026-09-11
A0003522,C000825,HOME,1317754,USD,DECLINED,466,MODEL_V1,partner,2026-05-25
A0003523,C000606,PERSONAL,2368547,USD,DISBURSED,843,RULE,branch,2026-08-15
A0003524,C000859,AUTO,121534,INR,UNDER_REVIEW,788,MODEL_V2,branch,2026-04-19
A0003525,C000334,AUTO,1614498,INR,DISBURSED,557,MANUAL,mobile,2026-02-12
A0003526,C000227,AUTO,3814190,INR,DISBURSED,625,,web,2026-06-20
A0003527,C002961,HOME,1651101,INR,DECLINED,729,MODEL_V1,mobile,2026-08-21
A0003528,C001525,SME,4851943,INR,UNDER_REVIEW,390,MODEL_V1,branch,2026-09-10
A0003529,C001722,PERSONAL,4459832,INR,UNDER_REVIEW,791,MANUAL,mobile,2026-04-28
A0003530,C000272,AUTO,3335026,INR,APPROVED,866,RULE,mobile,2026-04-26
A0003531,C003043,AUTO,4313131,INR,APPROVED,775,MODEL_V1,web,2026-06-27
A0003532,C001867,HOME,1279931,INR,DISBURSED,748,MODEL_V2,branch,2026-01-18
A0003533,C002661,SME,4418438,INR,DISBURSED,396,MODEL_V1,web,2026-04-03
A0003534,C000820,AUTO,1116486,USD,DISBURSED,381,MODEL_V2,mobile,2026-02-19
A0003535,C000828,SME,1759224,INR,NEW,683,MODEL_V2,branch,2026-01-28
A0003536,C003313,AUTO,1645216,INR,NEW,818,,web,2026-01-15
A0003537,C001252,AUTO,4804797,USD,DECLINED,550,MODEL_V2,branch,2026-08-16
A0003538,C001449,SME,4978649,USD,NEW,749,MODEL_V2,web,2026-09-14
A0003539,C000773,HOME,3695514,USD,NEW,691,RULE,web,2026-03-03
A0003540,C001025,AUTO,2328874,INR,NEW,575,MODEL_V2,mobile,2026-05-06
A0003541,C003349,SME,572387,INR,APPROVED,732,,partner,2026-06-06
A0003542,C000265,PERSONAL,2439734,USD,NEW,333,MODEL_V2,partner,2026-03-05
A0003543,C001614,HOME,1472103,INR,DECLINED,502,MODEL_V1,partner,2026-06-18
A0003544,C001208,PERSONAL,4393660,USD,UNDER_REVIEW,682,MANUAL,mobile,2026-03-11
A0003545,C000273,SME,4325367,INR,NEW,874,MODEL_V2,mobile,2026-02-04
A0003546,C000356,PERSONAL,796036,INR,UNDER_REVIEW,842,MODEL_V1,partner,2026-09-13
A0003547,C000345,HOME,253940,USD,DECLINED,436,RULE,branch,2026-01-15
A0003548,C000830,AUTO,3308443,INR,DISBURSED,316,MODEL_V2,partner,2026-08-12
A0003549,C000456,SME,3206030,USD,DISBURSED,488,MANUAL,partner,2026-06-12
A0003550,C001697,HOME,389371,INR,NEW,791,MODEL_V2,web,2026-01-01
A0003551,C001349,PERSONAL,4340233,INR,DISBURSED,785,RULE,web,2026-03-03
A0003552,C002084,AUTO,631826,INR,DECLINED,618,MODEL_V1,web,2026-06-22
A0003553,C000994,SME,830278,INR,DISBURSED,629,MANUAL,branch,2026-05-03
A0003554,C001196,PERSONAL,3591771,INR,NEW,335,MODEL_V2,mobile,2026-07-10
A0003555,C000103,AUTO,1173446,INR,NEW,545,MODEL_V1,mobile,2026-06-04
A0003556,C001989,HOME,336775,INR,APPROVED,825,MANUAL,mobile,2026-01-26
A0003557,C001164,AUTO,1663263,INR,UNDER_REVIEW,478,MODEL_V2,branch,2026-07-05
A0003558,C000639,SME,2491750,INR,NEW,671,RULE,branch,2026-09-18
A0003559,C003441,HOME,1846665,USD,NEW,748,MODEL_V1,web,2026-01-28
A0003560,C001747,PERSONAL,129951,INR,UNDER_REVIEW,701,RULE,mobile,2026-08-18
A0003561,C003218,SME,510556,INR,DISBURSED,558,MANUAL,partner,2026-07-21
A0003562,C000870,PERSONAL,3379723,INR,DECLINED,629,MODEL_V2,mobile,2026-02-26
A0003563,C003125,SME,4121821,INR,APPROVED,635,RULE,web,2026-05-17
A0003564,C002446,SME,435749,INR,DISBURSED,578,MODEL_V1,partner,2026-07-05
A0003565,C002334,HOME,513874,INR,DECLINED,826,MANUAL,web,2026-07-14
A0003566,C001162,SME,2897528,INR,DISBURSED,896,MANUAL,partner,2026-01-09
A0003567,C002516,HOME,2317104,INR,APPROVED,678,MANUAL,mobile,2026-06-10
A0003568,C002430,AUTO,988408,INR,APPROVED,877,MODEL_V1,web,2026-04-03
A0003569,C002906,HOME,671686,INR,APPROVED,605,MODEL_V2,partner,2026-08-17
A0003570,C002658,SME,4598009,INR,UNDER_REVIEW,433,MODEL_V1,branch,2026-02-06
A0003571,C002857,AUTO,341990,INR,DECLINED,378,,mobile,2026-08-23
A0003572,C003342,PERSONAL,1825755,INR,APPROVED,801,RULE,web,2026-09-22
A0003573,C001220,HOME,2444644,INR,DECLINED,492,RULE,web,2026-04-28
A0003574,C000194,AUTO,2994097,INR,NEW,519,MODEL_V2,mobile,2026-01-24
A0003575,C003142,PERSONAL,932016,INR,NEW,429,RULE,mobile,2026-04-24
A0003576,C001255,SME,610038,USD,DECLINED,374,RULE,web,2026-03-07
A0003577,C002444,PERSONAL,196494,USD,UNDER_REVIEW,728,MANUAL,web,2026-08-19
A0003578,C001844,SME,168041,INR,DISBURSED,865,MANUAL,partner,2026-07-28
A0003579,C001494,HOME,2101746,INR,UNDER_REVIEW,653,MANUAL,web,2026-02-07
A0003580,C001411,PERSONAL,1045267,INR,APPROVED,799,RULE,branch,2026-09-16
A0003581,C001364,SME,3284774,USD,UNDER_REVIEW,552,,partner,2026-04-12
A0003582,C001376,SME,292833,USD,DISBURSED,680,RULE,branch,2026-02-15
A0003583,C001372,AUTO,3095026,USD,DECLINED,410,MODEL_V1,partner,2026-04-17
A0003584,C001488,SME,1313377,INR,UNDER_REVIEW,750,MODEL_V1,mobile,2026-05-12
A0003585,C000835,AUTO,1828062,INR,DECLINED,435,MANUAL,mobile,2026-09-22
A0003586,C003196,AUTO,2484839,USD,UNDER_REVIEW,761,MANUAL,mobile,2026-04-13
A0003587,C000675,PERSONAL,1177029,INR,DISBURSED,335,MODEL_V2,mobile,2026-07-18
A0003588,C002454,AUTO,2234330,INR,NEW,374,MODEL_V2,mobile,2026-09-14
A0003589,C000091,HOME,4384200,INR,DECLINED,442,RULE,partner,2026-01-06
A0003590,C001798,HOME,1255330,INR,DISBURSED,370,MODEL_V1,mobile,2026-03-12
A0003591,C000269,AUTO,3661520,INR,APPROVED,567,,partner,2026-05-24
A0003592,C002394,PERSONAL,4333388,INR,APPROVED,711,RULE,partner,2026-06-16
A0003593,C000405,HOME,1137841,INR,APPROVED,400,RULE,partner,2026-02-25
A0003594,C000641,AUTO,3515989,INR,APPROVED,817,RULE,web,2026-09-27
A0003595,C002735,HOME,123803,USD,APPROVED,500,MODEL_V1,branch,2026-09-07
A0003596,C000690,SME,2676641,USD,APPROVED,366,MANUAL,web,2026-05-02
A0003597,C002968,AUTO,761085,USD,DECLINED,383,RULE,partner,2026-02-12
A0003598,C002479,AUTO,1874789,USD,DISBURSED,357,MANUAL,branch,2026-06-10
A0003599,C002783,AUTO,2351722,INR,NEW,514,MODEL_V2,branch,2026-09-16
A0003600,C001615,HOME,4855028,USD,NEW,602,MODEL_V1,web,2026-06-03
A0003601,C002890,SME,2362519,INR,APPROVED,425,RULE,mobile,2026-07-19
A0003602,C002090,HOME,307754,INR,DECLINED,503,MANUAL,mobile,2026-08-19
A0003603,C000513,PERSONAL,4806574,USD,UNDER_REVIEW,430,RULE,mobile,2026-05-14
A0003604,C002131,AUTO,1361652,USD,APPROVED,853,MODEL_V2,branch,2026-05-06
A0003605,C000994,HOME,78981,INR,APPROVED,873,MODEL_V2,partner,2026-09-20
A0003606,C001923,PERSONAL,4852522,INR,APPROVED,540,MANUAL,mobile,2026-02-15
A0003607,C001428,PERSONAL,334898,INR,DECLINED,500,RULE,mobile,2026-02-11
A0003608,C001193,PERSONAL,672960,INR,UNDER_REVIEW,322,MODEL_V1,branch,2026-07-02
A0003609,C001592,SME,2454366,USD,DISBURSED,377,RULE,web,2026-03-27
A0003610,C002869,SME,4364505,USD,DISBURSED,410,MODEL_V2,web,2026-06-16
A0003611,C001233,PERSONAL,2615654,INR,DECLINED,862,MODEL_V2,mobile,2026-06-07
A0003612,C001303,PERSONAL,4812566,USD,NEW,767,MANUAL,partner,2026-09-27
A0003613,C002374,PERSONAL,2453489,INR,DISBURSED,366,MODEL_V2,branch,2026-06-16
A0003614,C001719,PERSONAL,1219766,USD,NEW,621,MODEL_V2,mobile,2026-09-09
A0003615,C002715,HOME,2619575,INR,DECLINED,758,RULE,branch,2026-06-09
A0003616,C002052,SME,1923270,INR,DECLINED,562,RULE,mobile,2026-07-08
A0003617,C001643,AUTO,1381493,USD,DISBURSED,693,MODEL_V2,branch,2026-01-06
A0003618,C002555,AUTO,780667,INR,NEW,788,RULE,mobile,2026-07-19
A0003619,C002451,HOME,4240298,INR,APPROVED,641,MODEL_V1,partner,2026-06-16
A0003620,C003208,AUTO,407298,INR,APPROVED,558,RULE,partner,2026-08-02
A0003621,C000243,HOME,1302037,USD,DECLINED,522,MODEL_V2,web,2026-03-22
A0003622,C000112,SME,4502594,INR,UNDER_REVIEW,480,MODEL_V2,branch,2026-02-20
A0003623,C001743,SME,3540541,USD,DECLINED,792,MODEL_V2,partner,2026-08-27
A0003624,C002966,HOME,3208552,USD,DECLINED,694,MODEL_V1,mobile,2026-04-14
A0003625,C001357,HOME,1950630,USD,NEW,646,RULE,partner,2026-01-24
A0003626,C003069,HOME,4266488,INR,NEW,776,,branch,2026-01-16
A0003627,C001084,AUTO,3101500,USD,DISBURSED,727,MODEL_V2,partner,2026-06-09
A0003628,C000353,HOME,1965005,INR,DISBURSED,336,MODEL_V2,web,2026-02-25
A0003629,C001582,AUTO,2404983,INR,UNDER_REVIEW,686,RULE,mobile,2026-07-04
A0003630,C000148,PERSONAL,1369657,USD,NEW,563,MODEL_V1,partner,2026-09-11
A0003631,C003047,SME,2813772,INR,UNDER_REVIEW,386,RULE,web,2026-04-10
A0003632,C002988,AUTO,428380,USD,NEW,415,MODEL_V2,mobile,2026-05-19
A0003633,C001424,SME,2873823,INR,DISBURSED,462,MODEL_V2,partner,2026-02-12
A0003634,C003251,PERSONAL,1355516,INR,UNDER_REVIEW,404,RULE,branch,2026-02-13
A0003635,C000138,AUTO,3516371,INR,UNDER_REVIEW,621,RULE,web,2026-06-12
A0003636,C000402,PERSONAL,4507921,INR,DISBURSED,631,RULE,branch,2026-09-26
A0003637,C000408,PERSONAL,3346758,USD,UNDER_REVIEW,756,RULE,partner,2026-06-08
A0003638,C003404,SME,2383777,INR,DISBURSED,408,MODEL_V2,branch,2026-03-01
A0003639,C002297,HOME,3747934,INR,DECLINED,633,MANUAL,mobile,2026-02-10
A0003640,C002282,HOME,119803,INR,NEW,784,MODEL_V2,branch,2026-08-13
A0003641,C000257,PERSONAL,4746963,INR,DECLINED,373,RULE,web,2026-09-21
A0003642,C002710,AUTO,1378270,INR,DISBURSED,642,MODEL_V1,partner,2026-05-28
A0003643,C001061,HOME,3023656,INR,NEW,457,MODEL_V1,partner,2026-06-06
A0003644,C000380,SME,1290288,INR,DECLINED,602,MODEL_V2,branch,2026-07-15
A0003645,C002047,PERSONAL,4408329,INR,DISBURSED,624,MODEL_V1,partner,2026-01-15
A0003646,C002659,HOME,4342964,INR,NEW,385,MODEL_V2,branch,2026-05-10
A0003647,C002963,AUTO,4784633,INR,NEW,781,RULE,web,2026-02-01
A0003648,C002033,AUTO,4333891,INR,DISBURSED,595,MODEL_V2,mobile,2026-08-22
A0003649,C000574,PERSONAL,4470767,USD,NEW,871,MODEL_V2,mobile,2026-02-17
A0003650,C000329,HOME,131418,INR,DISBURSED,474,MODEL_V2,partner,2026-02-20
A0003651,C003231,HOME,1876164,INR,DISBURSED,835,,branch,2026-04-07
A0003652,C001493,PERSONAL,2552688,INR,DECLINED,444,MANUAL,mobile,2026-02-09
A0003653,C002564,PERSONAL,1915723,INR,DECLINED,425,MODEL_V1,branch,2026-02-09
A0003654,C001915,HOME,2130818,USD,APPROVED,786,MODEL_V1,web,2026-05-14
A0003655,C000069,PERSONAL,3892752,INR,DECLINED,514,MODEL_V1,branch,2026-08-07
A0003656,C000772,HOME,3852061,INR,DECLINED,763,MANUAL,branch,2026-02-14
A0003657,C002273,SME,1703568,INR,DECLINED,781,MANUAL,branch,2026-09-20
A0003658,C003163,PERSONAL,1084043,INR,NEW,644,MODEL_V1,mobile,2026-09-15
A0003659,C001716,PERSONAL,3673927,INR,DECLINED,541,RULE,mobile,2026-06-22
A0003660,C000216,HOME,832000,USD,UNDER_REVIEW,680,MANUAL,mobile,2026-08-28
A0003661,C002572,SME,825032,INR,DECLINED,512,,mobile,2026-09-02
A0003662,C002482,SME,3327775,INR,UNDER_REVIEW,332,MANUAL,mobile,2026-08-14
A0003663,C002071,AUTO,3146545,INR,NEW,763,RULE,branch,2026-09-04
A0003664,C002913,SME,1858169,USD,UNDER_REVIEW,516,MODEL_V2,partner,2026-03-23
A0003665,C002506,SME,3378412,INR,UNDER_REVIEW,553,RULE,web,2026-05-16
A0003666,C002606,SME,1964792,INR,NEW,730,MODEL_V2,web,2026-06-17
A0003667,C001270,HOME,666530,INR,DISBURSED,598,MANUAL,partner,2026-01-09
A0003668,C001088,AUTO,4816400,USD,UNDER_REVIEW,561,RULE,web,2026-06-28
A0003669,C000939,PERSONAL,3496532,INR,APPROVED,557,RULE,web,2026-05-26
A0003670,C002045,AUTO,3627049,INR,NEW,537,RULE,mobile,2026-06-18
A0003671,C003271,PERSONAL,1500379,INR,UNDER_REVIEW,756,MANUAL,mobile,2026-05-09
A0003672,C001937,AUTO,1532297,INR,NEW,750,RULE,partner,2026-02-05
A0003673,C001720,PERSONAL,603921,INR,NEW,486,MANUAL,mobile,2026-07-19
A0003674,C000885,PERSONAL,2530325,INR,DISBURSED,523,RULE,partner,2026-07-17
A0003675,C000685,SME,1565756,INR,NEW,342,MODEL_V1,mobile,2026-01-05
A0003676,C001731,PERSONAL,858906,INR,APPROVED,749,,partner,2026-02-14
A0003677,C002967,AUTO,1974604,USD,DISBURSED,737,MODEL_V1,mobile,2026-03-14
A0003678,C003047,HOME,4731746,INR,UNDER_REVIEW,700,MANUAL,partner,2026-05-22
A0003679,C002315,PERSONAL,3032356,INR,DECLINED,647,MANUAL,web,2026-05-04
A0003680,C000974,SME,4765023,INR,APPROVED,791,MODEL_V2,partner,2026-08-20
A0003681,C001896,AUTO,3506590,INR,DECLINED,437,,web,2026-04-02
A0003682,C001337,AUTO,1481528,INR,UNDER_REVIEW,510,RULE,branch,2026-04-20
A0003683,C001009,HOME,2067125,INR,DISBURSED,864,MODEL_V1,branch,2026-09-14
A0003684,C003416,HOME,4399243,INR,UNDER_REVIEW,599,RULE,mobile,2026-05-19
A0003685,C002528,AUTO,4478901,INR,UNDER_REVIEW,384,MODEL_V1,mobile,2026-08-08
A0003686,C003199,AUTO,1355529,INR,DISBURSED,395,,branch,2026-08-11
A0003687,C003047,HOME,1902858,INR,DISBURSED,807,RULE,partner,2026-01-21
A0003688,C000736,SME,2391274,INR,DISBURSED,538,MANUAL,branch,2026-04-06
A0003689,C000230,PERSONAL,123723,INR,DECLINED,478,MANUAL,web,2026-06-16
A0003690,C001953,SME,2264620,USD,APPROVED,753,MODEL_V2,mobile,2026-03-26
A0003691,C001898,PERSONAL,1232614,INR,DISBURSED,868,MODEL_V2,mobile,2026-06-26
A0003692,C002248,PERSONAL,1144583,INR,NEW,726,MANUAL,web,2026-05-11
A0003693,C001097,SME,121732,INR,NEW,478,MODEL_V1,partner,2026-07-06
A0003694,C003011,SME,1243920,INR,DISBURSED,795,MANUAL,web,2026-08-26
A0003695,C003034,SME,4638464,INR,DISBURSED,621,MODEL_V2,partner,2026-03-18
A0003696,C002619,PERSONAL,2493171,INR,APPROVED,764,RULE,branch,2026-02-08
A0003697,C001001,PERSONAL,1632642,INR,NEW,393,MANUAL,branch,2026-03-09
A0003698,C002056,AUTO,539939,INR,DISBURSED,538,MODEL_V1,partner,2026-03-15
A0003699,C001155,AUTO,358737,USD,DISBURSED,722,MODEL_V2,mobile,2026-01-08
A0003700,C002697,SME,3067097,INR,UNDER_REVIEW,525,RULE,partner,2026-05-16
A0003701,C003495,HOME,2422990,INR,DECLINED,584,,web,2026-09-06
A0003702,C002399,AUTO,3709303,INR,UNDER_REVIEW,675,MANUAL,branch,2026-09-09
A0003703,C000061,AUTO,3669331,INR,APPROVED,650,MANUAL,branch,2026-02-15
A0003704,C002867,HOME,2274573,INR,APPROVED,626,MANUAL,partner,2026-07-24
A0003705,C003398,SME,1889534,INR,NEW,382,RULE,mobile,2026-04-28
A0003706,C002757,AUTO,2155208,USD,APPROVED,850,MODEL_V2,web,2026-06-27
A0003707,C002572,PERSONAL,240786,INR,DISBURSED,397,MANUAL,partner,2026-08-04
A0003708,C002446,PERSONAL,2587019,INR,NEW,310,MANUAL,mobile,2026-09-25
A0003709,C001781,PERSONAL,1433550,INR,APPROVED,598,MODEL_V1,mobile,2026-06-01
A0003710,C000263,HOME,3697869,INR,APPROVED,542,MANUAL,mobile,2026-02-13
A0003711,C003474,AUTO,3698449,INR,DISBURSED,781,RULE,mobile,2026-05-01
A0003712,C003481,SME,2113276,INR,APPROVED,858,MANUAL,branch,2026-05-19
A0003713,C000454,PERSONAL,2982066,INR,UNDER_REVIEW,443,MODEL_V2,mobile,2026-02-09
A0003714,C000991,SME,1081853,INR,DISBURSED,887,MODEL_V2,web,2026-02-24
A0003715,C002105,PERSONAL,3583115,INR,UNDER_REVIEW,514,MANUAL,branch,2026-05-07
A0003716,C002691,SME,4619950,INR,APPROVED,327,MODEL_V2,mobile,2026-02-09
A0003717,C001645,PERSONAL,4379719,USD,APPROVED,792,MODEL_V1,web,2026-01-01
A0003718,C002102,SME,4889829,INR,UNDER_REVIEW,300,MODEL_V1,web,2026-08-09
A0003719,C002080,PERSONAL,1247386,INR,DECLINED,762,MODEL_V2,web,2026-05-11
A0003720,C001559,AUTO,658365,USD,DECLINED,630,MANUAL,web,2026-01-22
A0003721,C001441,HOME,327227,INR,DISBURSED,447,MODEL_V2,partner,2026-08-01
A0003722,C001898,HOME,4961918,INR,DECLINED,522,MODEL_V2,mobile,2026-07-16
A0003723,C002990,PERSONAL,591663,USD,UNDER_REVIEW,836,MODEL_V1,web,2026-06-11
A0003724,C002806,SME,3273254,INR,DECLINED,334,MODEL_V2,mobile,2026-02-11
A0003725,C003042,PERSONAL,1362985,INR,NEW,690,MODEL_V1,web,2026-03-02
A0003726,C002745,AUTO,371538,USD,DECLINED,403,RULE,partner,2026-02-17
A0003727,C002844,HOME,3718773,INR,DECLINED,811,MODEL_V1,web,2026-08-24
A0003728,C002994,HOME,2363184,INR,NEW,346,MODEL_V2,web,2026-03-06
A0003729,C001599,SME,4616300,INR,DECLINED,691,RULE,mobile,2026-01-17
A0003730,C000713,AUTO,4265003,USD,DISBURSED,384,MANUAL,branch,2026-04-11
A0003731,C001383,SME,3704677,INR,DISBURSED,685,MODEL_V2,branch,2026-01-11
A0003732,C002308,SME,4443780,INR,DISBURSED,380,MODEL_V1,partner,2026-09-15
A0003733,C001001,AUTO,3978692,USD,NEW,702,RULE,mobile,2026-02-26
A0003734,C000435,HOME,3571786,INR,UNDER_REVIEW,425,RULE,web,2026-08-04
A0003735,C002300,AUTO,4313058,INR,APPROVED,858,RULE,branch,2026-03-02
A0003736,C002306,AUTO,494301,INR,DECLINED,380,MODEL_V1,partner,2026-01-18
A0003737,C002958,HOME,4368822,INR,UNDER_REVIEW,670,MODEL_V2,web,2026-04-15
A0003738,C002503,PERSONAL,4948856,INR,UNDER_REVIEW,597,MANUAL,web,2026-04-17
A0003739,C002995,PERSONAL,2550541,USD,APPROVED,702,MODEL_V2,branch,2026-03-15
A0003740,C000224,SME,1919912,INR,DECLINED,560,MODEL_V1,mobile,2026-08-24
A0003741,C002443,SME,960031,INR,DISBURSED,422,MODEL_V1,web,2026-05-19
A0003742,C000587,SME,2053870,INR,DISBURSED,673,MODEL_V1,branch,2026-07-15
A0003743,C001784,SME,4173742,INR,NEW,488,MODEL_V1,web,2026-09-06
A0003744,C002367,PERSONAL,3168326,INR,NEW,490,MANUAL,partner,2026-08-18
A0003745,C002462,HOME,1233688,INR,UNDER_REVIEW,393,RULE,partner,2026-02-18
A0003746,C000425,AUTO,1618016,INR,NEW,383,,web,2026-03-04
A0003747,C000650,HOME,64676,INR,DECLINED,688,MODEL_V2,mobile,2026-08-08
A0003748,C001633,PERSONAL,4417027,USD,APPROVED,798,RULE,mobile,2026-07-25
A0003749,C002883,PERSONAL,2796321,USD,NEW,805,MODEL_V1,web,2026-07-06
A0003750,C002933,AUTO,4633541,INR,APPROVED,544,MODEL_V2,web,2026-04-18
A0003751,C001395,AUTO,4696602,INR,APPROVED,439,MODEL_V1,web,2026-07-26
A0003752,C002935,AUTO,4817516,INR,UNDER_REVIEW,676,MODEL_V1,branch,2026-06-12
A0003753,C001120,HOME,4954002,INR,DECLINED,489,MODEL_V1,mobile,2026-04-04
A0003754,C001911,PERSONAL,1585415,USD,DECLINED,534,MANUAL,mobile,2026-01-07
A0003755,C000573,PERSONAL,1000542,USD,DECLINED,431,MODEL_V1,mobile,2026-06-16
A0003756,C003031,AUTO,2930798,INR,UNDER_REVIEW,513,MANUAL,web,2026-07-17
A0003757,C000028,HOME,2884649,INR,UNDER_REVIEW,745,MODEL_V2,mobile,2026-09-05
A0003758,C000102,PERSONAL,2367588,INR,DECLINED,436,MODEL_V1,mobile,2026-08-23
A0003759,C002008,PERSONAL,1200695,USD,APPROVED,548,MANUAL,partner,2026-08-19
A0003760,C000229,SME,2960476,USD,DISBURSED,534,MANUAL,web,2026-08-14
A0003761,C002050,HOME,1181501,INR,APPROVED,829,MODEL_V1,partner,2026-01-04
A0003762,C001599,AUTO,4926809,INR,NEW,394,MANUAL,web,2026-06-09
A0003763,C001468,HOME,2918584,USD,APPROVED,734,MODEL_V2,web,2026-04-18
A0003764,C001596,AUTO,1837996,INR,DISBURSED,421,RULE,branch,2026-02-24
A0003765,C001913,PERSONAL,1488550,INR,NEW,576,MANUAL,mobile,2026-01-14
A0003766,C003034,AUTO,1099168,INR,UNDER_REVIEW,339,RULE,branch,2026-09-16
A0003767,C002582,SME,1895426,INR,UNDER_REVIEW,883,MODEL_V1,web,2026-08-10
A0003768,C002728,HOME,3825615,USD,NEW,584,RULE,branch,2026-02-06
A0003769,C003457,HOME,90075,INR,APPROVED,865,RULE,partner,2026-08-17
A0003770,C003461,PERSONAL,433522,INR,NEW,786,MODEL_V2,web,2026-07-12
A0003771,C000754,HOME,195027,USD,DISBURSED,395,MANUAL,mobile,2026-03-12
A0003772,C002728,PERSONAL,4818855,INR,DISBURSED,667,MODEL_V2,partner,2026-01-02
A0003773,C000072,AUTO,2306023,USD,DISBURSED,805,MODEL_V1,web,2026-02-02
A0003774,C001196,AUTO,4365883,INR,DISBURSED,404,MODEL_V2,partner,2026-08-23
A0003775,C001024,HOME,1076902,USD,NEW,699,MANUAL,web,2026-02-11
A0003776,C002584,PERSONAL,655073,INR,UNDER_REVIEW,667,MODEL_V1,web,2026-07-22
A0003777,C002372,PERSONAL,2427318,INR,APPROVED,825,MODEL_V1,branch,2026-01-05
A0003778,C003069,HOME,4845450,INR,APPROVED,431,MODEL_V1,branch,2026-04-11
A0003779,C003275,HOME,3694798,INR,NEW,617,MANUAL,web,2026-05-08
A0003780,C003226,PERSONAL,2075233,INR,DISBURSED,672,MANUAL,branch,2026-08-03
A0003781,C002050,HOME,2002933,INR,APPROVED,494,MANUAL,web,2026-04-28
A0003782,C002923,SME,1845387,USD,APPROVED,716,MANUAL,partner,2026-07-03
A0003783,C001753,HOME,974495,INR,DISBURSED,412,MODEL_V1,web,2026-02-03
A0003784,C002653,SME,4310199,INR,APPROVED,389,MODEL_V2,mobile,2026-01-07
A0003785,C001798,PERSONAL,1638867,INR,APPROVED,790,MODEL_V2,partner,2026-05-18
A0003786,C000593,AUTO,1358335,INR,APPROVED,406,MANUAL,branch,2026-02-21
A0003787,C000314,PERSONAL,4400887,INR,NEW,666,MODEL_V1,mobile,2026-01-21
A0003788,C003135,PERSONAL,628070,INR,DECLINED,847,MODEL_V2,mobile,2026-03-06
A0003789,C002084,HOME,1886325,INR,DISBURSED,747,MODEL_V2,web,2026-02-07
A0003790,C003421,HOME,4523883,USD,APPROVED,388,MODEL_V1,partner,2026-04-28
A0003791,C002413,SME,3466701,INR,APPROVED,302,RULE,web,2026-01-10
A0003792,C002144,HOME,2048094,INR,DECLINED,592,MODEL_V2,partner,2026-01-25
A0003793,C001078,PERSONAL,3772486,INR,UNDER_REVIEW,426,MANUAL,web,2026-09-11
A0003794,C002313,SME,3348278,INR,APPROVED,711,MODEL_V2,mobile,2026-04-22
A0003795,C001539,HOME,66707,INR,UNDER_REVIEW,481,RULE,mobile,2026-02-05
A0003796,C001270,SME,518172,INR,APPROVED,714,RULE,partner,2026-05-09
A0003797,C003038,SME,4884425,INR,APPROVED,892,MANUAL,mobile,2026-06-27
A0003798,C000826,PERSONAL,205258,INR,UNDER_REVIEW,883,RULE,web,2026-02-22
A0003799,C001567,HOME,1433686,INR,DECLINED,507,MANUAL,mobile,2026-05-28
A0003800,C002269,AUTO,772411,INR,DECLINED,694,MODEL_V1,web,2026-07-04
A0003801,C002863,AUTO,2357469,INR,APPROVED,356,MANUAL,mobile,2026-06-11
A0003802,C003058,SME,1717139,INR,APPROVED,373,MANUAL,mobile,2026-09-21
A0003803,C002731,SME,4120437,INR,DECLINED,657,MODEL_V2,branch,2026-05-17
A0003804,C002187,AUTO,2793830,INR,DECLINED,384,MODEL_V2,web,2026-03-02
A0003805,C001338,AUTO,1432061,USD,APPROVED,519,MODEL_V2,partner,2026-03-06
A0003806,C002983,AUTO,1744363,INR,DISBURSED,542,,partner,2026-01-21
A0003807,C000794,PERSONAL,392788,INR,NEW,769,MODEL_V2,mobile,2026-03-04
A0003808,C000038,SME,3396036,INR,DISBURSED,465,MODEL_V1,partner,2026-05-24
A0003809,C002856,AUTO,2731703,USD,DISBURSED,674,MODEL_V1,web,2026-06-21
A0003810,C003420,PERSONAL,3427185,INR,APPROVED,638,MODEL_V2,web,2026-02-28
A0003811,C002917,AUTO,2625495,INR,UNDER_REVIEW,457,MANUAL,partner,2026-08-01
A0003812,C000125,HOME,56892,INR,UNDER_REVIEW,625,RULE,web,2026-07-14
A0003813,C000889,HOME,1085919,INR,APPROVED,545,MANUAL,mobile,2026-05-05
A0003814,C002608,PERSONAL,3811268,USD,APPROVED,617,MODEL_V1,branch,2026-01-05
A0003815,C003226,AUTO,2794633,INR,DISBURSED,683,MODEL_V1,mobile,2026-06-04
A0003816,C001567,HOME,4439808,INR,UNDER_REVIEW,717,MANUAL,partner,2026-08-05
A0003817,C001557,PERSONAL,1843309,INR,DISBURSED,501,RULE,web,2026-02-25
A0003818,C003274,PERSONAL,2750996,USD,NEW,620,MODEL_V2,partner,2026-02-15
A0003819,C002914,AUTO,3426218,INR,UNDER_REVIEW,457,MODEL_V1,partner,2026-08-08
A0003820,C002694,PERSONAL,2409013,USD,DECLINED,523,MANUAL,branch,2026-03-05
A0003821,C003420,AUTO,477350,INR,NEW,423,,partner,2026-09-10
A0003822,C000186,SME,466046,INR,DECLINED,328,MODEL_V1,partner,2026-05-06
A0003823,C001763,PERSONAL,693339,USD,APPROVED,629,RULE,mobile,2026-02-18
A0003824,C000069,PERSONAL,548604,INR,NEW,574,MODEL_V2,web,2026-06-02
A0003825,C002061,PERSONAL,1360775,USD,APPROVED,462,RULE,web,2026-08-03
A0003826,C002281,SME,513812,INR,DISBURSED,893,MODEL_V1,partner,2026-03-23
A0003827,C002505,AUTO,4947615,INR,APPROVED,579,MANUAL,partner,2026-02-01
A0003828,C000364,AUTO,3061672,INR,APPROVED,660,RULE,partner,2026-07-27
A0003829,C000382,SME,1722241,INR,APPROVED,551,MANUAL,mobile,2026-04-25
A0003830,C000543,PERSONAL,95382,INR,UNDER_REVIEW,545,MODEL_V2,branch,2026-08-07
A0003831,C003399,AUTO,2044011,INR,DISBURSED,508,,mobile,2026-06-03
A0003832,C002602,SME,3960297,USD,DECLINED,723,MODEL_V1,web,2026-04-07
A0003833,C002607,PERSONAL,2625641,INR,DECLINED,648,MANUAL,mobile,2026-04-28
A0003834,C002032,PERSONAL,4866312,INR,DISBURSED,584,MODEL_V1,mobile,2026-05-13
A0003835,C000442,HOME,4874642,INR,DISBURSED,589,MODEL_V1,web,2026-09-20
A0003836,C003293,PERSONAL,3838754,INR,DISBURSED,870,MODEL_V2,mobile,2026-06-13
A0003837,C000896,HOME,4049105,INR,NEW,711,MODEL_V2,web,2026-01-22
A0003838,C002390,PERSONAL,89678,INR,UNDER_REVIEW,767,MANUAL,mobile,2026-02-24
A0003839,C000799,PERSONAL,4366450,INR,NEW,595,MODEL_V2,branch,2026-03-11
A0003840,C001723,AUTO,4520906,INR,APPROVED,698,RULE,partner,2026-07-18
A0003841,C002947,PERSONAL,1496412,USD,DISBURSED,371,MANUAL,web,2026-08-14
A0003842,C001170,SME,4760136,USD,NEW,773,MODEL_V2,branch,2026-06-27
A0003843,C002794,SME,168004,INR,APPROVED,646,MODEL_V2,branch,2026-01-28
A0003844,C000141,AUTO,2972697,INR,NEW,424,MANUAL,web,2026-02-23
A0003845,C001154,SME,2941957,INR,APPROVED,873,MODEL_V1,web,2026-09-03
A0003846,C003010,PERSONAL,2464804,INR,NEW,771,,web,2026-06-27
A0003847,C001853,HOME,984390,USD,UNDER_REVIEW,709,MODEL_V2,web,2026-06-20
A0003848,C003282,HOME,2315819,INR,NEW,886,RULE,partner,2026-02-22
A0003849,C000540,HOME,1314615,INR,UNDER_REVIEW,309,MODEL_V2,web,2026-04-08
A0003850,C000080,HOME,4163375,USD,NEW,655,RULE,web,2026-08-28
A0003851,C002291,PERSONAL,278112,INR,DECLINED,311,RULE,branch,2026-04-01
A0003852,C000084,HOME,2312489,INR,DISBURSED,575,MODEL_V1,partner,2026-08-28
A0003853,C001767,AUTO,4137617,INR,UNDER_REVIEW,762,RULE,web,2026-01-16
A0003854,C000372,SME,4251727,INR,NEW,543,MODEL_V2,mobile,2026-02-03
A0003855,C003459,AUTO,604803,INR,DISBURSED,697,MODEL_V1,mobile,2026-08-18
A0003856,C003173,AUTO,674566,USD,UNDER_REVIEW,373,MODEL_V2,mobile,2026-08-02
A0003857,C000720,SME,2701219,USD,DECLINED,737,MANUAL,branch,2026-05-24
A0003858,C000557,PERSONAL,3862667,INR,UNDER_REVIEW,344,MANUAL,web,2026-06-09
A0003859,C001976,AUTO,849809,USD,NEW,833,MODEL_V1,web,2026-04-28
A0003860,C001890,AUTO,4494024,USD,APPROVED,512,MODEL_V2,web,2026-05-03
A0003861,C002958,HOME,2458594,USD,UNDER_REVIEW,386,MODEL_V2,mobile,2026-01-03
A0003862,C000351,PERSONAL,795951,USD,NEW,825,MODEL_V2,branch,2026-03-23
A0003863,C002522,HOME,2077237,INR,NEW,874,MODEL_V1,mobile,2026-02-06
A0003864,C000972,AUTO,3697577,INR,NEW,835,MANUAL,branch,2026-01-19
A0003865,C002141,AUTO,1136833,USD,DECLINED,357,MANUAL,branch,2026-01-11
A0003866,C002595,AUTO,943120,USD,DISBURSED,377,RULE,partner,2026-02-10
A0003867,C000881,AUTO,4522313,USD,DISBURSED,325,MANUAL,partner,2026-05-02
A0003868,C003367,SME,3867076,INR,NEW,589,MODEL_V2,web,2026-05-16
A0003869,C001804,SME,3337637,INR,UNDER_REVIEW,557,MODEL_V1,web,2026-01-14
A0003870,C000020,HOME,1182705,INR,DECLINED,447,MANUAL,mobile,2026-07-03
A0003871,C002765,HOME,350432,INR,DECLINED,820,MODEL_V2,mobile,2026-06-05
A0003872,C000121,SME,779092,INR,APPROVED,729,MODEL_V1,partner,2026-05-07
A0003873,C002263,PERSONAL,4373141,USD,DISBURSED,773,MODEL_V1,branch,2026-02-12
A0003874,C001480,AUTO,2319897,INR,UNDER_REVIEW,735,RULE,partner,2026-06-17
A0003875,C001578,PERSONAL,2066934,INR,APPROVED,483,MODEL_V2,partner,2026-01-05
A0003876,C000286,HOME,722137,INR,NEW,600,MODEL_V1,branch,2026-05-24
A0003877,C000311,AUTO,2396314,INR,APPROVED,687,MODEL_V1,partner,2026-01-01
A0003878,C001453,PERSONAL,2476064,INR,UNDER_REVIEW,702,MODEL_V2,partner,2026-09-25
A0003879,C001544,AUTO,2828362,USD,APPROVED,899,MODEL_V1,partner,2026-04-18
A0003880,C001350,AUTO,3946667,INR,UNDER_REVIEW,403,MODEL_V1,mobile,2026-07-10
A0003881,C001960,SME,185623,INR,DECLINED,316,MODEL_V1,branch,2026-08-09
A0003882,C002861,PERSONAL,2828114,INR,DISBURSED,344,MANUAL,web,2026-03-27
A0003883,C000253,AUTO,1066639,USD,DISBURSED,700,MANUAL,mobile,2026-07-17
A0003884,C002075,HOME,906292,INR,DECLINED,418,MODEL_V1,web,2026-07-15
A0003885,C002731,PERSONAL,1675757,INR,NEW,320,MODEL_V2,branch,2026-08-25
A0003886,C000746,SME,86575,INR,NEW,357,MODEL_V2,partner,2026-08-06
A0003887,C001242,SME,4290042,INR,NEW,805,MODEL_V1,web,2026-02-24
A0003888,C000363,PERSONAL,3285901,INR,APPROVED,825,MODEL_V2,branch,2026-07-03
A0003889,C001495,SME,3864556,INR,DISBURSED,552,RULE,web,2026-07-18
A0003890,C001157,SME,3301339,INR,DISBURSED,497,RULE,mobile,2026-09-28
A0003891,C001314,AUTO,1614475,INR,UNDER_REVIEW,395,RULE,web,2026-03-18
A0003892,C003194,PERSONAL,680731,INR,APPROVED,423,MODEL_V2,branch,2026-04-13
A0003893,C003118,SME,2993395,USD,NEW,317,MODEL_V2,partner,2026-07-16
A0003894,C000294,SME,3157640,USD,UNDER_REVIEW,673,MODEL_V1,web,2026-05-08
A0003895,C002372,SME,3464604,INR,UNDER_REVIEW,611,RULE,web,2026-01-20
A0003896,C000504,PERSONAL,3867554,INR,DECLINED,857,,partner,2026-01-15
A0003897,C000587,HOME,1414598,INR,DISBURSED,704,RULE,branch,2026-01-16
A0003898,C000380,SME,3123354,INR,DECLINED,864,MODEL_V2,mobile,2026-02-17
A0003899,C001465,AUTO,2757328,INR,DECLINED,846,MODEL_V2,partner,2026-02-08
A0003900,C000647,HOME,3664581,INR,APPROVED,619,RULE,web,2026-01-01
A0003901,C000639,PERSONAL,1203060,INR,UNDER_REVIEW,403,,mobile,2026-09-11
A0003902,C000718,PERSONAL,1658804,INR,APPROVED,391,MODEL_V1,partner,2026-03-28
A0003903,C002396,SME,2602561,USD,DECLINED,659,MANUAL,branch,2026-07-20
A0003904,C001345,HOME,4144018,INR,APPROVED,839,MANUAL,partner,2026-06-19
A0003905,C003334,AUTO,2091666,INR,DECLINED,419,MODEL_V1,partner,2026-09-23
A0003906,C000851,HOME,4799058,INR,APPROVED,823,MANUAL,mobile,2026-08-28
A0003907,C000128,PERSONAL,2136640,INR,APPROVED,393,MODEL_V1,branch,2026-06-25
A0003908,C000579,HOME,208304,INR,DECLINED,310,MANUAL,mobile,2026-04-08
A0003909,C000667,HOME,4486642,USD,DECLINED,649,MODEL_V2,partner,2026-03-14
A0003910,C003211,AUTO,846542,USD,DECLINED,529,RULE,web,2026-07-03
A0003911,C001481,HOME,2140192,INR,APPROVED,416,,branch,2026-02-10
A0003912,C001604,HOME,221958,INR,DISBURSED,379,MODEL_V2,partner,2026-08-12
A0003913,C002142,HOME,349027,INR,DISBURSED,345,RULE,partner,2026-09-06
A0003914,C000322,HOME,4938244,USD,UNDER_REVIEW,765,MANUAL,branch,2026-02-12
A0003915,C000029,AUTO,863410,USD,UNDER_REVIEW,879,MODEL_V2,partner,2026-03-20
A0003916,C002620,SME,650785,USD,NEW,361,MODEL_V1,mobile,2026-03-21
A0003917,C001481,SME,926324,USD,NEW,701,MANUAL,partner,2026-06-03
A0003918,C001593,PERSONAL,4693888,INR,APPROVED,531,MANUAL,mobile,2026-05-02
A0003919,C002142,HOME,1410742,USD,NEW,843,MODEL_V2,partner,2026-07-15
A0003920,C002239,PERSONAL,1907386,INR,APPROVED,854,RULE,mobile,2026-06-04
A0003921,C000280,HOME,2812120,INR,UNDER_REVIEW,888,RULE,web,2026-03-07
A0003922,C000235,PERSONAL,1620714,USD,DECLINED,471,RULE,partner,2026-09-26
A0003923,C002412,AUTO,2289092,INR,UNDER_REVIEW,875,MODEL_V1,partner,2026-09-13
A0003924,C001520,SME,2013350,INR,APPROVED,754,MODEL_V1,mobile,2026-01-18
A0003925,C001986,PERSONAL,814112,INR,DECLINED,891,MODEL_V2,web,2026-06-09
A0003926,C001191,PERSONAL,2604610,INR,APPROVED,388,MODEL_V2,mobile,2026-04-04
A0003927,C000944,PERSONAL,1106073,INR,DISBURSED,842,MODEL_V2,partner,2026-01-23
A0003928,C002779,HOME,115607,INR,DECLINED,437,RULE,web,2026-01-16
A0003929,C002288,PERSONAL,4219553,USD,DISBURSED,392,MANUAL,web,2026-07-02
A0003930,C003077,PERSONAL,817861,INR,DISBURSED,360,RULE,partner,2026-05-14
A0003931,C000967,SME,3120909,INR,APPROVED,635,MODEL_V1,mobile,2026-04-21
A0003932,C000964,SME,3143819,INR,UNDER_REVIEW,304,MODEL_V2,partner,2026-02-01
A0003933,C003374,SME,4195957,USD,NEW,572,MANUAL,web,2026-08-21
A0003934,C002690,AUTO,2445943,INR,DECLINED,330,MANUAL,mobile,2026-08-12
A0003935,C001867,PERSONAL,4542029,INR,DISBURSED,352,MODEL_V2,mobile,2026-07-22
A0003936,C001935,AUTO,2593535,USD,DISBURSED,355,MANUAL,partner,2026-01-01
A0003937,C001240,AUTO,682349,INR,UNDER_REVIEW,328,MODEL_V1,partner,2026-01-11
A0003938,C003130,SME,4421823,INR,DISBURSED,657,MODEL_V2,partner,2026-05-22
A0003939,C000211,SME,4748085,INR,UNDER_REVIEW,478,MODEL_V1,branch,2026-06-11
A0003940,C002519,SME,611630,USD,DECLINED,322,MODEL_V2,web,2026-05-14
A0003941,C001727,PERSONAL,3573587,INR,APPROVED,835,MANUAL,partner,2026-07-04
A0003942,C001009,PERSONAL,4815885,USD,DECLINED,419,RULE,branch,2026-02-05
A0003943,C000206,HOME,4543808,INR,UNDER_REVIEW,514,RULE,mobile,2026-01-24
A0003944,C000366,HOME,1120583,INR,NEW,332,MODEL_V1,partner,2026-08-07
A0003945,C001280,PERSONAL,4094817,USD,UNDER_REVIEW,342,MODEL_V2,mobile,2026-02-10
A0003946,C001345,SME,3526711,INR,DISBURSED,649,MODEL_V1,web,2026-06-15
A0003947,C002241,HOME,2239112,INR,DISBURSED,804,RULE,partner,2026-06-15
A0003948,C002921,HOME,3206267,USD,DISBURSED,621,MODEL_V2,partner,2026-07-11
A0003949,C001694,AUTO,1289097,INR,APPROVED,311,MANUAL,branch,2026-02-05
A0003950,C003273,AUTO,4120881,INR,DECLINED,569,MODEL_V1,branch,2026-04-04
A0003951,C002115,HOME,2160706,INR,DISBURSED,733,RULE,partner,2026-08-20
A0003952,C003188,PERSONAL,53380,INR,UNDER_REVIEW,781,MANUAL,branch,2026-07-12
A0003953,C001111,PERSONAL,2706320,INR,DISBURSED,392,MODEL_V2,partner,2026-07-16
A0003954,C001964,PERSONAL,4749322,INR,NEW,581,MODEL_V1,branch,2026-05-06
A0003955,C001099,HOME,3062358,USD,UNDER_REVIEW,487,MODEL_V1,web,2026-05-21
A0003956,C001030,PERSONAL,1047060,INR,NEW,552,,branch,2026-03-07
A0003957,C001995,PERSONAL,875630,INR,DECLINED,757,MODEL_V2,partner,2026-05-10
A0003958,C000593,AUTO,4465770,INR,DECLINED,638,MODEL_V2,branch,2026-05-03
A0003959,C000271,AUTO,2592629,INR,NEW,484,MODEL_V2,mobile,2026-04-05
A0003960,C003249,SME,833834,INR,DISBURSED,349,MODEL_V1,web,2026-06-17
A0003961,C001053,PERSONAL,2598154,USD,DISBURSED,450,MANUAL,mobile,2026-01-10
A0003962,C002875,SME,344260,USD,APPROVED,421,MODEL_V2,mobile,2026-08-22
A0003963,C002608,AUTO,3532537,USD,DECLINED,765,MANUAL,branch,2026-06-23
A0003964,C001580,AUTO,2690568,INR,NEW,869,MANUAL,partner,2026-06-11
A0003965,C001424,SME,1012391,INR,DECLINED,348,MANUAL,web,2026-08-05
A0003966,C000399,HOME,427630,INR,UNDER_REVIEW,492,MODEL_V1,mobile,2026-03-10
A0003967,C001400,PERSONAL,925428,USD,DISBURSED,736,MODEL_V2,web,2026-02-03
A0003968,C003257,AUTO,1949092,INR,DISBURSED,544,MODEL_V1,mobile,2026-06-09
A0003969,C003445,SME,2150750,INR,DECLINED,471,MODEL_V2,partner,2026-01-13
A0003970,C000045,AUTO,805731,INR,APPROVED,813,MODEL_V2,branch,2026-03-20
A0003971,C002850,AUTO,3366958,INR,DISBURSED,550,,branch,2026-08-18
A0003972,C003142,SME,1525407,INR,APPROVED,477,MODEL_V1,web,2026-01-04
A0003973,C001525,SME,4090058,INR,UNDER_REVIEW,620,MODEL_V2,branch,2026-09-21
A0003974,C000214,HOME,2068641,INR,NEW,519,RULE,web,2026-02-02
A0003975,C003186,SME,4076478,USD,DECLINED,375,MANUAL,web,2026-09-15
A0003976,C002950,HOME,3463136,INR,DECLINED,307,MODEL_V2,web,2026-07-02
A0003977,C002734,HOME,1314031,USD,DECLINED,403,MODEL_V1,branch,2026-08-15
A0003978,C001176,AUTO,323105,USD,APPROVED,365,RULE,branch,2026-05-02
A0003979,C001879,HOME,616372,INR,NEW,540,MODEL_V2,partner,2026-06-16
A0003980,C000179,HOME,1537521,INR,UNDER_REVIEW,830,RULE,partner,2026-07-03
A0003981,C000559,PERSONAL,1093753,USD,APPROVED,886,MODEL_V1,branch,2026-09-22
A0003982,C003467,HOME,438730,USD,DISBURSED,556,MANUAL,branch,2026-09-28
A0003983,C001594,AUTO,804053,INR,UNDER_REVIEW,436,MODEL_V2,mobile,2026-03-15
A0003984,C003119,AUTO,581308,INR,NEW,768,MANUAL,mobile,2026-05-17
A0003985,C001570,HOME,4864987,INR,NEW,462,RULE,web,2026-05-22
A0003986,C003427,HOME,4087873,USD,NEW,487,MODEL_V1,partner,2026-08-02
A0003987,C000865,PERSONAL,3207277,INR,DECLINED,655,MODEL_V1,branch,2026-09-14
A0003988,C000504,PERSONAL,2415873,INR,APPROVED,764,MANUAL,branch,2026-09-18
A0003989,C002824,PERSONAL,3886754,USD,APPROVED,592,MANUAL,mobile,2026-03-12
A0003990,C002967,AUTO,3748904,USD,APPROVED,425,MODEL_V2,branch,2026-05-28
A0003991,C001743,AUTO,3735243,INR,DISBURSED,546,MANUAL,partner,2026-03-11
A0003992,C002452,SME,2872361,INR,DECLINED,390,MODEL_V2,mobile,2026-04-24
A0003993,C001671,SME,630491,INR,DISBURSED,632,MODEL_V1,partner,2026-04-14
A0003994,C003178,PERSONAL,4613116,INR,DISBURSED,365,MODEL_V1,branch,2026-03-17
A0003995,C002750,HOME,1270969,USD,DISBURSED,451,MODEL_V1,mobile,2026-02-16
A0003996,C001017,AUTO,1374412,INR,NEW,864,RULE,mobile,2026-05-04
A0003997,C000932,HOME,4698720,INR,UNDER_REVIEW,389,MODEL_V2,partner,2026-02-12
A0003998,C002503,AUTO,2988746,USD,NEW,523,MODEL_V1,mobile,2026-08-10
A0003999,C001470,SME,1703648,INR,NEW,729,RULE,partner,2026-07-17
A0004000,C001833,SME,4320067,USD,UNDER_REVIEW,723,MANUAL,partner,2026-09-10
A0004001,C001294,PERSONAL,2134201,USD,UNDER_REVIEW,883,,web,2026-04-28
A0004002,C003287,SME,136603,INR,DECLINED,500,MANUAL,partner,2026-02-13
A0004003,C000640,PERSONAL,869579,INR,DISBURSED,721,MODEL_V1,partner,2026-01-16
A0004004,C002488,AUTO,4515324,INR,NEW,816,RULE,mobile,2026-03-10
A0004005,C002733,HOME,4812964,INR,UNDER_REVIEW,723,MODEL_V1,mobile,2026-07-27
A0004006,C001203,AUTO,1254045,USD,APPROVED,585,MODEL_V2,partner,2026-09-22
A0004007,C001620,SME,3844058,USD,UNDER_REVIEW,887,MANUAL,mobile,2026-02-17
A0004008,C000987,AUTO,2441658,INR,DECLINED,817,RULE,web,2026-04-25
A0004009,C000848,SME,2243199,USD,UNDER_REVIEW,745,MODEL_V2,branch,2026-04-07
A0004010,C001393,SME,3639306,USD,DECLINED,858,MODEL_V2,partner,2026-09-16
A0004011,C002330,AUTO,2881548,INR,NEW,372,RULE,partner,2026-06-07
A0004012,C001756,SME,834406,INR,NEW,619,MODEL_V2,branch,2026-01-22
A0004013,C001302,AUTO,1396238,INR,DISBURSED,318,MODEL_V2,mobile,2026-03-19
A0004014,C000823,AUTO,912948,INR,DISBURSED,480,MODEL_V2,branch,2026-04-25
A0004015,C002347,PERSONAL,244848,USD,NEW,720,RULE,branch,2026-01-02
A0004016,C002456,HOME,1701996,USD,APPROVED,715,MANUAL,mobile,2026-01-13
A0004017,C002062,AUTO,1788836,INR,APPROVED,703,MODEL_V1,mobile,2026-03-01
A0004018,C000211,SME,410103,USD,APPROVED,817,MODEL_V2,mobile,2026-04-20
A0004019,C001295,PERSONAL,3162375,USD,UNDER_REVIEW,801,MODEL_V2,partner,2026-06-20
A0004020,C002518,HOME,3031074,INR,APPROVED,687,MODEL_V2,web,2026-02-26
A0004021,C000470,SME,3015491,INR,DISBURSED,333,RULE,web,2026-04-14
A0004022,C001220,SME,4715359,INR,NEW,386,RULE,partner,2026-04-04
A0004023,C003125,SME,401499,INR,DISBURSED,736,RULE,web,2026-07-11
A0004024,C002802,AUTO,4776570,INR,UNDER_REVIEW,607,RULE,partner,2026-02-11
A0004025,C002704,HOME,556569,INR,DISBURSED,712,MANUAL,mobile,2026-04-06
A0004026,C003066,PERSONAL,4261811,USD,DECLINED,882,RULE,mobile,2026-02-14
A0004027,C003264,AUTO,416658,INR,UNDER_REVIEW,590,MANUAL,partner,2026-08-27
A0004028,C001333,SME,3725207,USD,DECLINED,645,RULE,mobile,2026-02-10
A0004029,C001347,AUTO,307196,INR,UNDER_REVIEW,362,MODEL_V1,branch,2026-05-09
A0004030,C002575,PERSONAL,1612616,INR,UNDER_REVIEW,627,MANUAL,mobile,2026-07-08
A0004031,C003437,AUTO,2051321,INR,APPROVED,683,RULE,mobile,2026-08-19
A0004032,C002345,AUTO,2887513,INR,NEW,478,MODEL_V1,mobile,2026-02-10
A0004033,C001688,HOME,4165053,USD,APPROVED,538,MANUAL,partner,2026-05-15
A0004034,C003074,AUTO,209204,INR,APPROVED,648,MODEL_V2,branch,2026-03-09
A0004035,C000717,PERSONAL,667059,INR,DISBURSED,894,RULE,partner,2026-02-02
A0004036,C000519,SME,3157363,INR,APPROVED,432,MANUAL,mobile,2026-05-09
A0004037,C002079,AUTO,1716776,INR,UNDER_REVIEW,344,RULE,web,2026-09-06
A0004038,C001827,HOME,3199658,INR,DECLINED,769,MODEL_V2,partner,2026-07-12
A0004039,C001570,PERSONAL,2139276,INR,APPROVED,360,MODEL_V1,branch,2026-03-12
A0004040,C002006,SME,1470854,INR,DISBURSED,486,MODEL_V1,web,2026-04-24
A0004041,C000647,AUTO,1677270,INR,NEW,483,MODEL_V1,partner,2026-03-09
A0004042,C001636,PERSONAL,3139996,INR,DECLINED,586,MODEL_V2,branch,2026-03-27
A0004043,C000859,SME,4897137,INR,NEW,666,MODEL_V2,branch,2026-07-08
A0004044,C000546,SME,4153931,INR,APPROVED,785,MODEL_V1,branch,2026-07-01
A0004045,C002398,SME,3408668,INR,APPROVED,704,MODEL_V2,web,2026-01-11
A0004046,C002987,AUTO,3948478,USD,NEW,489,,mobile,2026-08-24
A0004047,C000116,HOME,312329,INR,DECLINED,769,MANUAL,mobile,2026-02-08
A0004048,C001629,PERSONAL,4763570,INR,APPROVED,897,MANUAL,partner,2026-08-18
A0004049,C001705,HOME,574809,INR,UNDER_REVIEW,659,MODEL_V1,partner,2026-02-27
A0004050,C000613,SME,1415921,INR,DISBURSED,813,MANUAL,partner,2026-08-09
A0004051,C000960,PERSONAL,2138076,USD,UNDER_REVIEW,515,MODEL_V2,partner,2026-02-15
A0004052,C000244,AUTO,4851085,INR,NEW,490,MODEL_V2,web,2026-04-23
A0004053,C001240,AUTO,2306492,INR,DECLINED,392,RULE,mobile,2026-01-25
A0004054,C001717,HOME,1846533,INR,APPROVED,643,MANUAL,web,2026-03-06
A0004055,C000312,HOME,1038157,USD,DECLINED,881,RULE,branch,2026-05-22
A0004056,C002307,AUTO,3125875,INR,APPROVED,708,MODEL_V2,web,2026-04-08
A0004057,C000612,HOME,2556893,INR,DECLINED,566,RULE,branch,2026-07-21
A0004058,C001501,PERSONAL,1926097,USD,APPROVED,891,MANUAL,partner,2026-09-04
A0004059,C002555,SME,1688504,USD,UNDER_REVIEW,406,MANUAL,partner,2026-04-24
A0004060,C002588,AUTO,4772310,INR,UNDER_REVIEW,853,MODEL_V2,web,2026-09-22
A0004061,C000741,HOME,4305861,INR,DISBURSED,625,MANUAL,mobile,2026-06-25
A0004062,C001645,SME,1617452,USD,DECLINED,803,RULE,partner,2026-07-14
A0004063,C000460,SME,4305140,INR,DISBURSED,340,RULE,mobile,2026-03-28
A0004064,C000336,HOME,1960553,INR,NEW,735,MANUAL,mobile,2026-04-16
A0004065,C003314,PERSONAL,3093162,INR,DISBURSED,485,RULE,partner,2026-03-12
A0004066,C001789,AUTO,4739546,INR,DISBURSED,725,MODEL_V2,branch,2026-01-25
A0004067,C002836,AUTO,4328448,INR,APPROVED,795,RULE,web,2026-09-20
A0004068,C001428,AUTO,2776264,INR,DISBURSED,682,RULE,web,2026-02-15
A0004069,C002816,PERSONAL,1529788,INR,DISBURSED,498,RULE,web,2026-01-11
A0004070,C003214,HOME,2022304,INR,APPROVED,567,MODEL_V2,partner,2026-09-18
A0004071,C002535,SME,732936,INR,UNDER_REVIEW,606,,web,2026-09-23
A0004072,C000173,AUTO,898475,INR,UNDER_REVIEW,450,MODEL_V1,web,2026-03-02
A0004073,C002649,HOME,1401868,USD,UNDER_REVIEW,837,MODEL_V1,branch,2026-02-18
A0004074,C001152,SME,4226387,INR,APPROVED,392,MODEL_V2,partner,2026-06-16
A0004075,C003484,SME,354252,INR,NEW,708,RULE,web,2026-08-18
A0004076,C000628,AUTO,2700502,INR,NEW,665,RULE,web,2026-02-09
A0004077,C001784,SME,4897974,INR,APPROVED,622,RULE,mobile,2026-01-20
A0004078,C003433,PERSONAL,2163541,INR,NEW,830,MODEL_V2,mobile,2026-02-18
A0004079,C000502,SME,976367,USD,UNDER_REVIEW,534,MODEL_V1,branch,2026-06-09
A0004080,C000474,AUTO,3975985,INR,DISBURSED,864,RULE,web,2026-08-02
A0004081,C000286,PERSONAL,2647438,INR,APPROVED,739,MODEL_V2,branch,2026-05-10
A0004082,C000069,SME,2644710,INR,DISBURSED,676,MODEL_V2,web,2026-05-20
A0004083,C000248,SME,2340188,INR,NEW,816,MANUAL,partner,2026-04-22
A0004084,C001960,SME,3510323,USD,DECLINED,410,RULE,branch,2026-04-13
A0004085,C000868,SME,4266642,INR,DISBURSED,495,MANUAL,mobile,2026-04-21
A0004086,C000659,PERSONAL,4854013,USD,NEW,689,MODEL_V2,mobile,2026-02-13
A0004087,C001355,AUTO,1229634,USD,DISBURSED,778,MODEL_V2,web,2026-06-21
A0004088,C003148,SME,712379,INR,DISBURSED,891,MODEL_V2,partner,2026-08-14
A0004089,C000833,SME,1723657,INR,APPROVED,666,MODEL_V2,partner,2026-08-03
A0004090,C002331,SME,4764405,INR,UNDER_REVIEW,752,MODEL_V1,branch,2026-05-17
A0004091,C003187,HOME,614342,INR,DISBURSED,412,MODEL_V1,branch,2026-01-05
A0004092,C002608,SME,4594811,INR,NEW,853,MODEL_V1,partner,2026-06-15
A0004093,C002769,PERSONAL,2470138,USD,DISBURSED,866,MODEL_V1,partner,2026-08-07
A0004094,C002056,HOME,4630379,INR,NEW,734,RULE,mobile,2026-01-06
A0004095,C001053,PERSONAL,989802,INR,APPROVED,424,MANUAL,web,2026-03-07
A0004096,C003406,SME,990425,INR,DECLINED,770,MODEL_V2,branch,2026-03-08
A0004097,C003059,HOME,4750017,USD,APPROVED,339,MODEL_V1,mobile,2026-09-26
A0004098,C001478,PERSONAL,4216936,INR,UNDER_REVIEW,871,MODEL_V1,partner,2026-02-05
A0004099,C003114,AUTO,4000454,INR,APPROVED,724,MODEL_V1,mobile,2026-02-27
A0004100,C000285,AUTO,2091222,INR,APPROVED,442,RULE,partner,2026-08-23
A0004101,C001912,HOME,651663,INR,UNDER_REVIEW,442,MANUAL,branch,2026-06-03
A0004102,C000645,SME,4456175,INR,DECLINED,623,MODEL_V2,mobile,2026-08-26
A0004103,C001130,SME,2506782,INR,UNDER_REVIEW,498,RULE,web,2026-06-24
A0004104,C001975,PERSONAL,1427457,INR,APPROVED,900,MODEL_V1,branch,2026-04-04
A0004105,C000469,AUTO,1469739,INR,NEW,409,MODEL_V1,web,2026-04-09
A0004106,C000378,AUTO,3082750,INR,NEW,372,RULE,branch,2026-07-13
A0004107,C001931,HOME,3200783,INR,DISBURSED,691,MODEL_V2,partner,2026-02-24
A0004108,C001302,HOME,4836110,INR,APPROVED,469,MANUAL,partner,2026-02-17
A0004109,C000411,HOME,418835,INR,APPROVED,669,MANUAL,mobile,2026-04-03
A0004110,C002583,SME,4340154,INR,APPROVED,504,MANUAL,partner,2026-02-20
A0004111,C002576,SME,4446846,INR,DISBURSED,531,,branch,2026-06-08
A0004112,C002994,AUTO,88361,INR,APPROVED,868,MANUAL,branch,2026-07-01
A0004113,C002230,HOME,226708,INR,APPROVED,448,MANUAL,partner,2026-02-27
A0004114,C002742,HOME,2511234,INR,APPROVED,891,MODEL_V2,web,2026-05-10
A0004115,C002395,AUTO,625419,INR,APPROVED,503,MODEL_V2,partner,2026-04-28
A0004116,C001203,SME,1737646,USD,APPROVED,687,MODEL_V1,partner,2026-07-03
A0004117,C002594,AUTO,2920727,INR,NEW,396,RULE,web,2026-01-04
A0004118,C003083,AUTO,4158722,INR,NEW,815,MANUAL,web,2026-02-07
A0004119,C001637,PERSONAL,4182563,INR,DECLINED,391,MODEL_V1,branch,2026-09-10
A0004120,C000529,PERSONAL,3068463,USD,DISBURSED,453,MANUAL,mobile,2026-07-25
A0004121,C001050,PERSONAL,4029695,INR,DISBURSED,726,,web,2026-09-19
A0004122,C000038,PERSONAL,1880800,INR,UNDER_REVIEW,730,MANUAL,branch,2026-03-23
A0004123,C001162,AUTO,726148,USD,APPROVED,714,RULE,web,2026-03-17
A0004124,C000139,SME,2646540,INR,APPROVED,549,MANUAL,mobile,2026-09-27
A0004125,C002570,SME,2821349,INR,APPROVED,603,RULE,web,2026-02-02
A0004126,C003194,AUTO,4894714,INR,DECLINED,792,RULE,web,2026-04-02
A0004127,C002336,SME,1983223,INR,UNDER_REVIEW,628,MODEL_V1,partner,2026-05-21
A0004128,C003092,HOME,1912987,INR,DECLINED,319,MODEL_V1,branch,2026-05-18
A0004129,C003176,HOME,4899876,USD,NEW,352,MANUAL,partner,2026-04-18
A0004130,C001102,PERSONAL,4027414,INR,APPROVED,359,MODEL_V2,mobile,2026-03-06
A0004131,C003096,HOME,3585752,INR,APPROVED,345,,branch,2026-08-14
A0004132,C000622,SME,3254433,INR,APPROVED,301,RULE,mobile,2026-07-01
A0004133,C002658,SME,1479918,INR,DISBURSED,579,RULE,partner,2026-05-02
A0004134,C000039,PERSONAL,2234256,INR,UNDER_REVIEW,516,MODEL_V1,branch,2026-02-19
A0004135,C000559,AUTO,2734782,INR,UNDER_REVIEW,847,RULE,mobile,2026-04-04
A0004136,C001189,SME,1647979,USD,NEW,813,,branch,2026-06-28
A0004137,C002464,HOME,1150336,INR,DISBURSED,447,MODEL_V1,branch,2026-02-10
A0004138,C003021,PERSONAL,3708432,INR,DECLINED,846,MODEL_V1,branch,2026-04-11
A0004139,C000667,AUTO,1650500,USD,NEW,575,MANUAL,partner,2026-09-14
A0004140,C000205,PERSONAL,4498689,INR,UNDER_REVIEW,894,MODEL_V1,branch,2026-05-14
A0004141,C003461,AUTO,4472655,INR,UNDER_REVIEW,847,MODEL_V1,partner,2026-04-22
A0004142,C003158,AUTO,4915979,INR,APPROVED,681,MODEL_V2,partner,2026-04-10
A0004143,C002321,HOME,4658442,INR,DECLINED,633,MANUAL,web,2026-09-16
A0004144,C002719,HOME,2825531,INR,DISBURSED,767,MODEL_V2,partner,2026-04-01
A0004145,C000723,AUTO,2909118,USD,UNDER_REVIEW,532,MODEL_V2,branch,2026-07-17
A0004146,C002324,SME,4765205,INR,NEW,337,RULE,web,2026-07-12
A0004147,C003060,PERSONAL,1381912,INR,APPROVED,327,MODEL_V2,branch,2026-03-15
A0004148,C001890,PERSONAL,1413696,INR,UNDER_REVIEW,358,MANUAL,partner,2026-03-07
A0004149,C002425,PERSONAL,1025632,INR,DECLINED,740,MODEL_V1,branch,2026-03-15
A0004150,C001453,PERSONAL,3700728,INR,DISBURSED,330,MODEL_V1,branch,2026-07-23
A0004151,C001805,SME,726136,USD,DISBURSED,332,MANUAL,partner,2026-01-11
A0004152,C000642,HOME,1334765,INR,DISBURSED,459,MODEL_V1,mobile,2026-09-15
A0004153,C002412,SME,127097,INR,UNDER_REVIEW,369,RULE,mobile,2026-01-25
A0004154,C000834,HOME,2609994,INR,DISBURSED,375,MODEL_V1,mobile,2026-09-14
A0004155,C001589,AUTO,2811900,INR,NEW,365,MODEL_V1,web,2026-06-07
A0004156,C002199,AUTO,1295758,INR,DECLINED,327,MODEL_V2,web,2026-05-14
A0004157,C001148,AUTO,1950710,INR,NEW,771,MANUAL,partner,2026-06-14
A0004158,C001515,PERSONAL,157483,USD,NEW,463,MODEL_V1,mobile,2026-01-22
A0004159,C003333,SME,1477604,INR,DISBURSED,600,MODEL_V2,partner,2026-07-23
A0004160,C000508,HOME,360337,INR,UNDER_REVIEW,655,RULE,web,2026-02-27
A0004161,C000984,AUTO,234223,INR,DISBURSED,445,MODEL_V2,branch,2026-08-02
A0004162,C000917,SME,312010,INR,DECLINED,427,MANUAL,branch,2026-02-25
A0004163,C001294,HOME,4319162,INR,NEW,434,MANUAL,web,2026-08-17
A0004164,C000773,AUTO,614745,INR,APPROVED,594,RULE,partner,2026-03-24
A0004165,C001720,HOME,4149541,INR,NEW,440,MANUAL,mobile,2026-04-27
A0004166,C003064,SME,4869191,INR,APPROVED,689,MODEL_V1,web,2026-02-05
A0004167,C000761,HOME,792644,INR,UNDER_REVIEW,368,MODEL_V1,mobile,2026-08-04
A0004168,C001661,AUTO,1649655,USD,UNDER_REVIEW,497,MANUAL,web,2026-04-02
A0004169,C002094,HOME,175177,USD,DISBURSED,663,MODEL_V2,branch,2026-05-27
A0004170,C003217,PERSONAL,623983,INR,APPROVED,462,RULE,partner,2026-03-02
A0004171,C000014,PERSONAL,271046,USD,DECLINED,809,,mobile,2026-08-02
A0004172,C000937,HOME,4662000,INR,APPROVED,437,MODEL_V2,web,2026-02-05
A0004173,C000986,HOME,4160553,INR,UNDER_REVIEW,552,MODEL_V2,mobile,2026-07-15
A0004174,C002270,PERSONAL,600885,INR,UNDER_REVIEW,448,MANUAL,partner,2026-07-18
A0004175,C001578,PERSONAL,4091905,INR,APPROVED,389,RULE,partner,2026-07-03
A0004176,C002838,PERSONAL,1407713,USD,DISBURSED,412,MODEL_V1,web,2026-03-07
A0004177,C003023,HOME,568173,USD,DECLINED,407,RULE,branch,2026-01-21
A0004178,C003102,AUTO,53426,INR,NEW,515,RULE,partner,2026-03-28
A0004179,C000615,SME,751805,USD,DECLINED,420,MODEL_V2,mobile,2026-03-24
A0004180,C000495,HOME,3587916,USD,APPROVED,747,MODEL_V1,partner,2026-05-04
A0004181,C001718,AUTO,178848,INR,UNDER_REVIEW,881,,partner,2026-09-27
A0004182,C003062,PERSONAL,1034207,INR,APPROVED,524,MODEL_V1,partner,2026-08-05
A0004183,C003449,AUTO,4313366,INR,DISBURSED,441,MODEL_V1,branch,2026-04-12
A0004184,C000335,PERSONAL,1080449,INR,APPROVED,589,MODEL_V1,partner,2026-05-26
A0004185,C001158,SME,536824,USD,DISBURSED,639,MANUAL,web,2026-08-08
A0004186,C002468,AUTO,2418698,USD,DECLINED,448,,web,2026-04-02
A0004187,C001404,PERSONAL,4585752,INR,UNDER_REVIEW,755,MODEL_V1,mobile,2026-08-14
A0004188,C001487,AUTO,4093097,INR,DECLINED,584,RULE,branch,2026-01-28
A0004189,C003399,AUTO,978860,INR,DECLINED,884,MODEL_V1,partner,2026-09-07
A0004190,C003388,HOME,4524758,INR,APPROVED,810,RULE,web,2026-02-10
A0004191,C001564,AUTO,3812096,INR,UNDER_REVIEW,674,MANUAL,branch,2026-07-18
A0004192,C003431,PERSONAL,1303796,INR,UNDER_REVIEW,333,MODEL_V1,web,2026-03-13
A0004193,C002465,AUTO,4323666,USD,DISBURSED,308,MODEL_V2,mobile,2026-02-04
A0004194,C002788,SME,970100,INR,APPROVED,739,RULE,partner,2026-08-13
A0004195,C001589,SME,3028423,INR,APPROVED,477,MANUAL,web,2026-05-10
A0004196,C002712,HOME,2910062,INR,DISBURSED,757,MANUAL,web,2026-09-25
A0004197,C001881,SME,2321405,USD,DECLINED,725,RULE,partner,2026-08-16
A0004198,C003381,SME,3949381,USD,UNDER_REVIEW,308,MANUAL,partner,2026-03-21
A0004199,C002892,HOME,4716177,INR,NEW,623,RULE,mobile,2026-02-22
A0004200,C003129,SME,1748361,USD,DISBURSED,491,RULE,mobile,2026-03-19
A0004201,C003191,PERSONAL,3872771,INR,DECLINED,470,,branch,2026-01-19
A0004202,C000828,SME,2519338,INR,NEW,785,MANUAL,partner,2026-06-10
A0004203,C000046,AUTO,2414094,INR,DECLINED,589,MODEL_V1,web,2026-05-01
A0004204,C000910,HOME,1409289,USD,DISBURSED,607,MODEL_V1,mobile,2026-07-26
A0004205,C000634,PERSONAL,2537278,USD,NEW,832,MODEL_V1,web,2026-08-16
A0004206,C003437,PERSONAL,553251,INR,NEW,539,MODEL_V2,partner,2026-05-14
A0004207,C002274,HOME,4627857,INR,DECLINED,680,RULE,partner,2026-05-14
A0004208,C001500,HOME,1154357,INR,NEW,380,RULE,web,2026-05-16
A0004209,C000462,SME,3994975,INR,UNDER_REVIEW,534,MODEL_V1,web,2026-06-06
A0004210,C001386,HOME,2318920,USD,UNDER_REVIEW,418,MANUAL,branch,2026-04-14
A0004211,C000491,PERSONAL,344527,INR,NEW,550,MODEL_V1,partner,2026-05-04
A0004212,C000935,SME,4600615,INR,UNDER_REVIEW,485,MANUAL,branch,2026-02-07
A0004213,C003369,HOME,93262,INR,DISBURSED,684,MODEL_V1,web,2026-01-21
A0004214,C001043,AUTO,1521987,INR,NEW,567,MANUAL,partner,2026-05-18
A0004215,C000569,PERSONAL,112803,INR,UNDER_REVIEW,509,MODEL_V2,partner,2026-09-05
A0004216,C001675,HOME,1795969,INR,DECLINED,875,MODEL_V1,partner,2026-05-16
A0004217,C002565,AUTO,2950314,INR,NEW,448,RULE,mobile,2026-01-02
A0004218,C002176,HOME,62165,INR,UNDER_REVIEW,851,MANUAL,branch,2026-04-24
A0004219,C002539,PERSONAL,4465204,INR,APPROVED,733,MANUAL,partner,2026-04-08
A0004220,C000746,SME,2651198,USD,APPROVED,781,RULE,mobile,2026-01-28
A0004221,C001155,SME,235421,INR,DECLINED,788,,branch,2026-03-13
A0004222,C000276,PERSONAL,2490298,INR,UNDER_REVIEW,742,MODEL_V2,web,2026-01-02
A0004223,C000125,PERSONAL,4404440,USD,NEW,313,MANUAL,branch,2026-02-23
A0004224,C000508,PERSONAL,1695811,INR,DECLINED,637,MANUAL,partner,2026-03-08
A0004225,C001955,SME,278733,INR,UNDER_REVIEW,878,MODEL_V2,web,2026-04-25
A0004226,C001455,PERSONAL,4184783,INR,DISBURSED,429,,web,2026-04-07
A0004227,C001819,SME,2896567,INR,NEW,702,MANUAL,partner,2026-06-02
A0004228,C000159,SME,3590281,INR,DISBURSED,785,MODEL_V1,web,2026-08-15
A0004229,C000835,SME,2992531,INR,APPROVED,417,MODEL_V2,partner,2026-04-01
A0004230,C000130,HOME,4928929,USD,APPROVED,331,MANUAL,branch,2026-01-14
A0004231,C003466,AUTO,1096187,USD,DECLINED,750,MANUAL,branch,2026-06-17
A0004232,C000283,PERSONAL,3147315,INR,NEW,336,MODEL_V1,mobile,2026-04-01
A0004233,C001661,HOME,1757857,USD,NEW,474,MODEL_V1,partner,2026-06-01
A0004234,C001873,HOME,2489309,INR,DECLINED,759,MODEL_V2,partner,2026-08-16
A0004235,C002084,PERSONAL,4019281,USD,APPROVED,642,MODEL_V1,web,2026-07-24
A0004236,C001906,SME,4936421,USD,APPROVED,427,,partner,2026-09-07
A0004237,C000890,PERSONAL,1673952,USD,DECLINED,533,MODEL_V1,web,2026-05-03
A0004238,C001559,SME,3734822,INR,DECLINED,588,RULE,mobile,2026-02-26
A0004239,C002204,SME,3367906,INR,NEW,445,RULE,branch,2026-04-05
A0004240,C000145,AUTO,4480949,INR,UNDER_REVIEW,713,MODEL_V1,web,2026-04-17
A0004241,C002075,PERSONAL,3280185,INR,APPROVED,599,,branch,2026-05-20
A0004242,C000949,AUTO,285735,USD,NEW,332,MODEL_V1,web,2026-09-27
A0004243,C000220,PERSONAL,1128516,INR,UNDER_REVIEW,669,MODEL_V1,partner,2026-04-17
A0004244,C002180,PERSONAL,417322,INR,UNDER_REVIEW,350,MODEL_V2,partner,2026-05-19
A0004245,C002865,PERSONAL,1917579,INR,NEW,534,MANUAL,mobile,2026-01-12
A0004246,C000184,HOME,1724065,INR,APPROVED,617,,mobile,2026-05-15
A0004247,C003329,AUTO,1936796,INR,DECLINED,507,MODEL_V1,partner,2026-02-21
A0004248,C000838,AUTO,1374865,INR,NEW,649,MANUAL,partner,2026-08-12
A0004249,C000934,SME,1664671,INR,NEW,711,MODEL_V1,branch,2026-09-16
A0004250,C003011,AUTO,1325364,INR,DECLINED,756,MODEL_V2,web,2026-04-21
A0004251,C001017,PERSONAL,2398792,INR,NEW,655,,web,2026-06-15
A0004252,C001349,PERSONAL,729579,INR,APPROVED,300,MODEL_V1,web,2026-06-02
A0004253,C000957,SME,3636413,INR,NEW,773,MODEL_V1,branch,2026-08-06
A0004254,C002043,AUTO,4920174,INR,UNDER_REVIEW,694,MANUAL,mobile,2026-07-03
A0004255,C001645,AUTO,176406,INR,NEW,608,MANUAL,partner,2026-02-02
A0004256,C002088,HOME,1524142,USD,NEW,467,MODEL_V2,partner,2026-07-18
A0004257,C000200,SME,1613537,INR,NEW,819,MODEL_V2,partner,2026-05-19
A0004258,C001241,PERSONAL,3246541,USD,UNDER_REVIEW,550,RULE,mobile,2026-06-03
A0004259,C000958,AUTO,608925,INR,DECLINED,358,MODEL_V2,branch,2026-06-26
A0004260,C002232,PERSONAL,1520560,USD,UNDER_REVIEW,591,RULE,partner,2026-05-28
A0004261,C003027,AUTO,1752315,INR,NEW,721,RULE,branch,2026-08-23
A0004262,C000052,HOME,1754165,INR,NEW,543,MODEL_V1,partner,2026-03-24
A0004263,C003144,SME,88656,INR,UNDER_REVIEW,464,MODEL_V1,branch,2026-05-08
A0004264,C003141,AUTO,4480022,INR,NEW,476,RULE,web,2026-06-17
A0004265,C003490,SME,4470174,INR,UNDER_REVIEW,787,MODEL_V2,branch,2026-01-08
A0004266,C001286,PERSONAL,1045211,INR,DISBURSED,651,,partner,2026-04-06
A0004267,C002143,PERSONAL,3472505,INR,NEW,516,MODEL_V1,web,2026-08-23
A0004268,C001060,SME,3997376,INR,UNDER_REVIEW,871,MODEL_V1,web,2026-03-23
A0004269,C000639,HOME,3876302,INR,NEW,768,MANUAL,web,2026-01-06
A0004270,C000085,AUTO,4712516,INR,NEW,330,MANUAL,web,2026-02-04
A0004271,C002228,AUTO,897782,INR,DISBURSED,893,RULE,partner,2026-08-10
A0004272,C001713,AUTO,3398997,INR,UNDER_REVIEW,573,RULE,mobile,2026-08-07
A0004273,C003186,HOME,4571694,INR,DECLINED,811,MODEL_V2,partner,2026-07-04
A0004274,C001959,AUTO,2238756,USD,NEW,666,MANUAL,web,2026-05-07
A0004275,C001135,AUTO,2535534,USD,DECLINED,483,MODEL_V2,partner,2026-08-19
A0004276,C000274,HOME,4224280,INR,NEW,566,MODEL_V2,mobile,2026-08-03
A0004277,C001127,SME,3738217,USD,UNDER_REVIEW,531,MODEL_V2,branch,2026-09-19
A0004278,C001590,PERSONAL,770995,INR,NEW,868,RULE,partner,2026-01-07
A0004279,C000337,SME,4180722,INR,APPROVED,458,MODEL_V2,mobile,2026-08-10
A0004280,C002322,SME,688106,INR,DISBURSED,850,MODEL_V2,partner,2026-06-17
A0004281,C001685,AUTO,712597,INR,APPROVED,349,MODEL_V2,mobile,2026-03-16
A0004282,C001240,AUTO,4155113,USD,NEW,690,MODEL_V2,partner,2026-04-12
A0004283,C002978,AUTO,4001107,INR,NEW,793,MANUAL,mobile,2026-03-07
A0004284,C000751,AUTO,3658551,INR,UNDER_REVIEW,617,MANUAL,web,2026-04-17
A0004285,C002378,SME,4995165,INR,APPROVED,778,MANUAL,branch,2026-04-20
A0004286,C002502,PERSONAL,3329278,INR,DISBURSED,714,MODEL_V1,web,2026-03-28
A0004287,C003319,SME,659236,USD,UNDER_REVIEW,896,MANUAL,branch,2026-07-13
A0004288,C002223,AUTO,3693094,INR,NEW,558,MODEL_V2,branch,2026-03-01
A0004289,C000207,SME,3058366,INR,APPROVED,582,MODEL_V2,mobile,2026-04-12
A0004290,C001469,AUTO,2533114,INR,DISBURSED,733,MODEL_V1,branch,2026-07-16
A0004291,C001857,PERSONAL,1415708,USD,DECLINED,326,RULE,partner,2026-06-23
A0004292,C002598,AUTO,3064055,INR,NEW,564,MODEL_V1,partner,2026-08-21
A0004293,C000998,SME,2624914,USD,NEW,669,MODEL_V2,web,2026-05-08
A0004294,C001774,HOME,585395,USD,DECLINED,673,MODEL_V2,branch,2026-09-23
A0004295,C002538,HOME,4380287,INR,DECLINED,692,MODEL_V2,partner,2026-09-24
A0004296,C000519,SME,2572977,INR,DECLINED,391,,web,2026-09-28
A0004297,C002211,PERSONAL,1708804,INR,DECLINED,325,RULE,branch,2026-02-26
A0004298,C001686,AUTO,316507,INR,APPROVED,544,MODEL_V1,branch,2026-03-16
A0004299,C000683,SME,845850,INR,UNDER_REVIEW,718,RULE,web,2026-07-21
A0004300,C001119,SME,3069421,USD,NEW,449,MANUAL,web,2026-09-28
A0004301,C001688,SME,3688997,INR,DISBURSED,497,MODEL_V1,mobile,2026-03-28
A0004302,C000901,PERSONAL,3631061,INR,APPROVED,631,MODEL_V1,branch,2026-01-19
A0004303,C000099,AUTO,2446651,INR,APPROVED,508,MANUAL,branch,2026-07-04
A0004304,C002848,PERSONAL,4021953,INR,UNDER_REVIEW,504,MODEL_V1,mobile,2026-06-27
A0004305,C002540,PERSONAL,1543822,USD,UNDER_REVIEW,680,MANUAL,web,2026-01-08
A0004306,C003124,SME,680488,INR,DECLINED,432,RULE,web,2026-06-08
A0004307,C002924,PERSONAL,2899689,USD,APPROVED,482,MODEL_V2,partner,2026-04-28
A0004308,C002100,HOME,3439066,INR,DISBURSED,604,MANUAL,partner,2026-01-20
A0004309,C001808,SME,1978695,INR,APPROVED,631,MODEL_V2,partner,2026-07-26
A0004310,C000216,SME,3164283,USD,DECLINED,567,RULE,mobile,2026-03-07
A0004311,C002828,SME,3314498,INR,APPROVED,640,,branch,2026-04-09
A0004312,C002829,SME,132552,INR,APPROVED,732,MANUAL,mobile,2026-06-12
A0004313,C002708,PERSONAL,3602150,INR,UNDER_REVIEW,635,MODEL_V1,web,2026-03-13
A0004314,C002555,PERSONAL,643473,INR,APPROVED,491,MODEL_V1,web,2026-05-09
A0004315,C002121,AUTO,3427633,INR,DECLINED,322,MANUAL,partner,2026-08-18
A0004316,C001354,AUTO,2522077,INR,DISBURSED,745,RULE,branch,2026-09-14
A0004317,C000997,SME,3073189,USD,UNDER_REVIEW,469,MANUAL,mobile,2026-03-20
A0004318,C000104,PERSONAL,4241621,INR,APPROVED,547,MODEL_V2,branch,2026-04-11
A0004319,C000700,SME,907460,INR,DISBURSED,527,MANUAL,branch,2026-01-07
A0004320,C001945,AUTO,1161585,INR,DECLINED,588,MODEL_V1,web,2026-09-02
A0004321,C003286,AUTO,199898,INR,NEW,846,RULE,mobile,2026-02-03
A0004322,C002859,AUTO,4631610,INR,UNDER_REVIEW,507,RULE,mobile,2026-01-11
A0004323,C001796,PERSONAL,3327077,INR,NEW,485,RULE,web,2026-09-20
A0004324,C001177,HOME,3686811,INR,NEW,632,MODEL_V1,partner,2026-09-08
A0004325,C003029,AUTO,3615965,INR,NEW,563,RULE,branch,2026-01-17
A0004326,C001280,HOME,1161534,USD,DISBURSED,486,MODEL_V1,branch,2026-01-21
A0004327,C002974,AUTO,378895,INR,DISBURSED,472,RULE,partner,2026-09-23
A0004328,C002648,PERSONAL,1499720,INR,DISBURSED,617,RULE,web,2026-07-15
A0004329,C003486,AUTO,4042475,INR,DISBURSED,809,MODEL_V2,web,2026-05-19
A0004330,C003279,HOME,3279490,INR,DISBURSED,472,MODEL_V2,web,2026-06-10
A0004331,C001098,AUTO,3846208,INR,NEW,373,RULE,web,2026-02-15
A0004332,C002235,SME,2201525,INR,NEW,453,MODEL_V1,mobile,2026-02-10
A0004333,C002023,AUTO,113940,INR,NEW,888,MANUAL,mobile,2026-07-06
A0004334,C002056,SME,3939136,INR,NEW,572,MODEL_V1,web,2026-01-15
A0004335,C000524,PERSONAL,4108611,INR,NEW,402,MANUAL,web,2026-09-14
A0004336,C003403,SME,4555724,INR,APPROVED,311,MODEL_V2,partner,2026-05-03
A0004337,C000540,SME,3987213,INR,APPROVED,459,MANUAL,partner,2026-06-03
A0004338,C001935,AUTO,3927225,INR,NEW,314,MANUAL,branch,2026-04-03
A0004339,C000390,AUTO,3756778,INR,APPROVED,418,RULE,mobile,2026-05-03
A0004340,C002233,PERSONAL,2975991,INR,DECLINED,544,MODEL_V2,branch,2026-05-19
A0004341,C002035,HOME,990935,INR,DISBURSED,392,,web,2026-03-12
A0004342,C000661,AUTO,3586612,USD,NEW,682,MODEL_V2,web,2026-06-27
A0004343,C003465,PERSONAL,201670,INR,DISBURSED,779,MODEL_V2,partner,2026-07-24
A0004344,C002160,PERSONAL,3011691,INR,DISBURSED,756,RULE,mobile,2026-02-18
A0004345,C000561,PERSONAL,3044102,INR,APPROVED,751,MANUAL,mobile,2026-08-28
A0004346,C002717,PERSONAL,1663283,INR,DECLINED,391,,branch,2026-01-20
A0004347,C002165,HOME,860915,USD,APPROVED,828,MODEL_V2,branch,2026-06-25
A0004348,C002046,SME,3404052,INR,UNDER_REVIEW,348,RULE,web,2026-02-06
A0004349,C000764,AUTO,2354170,USD,UNDER_REVIEW,823,MANUAL,web,2026-09-10
A0004350,C000783,HOME,2449604,INR,UNDER_REVIEW,719,MODEL_V2,branch,2026-03-01
A0004351,C002480,HOME,661607,USD,DISBURSED,776,MODEL_V1,mobile,2026-06-17
A0004352,C002666,AUTO,3325279,INR,DISBURSED,671,MANUAL,mobile,2026-08-18
A0004353,C001076,AUTO,421593,INR,DECLINED,706,MODEL_V2,web,2026-07-15
A0004354,C002045,AUTO,2829830,USD,APPROVED,654,MANUAL,partner,2026-04-26
A0004355,C000426,HOME,3297333,INR,UNDER_REVIEW,352,MANUAL,partner,2026-05-06
A0004356,C001762,SME,3885500,INR,DECLINED,858,,mobile,2026-04-26
A0004357,C002680,AUTO,938710,INR,DECLINED,872,RULE,branch,2026-05-03
A0004358,C000543,PERSONAL,4398540,INR,DISBURSED,871,MODEL_V2,branch,2026-06-28
A0004359,C002981,SME,3787182,INR,UNDER_REVIEW,522,MODEL_V2,partner,2026-03-13
A0004360,C001168,AUTO,4458419,INR,DISBURSED,325,MANUAL,mobile,2026-04-14
A0004361,C001033,PERSONAL,1704085,USD,NEW,663,MODEL_V2,partner,2026-05-15
A0004362,C003306,HOME,3753897,INR,NEW,437,MANUAL,web,2026-02-24
A0004363,C000344,HOME,2939865,INR,DISBURSED,505,MANUAL,partner,2026-05-14
A0004364,C000277,HOME,4331901,USD,NEW,499,MODEL_V2,mobile,2026-07-24
A0004365,C002991,HOME,4416046,INR,UNDER_REVIEW,856,RULE,partner,2026-01-24
A0004366,C001197,HOME,1330753,INR,DISBURSED,879,MANUAL,branch,2026-02-21
A0004367,C002628,PERSONAL,3992105,INR,UNDER_REVIEW,772,MODEL_V2,branch,2026-09-18
A0004368,C003474,HOME,4538281,USD,APPROVED,526,MANUAL,mobile,2026-04-03
A0004369,C001932,HOME,2290488,INR,DISBURSED,608,MANUAL,mobile,2026-08-24
A0004370,C003187,AUTO,713682,INR,NEW,792,MODEL_V1,web,2026-09-19
A0004371,C002242,AUTO,2510960,INR,UNDER_REVIEW,339,RULE,partner,2026-09-25
A0004372,C001318,SME,4975847,USD,DISBURSED,450,MODEL_V1,mobile,2026-02-20
A0004373,C001876,AUTO,2838873,USD,APPROVED,764,MODEL_V1,mobile,2026-04-12
A0004374,C000519,AUTO,354471,INR,UNDER_REVIEW,380,MODEL_V2,branch,2026-07-03
A0004375,C000964,SME,2482599,INR,NEW,451,MANUAL,partner,2026-04-25
A0004376,C001249,SME,3923330,INR,DECLINED,431,MANUAL,web,2026-05-03
A0004377,C001857,SME,2441795,USD,APPROVED,630,RULE,partner,2026-09-15
A0004378,C002650,HOME,1966264,INR,DISBURSED,304,MODEL_V1,partner,2026-09-11
A0004379,C000805,PERSONAL,2099140,INR,UNDER_REVIEW,882,MANUAL,mobile,2026-01-06
A0004380,C003229,PERSONAL,2407604,USD,DISBURSED,885,MODEL_V2,branch,2026-06-10
A0004381,C000318,SME,3147048,INR,APPROVED,622,MODEL_V2,web,2026-03-16
A0004382,C003375,PERSONAL,3149006,INR,DECLINED,578,MODEL_V1,branch,2026-09-16
A0004383,C003093,AUTO,4218723,USD,NEW,438,MODEL_V2,web,2026-04-17
A0004384,C000243,HOME,4946058,INR,NEW,715,MANUAL,partner,2026-04-08
A0004385,C002032,AUTO,1244422,INR,UNDER_REVIEW,615,RULE,mobile,2026-03-05
A0004386,C000582,SME,1619132,INR,NEW,557,MODEL_V1,mobile,2026-07-27
A0004387,C000826,HOME,1649008,INR,NEW,420,MODEL_V2,partner,2026-02-25
A0004388,C003449,SME,3882756,INR,DISBURSED,568,MANUAL,mobile,2026-03-02
A0004389,C000612,PERSONAL,2274900,INR,DECLINED,571,RULE,partner,2026-06-25
A0004390,C000484,HOME,4704463,INR,DISBURSED,572,RULE,web,2026-07-13
A0004391,C001935,HOME,1896257,USD,DECLINED,891,,partner,2026-06-26
A0004392,C000109,PERSONAL,372552,USD,UNDER_REVIEW,390,MODEL_V2,web,2026-01-08
A0004393,C000345,HOME,1598035,INR,DISBURSED,746,MODEL_V2,web,2026-02-18
A0004394,C003409,SME,2192971,INR,NEW,802,MODEL_V2,partner,2026-05-11
A0004395,C000454,HOME,3026174,INR,APPROVED,535,MANUAL,web,2026-01-06
A0004396,C002460,PERSONAL,4088801,INR,DECLINED,500,MODEL_V2,branch,2026-09-07
A0004397,C001166,HOME,999903,INR,DECLINED,819,RULE,branch,2026-07-14
A0004398,C003381,AUTO,4258001,INR,APPROVED,700,MODEL_V2,web,2026-06-19
A0004399,C001877,PERSONAL,3913195,INR,DISBURSED,710,MANUAL,branch,2026-06-14
A0004400,C000640,SME,4642310,INR,APPROVED,440,MODEL_V2,mobile,2026-05-04
A0004401,C003128,HOME,1499678,INR,UNDER_REVIEW,336,RULE,partner,2026-03-12
A0004402,C001892,AUTO,2452241,USD,NEW,517,RULE,branch,2026-05-12
A0004403,C003269,PERSONAL,3468198,USD,APPROVED,782,MODEL_V1,web,2026-06-03
A0004404,C000852,PERSONAL,3796594,USD,NEW,554,MODEL_V1,web,2026-02-27
A0004405,C002138,AUTO,4546237,INR,DISBURSED,489,MODEL_V1,web,2026-09-10
A0004406,C000012,PERSONAL,3095604,INR,NEW,466,,partner,2026-06-12
A0004407,C003070,SME,3515331,INR,DISBURSED,574,RULE,web,2026-07-15
A0004408,C001589,PERSONAL,4503118,INR,APPROVED,544,RULE,branch,2026-08-28
A0004409,C002165,PERSONAL,1694849,INR,DISBURSED,649,MODEL_V2,branch,2026-03-11
A0004410,C002249,SME,891381,INR,DISBURSED,346,MODEL_V1,branch,2026-07-19
A0004411,C003090,AUTO,1523069,INR,DECLINED,852,MODEL_V2,mobile,2026-09-22
A0004412,C001089,AUTO,495879,INR,NEW,358,MODEL_V2,mobile,2026-03-22
A0004413,C002587,AUTO,1152321,INR,UNDER_REVIEW,630,MANUAL,mobile,2026-08-16
A0004414,C002131,SME,1567460,INR,DECLINED,352,RULE,partner,2026-08-17
A0004415,C001692,PERSONAL,1500192,INR,NEW,697,MANUAL,web,2026-04-03
A0004416,C003477,AUTO,193111,INR,DECLINED,613,RULE,branch,2026-05-18
A0004417,C003129,SME,2697960,INR,NEW,788,MODEL_V1,partner,2026-02-03
A0004418,C001379,HOME,1814084,INR,APPROVED,750,MODEL_V1,branch,2026-09-17
A0004419,C001189,SME,2292975,USD,UNDER_REVIEW,621,RULE,branch,2026-01-04
A0004420,C000754,SME,4216612,INR,DISBURSED,807,MODEL_V1,branch,2026-08-23
A0004421,C001636,HOME,4201937,USD,NEW,785,MODEL_V2,partner,2026-09-26
A0004422,C001108,SME,4952788,INR,DISBURSED,501,MODEL_V1,partner,2026-06-20
A0004423,C000588,AUTO,4715740,USD,DISBURSED,517,MODEL_V1,branch,2026-05-08
A0004424,C002871,AUTO,1657993,INR,APPROVED,369,MODEL_V2,mobile,2026-05-22
A0004425,C000022,AUTO,2326825,INR,UNDER_REVIEW,366,MODEL_V1,branch,2026-06-06
A0004426,C003207,HOME,2116394,INR,NEW,675,MODEL_V2,web,2026-07-25
A0004427,C000263,AUTO,4313223,INR,DECLINED,570,MANUAL,branch,2026-09-25
A0004428,C002311,HOME,2493642,INR,UNDER_REVIEW,805,RULE,branch,2026-06-15
A0004429,C001917,PERSONAL,4212789,INR,NEW,628,MODEL_V1,web,2026-08-20
A0004430,C002426,AUTO,3590120,INR,APPROVED,528,MODEL_V1,mobile,2026-09-05
A0004431,C000044,AUTO,301766,INR,NEW,337,,mobile,2026-03-21
A0004432,C000478,SME,3929975,INR,APPROVED,349,MODEL_V2,branch,2026-06-15
A0004433,C001628,SME,4558919,INR,DISBURSED,705,MANUAL,mobile,2026-08-01
A0004434,C000011,SME,87506,INR,DECLINED,531,MODEL_V1,branch,2026-07-28
A0004435,C000401,AUTO,1059152,INR,DISBURSED,344,MANUAL,partner,2026-02-16
A0004436,C001079,AUTO,2571962,INR,UNDER_REVIEW,752,MODEL_V1,partner,2026-09-06
A0004437,C001281,HOME,2919793,INR,NEW,520,MODEL_V2,branch,2026-01-12
A0004438,C003132,PERSONAL,2754315,INR,NEW,740,MANUAL,mobile,2026-05-17
A0004439,C000331,HOME,600237,INR,DECLINED,701,MANUAL,partner,2026-04-21
A0004440,C001460,PERSONAL,2128110,INR,DISBURSED,311,MODEL_V1,mobile,2026-05-24
A0004441,C002255,PERSONAL,2029637,INR,DECLINED,735,MANUAL,partner,2026-02-01
A0004442,C001552,PERSONAL,3210950,INR,APPROVED,542,MODEL_V2,partner,2026-06-08
A0004443,C001212,AUTO,3542256,INR,DECLINED,373,MODEL_V1,mobile,2026-04-10
A0004444,C000868,PERSONAL,4414161,INR,NEW,606,MANUAL,branch,2026-03-14
A0004445,C000286,AUTO,301079,USD,NEW,633,MODEL_V1,web,2026-03-13
A0004446,C003220,SME,651760,INR,APPROVED,377,RULE,partner,2026-08-06
A0004447,C000785,SME,2720176,INR,DISBURSED,494,MODEL_V2,mobile,2026-01-06
A0004448,C001429,PERSONAL,4831125,INR,NEW,488,RULE,branch,2026-01-20
A0004449,C001801,PERSONAL,4987633,USD,NEW,388,MODEL_V2,web,2026-06-06
A0004450,C002682,PERSONAL,2777729,USD,DECLINED,770,MODEL_V1,partner,2026-03-05
A0004451,C003393,HOME,843815,INR,DECLINED,515,MODEL_V1,partner,2026-04-02
A0004452,C002358,AUTO,1432348,INR,DISBURSED,612,MODEL_V2,mobile,2026-01-20
A0004453,C000392,HOME,1898765,INR,DISBURSED,801,RULE,branch,2026-06-24
A0004454,C003015,SME,152614,INR,UNDER_REVIEW,647,MODEL_V2,partner,2026-04-21
A0004455,C000319,SME,4542780,INR,DISBURSED,879,RULE,branch,2026-07-20
A0004456,C001218,PERSONAL,3598864,INR,NEW,438,MODEL_V1,mobile,2026-09-24
A0004457,C000951,HOME,3072886,INR,APPROVED,470,MODEL_V1,branch,2026-02-10
A0004458,C001664,HOME,1182064,USD,UNDER_REVIEW,532,MODEL_V2,branch,2026-06-28
A0004459,C000217,PERSONAL,3716166,INR,APPROVED,519,MODEL_V1,partner,2026-01-14
A0004460,C001354,SME,410494,INR,DECLINED,601,MANUAL,web,2026-09-19
A0004461,C001701,HOME,4810700,INR,NEW,429,RULE,mobile,2026-01-14
A0004462,C002368,SME,1470181,INR,NEW,637,RULE,mobile,2026-04-04
A0004463,C002444,AUTO,2917929,INR,APPROVED,338,MODEL_V2,mobile,2026-06-02
A0004464,C002767,PERSONAL,2923939,INR,DECLINED,702,MODEL_V1,branch,2026-05-22
A0004465,C001602,PERSONAL,4655926,INR,UNDER_REVIEW,376,MANUAL,web,2026-03-21
A0004466,C003197,PERSONAL,1710564,INR,APPROVED,361,,mobile,2026-02-02
A0004467,C002327,AUTO,3022438,USD,UNDER_REVIEW,867,MODEL_V1,mobile,2026-06-22
A0004468,C000141,PERSONAL,212577,INR,NEW,662,MODEL_V1,partner,2026-06-21
A0004469,C000679,SME,2340660,USD,DISBURSED,556,MANUAL,mobile,2026-04-06
A0004470,C001389,SME,4518872,INR,APPROVED,602,RULE,mobile,2026-07-01
A0004471,C002622,HOME,551737,INR,UNDER_REVIEW,712,,web,2026-05-12
A0004472,C001472,PERSONAL,3020258,USD,DECLINED,463,MODEL_V2,web,2026-09-07
A0004473,C002160,HOME,4858957,INR,DISBURSED,832,RULE,web,2026-02-11
A0004474,C002629,AUTO,2202932,USD,NEW,802,RULE,branch,2026-05-27
A0004475,C002596,HOME,2745154,INR,NEW,647,MANUAL,web,2026-05-10
A0004476,C001676,PERSONAL,358852,INR,DECLINED,472,MODEL_V1,web,2026-02-01
A0004477,C000394,HOME,4963843,INR,DECLINED,420,MODEL_V2,web,2026-02-27
A0004478,C000431,AUTO,3605074,INR,UNDER_REVIEW,609,MODEL_V1,web,2026-02-22
A0004479,C000806,HOME,308514,INR,DECLINED,525,MODEL_V2,partner,2026-06-04
A0004480,C001651,PERSONAL,1530282,INR,DISBURSED,599,MODEL_V1,branch,2026-04-01
A0004481,C000093,PERSONAL,2877878,INR,DISBURSED,468,MODEL_V2,partner,2026-02-15
A0004482,C000005,PERSONAL,478341,INR,UNDER_REVIEW,681,RULE,mobile,2026-08-23
A0004483,C000998,HOME,558618,USD,NEW,498,MANUAL,mobile,2026-07-20
A0004484,C001681,AUTO,2763882,INR,NEW,660,MODEL_V2,partner,2026-01-12
A0004485,C002238,SME,4541736,INR,NEW,743,MODEL_V1,mobile,2026-01-27
A0004486,C001331,PERSONAL,4208826,USD,APPROVED,707,MANUAL,mobile,2026-04-19
A0004487,C002360,AUTO,652278,INR,NEW,387,MODEL_V1,partner,2026-05-25
A0004488,C002006,SME,1749550,USD,NEW,614,RULE,partner,2026-08-15
A0004489,C000932,SME,823605,INR,NEW,603,MODEL_V2,web,2026-05-28
A0004490,C002450,HOME,3703589,USD,NEW,619,MODEL_V2,partner,2026-07-22
A0004491,C001057,AUTO,588194,USD,UNDER_REVIEW,608,MODEL_V2,partner,2026-05-17
A0004492,C003180,SME,4303179,INR,DISBURSED,583,MODEL_V2,mobile,2026-03-26
A0004493,C002928,HOME,2609775,INR,DISBURSED,592,MODEL_V1,web,2026-08-06
A0004494,C001389,PERSONAL,1787716,INR,DECLINED,527,MODEL_V2,partner,2026-03-12
A0004495,C002288,PERSONAL,3065110,INR,DISBURSED,586,MANUAL,mobile,2026-08-08
A0004496,C001724,PERSONAL,4945776,INR,APPROVED,419,RULE,web,2026-03-25
A0004497,C003246,HOME,855156,USD,NEW,650,MANUAL,mobile,2026-03-12
A0004498,C000376,SME,271465,USD,DECLINED,815,RULE,branch,2026-07-20
A0004499,C002125,AUTO,174412,USD,APPROVED,766,RULE,web,2026-09-11
A0004500,C001476,PERSONAL,3522533,INR,UNDER_REVIEW,588,MODEL_V2,web,2026-05-11
A0004501,C000897,HOME,852967,USD,DECLINED,368,,branch,2026-07-19
A0004502,C001814,AUTO,3073492,INR,APPROVED,756,MODEL_V2,branch,2026-07-24
A0004503,C000536,SME,1013163,INR,DISBURSED,742,MODEL_V2,branch,2026-02-18
A0004504,C002683,HOME,3441831,INR,APPROVED,426,MANUAL,branch,2026-02-14
A0004505,C001046,AUTO,4702685,USD,DISBURSED,333,MODEL_V2,partner,2026-09-23
A0004506,C002431,HOME,1764850,USD,DECLINED,398,MODEL_V2,branch,2026-07-04
A0004507,C002136,HOME,1211019,INR,DISBURSED,841,RULE,web,2026-03-09
A0004508,C003304,AUTO,4641817,INR,NEW,802,RULE,branch,2026-06-08
A0004509,C000947,PERSONAL,1287433,INR,UNDER_REVIEW,746,MODEL_V2,partner,2026-07-26
A0004510,C001594,AUTO,2129472,INR,APPROVED,852,MODEL_V2,partner,2026-03-15
A0004511,C001130,HOME,1405948,USD,UNDER_REVIEW,418,,web,2026-04-17
A0004512,C002602,SME,1873873,USD,UNDER_REVIEW,895,MODEL_V2,partner,2026-04-02
A0004513,C000054,SME,4550636,INR,DISBURSED,415,RULE,partner,2026-06-13
A0004514,C001806,AUTO,2031364,INR,DECLINED,539,MANUAL,branch,2026-04-03
A0004515,C000861,PERSONAL,4989117,INR,DECLINED,705,RULE,branch,2026-07-28
A0004516,C000176,PERSONAL,2078035,INR,NEW,792,MODEL_V1,mobile,2026-07-16
A0004517,C000136,SME,543212,INR,DECLINED,685,MANUAL,mobile,2026-02-13
A0004518,C002802,HOME,1705129,INR,NEW,757,MODEL_V2,partner,2026-03-05
A0004519,C002718,SME,1065159,USD,APPROVED,864,RULE,partner,2026-07-07
A0004520,C000197,HOME,508798,INR,DECLINED,630,MODEL_V2,branch,2026-07-12
A0004521,C001137,AUTO,108984,USD,DISBURSED,746,,branch,2026-03-13
A0004522,C003295,AUTO,3795875,USD,APPROVED,572,MANUAL,partner,2026-08-28
A0004523,C001649,SME,4065075,USD,APPROVED,567,MANUAL,mobile,2026-08-04
A0004524,C002782,HOME,1493301,INR,DECLINED,817,MODEL_V2,partner,2026-09-24
A0004525,C001610,HOME,2562490,INR,DISBURSED,884,MODEL_V2,branch,2026-07-02
A0004526,C003457,PERSONAL,2204749,INR,UNDER_REVIEW,843,MODEL_V2,branch,2026-09-01
A0004527,C003071,SME,4417396,USD,DECLINED,487,MANUAL,mobile,2026-07-27
A0004528,C003059,AUTO,969557,INR,NEW,327,MANUAL,branch,2026-09-26
A0004529,C002581,HOME,4011069,INR,APPROVED,698,RULE,mobile,2026-03-05
A0004530,C003047,AUTO,922830,INR,DISBURSED,417,MANUAL,partner,2026-09-14
A0004531,C001302,AUTO,2631839,USD,UNDER_REVIEW,814,MODEL_V2,branch,2026-04-08
A0004532,C001500,SME,453968,INR,NEW,874,MANUAL,web,2026-03-24
A0004533,C001423,AUTO,1896791,INR,APPROVED,587,MANUAL,branch,2026-05-23
A0004534,C002648,SME,3291524,USD,NEW,700,RULE,web,2026-06-28
A0004535,C000002,PERSONAL,1979154,INR,UNDER_REVIEW,306,MANUAL,mobile,2026-09-03
A0004536,C002497,AUTO,2449555,USD,DECLINED,645,MODEL_V2,mobile,2026-01-12
A0004537,C001693,AUTO,70357,INR,DISBURSED,305,RULE,mobile,2026-09-26
A0004538,C000988,HOME,4955961,USD,DECLINED,526,MODEL_V1,web,2026-04-20
A0004539,C000536,PERSONAL,3383836,INR,DISBURSED,829,RULE,branch,2026-08-19
A0004540,C001526,PERSONAL,1779721,INR,APPROVED,568,RULE,mobile,2026-03-19
A0004541,C002125,AUTO,4072528,INR,DISBURSED,466,MANUAL,branch,2026-01-22
A0004542,C000414,SME,3885570,INR,DISBURSED,405,MODEL_V1,mobile,2026-06-21
A0004543,C000868,PERSONAL,2632064,INR,DISBURSED,380,MODEL_V1,web,2026-03-14
A0004544,C001309,PERSONAL,4016243,USD,APPROVED,587,RULE,partner,2026-07-04
A0004545,C002532,AUTO,3962854,INR,UNDER_REVIEW,682,MANUAL,partner,2026-09-18
A0004546,C001771,HOME,4949826,INR,APPROVED,628,MANUAL,web,2026-05-08
A0004547,C002833,HOME,620319,INR,APPROVED,815,MANUAL,mobile,2026-08-02
A0004548,C001247,PERSONAL,3547509,USD,UNDER_REVIEW,547,MODEL_V2,partner,2026-08-12
A0004549,C003238,AUTO,1725246,INR,DISBURSED,580,MODEL_V2,branch,2026-03-02
A0004550,C000514,PERSONAL,2489449,INR,UNDER_REVIEW,720,MANUAL,branch,2026-09-19
A0004551,C003043,AUTO,4879643,INR,DECLINED,899,RULE,mobile,2026-07-16
A0004552,C001065,HOME,4253594,INR,DISBURSED,326,RULE,mobile,2026-02-21
A0004553,C000477,SME,2156758,USD,DECLINED,768,MANUAL,partner,2026-06-15
A0004554,C001319,HOME,4725601,USD,UNDER_REVIEW,797,RULE,web,2026-04-19
A0004555,C003057,AUTO,521751,INR,UNDER_REVIEW,788,MODEL_V1,partner,2026-08-11
A0004556,C000276,PERSONAL,4414101,INR,NEW,743,MODEL_V1,partner,2026-03-14
A0004557,C002102,SME,629973,INR,DISBURSED,347,RULE,web,2026-07-19
A0004558,C003001,HOME,2792347,INR,UNDER_REVIEW,421,RULE,branch,2026-04-24
A0004559,C002234,SME,53167,INR,UNDER_REVIEW,469,MODEL_V2,web,2026-09-24
A0004560,C001354,PERSONAL,4981385,INR,APPROVED,654,MANUAL,partner,2026-07-06
A0004561,C003199,AUTO,161746,INR,NEW,342,,partner,2026-02-22
A0004562,C003162,PERSONAL,3578208,INR,DISBURSED,730,RULE,mobile,2026-03-21
A0004563,C001368,SME,634142,INR,APPROVED,637,MANUAL,partner,2026-09-27
A0004564,C002884,SME,688841,INR,DECLINED,707,MODEL_V1,web,2026-09-10
A0004565,C001445,PERSONAL,2162180,INR,DECLINED,860,RULE,mobile,2026-03-02
A0004566,C001998,PERSONAL,2366098,INR,UNDER_REVIEW,590,RULE,mobile,2026-07-10
A0004567,C001813,PERSONAL,2320164,INR,NEW,878,MANUAL,partner,2026-08-11
A0004568,C001562,AUTO,1747311,USD,APPROVED,458,MODEL_V2,branch,2026-09-08
A0004569,C000452,HOME,448133,INR,APPROVED,463,RULE,partner,2026-06-25
A0004570,C000253,AUTO,330249,USD,NEW,503,MANUAL,mobile,2026-05-24
A0004571,C002929,PERSONAL,3581229,USD,DECLINED,470,RULE,branch,2026-05-13
A0004572,C002707,SME,3122748,INR,APPROVED,690,RULE,web,2026-08-05
A0004573,C000037,SME,4980229,INR,DISBURSED,536,RULE,mobile,2026-07-21
A0004574,C000827,PERSONAL,2924425,INR,NEW,381,MANUAL,partner,2026-07-06
A0004575,C001150,SME,4458467,USD,DECLINED,380,MANUAL,partner,2026-05-01
A0004576,C000408,SME,181252,INR,DISBURSED,822,MANUAL,partner,2026-01-19
A0004577,C003218,SME,1585346,INR,DISBURSED,619,MODEL_V1,branch,2026-01-02
A0004578,C000536,HOME,3763615,USD,NEW,895,RULE,partner,2026-02-17
A0004579,C002537,AUTO,768416,INR,DISBURSED,746,MANUAL,mobile,2026-06-06
A0004580,C002779,SME,4362978,INR,NEW,897,MODEL_V1,mobile,2026-04-26
A0004581,C002029,SME,833403,INR,DISBURSED,323,MANUAL,web,2026-09-01
A0004582,C002023,PERSONAL,4000905,INR,UNDER_REVIEW,376,MODEL_V2,partner,2026-06-03
A0004583,C002054,SME,1914379,USD,APPROVED,609,MODEL_V1,branch,2026-03-17
A0004584,C002550,AUTO,894911,INR,DECLINED,623,RULE,partner,2026-05-10
A0004585,C003304,SME,4721518,INR,NEW,831,RULE,web,2026-01-21
A0004586,C001968,AUTO,910702,INR,NEW,492,RULE,web,2026-04-18
A0004587,C002343,PERSONAL,1056014,INR,DECLINED,764,MANUAL,web,2026-09-28
A0004588,C002939,HOME,1638848,INR,DISBURSED,564,RULE,mobile,2026-08-12
A0004589,C001908,PERSONAL,4077823,INR,DISBURSED,426,RULE,branch,2026-01-14
A0004590,C002408,AUTO,4285665,INR,DISBURSED,580,MANUAL,branch,2026-05-03
A0004591,C000537,HOME,4321674,INR,NEW,569,MODEL_V1,mobile,2026-01-11
A0004592,C000218,AUTO,843801,INR,DECLINED,580,MODEL_V2,mobile,2026-09-22
A0004593,C001385,PERSONAL,4089803,INR,UNDER_REVIEW,899,MODEL_V1,branch,2026-09-03
A0004594,C002391,AUTO,4742518,INR,DISBURSED,711,RULE,branch,2026-06-05
A0004595,C000803,AUTO,2910132,INR,NEW,756,MODEL_V1,mobile,2026-03-01
A0004596,C001652,SME,2073072,INR,DECLINED,395,MODEL_V2,partner,2026-02-08
A0004597,C002819,AUTO,1841612,USD,APPROVED,828,RULE,branch,2026-02-25
A0004598,C001527,PERSONAL,4500590,INR,DISBURSED,356,MODEL_V1,branch,2026-04-24
A0004599,C000197,AUTO,4631547,USD,UNDER_REVIEW,860,MANUAL,partner,2026-07-06
A0004600,C000029,SME,4230648,USD,DISBURSED,372,MODEL_V2,partner,2026-02-27
A0004601,C001016,HOME,4385332,INR,NEW,724,,mobile,2026-01-08
A0004602,C000353,SME,1184344,INR,DISBURSED,681,MODEL_V2,branch,2026-03-18
A0004603,C002284,PERSONAL,1343189,INR,DISBURSED,632,RULE,web,2026-04-02
A0004604,C000253,HOME,2584233,USD,DECLINED,496,MANUAL,mobile,2026-04-03
A0004605,C003200,AUTO,4457069,USD,APPROVED,760,MODEL_V2,web,2026-09-06
A0004606,C002289,PERSONAL,3022366,INR,NEW,422,RULE,branch,2026-06-08
A0004607,C001210,SME,4530797,INR,DISBURSED,621,RULE,mobile,2026-09-18
A0004608,C000379,PERSONAL,4795450,USD,NEW,348,MODEL_V1,mobile,2026-05-10
A0004609,C000337,PERSONAL,1345327,INR,DISBURSED,359,MODEL_V1,mobile,2026-04-03
A0004610,C000089,HOME,2373809,USD,APPROVED,497,MODEL_V1,mobile,2026-07-03
A0004611,C000009,SME,961284,INR,NEW,595,RULE,partner,2026-08-28
A0004612,C000325,HOME,2054133,INR,DISBURSED,806,MODEL_V2,mobile,2026-03-11
A0004613,C002520,HOME,163143,INR,DISBURSED,886,MODEL_V1,branch,2026-04-15
A0004614,C002515,SME,2478213,INR,APPROVED,350,MANUAL,branch,2026-04-27
A0004615,C003439,AUTO,4201531,INR,DECLINED,388,RULE,mobile,2026-03-09
A0004616,C000818,PERSONAL,4441587,INR,DISBURSED,853,,mobile,2026-05-10
A0004617,C001486,PERSONAL,4361720,INR,APPROVED,415,RULE,partner,2026-05-02
A0004618,C003038,PERSONAL,2613502,INR,NEW,616,MODEL_V1,branch,2026-03-13
A0004619,C000691,AUTO,3619331,INR,DISBURSED,888,RULE,web,2026-04-05
A0004620,C000148,PERSONAL,1625260,INR,DISBURSED,674,RULE,partner,2026-03-05
A0004621,C001363,PERSONAL,3850604,INR,DECLINED,504,MANUAL,mobile,2026-01-08
A0004622,C001578,AUTO,711818,INR,NEW,773,MODEL_V2,branch,2026-07-27
A0004623,C001192,AUTO,395209,INR,DECLINED,632,MODEL_V2,web,2026-06-07
A0004624,C000285,HOME,1652879,INR,DECLINED,507,MANUAL,branch,2026-08-01
A0004625,C003359,PERSONAL,3422589,USD,NEW,873,MANUAL,mobile,2026-03-08
A0004626,C002681,AUTO,422059,INR,DECLINED,496,MODEL_V2,web,2026-02-08
A0004627,C002461,AUTO,3245782,INR,UNDER_REVIEW,633,MODEL_V2,web,2026-08-23
A0004628,C000693,PERSONAL,4568578,USD,DISBURSED,533,MODEL_V2,partner,2026-05-12
A0004629,C002771,PERSONAL,4823170,INR,DECLINED,822,MANUAL,partner,2026-01-25
A0004630,C000006,SME,3824761,INR,DISBURSED,841,MODEL_V2,partner,2026-09-16
A0004631,C003439,AUTO,3533301,INR,NEW,561,MODEL_V2,partner,2026-02-19
A0004632,C002607,PERSONAL,91909,INR,DECLINED,428,MANUAL,branch,2026-01-04
A0004633,C001818,HOME,3709562,INR,DECLINED,614,MODEL_V1,web,2026-02-19
A0004634,C000922,HOME,4073752,INR,DECLINED,385,MODEL_V1,mobile,2026-06-02
A0004635,C001498,SME,2962115,USD,UNDER_REVIEW,878,MODEL_V1,branch,2026-09-19
A0004636,C002739,PERSONAL,2411902,USD,APPROVED,546,MODEL_V2,web,2026-08-28
A0004637,C001324,PERSONAL,394053,INR,UNDER_REVIEW,458,MODEL_V1,web,2026-06-21
A0004638,C001631,HOME,1068082,INR,APPROVED,408,MANUAL,partner,2026-09-03
A0004639,C002367,PERSONAL,4031401,INR,DECLINED,555,MODEL_V1,mobile,2026-09-19
A0004640,C000565,AUTO,1279846,INR,DISBURSED,668,MODEL_V1,branch,2026-05-27
A0004641,C002550,SME,596471,INR,DISBURSED,328,MANUAL,mobile,2026-06-11
A0004642,C001260,PERSONAL,2376305,INR,NEW,529,MANUAL,branch,2026-01-02
A0004643,C001049,PERSONAL,3947155,INR,NEW,301,MODEL_V1,web,2026-08-10
A0004644,C003491,SME,3845104,USD,NEW,830,MODEL_V1,mobile,2026-06-09
A0004645,C000235,SME,646593,USD,UNDER_REVIEW,811,MODEL_V2,branch,2026-06-17
A0004646,C001146,SME,4188855,INR,DECLINED,574,MANUAL,partner,2026-07-25
A0004647,C002731,PERSONAL,2713299,INR,DISBURSED,554,MODEL_V1,mobile,2026-09-14
A0004648,C000868,HOME,645179,INR,NEW,797,RULE,web,2026-08-08
A0004649,C003277,SME,3603589,INR,DECLINED,776,MODEL_V1,branch,2026-07-28
A0004650,C002060,HOME,2772602,INR,UNDER_REVIEW,442,RULE,partner,2026-08-01
A0004651,C001249,PERSONAL,179364,USD,APPROVED,623,MANUAL,partner,2026-03-15
A0004652,C000474,AUTO,2494599,USD,UNDER_REVIEW,472,MODEL_V2,partner,2026-09-12
A0004653,C001425,AUTO,3333177,INR,APPROVED,525,MODEL_V1,web,2026-03-07
A0004654,C003422,AUTO,4123787,INR,UNDER_REVIEW,572,MODEL_V1,branch,2026-05-16
A0004655,C001516,SME,2620837,INR,DECLINED,387,MODEL_V2,partner,2026-01-25
A0004656,C003143,PERSONAL,1971875,INR,DECLINED,638,MODEL_V1,branch,2026-01-09
A0004657,C001619,PERSONAL,4796263,INR,APPROVED,403,MODEL_V1,branch,2026-01-19
A0004658,C000411,AUTO,4516154,INR,NEW,363,MANUAL,branch,2026-05-06
A0004659,C003039,PERSONAL,1822882,INR,DECLINED,880,RULE,mobile,2026-05-20
A0004660,C002456,SME,2761691,INR,APPROVED,853,MANUAL,partner,2026-06-24
A0004661,C002611,AUTO,78352,INR,DECLINED,300,MODEL_V1,web,2026-01-12
A0004662,C001874,HOME,2009989,INR,NEW,305,MODEL_V1,branch,2026-06-21
A0004663,C001479,AUTO,4690036,INR,DECLINED,569,MODEL_V1,mobile,2026-09-15
A0004664,C000871,AUTO,4470819,INR,DISBURSED,615,RULE,web,2026-08-06
A0004665,C002054,HOME,4954701,INR,DECLINED,814,RULE,partner,2026-09-10
A0004666,C000983,AUTO,4145914,INR,DECLINED,776,MANUAL,partner,2026-07-17
A0004667,C000281,AUTO,2611957,INR,UNDER_REVIEW,338,RULE,branch,2026-06-20
A0004668,C001235,PERSONAL,1319372,INR,DISBURSED,368,MODEL_V1,partner,2026-09-28
A0004669,C001806,HOME,3861824,INR,APPROVED,509,MODEL_V1,partner,2026-07-07
A0004670,C001626,HOME,924721,INR,APPROVED,507,MANUAL,mobile,2026-05-20
A0004671,C001858,SME,2415752,INR,UNDER_REVIEW,472,MODEL_V1,mobile,2026-05-25
A0004672,C000458,AUTO,78110,INR,DECLINED,660,MODEL_V1,branch,2026-09-12
A0004673,C001886,PERSONAL,4532201,INR,DECLINED,380,MODEL_V1,branch,2026-02-15
A0004674,C001027,HOME,2247085,INR,UNDER_REVIEW,879,RULE,mobile,2026-06-17
A0004675,C001134,PERSONAL,2985932,INR,UNDER_REVIEW,851,MODEL_V2,web,2026-09-01
A0004676,C000953,SME,59274,USD,DECLINED,390,MANUAL,web,2026-04-01
A0004677,C003339,SME,4498658,INR,DISBURSED,749,MODEL_V2,web,2026-08-08
A0004678,C001069,HOME,4198642,USD,DISBURSED,889,MODEL_V2,web,2026-05-02
A0004679,C001078,PERSONAL,2948641,INR,DISBURSED,624,RULE,branch,2026-01-21
A0004680,C000051,PERSONAL,3614556,INR,DECLINED,759,MODEL_V1,web,2026-03-09
A0004681,C002239,AUTO,2792660,INR,APPROVED,651,,branch,2026-08-22
A0004682,C001854,HOME,1385776,INR,NEW,676,MODEL_V2,web,2026-08-11
A0004683,C001927,SME,1346552,USD,APPROVED,527,MODEL_V2,partner,2026-07-17
A0004684,C001247,SME,258593,USD,DECLINED,843,RULE,web,2026-05-03
A0004685,C000725,AUTO,2993351,INR,DECLINED,895,MANUAL,mobile,2026-06-08
A0004686,C002904,PERSONAL,3378034,INR,NEW,489,MODEL_V2,partner,2026-09-17
A0004687,C002809,AUTO,743549,INR,DISBURSED,654,MODEL_V2,partner,2026-05-04
A0004688,C001457,SME,2420082,USD,UNDER_REVIEW,833,MODEL_V2,mobile,2026-09-25
A0004689,C002797,PERSONAL,3753999,INR,UNDER_REVIEW,576,MANUAL,web,2026-01-09
A0004690,C001630,PERSONAL,4887209,INR,APPROVED,544,MODEL_V2,mobile,2026-03-19
A0004691,C002305,AUTO,1665927,INR,UNDER_REVIEW,380,MODEL_V1,partner,2026-03-21
A0004692,C002823,HOME,1202383,INR,UNDER_REVIEW,768,MODEL_V1,mobile,2026-01-27
A0004693,C001401,AUTO,3454329,INR,APPROVED,572,MANUAL,branch,2026-02-02
A0004694,C000334,AUTO,3166123,INR,APPROVED,678,MODEL_V2,web,2026-09-04
A0004695,C000647,PERSONAL,1029223,USD,UNDER_REVIEW,585,MODEL_V1,web,2026-08-18
A0004696,C000004,HOME,359994,INR,UNDER_REVIEW,796,,web,2026-05-26
A0004697,C000916,HOME,187470,INR,DECLINED,735,RULE,branch,2026-08-23
A0004698,C002125,AUTO,2936657,INR,UNDER_REVIEW,513,MODEL_V2,branch,2026-07-04
A0004699,C002463,HOME,4871259,USD,NEW,580,MANUAL,mobile,2026-06-12
A0004700,C001064,AUTO,3821389,INR,DISBURSED,677,RULE,partner,2026-01-08
A0004701,C002262,SME,4366359,INR,APPROVED,488,MODEL_V1,mobile,2026-07-27
A0004702,C002688,SME,3476595,USD,DISBURSED,303,MODEL_V2,branch,2026-07-04
A0004703,C002245,HOME,2576304,USD,UNDER_REVIEW,433,MODEL_V1,partner,2026-06-28
A0004704,C001960,SME,3735654,USD,APPROVED,318,MODEL_V1,mobile,2026-06-21
A0004705,C002024,AUTO,1379230,INR,DISBURSED,756,RULE,partner,2026-04-26
A0004706,C002803,SME,4687281,INR,APPROVED,737,,branch,2026-04-10
A0004707,C003153,PERSONAL,4215830,INR,DISBURSED,729,MANUAL,web,2026-06-09
A0004708,C000781,PERSONAL,1500237,INR,DISBURSED,498,RULE,mobile,2026-08-07
A0004709,C000820,PERSONAL,1310562,INR,APPROVED,518,RULE,mobile,2026-06-18
A0004710,C000736,AUTO,2305452,INR,DISBURSED,387,MODEL_V2,partner,2026-01-25
A0004711,C001208,HOME,4457285,INR,UNDER_REVIEW,796,RULE,web,2026-03-12
A0004712,C003255,AUTO,2081474,INR,DISBURSED,666,MODEL_V2,mobile,2026-06-21
A0004713,C002752,PERSONAL,4534847,INR,DISBURSED,485,MANUAL,web,2026-02-06
A0004714,C001509,SME,2143142,USD,APPROVED,621,RULE,partner,2026-03-15
A0004715,C000391,PERSONAL,828477,INR,DISBURSED,418,MODEL_V1,partner,2026-01-22
A0004716,C001308,HOME,392540,INR,DISBURSED,877,MANUAL,mobile,2026-04-03
A0004717,C001935,PERSONAL,1136058,INR,APPROVED,417,RULE,mobile,2026-03-21
A0004718,C002451,PERSONAL,4791182,INR,UNDER_REVIEW,772,RULE,web,2026-04-06
A0004719,C002410,AUTO,3610416,INR,DISBURSED,613,MANUAL,partner,2026-02-18
A0004720,C001788,PERSONAL,3205348,INR,DISBURSED,832,RULE,mobile,2026-05-25
A0004721,C003170,PERSONAL,4898304,INR,UNDER_REVIEW,530,MANUAL,web,2026-03-28
A0004722,C002572,PERSONAL,399370,INR,DECLINED,694,MANUAL,mobile,2026-09-06
A0004723,C001819,HOME,2535202,USD,UNDER_REVIEW,424,MODEL_V1,partner,2026-08-05
A0004724,C003286,AUTO,2035034,USD,NEW,525,RULE,mobile,2026-04-04
A0004725,C003269,HOME,2079310,INR,NEW,340,MODEL_V1,partner,2026-05-01
A0004726,C000270,HOME,2597430,INR,DECLINED,675,,mobile,2026-05-10
A0004727,C002913,AUTO,1986043,INR,APPROVED,820,MODEL_V2,branch,2026-05-03
A0004728,C001880,SME,2665171,INR,NEW,589,MANUAL,branch,2026-02-19
A0004729,C002033,PERSONAL,1774100,USD,DECLINED,507,MODEL_V1,web,2026-01-16
A0004730,C001337,PERSONAL,2850935,INR,NEW,575,RULE,web,2026-09-20
A0004731,C000686,PERSONAL,1230780,INR,DISBURSED,657,MODEL_V1,mobile,2026-04-05
A0004732,C002491,HOME,3173264,USD,NEW,594,MODEL_V1,partner,2026-01-14
A0004733,C002093,HOME,4459151,INR,APPROVED,700,RULE,web,2026-04-26
A0004734,C000163,SME,4471464,INR,APPROVED,553,MANUAL,branch,2026-06-24
A0004735,C001894,HOME,80133,INR,DISBURSED,397,RULE,web,2026-09-16
A0004736,C001680,HOME,1698555,USD,DECLINED,351,,partner,2026-06-06
A0004737,C001414,HOME,4799947,USD,UNDER_REVIEW,865,RULE,partner,2026-04-04
A0004738,C002380,HOME,2158008,INR,NEW,841,MODEL_V2,branch,2026-06-16
A0004739,C003150,PERSONAL,2092818,INR,NEW,489,MANUAL,partner,2026-03-19
A0004740,C003444,PERSONAL,1923069,USD,UNDER_REVIEW,367,RULE,web,2026-05-10
A0004741,C003450,PERSONAL,110333,INR,APPROVED,510,MODEL_V2,branch,2026-07-01
A0004742,C002255,AUTO,133596,INR,DISBURSED,411,MODEL_V2,mobile,2026-04-06
A0004743,C001640,HOME,3715411,USD,DISBURSED,382,MODEL_V2,partner,2026-02-23
A0004744,C002294,AUTO,2747549,INR,DECLINED,725,RULE,branch,2026-02-06
A0004745,C001710,SME,2582865,INR,NEW,606,MANUAL,web,2026-03-26
A0004746,C001913,PERSONAL,4855286,USD,APPROVED,737,MODEL_V1,web,2026-06-04
A0004747,C000280,PERSONAL,1001696,INR,DECLINED,494,MANUAL,web,2026-06-02
A0004748,C002333,AUTO,1541206,INR,APPROVED,507,MODEL_V1,web,2026-06-14
A0004749,C002842,HOME,1018539,INR,DECLINED,422,MODEL_V1,mobile,2026-02-13
A0004750,C001232,SME,2618964,INR,DECLINED,353,MODEL_V2,mobile,2026-09-09
A0004751,C001860,HOME,1604811,USD,APPROVED,852,MODEL_V1,mobile,2026-06-24
A0004752,C002281,HOME,3698989,INR,NEW,593,RULE,branch,2026-04-23
A0004753,C002902,HOME,161993,INR,DECLINED,881,RULE,branch,2026-03-12
A0004754,C000069,HOME,4066799,INR,DISBURSED,573,MODEL_V1,web,2026-05-20
A0004755,C000768,AUTO,1157211,INR,DISBURSED,541,RULE,partner,2026-07-21
A0004756,C001701,SME,551447,INR,NEW,532,MODEL_V1,partner,2026-02-09
A0004757,C002374,HOME,4909684,INR,DISBURSED,869,MODEL_V1,mobile,2026-07-08
A0004758,C002065,PERSONAL,4592551,INR,DECLINED,728,MODEL_V1,partner,2026-05-10
A0004759,C001436,SME,1322723,INR,APPROVED,744,MODEL_V2,web,2026-03-04
A0004760,C002219,HOME,1693981,USD,DISBURSED,330,MANUAL,branch,2026-06-05
A0004761,C001166,HOME,2932762,INR,DECLINED,515,MANUAL,web,2026-08-04
A0004762,C003166,AUTO,1197809,INR,APPROVED,383,RULE,partner,2026-08-06
A0004763,C000821,AUTO,3519367,INR,UNDER_REVIEW,502,RULE,branch,2026-05-25
A0004764,C002631,AUTO,981869,USD,DECLINED,424,MODEL_V1,branch,2026-07-11
A0004765,C003169,HOME,3200726,INR,DECLINED,499,MODEL_V2,branch,2026-05-23
A0004766,C001709,SME,4583923,USD,DECLINED,350,,branch,2026-05-13
A0004767,C001262,PERSONAL,3519321,INR,DECLINED,448,MODEL_V2,branch,2026-01-03
A0004768,C003136,HOME,2252780,INR,UNDER_REVIEW,342,RULE,mobile,2026-03-28
A0004769,C002275,HOME,1910975,INR,DECLINED,555,MODEL_V2,web,2026-04-10
A0004770,C002389,SME,3431835,INR,APPROVED,544,MANUAL,web,2026-08-07
A0004771,C002997,PERSONAL,801263,USD,UNDER_REVIEW,554,MODEL_V2,web,2026-02-16
A0004772,C001898,PERSONAL,3946771,INR,NEW,682,MODEL_V2,partner,2026-01-26
A0004773,C002360,AUTO,2355741,INR,APPROVED,423,RULE,partner,2026-01-05
A0004774,C002448,AUTO,3629999,INR,DISBURSED,341,MODEL_V1,partner,2026-09-08
A0004775,C000346,PERSONAL,4694683,INR,UNDER_REVIEW,429,MODEL_V1,web,2026-03-18
A0004776,C002722,HOME,2251040,INR,UNDER_REVIEW,583,MODEL_V2,mobile,2026-01-18
A0004777,C000097,PERSONAL,2679334,INR,DECLINED,888,MODEL_V2,branch,2026-03-03
A0004778,C002334,PERSONAL,4736174,USD,DISBURSED,805,MODEL_V1,web,2026-05-14
A0004779,C001264,HOME,1984252,INR,DECLINED,508,MODEL_V1,mobile,2026-08-07
A0004780,C001647,PERSONAL,53644,INR,UNDER_REVIEW,888,MANUAL,partner,2026-07-01
A0004781,C002891,HOME,696656,INR,DISBURSED,792,MODEL_V1,mobile,2026-06-07
A0004782,C002315,AUTO,4430160,USD,DISBURSED,720,RULE,branch,2026-08-07
A0004783,C002040,PERSONAL,2136489,INR,DECLINED,677,MODEL_V1,web,2026-03-23
A0004784,C001239,PERSONAL,1723027,INR,NEW,825,MODEL_V2,partner,2026-01-27
A0004785,C003054,HOME,3663152,INR,NEW,693,MODEL_V2,mobile,2026-05-13
A0004786,C002208,PERSONAL,140372,USD,UNDER_REVIEW,701,,mobile,2026-06-19
A0004787,C001381,PERSONAL,4978569,USD,APPROVED,562,MANUAL,branch,2026-02-07
A0004788,C000229,HOME,2494114,USD,APPROVED,377,MODEL_V1,mobile,2026-04-26
A0004789,C000673,AUTO,1262511,INR,NEW,563,RULE,web,2026-01-12
A0004790,C002213,AUTO,1829624,USD,UNDER_REVIEW,668,MODEL_V1,web,2026-05-15
A0004791,C000404,PERSONAL,1495741,INR,DECLINED,472,MODEL_V2,partner,2026-06-22
A0004792,C001254,PERSONAL,2956917,INR,UNDER_REVIEW,838,MODEL_V2,branch,2026-03-08
A0004793,C002356,HOME,1883884,INR,DISBURSED,512,MODEL_V1,partner,2026-04-27
A0004794,C002096,SME,3560563,INR,APPROVED,719,MODEL_V1,branch,2026-05-18
A0004795,C000326,AUTO,1268729,USD,NEW,714,MANUAL,partner,2026-03-01
A0004796,C000859,AUTO,3884249,INR,DECLINED,550,,mobile,2026-02-17
A0004797,C000659,AUTO,205289,INR,DECLINED,631,MANUAL,partner,2026-02-05
A0004798,C003421,HOME,754042,INR,NEW,501,RULE,partner,2026-01-28
A0004799,C000038,SME,3599369,INR,UNDER_REVIEW,607,RULE,branch,2026-08-20
A0004800,C000460,HOME,4141314,INR,UNDER_REVIEW,820,MODEL_V1,mobile,2026-04-13
A0004801,C002561,HOME,2229401,INR,NEW,694,,branch,2026-03-15
A0004802,C003346,AUTO,3569119,INR,DECLINED,710,RULE,branch,2026-03-23
A0004803,C002712,PERSONAL,377328,INR,APPROVED,807,MANUAL,branch,2026-02-16
A0004804,C000904,HOME,53242,INR,APPROVED,336,MODEL_V1,mobile,2026-08-14
A0004805,C001602,AUTO,1373021,INR,UNDER_REVIEW,806,MODEL_V2,web,2026-01-13
A0004806,C003332,HOME,3509456,INR,NEW,599,MANUAL,partner,2026-03-28
A0004807,C001761,SME,2987024,INR,APPROVED,869,RULE,web,2026-01-27
A0004808,C000909,HOME,476374,INR,APPROVED,835,MANUAL,partner,2026-03-01
A0004809,C000011,HOME,1084459,USD,NEW,674,MODEL_V2,partner,2026-04-17
A0004810,C001672,PERSONAL,165417,INR,UNDER_REVIEW,839,MODEL_V2,branch,2026-04-13
A0004811,C000673,PERSONAL,3416781,USD,DISBURSED,471,,mobile,2026-08-05
A0004812,C002706,AUTO,2284471,INR,NEW,599,MODEL_V2,branch,2026-03-20
A0004813,C003447,SME,803772,INR,UNDER_REVIEW,565,MODEL_V2,partner,2026-03-09
A0004814,C002109,PERSONAL,571420,USD,DECLINED,663,MODEL_V2,web,2026-07-18
A0004815,C003260,AUTO,2774250,INR,UNDER_REVIEW,357,RULE,mobile,2026-08-27
A0004816,C001336,PERSONAL,2665833,INR,APPROVED,490,MANUAL,branch,2026-07-03
A0004817,C003049,AUTO,495965,INR,APPROVED,713,MANUAL,web,2026-08-06
A0004818,C001630,PERSONAL,4916988,INR,NEW,549,MANUAL,branch,2026-05-13
A0004819,C001742,SME,4855425,INR,DECLINED,534,MODEL_V2,mobile,2026-06-23
A0004820,C000894,AUTO,3682355,USD,DECLINED,718,MANUAL,branch,2026-09-21
A0004821,C002147,PERSONAL,213012,INR,APPROVED,387,RULE,branch,2026-09-15
A0004822,C001667,AUTO,2647530,INR,DECLINED,839,RULE,web,2026-05-19
A0004823,C001722,HOME,1412626,INR,APPROVED,584,MODEL_V1,partner,2026-08-22
A0004824,C003325,SME,4854680,INR,APPROVED,742,MANUAL,partner,2026-01-05
A0004825,C002477,AUTO,1403102,INR,APPROVED,696,MODEL_V2,web,2026-06-18
A0004826,C003033,PERSONAL,4384992,INR,UNDER_REVIEW,383,MANUAL,web,2026-03-02
A0004827,C002064,HOME,2649651,INR,UNDER_REVIEW,770,RULE,web,2026-01-19
A0004828,C002638,AUTO,3091210,INR,DECLINED,733,RULE,mobile,2026-05-17
A0004829,C002290,HOME,3025406,INR,UNDER_REVIEW,710,RULE,branch,2026-04-22
A0004830,C002751,PERSONAL,4793456,INR,APPROVED,311,MANUAL,mobile,2026-04-09
A0004831,C000947,SME,4210397,INR,DISBURSED,380,RULE,partner,2026-08-07
A0004832,C001129,AUTO,4839203,USD,APPROVED,670,MANUAL,partner,2026-09-07
A0004833,C002328,PERSONAL,1886355,USD,NEW,324,RULE,mobile,2026-01-09
A0004834,C003091,SME,3389301,INR,DECLINED,422,MODEL_V2,branch,2026-04-17
A0004835,C003231,AUTO,3748831,INR,APPROVED,356,MANUAL,mobile,2026-02-22
A0004836,C001843,SME,1588961,USD,DISBURSED,774,RULE,partner,2026-02-10
A0004837,C002270,PERSONAL,730629,INR,APPROVED,368,MODEL_V2,partner,2026-01-28
A0004838,C000520,HOME,2625761,INR,NEW,425,MANUAL,web,2026-09-15
A0004839,C002215,HOME,3571184,INR,APPROVED,777,MODEL_V1,branch,2026-03-09
A0004840,C000440,HOME,433021,INR,DECLINED,734,MANUAL,partner,2026-04-25
A0004841,C003020,SME,3933728,USD,APPROVED,327,RULE,mobile,2026-03-09
A0004842,C001857,AUTO,2460790,USD,APPROVED,342,RULE,partner,2026-04-02
A0004843,C000587,SME,3044029,INR,DECLINED,499,MODEL_V1,branch,2026-06-06
A0004844,C000267,SME,1267188,INR,DECLINED,837,MANUAL,branch,2026-01-25
A0004845,C003224,HOME,775021,INR,NEW,416,MODEL_V2,web,2026-02-12
A0004846,C001971,PERSONAL,1767845,INR,DECLINED,762,MODEL_V2,web,2026-05-26
A0004847,C000175,PERSONAL,1754567,INR,DECLINED,592,MODEL_V2,web,2026-07-28
A0004848,C000121,HOME,4511211,INR,DECLINED,877,MANUAL,branch,2026-02-26
A0004849,C000631,AUTO,4729145,INR,APPROVED,833,RULE,branch,2026-06-13
A0004850,C001749,PERSONAL,1802854,USD,APPROVED,513,MODEL_V2,branch,2026-04-07
A0004851,C002444,AUTO,3918295,INR,DECLINED,732,,mobile,2026-09-06
A0004852,C001461,PERSONAL,4530287,INR,NEW,532,MANUAL,web,2026-07-28
A0004853,C001518,AUTO,1760502,INR,DECLINED,781,MODEL_V2,branch,2026-08-09
A0004854,C001456,AUTO,2619778,USD,DECLINED,747,MODEL_V2,partner,2026-09-09
A0004855,C003130,PERSONAL,4133035,USD,NEW,791,MODEL_V2,mobile,2026-02-16
A0004856,C001898,SME,3789139,USD,UNDER_REVIEW,739,MANUAL,mobile,2026-09-03
A0004857,C001781,AUTO,800490,INR,APPROVED,776,MODEL_V1,web,2026-08-16
A0004858,C000462,HOME,2421002,INR,DISBURSED,841,MODEL_V1,partner,2026-09-08
A0004859,C002217,AUTO,1301525,INR,APPROVED,626,MANUAL,branch,2026-01-11
A0004860,C001769,SME,3860806,INR,APPROVED,571,MODEL_V1,branch,2026-07-14
A0004861,C001657,SME,2415182,INR,DISBURSED,626,MODEL_V2,branch,2026-02-15
A0004862,C000171,AUTO,341672,USD,APPROVED,400,MANUAL,web,2026-06-24
A0004863,C002411,SME,4157351,INR,UNDER_REVIEW,802,MODEL_V1,partner,2026-01-07
A0004864,C000168,AUTO,1633854,INR,NEW,328,MODEL_V1,web,2026-05-15
A0004865,C001652,HOME,1731871,INR,APPROVED,514,MODEL_V1,branch,2026-01-27
A0004866,C001084,PERSONAL,1054228,INR,DECLINED,756,MANUAL,web,2026-09-18
A0004867,C001508,AUTO,2777046,INR,APPROVED,740,RULE,mobile,2026-04-12
A0004868,C002721,AUTO,1460073,INR,APPROVED,510,MODEL_V2,mobile,2026-05-09
A0004869,C000657,SME,707243,USD,NEW,745,MODEL_V2,branch,2026-09-20
A0004870,C000605,PERSONAL,724943,INR,DECLINED,718,MANUAL,mobile,2026-01-01
A0004871,C000518,PERSONAL,1689159,INR,DISBURSED,682,,partner,2026-01-16
A0004872,C003018,HOME,2980432,USD,DISBURSED,447,MODEL_V1,mobile,2026-07-13
A0004873,C000027,AUTO,2144234,INR,NEW,624,RULE,mobile,2026-02-24
A0004874,C001871,SME,126550,INR,DECLINED,367,MODEL_V2,partner,2026-04-22
A0004875,C002999,AUTO,4923381,INR,NEW,841,MODEL_V1,mobile,2026-09-17
A0004876,C001269,AUTO,2510867,INR,DECLINED,679,,mobile,2026-02-23
A0004877,C000180,PERSONAL,4906807,INR,DISBURSED,877,MODEL_V1,branch,2026-03-16
A0004878,C002675,HOME,4080589,INR,NEW,643,MODEL_V1,partner,2026-01-08
A0004879,C001216,PERSONAL,3889368,USD,NEW,541,MODEL_V2,branch,2026-05-19
A0004880,C000103,SME,3707747,USD,DECLINED,771,RULE,web,2026-07-20
A0004881,C000261,SME,3576233,INR,DECLINED,522,MANUAL,web,2026-01-15
A0004882,C000070,AUTO,2279468,USD,APPROVED,795,RULE,branch,2026-01-17
A0004883,C000349,PERSONAL,1439919,INR,NEW,498,MODEL_V1,partner,2026-07-12
A0004884,C000353,AUTO,2038836,INR,APPROVED,538,MODEL_V1,branch,2026-04-02
A0004885,C001424,HOME,4942463,INR,APPROVED,492,MANUAL,branch,2026-09-08
A0004886,C000910,SME,3565475,INR,NEW,858,RULE,branch,2026-01-19
A0004887,C001762,SME,2601808,INR,DECLINED,369,MANUAL,mobile,2026-04-24
A0004888,C002240,HOME,2989694,INR,DISBURSED,618,MANUAL,web,2026-08-05
A0004889,C001220,HOME,1018477,INR,NEW,377,MANUAL,partner,2026-03-14
A0004890,C000829,AUTO,1271781,USD,DECLINED,431,RULE,web,2026-05-18
A0004891,C000280,HOME,4323877,USD,UNDER_REVIEW,322,MANUAL,partner,2026-03-14
A0004892,C001726,PERSONAL,2376202,INR,APPROVED,862,MODEL_V2,mobile,2026-01-13
A0004893,C002506,HOME,1437525,INR,NEW,675,MODEL_V1,mobile,2026-01-27
A0004894,C000721,PERSONAL,1083312,INR,UNDER_REVIEW,804,RULE,mobile,2026-04-09
A0004895,C000679,PERSONAL,4586411,INR,DECLINED,719,MODEL_V1,branch,2026-07-17
A0004896,C000153,AUTO,4190733,INR,NEW,361,MODEL_V1,partner,2026-03-01
A0004897,C001922,HOME,1168784,INR,UNDER_REVIEW,811,MODEL_V1,web,2026-02-14
A0004898,C002775,PERSONAL,2939481,INR,UNDER_REVIEW,841,MODEL_V2,branch,2026-08-18
A0004899,C002189,HOME,2644118,INR,UNDER_REVIEW,660,MANUAL,mobile,2026-02-09
A0004900,C003008,AUTO,1723782,INR,NEW,642,MODEL_V1,mobile,2026-08-04
A0004901,C000837,AUTO,3721206,INR,UNDER_REVIEW,344,MODEL_V2,mobile,2026-02-26
A0004902,C001213,PERSONAL,1941669,INR,UNDER_REVIEW,837,MANUAL,partner,2026-05-23
A0004903,C002071,HOME,484472,INR,NEW,702,MODEL_V1,partner,2026-03-20
A0004904,C001432,AUTO,2402626,USD,DECLINED,419,MODEL_V2,mobile,2026-08-28
A0004905,C000379,PERSONAL,4924222,INR,DECLINED,417,MANUAL,partner,2026-01-07
A0004906,C000814,PERSONAL,4935068,INR,NEW,454,RULE,partner,2026-08-13
A0004907,C000703,SME,4887377,INR,DECLINED,852,RULE,web,2026-01-26
A0004908,C000863,HOME,2390811,INR,APPROVED,747,MODEL_V2,mobile,2026-02-11
A0004909,C000700,AUTO,1910229,USD,NEW,759,RULE,mobile,2026-04-28
A0004910,C001490,AUTO,3538265,INR,UNDER_REVIEW,717,MODEL_V1,web,2026-01-11
A0004911,C000574,PERSONAL,1354548,INR,DECLINED,808,MANUAL,mobile,2026-07-01
A0004912,C001207,PERSONAL,4786852,INR,UNDER_REVIEW,338,MODEL_V2,partner,2026-09-12
A0004913,C000885,PERSONAL,3094557,INR,DECLINED,669,MODEL_V1,web,2026-04-28
A0004914,C001257,PERSONAL,629274,USD,DISBURSED,378,MANUAL,web,2026-08-26
A0004915,C000125,PERSONAL,2160829,USD,DISBURSED,456,MODEL_V2,branch,2026-07-02
A0004916,C001595,HOME,3354396,USD,DISBURSED,489,MANUAL,mobile,2026-09-14
A0004917,C001945,HOME,1252418,INR,NEW,565,MODEL_V1,mobile,2026-02-03
A0004918,C001912,AUTO,2313006,INR,DISBURSED,472,RULE,branch,2026-06-11
A0004919,C002647,PERSONAL,699135,INR,APPROVED,536,MODEL_V2,mobile,2026-04-15
A0004920,C000489,AUTO,795183,INR,UNDER_REVIEW,803,MODEL_V2,mobile,2026-03-05
A0004921,C002708,AUTO,3203383,INR,DISBURSED,887,,branch,2026-01-10
A0004922,C002888,SME,1682603,USD,UNDER_REVIEW,775,RULE,branch,2026-09-04
A0004923,C001233,HOME,1903076,INR,APPROVED,405,MODEL_V2,mobile,2026-06-10
A0004924,C003373,AUTO,2058261,INR,NEW,406,RULE,mobile,2026-01-08
A0004925,C001641,SME,3256236,USD,DECLINED,445,MODEL_V2,mobile,2026-05-04
A0004926,C003021,PERSONAL,1481978,USD,DECLINED,478,MODEL_V2,mobile,2026-05-21
A0004927,C002022,SME,3067185,INR,NEW,868,MODEL_V1,web,2026-09-02
A0004928,C001082,SME,4184574,INR,APPROVED,520,MANUAL,mobile,2026-04-17
A0004929,C002018,AUTO,2234766,INR,DISBURSED,459,MODEL_V1,web,2026-08-21
A0004930,C003271,SME,1740249,USD,DISBURSED,893,RULE,mobile,2026-04-24
A0004931,C000469,SME,345913,USD,DISBURSED,873,MANUAL,branch,2026-05-26
A0004932,C002022,HOME,3041124,INR,DISBURSED,885,MANUAL,web,2026-07-04
A0004933,C002594,HOME,1504706,USD,NEW,785,RULE,partner,2026-06-07
A0004934,C002844,PERSONAL,1833575,INR,NEW,611,MODEL_V2,mobile,2026-06-12
A0004935,C001368,HOME,1935204,INR,APPROVED,821,MODEL_V2,partner,2026-06-24
A0004936,C001927,AUTO,3796942,INR,UNDER_REVIEW,842,MODEL_V2,partner,2026-09-10
A0004937,C001956,SME,3374339,USD,DECLINED,384,MODEL_V2,branch,2026-03-17
A0004938,C000395,AUTO,4860380,INR,DECLINED,887,MODEL_V1,partner,2026-08-15
A0004939,C000443,HOME,2122275,USD,NEW,372,MANUAL,web,2026-07-13
A0004940,C002870,AUTO,914745,INR,NEW,855,MODEL_V1,mobile,2026-05-18
A0004941,C000164,SME,115187,INR,UNDER_REVIEW,707,,branch,2026-01-11
A0004942,C001268,AUTO,2794252,INR,DECLINED,655,RULE,partner,2026-06-15
A0004943,C003112,SME,4318373,INR,DISBURSED,672,MODEL_V1,mobile,2026-07-24
A0004944,C003197,AUTO,2595897,INR,DECLINED,447,RULE,partner,2026-08-14
A0004945,C002125,AUTO,3008796,INR,UNDER_REVIEW,383,MODEL_V2,partner,2026-07-13
A0004946,C001461,HOME,1792887,USD,APPROVED,872,MODEL_V1,branch,2026-02-01
A0004947,C001247,AUTO,4736952,INR,APPROVED,330,RULE,branch,2026-02-27
A0004948,C001533,SME,479060,USD,UNDER_REVIEW,892,MODEL_V2,partner,2026-04-06
A0004949,C003080,HOME,3095216,INR,APPROVED,525,MANUAL,branch,2026-03-25
A0004950,C001258,PERSONAL,253361,INR,APPROVED,849,MODEL_V2,web,2026-06-19
A0004951,C002432,PERSONAL,2332163,INR,DISBURSED,492,MODEL_V2,partner,2026-05-28
A0004952,C001545,HOME,3088992,INR,NEW,396,MODEL_V1,branch,2026-04-28
A0004953,C000862,AUTO,3451502,USD,DISBURSED,406,MODEL_V2,mobile,2026-06-04
A0004954,C001529,AUTO,2532375,INR,APPROVED,695,MODEL_V2,mobile,2026-01-21
A0004955,C001926,AUTO,4508649,INR,NEW,401,MODEL_V1,web,2026-08-06
A0004956,C000550,AUTO,1569758,USD,UNDER_REVIEW,443,MANUAL,partner,2026-03-01
A0004957,C002581,SME,4198751,INR,NEW,585,RULE,branch,2026-05-11
A0004958,C001529,AUTO,2747674,INR,APPROVED,684,MODEL_V2,branch,2026-01-10
A0004959,C000260,SME,518772,INR,UNDER_REVIEW,407,MODEL_V1,branch,2026-02-08
A0004960,C000434,AUTO,249359,INR,DISBURSED,635,MODEL_V1,partner,2026-07-20
A0004961,C000738,AUTO,1629029,INR,APPROVED,894,MODEL_V2,partner,2026-07-07
A0004962,C000476,SME,1084184,USD,DECLINED,549,MODEL_V1,branch,2026-06-03
A0004963,C001845,HOME,319797,USD,DECLINED,377,MANUAL,branch,2026-01-13
A0004964,C002973,AUTO,4535293,INR,APPROVED,681,MODEL_V1,branch,2026-08-09
A0004965,C002584,HOME,1009003,INR,APPROVED,385,MODEL_V1,partner,2026-01-09
A0004966,C003259,AUTO,1480116,USD,DECLINED,577,MODEL_V1,web,2026-09-11
A0004967,C000190,SME,4067902,USD,DECLINED,791,MODEL_V1,partner,2026-06-28
A0004968,C001689,HOME,210715,USD,APPROVED,403,MODEL_V1,web,2026-04-04
A0004969,C001721,AUTO,624255,INR,UNDER_REVIEW,790,MANUAL,mobile,2026-08-21
A0004970,C000887,PERSONAL,657797,INR,APPROVED,329,MODEL_V2,partner,2026-02-04
A0004971,C002429,PERSONAL,4682018,INR,NEW,762,,mobile,2026-01-06
A0004972,C003383,PERSONAL,2036915,USD,UNDER_REVIEW,744,MODEL_V2,web,2026-09-05
A0004973,C000184,SME,3879179,INR,NEW,598,RULE,branch,2026-05-25
A0004974,C002629,PERSONAL,3884306,INR,NEW,597,MODEL_V1,partner,2026-06-07
A0004975,C002214,PERSONAL,2885533,INR,APPROVED,371,RULE,branch,2026-01-25
A0004976,C002250,AUTO,1537069,INR,DISBURSED,765,MODEL_V1,partner,2026-07-11
A0004977,C001426,AUTO,878982,USD,DECLINED,341,MODEL_V2,branch,2026-08-15
A0004978,C000586,PERSONAL,1773117,INR,NEW,428,MODEL_V1,mobile,2026-04-28
A0004979,C000127,SME,1259937,USD,APPROVED,784,MANUAL,mobile,2026-05-28
A0004980,C002505,PERSONAL,4119626,INR,DISBURSED,840,MODEL_V2,partner,2026-06-24
A0004981,C000729,SME,4047251,INR,UNDER_REVIEW,745,MANUAL,web,2026-01-26
A0004982,C001231,SME,2273212,INR,NEW,768,MODEL_V2,branch,2026-03-01
A0004983,C001857,SME,3053008,USD,DISBURSED,684,MODEL_V1,web,2026-05-11
A0004984,C002477,SME,4900331,INR,DECLINED,515,MANUAL,web,2026-07-01
A0004985,C001206,PERSONAL,4703384,USD,DISBURSED,868,MODEL_V1,web,2026-05-01
A0004986,C002172,HOME,1019027,USD,NEW,379,RULE,mobile,2026-06-11
A0004987,C002559,PERSONAL,1080357,INR,DISBURSED,820,MODEL_V2,branch,2026-09-10
A0004988,C002327,HOME,705945,INR,DISBURSED,563,MANUAL,mobile,2026-08-21
A0004989,C001813,SME,2755134,INR,UNDER_REVIEW,623,MANUAL,branch,2026-07-10
A0004990,C000902,PERSONAL,2259019,INR,NEW,736,MODEL_V1,partner,2026-09-05
A0004991,C002736,HOME,353521,INR,DECLINED,335,,partner,2026-05-13
A0004992,C000141,SME,2284083,INR,DISBURSED,653,RULE,mobile,2026-05-27
A0004993,C002893,PERSONAL,4551861,USD,DECLINED,856,MODEL_V2,partner,2026-01-22
A0004994,C003434,SME,425694,INR,DISBURSED,323,MANUAL,web,2026-03-28
A0004995,C001661,SME,2109152,INR,APPROVED,410,MANUAL,branch,2026-09-02
A0004996,C002570,HOME,4885647,INR,DECLINED,801,,web,2026-01-09
A0004997,C001709,HOME,1614780,USD,DISBURSED,339,MODEL_V1,branch,2026-05-16
A0004998,C003194,HOME,3308518,INR,DISBURSED,435,RULE,branch,2026-06-15
A0004999,C000787,HOME,104587,INR,DECLINED,561,MANUAL,mobile,2026-08-22
A0005000,C003373,AUTO,4685658,INR,UNDER_REVIEW,332,MANUAL,partner,2026-04-18
