customer_id,first_name,full_name,city,segment,age,email,phone,risk_band,pep_flag
C000001,Rohan,Vikram Iyer,Mumbai,RETIRED,54,bad-email,,LOW,N
C000002,Ananya,Sara Nair,Kolkata,RETIRED,66,arjun.1@example.test,+918221676514,MEDIUM,Y
C000003,Vikram,Ishita Khan,Kolkata,SELF_EMPLOYED,39,kabir.2@example.test,+918575691572,MEDIUM,N
C000004,Nisha,Ananya Das,Ahmedabad,SME,21,rohan.3@example.test,+918334805960,MEDIUM,N
C000005,Vikram,Nisha Khan,Chennai,SME,37,nisha.4@example.test,+917581200336,LOW,Y
C000006,Aarav,Dev Patel,Mumbai,SME,58,vikram.5@example.test,+917292517478,LOW,N
C000007,Nisha,Rohan Khan,Kochi,SELF_EMPLOYED,38,ananya.6@example.test,+917010391836,MEDIUM,Y
C000008,Arjun,Ishita Sharma,Hyderabad,SME,43,aarav.7@example.test,+918188339774,UNKNOWN,N
C000009,Ishita,Rohan Nair,Kochi,SELF_EMPLOYED,66,meera.8@example.test,+918075803375,LOW,Y
C000010,Kabir,Rohan Khan,Chennai,RETIRED,33,dev.9@example.test,+918821398860,UNKNOWN,N
C000011,Aarav,Ananya Patel,Hyderabad,SME,70,ananya.10@example.test,+919320122711,HIGH,N
C000012,Ishita,Sara Khan,Chennai,SALARIED,36,sara.11@example.test,+918663603965,MEDIUM,Y
C000013,Ishita,Sara Khan,Mumbai,NRI,48,rohan.12@example.test,+917834575038,HIGH,N
C000014,Aarav,Aarav Das,Kolkata,SALARIED,56,aarav.13@example.test,+919272621229,UNKNOWN,Y
C000015,Diya,Ishita Patel,Kolkata,SELF_EMPLOYED,42,sara.14@example.test,+917270201094,LOW,N
C000016,Dev,Arjun Patel,Ahmedabad,NRI,55,dev.15@example.test,+918047114104,MEDIUM,N
C000017,Ishita,Aarav Sharma,Delhi,SALARIED,58,vikram.16@example.test,+919532588380,LOW,N
C000018,Rohan,Vikram Nair,Ahmedabad,SALARIED,38,nisha.17@example.test,+919118767488,MEDIUM,N
C000019,Meera,Diya Das,Ahmedabad,NRI,58,rohan.18@example.test,+919804409586,UNKNOWN,N
C000020,Meera,Kabir Patel,Jaipur,NRI,21,arjun.19@example.test,+918143705783,HIGH,Y
C000021,Vikram,Aarav Nair,Delhi,SALARIED,22,meera.20@example.test,+919333387083,LOW,N
C000022,Rohan,Arjun Patel,Kolkata,SME,47,aarav.21@example.test,+917913211799,MEDIUM,Y
C000023,Ananya,Diya Iyer,Chennai,SME,77,arjun.22@example.test,+919498284931,HIGH,N
C000024,Sara,Aarav Sharma,Jaipur,SALARIED,62,arjun.23@example.test,+919126129971,LOW,N
C000025,Rohan,Diya Patel,Mumbai,SELF_EMPLOYED,77,dev.24@example.test,+918857128849,HIGH,N
C000026,Ishita,Rohan Sharma,Pune,SME,35,meera.25@example.test,+918240939695,MEDIUM,N
C000027,Sara,Arjun Khan,Ahmedabad,NRI,47,dev.26@example.test,+918613089793,UNKNOWN,N
C000028,Sara,Dev Sharma,Hyderabad,RETIRED,55,sara.27@example.test,+917989519904,LOW,Y
C000029,Vikram,Ananya Patel,Jaipur,SME,29,sara.28@example.test,+917674595863,MEDIUM,Y
C000030,Arjun,Rohan Iyer,Pune,NRI,72,kabir.29@example.test,+917327780705,HIGH,Y
C000031,Diya,Sara Patel,Bengaluru,SME,27,arjun.30@example.test,+917477513461,HIGH,N
C000032,Dev,Ishita Sharma,Hyderabad,RETIRED,28,dev.31@example.test,+917025672426,LOW,N
C000033,Kabir,Vikram Sharma,Chennai,SME,50,dev.32@example.test,+917085625549,LOW,N
C000034,Vikram,Kabir Iyer,Pune,SELF_EMPLOYED,48,arjun.33@example.test,+919465182444,HIGH,N
C000035,Sara,Kabir Patel,Bengaluru,SME,74,rohan.34@example.test,+918509631914,LOW,N
C000036,Meera,Meera Sharma,Jaipur,RETIRED,72,arjun.35@example.test,+918558580867,HIGH,N
C000037,Rohan,Nisha Khan,Delhi,RETIRED,66,vikram.36@example.test,+918761796532,HIGH,N
C000038,Meera,Sara Das,Delhi,SALARIED,24,meera.37@example.test,+919534177706,UNKNOWN,N
C000039,Diya,Ishita Das,Chennai,SME,75,meera.38@example.test,+918334666261,MEDIUM,N
C000040,Kabir,Nisha Iyer,Kochi,SME,41,arjun.39@example.test,+918603964077,LOW,N
C000041,Sara,Arjun Iyer,Kochi,RETIRED,45,meera.40@example.test,+919184319985,HIGH,Y
C000042,Vikram,Ishita Patel,Kolkata,SALARIED,44,rohan.41@example.test,+919766902396,UNKNOWN,N
C000043,Aarav,Vikram Khan,Delhi,RETIRED,51,rohan.42@example.test,+917233137383,HIGH,N
C000044,Ananya,Kabir Patel,Ahmedabad,RETIRED,57,ishita.43@example.test,+917491140861,MEDIUM,N
C000045,Ananya,Ishita Patel,Kochi,NRI,47,rohan.44@example.test,+917869210093,LOW,N
C000046,Dev,Vikram Patel,Mumbai,SME,29,meera.45@example.test,+919425605020,UNKNOWN,Y
C000047,Aarav,Ananya Patel,Jaipur,SME,32,diya.46@example.test,+918058239818,HIGH,N
C000048,Ananya,Vikram Khan,Delhi,SELF_EMPLOYED,71,ananya.47@example.test,+918341297262,MEDIUM,Y
C000049,Sara,Kabir Iyer,Delhi,SME,68,diya.48@example.test,+917960550879,LOW,N
C000050,Vikram,Kabir Khan,Hyderabad,SME,38,nisha.49@example.test,+919406025090,MEDIUM,N
C000051,Vikram,Aarav Das,Kolkata,RETIRED,52,ananya.50@example.test,+918780429588,LOW,N
C000052,Aarav,Rohan Sharma,Kolkata,NRI,55,diya.51@example.test,+918913667919,LOW,N
C000053,Kabir,Arjun Khan,Kolkata,RETIRED,38,aarav.52@example.test,+917721917536,MEDIUM,Y
C000054,Diya,Sara Nair,Mumbai,SME,22,ishita.53@example.test,+918549472685,MEDIUM,N
C000055,Vikram,Sara Sharma,Kochi,SALARIED,63,vikram.54@example.test,+917875014596,MEDIUM,N
C000056,Vikram,Vikram Nair,Pune,SELF_EMPLOYED,62,vikram.55@example.test,+919706507073,LOW,N
C000057,Kabir,Kabir Das,Bengaluru,SALARIED,58,ishita.56@example.test,+917617622999,MEDIUM,N
C000058,Aarav,Kabir Iyer,Bengaluru,SALARIED,54,,+918120256690,MEDIUM,N
C000059,Kabir,Vikram Nair,Jaipur,SME,57,kabir.58@example.test,+917788064340,MEDIUM,N
C000060,Diya,Rohan Sharma,Bengaluru,RETIRED,21,vikram.59@example.test,+919210344470,MEDIUM,N
C000061,Rohan,Aarav Das,Mumbai,SELF_EMPLOYED,48,meera.60@example.test,+918957475135,UNKNOWN,Y
C000062,Arjun,Sara Patel,Kolkata,NRI,67,vikram.61@example.test,+918118802232,MEDIUM,N
C000063,Kabir,Ananya Sharma,Mumbai,SME,35,vikram.62@example.test,+917733898746,HIGH,N
C000064,Meera,Meera Sharma,Bengaluru,SELF_EMPLOYED,25,meera.63@example.test,+919334035491,MEDIUM,N
C000065,Aarav,Ananya Khan,Bengaluru,SALARIED,50,ananya.64@example.test,+917987453150,UNKNOWN,N
C000066,Nisha,Ishita Patel,Ahmedabad,NRI,43,meera.65@example.test,+917983800140,LOW,N
C000067,Arjun,Meera Sharma,Kolkata,SME,31,vikram.66@example.test,+917187803316,LOW,N
C000068,Kabir,Ishita Nair,Chennai,RETIRED,49,sara.67@example.test,+919377126363,HIGH,N
C000069,Vikram,Nisha Khan,Bengaluru,SELF_EMPLOYED,71,nisha.68@example.test,+919016337853,HIGH,N
C000070,Ananya,Meera Iyer,Delhi,SME,68,meera.69@example.test,+917194707584,HIGH,Y
C000071,Vikram,Rohan Das,Chennai,SELF_EMPLOYED,21,ananya.70@example.test,+919484247992,MEDIUM,N
C000072,Diya,Sara Nair,Chennai,SELF_EMPLOYED,30,arjun.71@example.test,+917883496915,LOW,Y
C000073,Meera,Sara Iyer,Bengaluru,SME,45,nisha.72@example.test,+918001295640,MEDIUM,N
C000074,Rohan,Meera Nair,Pune,NRI,57,vikram.73@example.test,+917978535954,HIGH,Y
C000075,Ananya,Vikram Sharma,Delhi,SALARIED,75,meera.74@example.test,+919697221616,HIGH,N
C000076,Aarav,Ishita Sharma,Bengaluru,SALARIED,62,kabir.75@example.test,+918923010075,UNKNOWN,Y
C000077,Nisha,Dev Das,Kochi,SME,68,kabir.76@example.test,+918500984497,MEDIUM,N
C000078,Sara,Meera Patel,Pune,RETIRED,57,aarav.77@example.test,+917888154783,LOW,Y
C000079,Rohan,Arjun Das,Delhi,SALARIED,28,nisha.78@example.test,+918444568994,HIGH,N
C000080,Meera,Dev Iyer,Pune,SELF_EMPLOYED,34,nisha.79@example.test,+919712573438,HIGH,N
C000081,Kabir,Diya Das,Kolkata,SME,71,dev.80@example.test,+919290942543,UNKNOWN,N
C000082,Dev,Ananya Sharma,Pune,NRI,47,rohan.81@example.test,+918282941427,LOW,N
C000083,Arjun,Nisha Nair,Jaipur,SME,30,arjun.82@example.test,+919214990475,HIGH,N
C000084,Ananya,Ishita Patel,Hyderabad,SME,36,diya.83@example.test,+918190998043,MEDIUM,Y
C000085,Dev,Ishita Patel,Bengaluru,RETIRED,22,meera.84@example.test,+917205524702,MEDIUM,N
C000086,Kabir,Kabir Khan,Pune,RETIRED,41,aarav.85@example.test,+919723618384,HIGH,Y
C000087,Aarav,Diya Das,Delhi,RETIRED,28,arjun.86@example.test,+918889439788,HIGH,N
C000088,Diya,Nisha Sharma,Hyderabad,SALARIED,25,rohan.87@example.test,+918795469634,UNKNOWN,N
C000089,Dev,Rohan Nair,Bengaluru,SME,62,meera.88@example.test,+917225320606,HIGH,N
C000090,Kabir,Sara Sharma,Ahmedabad,RETIRED,51,meera.89@example.test,+917410203126,UNKNOWN,N
C000091,Sara,Arjun Patel,Jaipur,RETIRED,26,nisha.90@example.test,+917242687681,MEDIUM,N
C000092,Rohan,Diya Iyer,Delhi,SALARIED,57,dev.91@example.test,+919782925243,LOW,Y
C000093,Ishita,Ananya Iyer,Hyderabad,SELF_EMPLOYED,51,nisha.92@example.test,+919190480673,MEDIUM,N
C000094,Nisha,Aarav Sharma,Mumbai,SME,65,rohan.93@example.test,+917625190316,HIGH,Y
C000095,Sara,Rohan Das,Hyderabad,NRI,40,sara.94@example.test,+917256540782,UNKNOWN,Y
C000096,Diya,Dev Nair,Kolkata,SALARIED,57,diya.95@example.test,+917953962872,MEDIUM,N
C000097,Kabir,Vikram Iyer,Hyderabad,SELF_EMPLOYED,74,sara.96@example.test,+918421851222,MEDIUM,N
C000098,Ishita,Kabir Khan,Mumbai,RETIRED,39,aarav.97@example.test,+917669888314,HIGH,N
C000099,Ananya,Diya Khan,Pune,SELF_EMPLOYED,72,nisha.98@example.test,+919273190318,LOW,Y
C000100,Sara,Aarav Iyer,Pune,SELF_EMPLOYED,21,arjun.99@example.test,+919174571347,UNKNOWN,Y
C000101,Ananya,Vikram Sharma,Kolkata,NRI,62,meera.100@example.test,+918624749495,LOW,N
C000102,Nisha,Ananya Khan,Chennai,SALARIED,62,kabir.101@example.test,+917717682804,UNKNOWN,N
C000103,Diya,Diya Iyer,Kochi,RETIRED,33,diya.102@example.test,+919109694302,HIGH,N
C000104,Rohan,Vikram Das,Jaipur,NRI,22,vikram.103@example.test,+917060410616,MEDIUM,N
C000105,Dev,Dev Sharma,Pune,SME,59,rohan.104@example.test,+919993916337,LOW,N
C000106,Rohan,Aarav Khan,Chennai,SALARIED,74,vikram.105@example.test,+919499058480,HIGH,N
C000107,Diya,Ishita Sharma,Chennai,SME,23,dev.106@example.test,+919603617050,HIGH,N
C000108,Aarav,Rohan Das,Hyderabad,RETIRED,58,diya.107@example.test,+918696105068,LOW,N
C000109,Diya,Arjun Das,Kolkata,NRI,61,diya.108@example.test,+919463394088,MEDIUM,N
C000110,Vikram,Meera Khan,Ahmedabad,SME,46,ishita.109@example.test,+918577477122,HIGH,Y
C000111,Rohan,Ananya Patel,Delhi,SELF_EMPLOYED,66,aarav.110@example.test,+917394975317,MEDIUM,N
C000112,Dev,Rohan Khan,Bengaluru,NRI,42,meera.111@example.test,+918230759099,MEDIUM,N
C000113,Ananya,Nisha Sharma,Kochi,SELF_EMPLOYED,36,ishita.112@example.test,+918044948372,HIGH,N
C000114,Arjun,Sara Patel,Jaipur,SELF_EMPLOYED,39,nisha.113@example.test,+919462931679,MEDIUM,N
C000115,Ananya,Dev Khan,Hyderabad,RETIRED,77,dev.114@example.test,+919293948372,HIGH,N
C000116,Sara,Meera Khan,Kolkata,SALARIED,64,nisha.115@example.test,+917560560308,HIGH,N
C000117,Diya,Sara Iyer,Chennai,RETIRED,54,rohan.116@example.test,+919517371727,MEDIUM,N
C000118,Nisha,Rohan Das,Kolkata,SME,67,nisha.117@example.test,+918639165780,LOW,N
C000119,Ananya,Dev Patel,Mumbai,SELF_EMPLOYED,34,meera.118@example.test,+919497253971,HIGH,N
C000120,Sara,Meera Das,Chennai,SME,34,nisha.119@example.test,+917629368294,HIGH,N
C000121,Diya,Ananya Patel,Chennai,RETIRED,42,ananya.120@example.test,+917152259692,LOW,Y
C000122,Meera,Ishita Patel,Chennai,SELF_EMPLOYED,48,meera.121@example.test,+919434052555,UNKNOWN,N
C000123,Dev,Ananya Das,Ahmedabad,SELF_EMPLOYED,69,arjun.122@example.test,+917814634091,LOW,Y
C000124,Sara,Kabir Nair,Chennai,RETIRED,68,sara.123@example.test,+917266085893,UNKNOWN,N
C000125,Kabir,Meera Nair,Pune,SALARIED,43,dev.124@example.test,+919116664415,HIGH,Y
C000126,Vikram,Dev Iyer,Pune,SME,49,diya.125@example.test,+918620381580,LOW,N
C000127,Kabir,Nisha Nair,Mumbai,SALARIED,22,meera.126@example.test,+919253400433,MEDIUM,N
C000128,Ishita,Ishita Nair,Jaipur,RETIRED,70,diya.127@example.test,+917579224308,HIGH,N
C000129,Meera,Aarav Iyer,Delhi,RETIRED,34,rohan.128@example.test,+917531627947,HIGH,N
C000130,Vikram,Sara Das,Pune,SALARIED,65,rohan.129@example.test,+918184539440,LOW,Y
C000131,Meera,Diya Nair,Bengaluru,SME,27,ananya.130@example.test,+919338082748,LOW,N
C000132,Meera,Sara Sharma,Hyderabad,SELF_EMPLOYED,58,nisha.131@example.test,+917611709435,MEDIUM,Y
C000133,Vikram,Diya Khan,Chennai,SELF_EMPLOYED,73,meera.132@example.test,+917766801271,MEDIUM,N
C000134,Ananya,Kabir Khan,Bengaluru,SME,51,diya.133@example.test,+917581167660,HIGH,N
C000135,Kabir,Arjun Sharma,Bengaluru,SELF_EMPLOYED,74,rohan.134@example.test,+919612280793,HIGH,N
C000136,Meera,Vikram Das,Hyderabad,NRI,57,rohan.135@example.test,+917553616420,UNKNOWN,Y
C000137,Arjun,Nisha Patel,Kolkata,NRI,51,meera.136@example.test,+918547302099,HIGH,Y
C000138,Kabir,Ishita Iyer,Bengaluru,SELF_EMPLOYED,65,arjun.137@example.test,+919799831663,LOW,N
C000139,Rohan,Aarav Khan,Kochi,SALARIED,67,meera.138@example.test,+918425069243,UNKNOWN,N
C000140,Aarav,Aarav Das,Kochi,SELF_EMPLOYED,75,sara.139@example.test,+918489169971,HIGH,N
C000141,Ishita,Arjun Sharma,Bengaluru,NRI,55,ananya.140@example.test,+917864773550,MEDIUM,Y
C000142,Dev,Arjun Sharma,Pune,SALARIED,37,,+919373202312,UNKNOWN,N
C000143,Sara,Kabir Nair,Ahmedabad,SME,70,meera.142@example.test,+919692875465,UNKNOWN,Y
C000144,Kabir,Kabir Sharma,Chennai,SALARIED,38,nisha.143@example.test,+917595169115,UNKNOWN,N
C000145,Vikram,Sara Sharma,Mumbai,NRI,44,ananya.144@example.test,+918052112469,LOW,N
C000146,Ananya,Vikram Iyer,Bengaluru,RETIRED,69,nisha.145@example.test,+919404295655,HIGH,N
C000147,Meera,Dev Patel,Hyderabad,SALARIED,70,nisha.146@example.test,+919890848970,LOW,N
C000148,Meera,Ananya Iyer,Kolkata,NRI,50,ananya.147@example.test,+917302218015,LOW,Y
C000149,Ananya,Ananya Iyer,Hyderabad,SME,56,arjun.148@example.test,+917102874280,UNKNOWN,N
C000150,Arjun,Aarav Das,Mumbai,NRI,58,kabir.149@example.test,+917137565371,MEDIUM,Y
C000151,Diya,Rohan Khan,Kochi,SME,65,diya.150@example.test,+917540737156,UNKNOWN,N
C000152,Nisha,Vikram Sharma,Hyderabad,NRI,59,aarav.151@example.test,+917461437324,UNKNOWN,Y
C000153,Diya,Vikram Sharma,Kolkata,NRI,61,vikram.152@example.test,+918843555478,UNKNOWN,N
C000154,Meera,Rohan Das,Bengaluru,RETIRED,68,kabir.153@example.test,+918789629317,LOW,Y
C000155,Nisha,Ishita Khan,Bengaluru,SME,38,rohan.154@example.test,+919748077168,MEDIUM,Y
C000156,Nisha,Meera Patel,Delhi,SALARIED,54,ishita.155@example.test,+917169367764,HIGH,N
C000157,Dev,Ishita Patel,Chennai,SME,51,nisha.156@example.test,+918048006468,UNKNOWN,N
C000158,Kabir,Meera Das,Hyderabad,RETIRED,53,sara.157@example.test,+917602168808,UNKNOWN,N
C000159,Meera,Ishita Nair,Pune,SELF_EMPLOYED,35,sara.158@example.test,+918754516927,LOW,N
C000160,Ananya,Vikram Das,Kochi,SME,27,vikram.159@example.test,+917013358823,UNKNOWN,Y
C000161,Sara,Nisha Khan,Mumbai,NRI,36,ishita.160@example.test,+919611655206,HIGH,N
C000162,Ishita,Nisha Khan,Kochi,RETIRED,34,rohan.161@example.test,+917990787769,LOW,N
C000163,Rohan,Nisha Das,Kochi,RETIRED,66,rohan.162@example.test,+917343833464,LOW,Y
C000164,Nisha,Aarav Sharma,Kolkata,RETIRED,60,aarav.163@example.test,+918431661848,LOW,N
C000165,Kabir,Nisha Patel,Ahmedabad,SME,28,ishita.164@example.test,+918401884770,LOW,N
C000166,Aarav,Vikram Sharma,Pune,NRI,41,ananya.165@example.test,+919133160214,MEDIUM,N
C000167,Meera,Ishita Iyer,Kochi,NRI,27,kabir.166@example.test,+917790045841,UNKNOWN,N
C000168,Meera,Nisha Sharma,Pune,SELF_EMPLOYED,22,kabir.167@example.test,+918389685585,LOW,N
C000169,Aarav,Sara Patel,Ahmedabad,NRI,60,dev.168@example.test,+917864202468,MEDIUM,N
C000170,Aarav,Diya Das,Ahmedabad,RETIRED,35,sara.169@example.test,+918167095507,MEDIUM,N
C000171,Dev,Sara Nair,Kolkata,SALARIED,76,meera.170@example.test,+919242250326,MEDIUM,Y
C000172,Aarav,Arjun Khan,Delhi,RETIRED,54,aarav.171@example.test,+917559945537,HIGH,N
C000173,Nisha,Aarav Patel,Bengaluru,SME,62,meera.172@example.test,+919023218931,HIGH,N
C000174,Nisha,Vikram Patel,Hyderabad,RETIRED,30,ananya.173@example.test,+919946849509,UNKNOWN,N
C000175,Aarav,Ishita Patel,Hyderabad,NRI,47,ishita.174@example.test,+918441734924,UNKNOWN,N
C000176,Vikram,Rohan Das,Kolkata,SELF_EMPLOYED,66,vikram.175@example.test,+918716527072,LOW,Y
C000177,Aarav,Nisha Sharma,Kochi,SME,45,meera.176@example.test,+918950473099,UNKNOWN,Y
C000178,Nisha,Meera Iyer,Kochi,SALARIED,47,ananya.177@example.test,+918072631480,MEDIUM,N
C000179,Kabir,Aarav Sharma,Hyderabad,SME,41,sara.178@example.test,+919884587860,LOW,N
C000180,Ananya,Sara Nair,Delhi,RETIRED,57,nisha.179@example.test,+919469942145,MEDIUM,N
C000181,Arjun,Aarav Khan,Jaipur,SME,52,aarav.180@example.test,+919723633066,UNKNOWN,N
C000182,Diya,Diya Iyer,Mumbai,RETIRED,63,arjun.181@example.test,+918582022978,HIGH,N
C000183,Arjun,Kabir Patel,Jaipur,RETIRED,62,meera.182@example.test,+918021864555,HIGH,N
C000184,Nisha,Meera Nair,Chennai,NRI,42,sara.183@example.test,+917302843899,UNKNOWN,N
C000185,Aarav,Arjun Patel,Jaipur,SALARIED,57,sara.184@example.test,+917113293846,LOW,N
C000186,Nisha,Sara Khan,Hyderabad,SME,34,ishita.185@example.test,+918001258875,LOW,N
C000187,Ishita,Dev Patel,Delhi,SALARIED,74,kabir.186@example.test,+919030157874,MEDIUM,N
C000188,Vikram,Arjun Nair,Bengaluru,SME,41,ananya.187@example.test,+917096102050,MEDIUM,N
C000189,Ishita,Rohan Nair,Kochi,SME,52,kabir.188@example.test,+919225297008,LOW,N
C000190,Kabir,Dev Khan,Mumbai,SME,27,meera.189@example.test,+919238723351,HIGH,N
C000191,Ishita,Diya Khan,Bengaluru,NRI,21,vikram.190@example.test,+918003442524,UNKNOWN,N
C000192,Dev,Sara Patel,Kolkata,SELF_EMPLOYED,66,diya.191@example.test,+917723574553,MEDIUM,Y
C000193,Dev,Ishita Das,Jaipur,RETIRED,70,vikram.192@example.test,+917229695325,MEDIUM,N
C000194,Ananya,Dev Patel,Kolkata,NRI,42,sara.193@example.test,+919943320990,UNKNOWN,N
C000195,Rohan,Nisha Nair,Delhi,SALARIED,60,ananya.194@example.test,+917156914795,UNKNOWN,N
C000196,Vikram,Kabir Iyer,Bengaluru,RETIRED,49,ananya.195@example.test,+918133738268,LOW,N
C000197,Meera,Aarav Khan,Bengaluru,SALARIED,31,nisha.196@example.test,+918362461577,HIGH,N
C000198,Nisha,Meera Sharma,Kochi,RETIRED,53,rohan.197@example.test,+917264129745,HIGH,Y
C000199,Meera,Rohan Patel,Pune,SME,38,aarav.198@example.test,+918957383229,UNKNOWN,N
C000200,Aarav,Dev Sharma,Pune,RETIRED,30,rohan.199@example.test,+918112260362,UNKNOWN,Y
C000201,Arjun,Nisha Khan,Kochi,SELF_EMPLOYED,46,diya.200@example.test,+918560016442,HIGH,N
C000202,Rohan,Aarav Iyer,Hyderabad,SME,69,rohan.201@example.test,+919075665466,UNKNOWN,N
C000203,Nisha,Diya Iyer,Chennai,SALARIED,37,ananya.202@example.test,+919296977140,HIGH,N
C000204,Rohan,Aarav Iyer,Delhi,RETIRED,48,vikram.203@example.test,+918762939292,UNKNOWN,N
C000205,Vikram,Diya Khan,Bengaluru,SELF_EMPLOYED,44,arjun.204@example.test,+918295571801,UNKNOWN,N
C000206,Dev,Kabir Iyer,Chennai,SALARIED,70,diya.205@example.test,+917047943334,HIGH,Y
C000207,Dev,Nisha Das,Pune,SELF_EMPLOYED,35,sara.206@example.test,+918054407761,HIGH,N
C000208,Ishita,Arjun Sharma,Ahmedabad,RETIRED,39,arjun.207@example.test,+918698691756,MEDIUM,N
C000209,Vikram,Vikram Das,Bengaluru,SELF_EMPLOYED,27,ananya.208@example.test,+918996150619,LOW,N
C000210,Kabir,Aarav Iyer,Chennai,RETIRED,52,vikram.209@example.test,+919095481598,LOW,N
C000211,Dev,Nisha Khan,Kolkata,SME,66,rohan.210@example.test,+917670793704,MEDIUM,N
C000212,Dev,Kabir Sharma,Pune,SALARIED,40,arjun.211@example.test,+919792877562,UNKNOWN,N
C000213,Arjun,Sara Sharma,Kolkata,SME,71,ananya.212@example.test,+918230038501,MEDIUM,Y
C000214,Arjun,Kabir Sharma,Delhi,SME,77,rohan.213@example.test,+918447484554,LOW,N
C000215,Ishita,Nisha Iyer,Pune,SME,47,diya.214@example.test,+918668454985,LOW,N
C000216,Sara,Vikram Patel,Kochi,RETIRED,48,diya.215@example.test,+919768653921,HIGH,Y
C000217,Sara,Rohan Patel,Kochi,SALARIED,49,kabir.216@example.test,+919910983660,UNKNOWN,N
C000218,Kabir,Meera Patel,Delhi,SME,59,ishita.217@example.test,+918435030189,UNKNOWN,N
C000219,Dev,Meera Nair,Delhi,SME,57,dev.218@example.test,+917530053134,MEDIUM,N
C000220,Nisha,Meera Patel,Delhi,NRI,32,aarav.219@example.test,+918880711517,LOW,N
C000221,Ananya,Ishita Patel,Pune,SALARIED,24,meera.220@example.test,+917768966886,HIGH,Y
C000222,Arjun,Ananya Nair,Pune,NRI,34,diya.221@example.test,+919737045774,UNKNOWN,Y
C000223,Vikram,Rohan Sharma,Chennai,SME,76,ishita.222@example.test,+919413489621,MEDIUM,N
C000224,Sara,Aarav Khan,Kolkata,RETIRED,34,meera.223@example.test,+917556171795,HIGH,Y
C000225,Vikram,Kabir Iyer,Pune,NRI,35,arjun.224@example.test,+918141846544,MEDIUM,N
C000226,Ishita,Dev Sharma,Ahmedabad,SME,69,arjun.225@example.test,+918617804386,LOW,Y
C000227,Dev,Rohan Iyer,Ahmedabad,RETIRED,40,sara.226@example.test,+917395390503,HIGH,N
C000228,Meera,Arjun Das,Ahmedabad,RETIRED,38,vikram.227@example.test,+917536396498,UNKNOWN,Y
C000229,Rohan,Vikram Das,Ahmedabad,SALARIED,47,dev.228@example.test,+918874010879,MEDIUM,Y
C000230,Meera,Dev Khan,Bengaluru,RETIRED,71,kabir.229@example.test,+917703612947,HIGH,Y
C000231,Kabir,Diya Iyer,Delhi,SME,31,kabir.230@example.test,+917326006586,LOW,N
C000232,Meera,Arjun Patel,Kolkata,SELF_EMPLOYED,70,kabir.231@example.test,+917015899574,LOW,Y
C000233,Sara,Aarav Patel,Kolkata,SME,30,dev.232@example.test,+919916196117,LOW,N
C000234,Nisha,Ishita Iyer,Delhi,SALARIED,47,vikram.233@example.test,+917758883571,UNKNOWN,N
C000235,Kabir,Ishita Khan,Mumbai,SALARIED,42,rohan.234@example.test,+918448281055,UNKNOWN,N
C000236,Aarav,Nisha Khan,Bengaluru,RETIRED,45,dev.235@example.test,+919353024181,HIGH,N
C000237,Ishita,Nisha Nair,Mumbai,SALARIED,31,ishita.236@example.test,+919027933720,HIGH,N
C000238,Arjun,Nisha Iyer,Bengaluru,RETIRED,47,meera.237@example.test,+918325699166,LOW,N
C000239,Ishita,Nisha Patel,Pune,SELF_EMPLOYED,46,meera.238@example.test,+917141916514,LOW,N
C000240,Rohan,Ananya Khan,Kochi,NRI,64,nisha.239@example.test,+918874329591,MEDIUM,N
C000241,Aarav,Ishita Khan,Pune,SELF_EMPLOYED,51,vikram.240@example.test,+918494140660,HIGH,N
C000242,Dev,Ananya Iyer,Chennai,SALARIED,71,meera.241@example.test,+917597632651,UNKNOWN,Y
C000243,Aarav,Dev Khan,Bengaluru,SALARIED,70,nisha.242@example.test,+917501859075,UNKNOWN,N
C000244,Nisha,Dev Patel,Pune,RETIRED,42,rohan.243@example.test,+917645312621,HIGH,N
C000245,Aarav,Sara Patel,Jaipur,SELF_EMPLOYED,69,sara.244@example.test,+918219334403,MEDIUM,N
C000246,Vikram,Kabir Iyer,Delhi,SALARIED,21,arjun.245@example.test,+917513349062,UNKNOWN,N
C000247,Nisha,Sara Patel,Kolkata,SME,68,dev.246@example.test,+919403030706,UNKNOWN,N
C000248,Dev,Meera Das,Jaipur,RETIRED,75,ishita.247@example.test,+919708821536,HIGH,N
C000249,Vikram,Nisha Sharma,Bengaluru,RETIRED,68,kabir.248@example.test,+918876628874,HIGH,Y
C000250,Sara,Rohan Nair,Ahmedabad,RETIRED,65,nisha.249@example.test,+917207869067,LOW,N
C000251,Sara,Nisha Nair,Ahmedabad,SELF_EMPLOYED,75,dev.250@example.test,+918746682754,UNKNOWN,Y
C000252,Aarav,Vikram Patel,Chennai,SME,24,diya.251@example.test,+918203023558,UNKNOWN,N
C000253,Kabir,Aarav Das,Hyderabad,NRI,40,meera.252@example.test,+917995226132,LOW,N
C000254,Aarav,Diya Patel,Mumbai,SELF_EMPLOYED,30,nisha.253@example.test,+918816053324,HIGH,Y
C000255,Aarav,Ishita Nair,Chennai,SELF_EMPLOYED,52,,+919609872029,HIGH,N
C000256,Ishita,Aarav Das,Pune,SALARIED,57,arjun.255@example.test,+917551828199,HIGH,N
C000257,Kabir,Kabir Iyer,Chennai,NRI,26,ananya.256@example.test,+919522386258,LOW,N
C000258,Nisha,Kabir Sharma,Bengaluru,SELF_EMPLOYED,55,bad-email,+918557485751,LOW,N
C000259,Vikram,Meera Das,Ahmedabad,SME,49,dev.258@example.test,+917451532212,HIGH,Y
C000260,Diya,Sara Khan,Bengaluru,SELF_EMPLOYED,44,meera.259@example.test,+918905810673,UNKNOWN,N
C000261,Kabir,Aarav Khan,Jaipur,RETIRED,38,rohan.260@example.test,+918804663565,UNKNOWN,Y
C000262,Vikram,Rohan Nair,Hyderabad,SME,57,ananya.261@example.test,+919174610903,LOW,Y
C000263,Aarav,Sara Das,Bengaluru,NRI,56,sara.262@example.test,+917303185777,HIGH,Y
C000264,Kabir,Arjun Iyer,Hyderabad,SME,39,ishita.263@example.test,+918716574543,MEDIUM,Y
C000265,Nisha,Rohan Khan,Kolkata,SME,73,ishita.264@example.test,+918138985399,LOW,N
C000266,Arjun,Arjun Nair,Kochi,RETIRED,31,arjun.265@example.test,+919818943527,UNKNOWN,N
C000267,Dev,Arjun Khan,Chennai,SELF_EMPLOYED,72,meera.266@example.test,+919314897981,UNKNOWN,N
C000268,Meera,Rohan Khan,Hyderabad,RETIRED,44,diya.267@example.test,+918918331163,HIGH,Y
C000269,Aarav,Vikram Iyer,Kolkata,SME,22,diya.268@example.test,+919398813190,HIGH,Y
C000270,Diya,Meera Sharma,Chennai,RETIRED,27,ishita.269@example.test,+919254391731,HIGH,N
C000271,Meera,Kabir Nair,Jaipur,SELF_EMPLOYED,38,nisha.270@example.test,+917299372015,UNKNOWN,N
C000272,Rohan,Kabir Khan,Kolkata,SME,63,diya.271@example.test,+917922005389,MEDIUM,N
C000273,Meera,Sara Iyer,Bengaluru,SELF_EMPLOYED,46,ishita.272@example.test,+917208306111,MEDIUM,N
C000274,Nisha,Kabir Sharma,Hyderabad,SELF_EMPLOYED,37,kabir.273@example.test,+917783184640,MEDIUM,N
C000275,Ananya,Sara Das,Jaipur,SALARIED,42,ananya.274@example.test,+919334749238,HIGH,N
C000276,Ishita,Nisha Sharma,Hyderabad,SME,57,ananya.275@example.test,+917627506544,HIGH,N
C000277,Meera,Dev Khan,Kolkata,SELF_EMPLOYED,24,dev.276@example.test,+917413287605,MEDIUM,N
C000278,Rohan,Nisha Iyer,Ahmedabad,SELF_EMPLOYED,43,dev.277@example.test,+918803138796,HIGH,N
C000279,Ananya,Ananya Patel,Bengaluru,SELF_EMPLOYED,32,arjun.278@example.test,+918264870019,HIGH,N
C000280,Aarav,Arjun Das,Kochi,SME,74,sara.279@example.test,+919535590471,LOW,N
C000281,Arjun,Sara Khan,Ahmedabad,SALARIED,69,nisha.280@example.test,+917049395303,HIGH,Y
C000282,Ishita,Meera Patel,Jaipur,SELF_EMPLOYED,61,sara.281@example.test,+918071080949,MEDIUM,Y
C000283,Aarav,Nisha Das,Delhi,SME,21,ananya.282@example.test,+919557052433,MEDIUM,N
C000284,Diya,Diya Patel,Jaipur,SALARIED,30,aarav.283@example.test,+917468310448,LOW,N
C000285,Ananya,Dev Das,Kochi,SELF_EMPLOYED,62,kabir.284@example.test,+917898278511,UNKNOWN,N
C000286,Aarav,Arjun Patel,Pune,RETIRED,68,ananya.285@example.test,+919374580944,LOW,N
C000287,Nisha,Vikram Nair,Pune,SELF_EMPLOYED,60,sara.286@example.test,+918320647293,HIGH,N
C000288,Ishita,Nisha Das,Bengaluru,RETIRED,39,sara.287@example.test,+917440516688,LOW,N
C000289,Aarav,Vikram Iyer,Delhi,RETIRED,37,rohan.288@example.test,+919201082654,LOW,N
C000290,Meera,Ishita Das,Kolkata,SALARIED,41,arjun.289@example.test,+917219811327,HIGH,Y
C000291,Kabir,Vikram Nair,Kolkata,SELF_EMPLOYED,75,vikram.290@example.test,+919028274095,HIGH,Y
C000292,Nisha,Nisha Sharma,Kochi,SELF_EMPLOYED,22,vikram.291@example.test,+918553074298,MEDIUM,Y
C000293,Aarav,Meera Iyer,Delhi,SALARIED,31,meera.292@example.test,+918349786904,HIGH,Y
C000294,Dev,Dev Nair,Kochi,SALARIED,62,vikram.293@example.test,+918252284981,LOW,N
C000295,Rohan,Meera Das,Kolkata,SELF_EMPLOYED,72,vikram.294@example.test,+917533515879,UNKNOWN,N
C000296,Ananya,Diya Sharma,Kochi,SALARIED,60,kabir.295@example.test,+918306760745,UNKNOWN,Y
C000297,Vikram,Kabir Khan,Bengaluru,NRI,74,,+917837681428,UNKNOWN,Y
C000298,Meera,Ananya Nair,Chennai,SALARIED,21,vikram.297@example.test,+918063739375,MEDIUM,N
C000299,Ishita,Kabir Khan,Chennai,SELF_EMPLOYED,40,rohan.298@example.test,+917685923215,LOW,N
C000300,Nisha,Kabir Patel,Kochi,RETIRED,64,ishita.299@example.test,+919652104194,LOW,N
C000301,Dev,Kabir Sharma,Mumbai,SALARIED,30,aarav.300@example.test,+917672895773,MEDIUM,N
C000302,Dev,Rohan Nair,Bengaluru,RETIRED,71,dev.301@example.test,+918281375561,HIGH,N
C000303,Ananya,Nisha Das,Mumbai,SELF_EMPLOYED,45,dev.302@example.test,+917238391978,MEDIUM,N
C000304,Ananya,Ishita Das,Delhi,SME,22,sara.303@example.test,+918226438007,HIGH,N
C000305,Ishita,Meera Iyer,Pune,RETIRED,74,ishita.304@example.test,+917845335140,MEDIUM,N
C000306,Arjun,Ananya Khan,Jaipur,RETIRED,25,meera.305@example.test,+918145409112,LOW,Y
C000307,Ishita,Vikram Iyer,Mumbai,SELF_EMPLOYED,44,nisha.306@example.test,+917908583626,UNKNOWN,N
C000308,Aarav,Dev Khan,Hyderabad,RETIRED,54,kabir.307@example.test,+918590940874,UNKNOWN,N
C000309,Dev,Arjun Khan,Bengaluru,SELF_EMPLOYED,65,ananya.308@example.test,+917955353867,HIGH,Y
C000310,Sara,Rohan Nair,Bengaluru,SALARIED,26,aarav.309@example.test,+918071219523,UNKNOWN,N
C000311,Diya,Kabir Sharma,Ahmedabad,NRI,68,rohan.310@example.test,+918654265214,HIGH,N
C000312,Ishita,Vikram Das,Hyderabad,NRI,31,sara.311@example.test,,HIGH,N
C000313,Ishita,Kabir Nair,Ahmedabad,SALARIED,66,vikram.312@example.test,+919635255299,UNKNOWN,Y
C000314,Meera,Arjun Patel,Pune,SELF_EMPLOYED,46,sara.313@example.test,+918747366773,UNKNOWN,Y
C000315,Sara,Dev Sharma,Chennai,RETIRED,51,rohan.314@example.test,+919429187696,LOW,N
C000316,Meera,Ananya Sharma,Mumbai,SALARIED,41,dev.315@example.test,+917324768006,MEDIUM,N
C000317,Kabir,Aarav Iyer,Mumbai,SELF_EMPLOYED,62,rohan.316@example.test,+918405879476,HIGH,N
C000318,Meera,Kabir Nair,Bengaluru,RETIRED,28,ishita.317@example.test,+919544983756,MEDIUM,N
C000319,Ishita,Ishita Nair,Jaipur,NRI,21,rohan.318@example.test,+917486620013,LOW,N
C000320,Meera,Aarav Sharma,Mumbai,SALARIED,49,aarav.319@example.test,+918196724397,MEDIUM,N
C000321,Ishita,Arjun Iyer,Ahmedabad,NRI,77,sara.320@example.test,+918464578539,HIGH,N
C000322,Sara,Sara Khan,Ahmedabad,SELF_EMPLOYED,77,ishita.321@example.test,+919625397367,UNKNOWN,N
C000323,Ishita,Sara Nair,Bengaluru,NRI,44,diya.322@example.test,+918184986322,UNKNOWN,Y
C000324,Ishita,Vikram Khan,Delhi,RETIRED,69,vikram.323@example.test,+919214128547,UNKNOWN,Y
C000325,Meera,Nisha Nair,Hyderabad,NRI,76,meera.324@example.test,+918291334863,UNKNOWN,N
C000326,Sara,Vikram Patel,Ahmedabad,SALARIED,74,aarav.325@example.test,+919750804703,UNKNOWN,Y
C000327,Ishita,Arjun Iyer,Hyderabad,NRI,62,sara.326@example.test,+918032813670,MEDIUM,Y
C000328,Sara,Sara Nair,Jaipur,SELF_EMPLOYED,38,rohan.327@example.test,+918121101307,HIGH,Y
C000329,Diya,Ananya Patel,Delhi,SELF_EMPLOYED,44,kabir.328@example.test,+917729284226,UNKNOWN,N
C000330,Dev,Arjun Sharma,Mumbai,SME,22,meera.329@example.test,+917756719983,HIGH,N
C000331,Ananya,Dev Sharma,Bengaluru,RETIRED,59,kabir.330@example.test,+919247523854,HIGH,Y
C000332,Arjun,Ananya Khan,Chennai,NRI,57,vikram.331@example.test,+919189966083,LOW,N
C000333,Vikram,Arjun Das,Pune,RETIRED,63,sara.332@example.test,+917936847490,HIGH,N
C000334,Ananya,Rohan Iyer,Chennai,NRI,70,,+919640629876,MEDIUM,N
C000335,Rohan,Sara Iyer,Kochi,SME,48,kabir.334@example.test,+917895260103,MEDIUM,N
C000336,Aarav,Ishita Das,Pune,NRI,61,vikram.335@example.test,+919188891757,HIGH,N
C000337,Ishita,Dev Sharma,Kolkata,NRI,51,aarav.336@example.test,+919873207505,LOW,N
C000338,Ananya,Kabir Patel,Bengaluru,SME,61,meera.337@example.test,+917157900610,UNKNOWN,N
C000339,Dev,Ishita Nair,Jaipur,SALARIED,36,aarav.338@example.test,+917553845553,HIGH,N
C000340,Nisha,Arjun Das,Kolkata,NRI,30,sara.339@example.test,+917283366276,LOW,Y
C000341,Aarav,Nisha Iyer,Kolkata,SALARIED,50,nisha.340@example.test,+917254643494,UNKNOWN,N
C000342,Ishita,Kabir Iyer,Hyderabad,SELF_EMPLOYED,55,arjun.341@example.test,+918573362621,HIGH,N
C000343,Kabir,Sara Sharma,Kochi,SELF_EMPLOYED,71,arjun.342@example.test,+918099340303,UNKNOWN,N
C000344,Kabir,Ananya Iyer,Bengaluru,RETIRED,33,meera.343@example.test,+919078658108,UNKNOWN,Y
C000345,Diya,Nisha Patel,Bengaluru,NRI,38,ishita.344@example.test,+917089555246,HIGH,N
C000346,Dev,Diya Sharma,Kolkata,SALARIED,77,ananya.345@example.test,+919556691951,MEDIUM,Y
C000347,Dev,Ananya Nair,Mumbai,SME,33,diya.346@example.test,+919947257454,HIGH,Y
C000348,Aarav,Arjun Das,Pune,SALARIED,38,arjun.347@example.test,+918503141002,UNKNOWN,N
C000349,Sara,Kabir Nair,Chennai,RETIRED,46,nisha.348@example.test,+919971658733,HIGH,N
C000350,Ananya,Aarav Patel,Delhi,SELF_EMPLOYED,43,rohan.349@example.test,+917864277844,LOW,N
C000351,Dev,Meera Iyer,Ahmedabad,SALARIED,55,dev.350@example.test,+919109764658,LOW,N
C000352,Meera,Aarav Iyer,Kochi,NRI,49,dev.351@example.test,+919184877335,HIGH,N
C000353,Nisha,Kabir Nair,Hyderabad,RETIRED,27,arjun.352@example.test,+917022107468,MEDIUM,Y
C000354,Dev,Aarav Khan,Kochi,RETIRED,58,aarav.353@example.test,+917499353526,HIGH,Y
C000355,Meera,Nisha Sharma,Pune,RETIRED,31,ananya.354@example.test,+917774661322,MEDIUM,N
C000356,Dev,Kabir Nair,Pune,NRI,22,arjun.355@example.test,+918757083271,HIGH,N
C000357,Dev,Ishita Iyer,Kolkata,SELF_EMPLOYED,42,diya.356@example.test,+918471887247,LOW,Y
C000358,Aarav,Dev Patel,Jaipur,SALARIED,32,rohan.357@example.test,+918720771510,LOW,N
C000359,Aarav,Nisha Das,Jaipur,NRI,72,sara.358@example.test,+919233349493,LOW,N
C000360,Dev,Ananya Sharma,Chennai,NRI,61,meera.359@example.test,+919685760329,HIGH,N
C000361,Meera,Aarav Iyer,Chennai,SALARIED,22,nisha.360@example.test,+917709676293,UNKNOWN,N
C000362,Sara,Kabir Nair,Hyderabad,NRI,35,arjun.361@example.test,+918474549146,UNKNOWN,Y
C000363,Vikram,Meera Nair,Bengaluru,SALARIED,38,arjun.362@example.test,+917594902758,MEDIUM,N
C000364,Vikram,Ishita Khan,Bengaluru,RETIRED,40,ishita.363@example.test,+918331470010,HIGH,Y
C000365,Kabir,Nisha Iyer,Hyderabad,RETIRED,43,dev.364@example.test,+917052299221,MEDIUM,N
C000366,Nisha,Dev Iyer,Jaipur,SELF_EMPLOYED,70,nisha.365@example.test,+919383420554,LOW,N
C000367,Ishita,Kabir Patel,Mumbai,NRI,44,kabir.366@example.test,+918207677895,LOW,Y
C000368,Nisha,Nisha Sharma,Jaipur,SALARIED,27,aarav.367@example.test,+918633322756,MEDIUM,N
C000369,Ishita,Aarav Nair,Delhi,SALARIED,63,meera.368@example.test,+917286607662,LOW,Y
C000370,Ishita,Sara Sharma,Delhi,RETIRED,58,rohan.369@example.test,+918916849920,UNKNOWN,N
C000371,Sara,Vikram Patel,Pune,RETIRED,32,dev.370@example.test,+919771173017,UNKNOWN,N
C000372,Diya,Meera Sharma,Kolkata,NRI,47,aarav.371@example.test,+919232186271,HIGH,N
C000373,Sara,Arjun Iyer,Bengaluru,RETIRED,29,ananya.372@example.test,+918611133774,UNKNOWN,N
C000374,Nisha,Nisha Das,Delhi,NRI,35,rohan.373@example.test,+919808891889,UNKNOWN,Y
C000375,Ishita,Vikram Khan,Mumbai,SELF_EMPLOYED,31,ananya.374@example.test,+919510820105,HIGH,N
C000376,Ishita,Arjun Das,Chennai,SELF_EMPLOYED,39,aarav.375@example.test,+918931858856,MEDIUM,N
C000377,Ananya,Diya Nair,Pune,SALARIED,43,arjun.376@example.test,+918770734286,MEDIUM,Y
C000378,Rohan,Aarav Nair,Hyderabad,SELF_EMPLOYED,48,aarav.377@example.test,+918900931024,HIGH,N
C000379,Arjun,Dev Khan,Jaipur,RETIRED,44,dev.378@example.test,+917108031518,LOW,N
C000380,Aarav,Rohan Patel,Mumbai,SELF_EMPLOYED,54,arjun.379@example.test,+919644616019,LOW,Y
C000381,Dev,Meera Das,Kolkata,SME,29,meera.380@example.test,+918527909284,UNKNOWN,N
C000382,Dev,Sara Das,Kochi,SELF_EMPLOYED,40,kabir.381@example.test,+917783547297,UNKNOWN,Y
C000383,Diya,Vikram Patel,Delhi,SALARIED,59,nisha.382@example.test,+917407274291,UNKNOWN,N
C000384,Diya,Vikram Das,Pune,RETIRED,67,ishita.383@example.test,+918166828455,LOW,N
C000385,Rohan,Vikram Das,Jaipur,NRI,38,diya.384@example.test,+919479125894,MEDIUM,N
C000386,Sara,Dev Iyer,Jaipur,SME,76,diya.385@example.test,+919098540231,UNKNOWN,Y
C000387,Aarav,Dev Nair,Jaipur,SME,40,vikram.386@example.test,+918885777291,UNKNOWN,N
C000388,Kabir,Aarav Nair,Jaipur,SME,26,kabir.387@example.test,+919953842586,MEDIUM,Y
C000389,Rohan,Sara Iyer,Bengaluru,RETIRED,33,dev.388@example.test,+917171114686,MEDIUM,Y
C000390,Arjun,Vikram Khan,Ahmedabad,RETIRED,31,kabir.389@example.test,+917984001039,MEDIUM,N
C000391,Kabir,Vikram Nair,Pune,SALARIED,69,vikram.390@example.test,+917086177678,UNKNOWN,N
C000392,Arjun,Rohan Iyer,Kolkata,RETIRED,48,kabir.391@example.test,+918567358872,UNKNOWN,Y
C000393,Ishita,Rohan Khan,Kochi,SME,74,meera.392@example.test,+917266802152,HIGH,N
C000394,Nisha,Sara Iyer,Pune,RETIRED,59,aarav.393@example.test,+919179026371,LOW,N
C000395,Dev,Vikram Nair,Chennai,NRI,30,aarav.394@example.test,+919673237036,UNKNOWN,Y
C000396,Ishita,Ananya Nair,Jaipur,SELF_EMPLOYED,23,kabir.395@example.test,+919073634732,LOW,N
C000397,Meera,Vikram Iyer,Bengaluru,SELF_EMPLOYED,76,diya.396@example.test,+917497041290,HIGH,N
C000398,Ishita,Ananya Khan,Kolkata,RETIRED,22,aarav.397@example.test,+919101982473,UNKNOWN,N
C000399,Dev,Diya Das,Pune,SELF_EMPLOYED,30,nisha.398@example.test,+919326988739,LOW,N
C000400,Rohan,Meera Nair,Pune,SALARIED,53,diya.399@example.test,+919409401260,MEDIUM,N
C000401,Arjun,Vikram Sharma,Delhi,RETIRED,27,rohan.400@example.test,+918731249051,UNKNOWN,N
C000402,Nisha,Aarav Khan,Jaipur,NRI,24,nisha.401@example.test,+918769237145,LOW,N
C000403,Ananya,Ananya Nair,Jaipur,SELF_EMPLOYED,49,arjun.402@example.test,+919237481848,MEDIUM,N
C000404,Aarav,Nisha Patel,Mumbai,RETIRED,49,ishita.403@example.test,+917982825569,LOW,N
C000405,Kabir,Vikram Iyer,Mumbai,SME,61,rohan.404@example.test,+919475528792,MEDIUM,N
C000406,Sara,Kabir Das,Hyderabad,SELF_EMPLOYED,32,nisha.405@example.test,+917962121910,MEDIUM,Y
C000407,Dev,Rohan Khan,Chennai,RETIRED,61,kabir.406@example.test,+919550411663,LOW,Y
C000408,Rohan,Dev Nair,Delhi,RETIRED,25,arjun.407@example.test,+918378034068,MEDIUM,N
C000409,Diya,Kabir Nair,Ahmedabad,SME,67,diya.408@example.test,+917486020855,HIGH,N
C000410,Ishita,Arjun Das,Kolkata,SALARIED,68,ananya.409@example.test,+917314128263,HIGH,N
C000411,Aarav,Diya Das,Delhi,SME,23,ishita.410@example.test,+918207196701,UNKNOWN,N
C000412,Meera,Ishita Das,Pune,RETIRED,21,diya.411@example.test,+918536893338,MEDIUM,N
C000413,Sara,Rohan Das,Bengaluru,RETIRED,71,arjun.412@example.test,+918662723028,MEDIUM,N
C000414,Dev,Dev Khan,Hyderabad,NRI,26,kabir.413@example.test,+917427028735,LOW,Y
C000415,Kabir,Diya Iyer,Jaipur,RETIRED,33,vikram.414@example.test,+918209768515,HIGH,N
C000416,Aarav,Rohan Nair,Chennai,RETIRED,24,nisha.415@example.test,+918593562626,LOW,N
C000417,Dev,Sara Khan,Mumbai,RETIRED,31,sara.416@example.test,+917311908638,MEDIUM,Y
C000418,Ishita,Ishita Das,Bengaluru,SME,29,kabir.417@example.test,+919438155100,UNKNOWN,N
C000419,Rohan,Kabir Patel,Bengaluru,SELF_EMPLOYED,26,aarav.418@example.test,+917350514848,HIGH,N
C000420,Nisha,Diya Sharma,Hyderabad,SME,36,ishita.419@example.test,+918457294961,MEDIUM,N
C000421,Dev,Dev Nair,Pune,RETIRED,52,vikram.420@example.test,+919021223346,HIGH,Y
C000422,Dev,Kabir Sharma,Bengaluru,NRI,63,ishita.421@example.test,+918814983339,LOW,N
C000423,Aarav,Nisha Iyer,Bengaluru,SELF_EMPLOYED,63,nisha.422@example.test,+918284617318,LOW,N
C000424,Ananya,Nisha Sharma,Ahmedabad,NRI,76,dev.423@example.test,+917395367310,HIGH,N
C000425,Meera,Sara Das,Mumbai,SALARIED,75,vikram.424@example.test,+919186233555,MEDIUM,N
C000426,Dev,Nisha Iyer,Pune,NRI,66,aarav.425@example.test,+918737497969,UNKNOWN,Y
C000427,Sara,Ananya Khan,Chennai,SME,43,kabir.426@example.test,+917115935687,UNKNOWN,N
C000428,Ananya,Aarav Nair,Pune,RETIRED,69,aarav.427@example.test,+919957928292,HIGH,N
C000429,Kabir,Nisha Sharma,Kolkata,SME,57,arjun.428@example.test,+918051463573,LOW,N
C000430,Sara,Ishita Das,Bengaluru,NRI,61,ishita.429@example.test,+919857094673,MEDIUM,Y
C000431,Vikram,Aarav Das,Delhi,SME,70,aarav.430@example.test,+919147364437,LOW,Y
C000432,Arjun,Ananya Khan,Ahmedabad,NRI,35,rohan.431@example.test,+917779024154,LOW,N
C000433,Aarav,Arjun Sharma,Jaipur,SME,53,meera.432@example.test,+917852404511,UNKNOWN,Y
C000434,Kabir,Ishita Khan,Chennai,SME,47,sara.433@example.test,+917250069454,MEDIUM,N
C000435,Diya,Vikram Das,Ahmedabad,RETIRED,45,aarav.434@example.test,+918922282218,UNKNOWN,N
C000436,Diya,Nisha Nair,Delhi,SME,25,nisha.435@example.test,+918416020109,MEDIUM,N
C000437,Sara,Sara Das,Chennai,SELF_EMPLOYED,25,arjun.436@example.test,+917848890895,MEDIUM,N
C000438,Rohan,Dev Nair,Mumbai,SELF_EMPLOYED,52,diya.437@example.test,+918817194474,LOW,N
C000439,Meera,Ananya Das,Mumbai,RETIRED,42,meera.438@example.test,+918509981664,UNKNOWN,N
C000440,Vikram,Meera Nair,Delhi,RETIRED,53,ananya.439@example.test,+918711384093,HIGH,N
C000441,Meera,Meera Nair,Kochi,NRI,33,dev.440@example.test,+917839751103,MEDIUM,N
C000442,Aarav,Arjun Iyer,Bengaluru,SME,28,nisha.441@example.test,+919499740353,MEDIUM,Y
C000443,Vikram,Arjun Patel,Pune,RETIRED,35,rohan.442@example.test,+917883691266,UNKNOWN,N
C000444,Dev,Aarav Iyer,Hyderabad,SALARIED,69,dev.443@example.test,+918417919790,UNKNOWN,N
C000445,Ishita,Vikram Khan,Ahmedabad,NRI,39,diya.444@example.test,+917002495000,HIGH,N
C000446,Aarav,Sara Das,Mumbai,SELF_EMPLOYED,41,ishita.445@example.test,+918662563695,MEDIUM,N
C000447,Nisha,Vikram Das,Bengaluru,SELF_EMPLOYED,51,rohan.446@example.test,+917198170602,LOW,Y
C000448,Meera,Ishita Das,Hyderabad,NRI,35,ananya.447@example.test,+918370669447,LOW,Y
C000449,Diya,Kabir Patel,Kochi,NRI,76,rohan.448@example.test,+919070250864,LOW,Y
C000450,Ishita,Nisha Sharma,Ahmedabad,RETIRED,59,nisha.449@example.test,+918926542933,UNKNOWN,N
C000451,Arjun,Aarav Sharma,Kochi,NRI,22,ananya.450@example.test,+917915168696,MEDIUM,N
C000452,Sara,Kabir Patel,Ahmedabad,RETIRED,62,ishita.451@example.test,+917154596847,MEDIUM,Y
C000453,Arjun,Nisha Nair,Ahmedabad,SALARIED,46,ishita.452@example.test,+919159499625,UNKNOWN,N
C000454,Nisha,Ishita Nair,Mumbai,SELF_EMPLOYED,76,sara.453@example.test,+917370872843,LOW,Y
C000455,Nisha,Diya Das,Hyderabad,NRI,73,arjun.454@example.test,+917213679474,MEDIUM,N
C000456,Aarav,Rohan Das,Pune,NRI,49,vikram.455@example.test,+919412370668,MEDIUM,Y
C000457,Vikram,Ishita Nair,Hyderabad,RETIRED,52,sara.456@example.test,+919914154056,MEDIUM,N
C000458,Ishita,Aarav Iyer,Ahmedabad,NRI,69,dev.457@example.test,+918244265501,LOW,N
C000459,Ishita,Kabir Khan,Bengaluru,SALARIED,56,ishita.458@example.test,+919835358940,LOW,N
C000460,Ishita,Rohan Nair,Ahmedabad,NRI,34,sara.459@example.test,+918853646757,MEDIUM,N
C000461,Kabir,Diya Das,Delhi,SALARIED,58,rohan.460@example.test,+919615630947,LOW,Y
C000462,Ananya,Sara Das,Hyderabad,SELF_EMPLOYED,72,aarav.461@example.test,+919127748585,HIGH,N
C000463,Kabir,Diya Das,Pune,RETIRED,46,rohan.462@example.test,+918043191412,MEDIUM,Y
C000464,Dev,Diya Nair,Kolkata,SELF_EMPLOYED,21,nisha.463@example.test,+919653612543,MEDIUM,Y
C000465,Meera,Dev Nair,Delhi,SELF_EMPLOYED,37,aarav.464@example.test,+917405161100,HIGH,N
C000466,Nisha,Ananya Iyer,Kochi,SELF_EMPLOYED,26,kabir.465@example.test,+917408400006,HIGH,N
C000467,Rohan,Sara Nair,Jaipur,SELF_EMPLOYED,76,ishita.466@example.test,+919209458928,UNKNOWN,Y
C000468,Sara,Sara Iyer,Pune,RETIRED,37,dev.467@example.test,+917143361811,HIGH,N
C000469,Kabir,Meera Patel,Kochi,SME,70,sara.468@example.test,+919982927459,UNKNOWN,N
C000470,Ananya,Sara Nair,Delhi,NRI,28,ishita.469@example.test,+919723339699,MEDIUM,N
C000471,Vikram,Meera Iyer,Hyderabad,SME,39,rohan.470@example.test,+919193688459,UNKNOWN,N
C000472,Kabir,Diya Khan,Chennai,SELF_EMPLOYED,68,ishita.471@example.test,+917838405663,UNKNOWN,N
C000473,Ishita,Rohan Sharma,Bengaluru,SELF_EMPLOYED,63,aarav.472@example.test,+919030303774,MEDIUM,N
C000474,Diya,Sara Khan,Bengaluru,SELF_EMPLOYED,75,sara.473@example.test,+918052443433,LOW,N
C000475,Vikram,Diya Das,Pune,SME,61,dev.474@example.test,+919932224309,LOW,Y
C000476,Diya,Sara Das,Ahmedabad,SME,48,meera.475@example.test,+918305997913,HIGH,N
C000477,Rohan,Meera Khan,Kochi,NRI,68,nisha.476@example.test,+917549184753,HIGH,N
C000478,Diya,Kabir Das,Mumbai,SME,27,vikram.477@example.test,+918334621843,MEDIUM,Y
C000479,Dev,Rohan Khan,Mumbai,NRI,48,ishita.478@example.test,+919794010677,MEDIUM,Y
C000480,Rohan,Diya Patel,Hyderabad,SALARIED,39,aarav.479@example.test,+919971898261,UNKNOWN,N
C000481,Ananya,Vikram Iyer,Hyderabad,SME,47,nisha.480@example.test,+919810598020,UNKNOWN,Y
C000482,Ananya,Ishita Khan,Bengaluru,SALARIED,69,rohan.481@example.test,+917222093544,MEDIUM,Y
C000483,Aarav,Diya Das,Kochi,NRI,54,kabir.482@example.test,+918066651604,MEDIUM,N
C000484,Arjun,Meera Iyer,Mumbai,RETIRED,56,ishita.483@example.test,+918494894061,LOW,N
C000485,Kabir,Aarav Patel,Hyderabad,SALARIED,62,rohan.484@example.test,+919473804357,LOW,Y
C000486,Dev,Rohan Iyer,Bengaluru,RETIRED,60,ananya.485@example.test,+917470616863,MEDIUM,N
C000487,Sara,Arjun Das,Bengaluru,NRI,26,ananya.486@example.test,+917807501031,MEDIUM,N
C000488,Aarav,Kabir Das,Kolkata,NRI,67,,+919973160175,MEDIUM,N
C000489,Vikram,Ishita Khan,Kolkata,NRI,51,arjun.488@example.test,+918921310013,HIGH,N
C000490,Ananya,Aarav Das,Kolkata,SME,40,ananya.489@example.test,+919611098059,UNKNOWN,N
C000491,Dev,Diya Patel,Kolkata,SALARIED,25,ananya.490@example.test,+919579181979,MEDIUM,Y
C000492,Ishita,Arjun Khan,Jaipur,NRI,56,dev.491@example.test,+917863903576,HIGH,Y
C000493,Vikram,Nisha Khan,Delhi,NRI,26,rohan.492@example.test,+919860707580,LOW,N
C000494,Nisha,Vikram Nair,Delhi,NRI,53,vikram.493@example.test,+917150650944,HIGH,N
C000495,Aarav,Sara Nair,Chennai,SALARIED,25,arjun.494@example.test,+919785304466,UNKNOWN,Y
C000496,Meera,Vikram Nair,Pune,SME,36,aarav.495@example.test,+917685975957,UNKNOWN,Y
C000497,Ishita,Ishita Nair,Bengaluru,SALARIED,66,ananya.496@example.test,+917458399960,UNKNOWN,N
C000498,Kabir,Dev Patel,Chennai,RETIRED,64,rohan.497@example.test,+917824433464,UNKNOWN,N
C000499,Nisha,Sara Iyer,Delhi,SALARIED,27,aarav.498@example.test,+918669952061,UNKNOWN,N
C000500,Nisha,Kabir Das,Hyderabad,SELF_EMPLOYED,54,meera.499@example.test,+918120410332,LOW,Y
C000501,Vikram,Meera Khan,Ahmedabad,RETIRED,35,meera.500@example.test,+919482318816,HIGH,N
C000502,Kabir,Sara Patel,Delhi,SME,68,meera.501@example.test,+917243260624,UNKNOWN,N
C000503,Meera,Aarav Nair,Chennai,NRI,56,ananya.502@example.test,+918463292256,UNKNOWN,Y
C000504,Nisha,Ananya Khan,Kochi,SELF_EMPLOYED,54,aarav.503@example.test,+919864795689,MEDIUM,N
C000505,Kabir,Diya Sharma,Pune,RETIRED,40,meera.504@example.test,+919001207317,UNKNOWN,Y
C000506,Aarav,Vikram Nair,Kochi,NRI,71,kabir.505@example.test,+918699847617,MEDIUM,N
C000507,Ishita,Arjun Nair,Kochi,RETIRED,37,vikram.506@example.test,+918716079758,UNKNOWN,N
C000508,Kabir,Rohan Nair,Mumbai,SELF_EMPLOYED,64,nisha.507@example.test,+918940369246,UNKNOWN,N
C000509,Dev,Diya Nair,Bengaluru,NRI,55,ishita.508@example.test,+917746945414,LOW,N
C000510,Nisha,Dev Nair,Bengaluru,SELF_EMPLOYED,22,dev.509@example.test,+918996961548,MEDIUM,N
C000511,Aarav,Ananya Khan,Jaipur,NRI,57,ishita.510@example.test,+917716362240,LOW,N
C000512,Ananya,Diya Patel,Chennai,RETIRED,25,rohan.511@example.test,+917562505198,LOW,N
C000513,Diya,Dev Patel,Pune,SALARIED,60,meera.512@example.test,+919609408906,UNKNOWN,Y
C000514,Ananya,Nisha Patel,Bengaluru,NRI,75,meera.513@example.test,+918166319269,LOW,N
C000515,Nisha,Diya Sharma,Pune,SME,41,bad-email,+919056674195,LOW,N
C000516,Sara,Meera Sharma,Kochi,SELF_EMPLOYED,33,dev.515@example.test,+917197325976,HIGH,N
C000517,Aarav,Sara Khan,Kolkata,NRI,38,kabir.516@example.test,+919087658972,HIGH,N
C000518,Meera,Arjun Nair,Hyderabad,RETIRED,23,ananya.517@example.test,+917935086167,LOW,N
C000519,Arjun,Sara Nair,Kochi,RETIRED,63,rohan.518@example.test,+919946891607,MEDIUM,N
C000520,Aarav,Aarav Iyer,Jaipur,RETIRED,37,rohan.519@example.test,+918990782550,LOW,N
C000521,Ishita,Ishita Iyer,Pune,NRI,77,ishita.520@example.test,+918568544820,HIGH,N
C000522,Kabir,Arjun Nair,Kolkata,SALARIED,59,dev.521@example.test,+919745345420,MEDIUM,N
C000523,Arjun,Dev Das,Kolkata,SALARIED,31,meera.522@example.test,+919580574870,UNKNOWN,N
C000524,Ishita,Kabir Patel,Kochi,SALARIED,66,ananya.523@example.test,+918751307586,HIGH,N
C000525,Ananya,Rohan Das,Delhi,SELF_EMPLOYED,69,ananya.524@example.test,+918307468324,HIGH,Y
C000526,Diya,Kabir Nair,Kochi,SALARIED,69,diya.525@example.test,+918031130642,LOW,Y
C000527,Diya,Sara Khan,Bengaluru,RETIRED,73,ishita.526@example.test,+917811428934,UNKNOWN,Y
C000528,Arjun,Ananya Nair,Pune,RETIRED,64,vikram.527@example.test,+917011052166,MEDIUM,Y
C000529,Kabir,Vikram Sharma,Jaipur,SME,31,vikram.528@example.test,+919925207783,UNKNOWN,N
C000530,Diya,Diya Nair,Bengaluru,SELF_EMPLOYED,37,rohan.529@example.test,+917223641575,HIGH,N
C000531,Arjun,Nisha Khan,Chennai,SALARIED,54,meera.530@example.test,+918999233790,UNKNOWN,Y
C000532,Kabir,Dev Sharma,Ahmedabad,SALARIED,27,sara.531@example.test,+918696052229,HIGH,N
C000533,Sara,Meera Das,Delhi,RETIRED,22,sara.532@example.test,+919810411218,LOW,N
C000534,Sara,Diya Das,Kochi,SME,61,nisha.533@example.test,+917771728903,UNKNOWN,N
C000535,Ishita,Kabir Sharma,Mumbai,SELF_EMPLOYED,69,meera.534@example.test,+918904474547,LOW,N
C000536,Nisha,Diya Das,Hyderabad,SALARIED,46,sara.535@example.test,+917536867108,UNKNOWN,N
C000537,Sara,Diya Khan,Hyderabad,SELF_EMPLOYED,72,aarav.536@example.test,+919979792607,MEDIUM,N
C000538,Ananya,Rohan Iyer,Hyderabad,NRI,37,sara.537@example.test,+919398464777,LOW,N
C000539,Diya,Dev Iyer,Mumbai,RETIRED,72,rohan.538@example.test,+917389455221,HIGH,N
C000540,Sara,Aarav Sharma,Kolkata,SALARIED,28,aarav.539@example.test,+918251052027,HIGH,N
C000541,Ananya,Diya Khan,Ahmedabad,NRI,43,nisha.540@example.test,+918045036404,HIGH,N
C000542,Arjun,Ananya Sharma,Ahmedabad,RETIRED,69,ishita.541@example.test,+919813950110,HIGH,N
C000543,Vikram,Sara Nair,Chennai,NRI,47,dev.542@example.test,+917182080261,UNKNOWN,N
C000544,Arjun,Ishita Iyer,Kochi,SELF_EMPLOYED,39,nisha.543@example.test,+919408280560,LOW,N
C000545,Aarav,Dev Patel,Bengaluru,NRI,35,meera.544@example.test,+917449315259,HIGH,N
C000546,Vikram,Arjun Das,Kolkata,SME,26,diya.545@example.test,+919005775192,LOW,N
C000547,Ishita,Dev Das,Chennai,SALARIED,75,meera.546@example.test,+918187524294,UNKNOWN,N
C000548,Vikram,Ananya Nair,Pune,SALARIED,48,ananya.547@example.test,+918957696624,MEDIUM,N
C000549,Dev,Nisha Khan,Kolkata,NRI,55,sara.548@example.test,+919102742805,HIGH,N
C000550,Diya,Rohan Patel,Pune,SELF_EMPLOYED,28,aarav.549@example.test,+917600922189,LOW,N
C000551,Ishita,Sara Sharma,Kochi,SELF_EMPLOYED,68,arjun.550@example.test,+918517065399,HIGH,N
C000552,Ananya,Aarav Khan,Mumbai,SME,70,kabir.551@example.test,+918504099254,HIGH,Y
C000553,Rohan,Arjun Iyer,Jaipur,RETIRED,53,nisha.552@example.test,+919263665134,MEDIUM,N
C000554,Kabir,Aarav Das,Mumbai,SME,63,rohan.553@example.test,+919005739452,HIGH,Y
C000555,Arjun,Ishita Sharma,Chennai,SME,60,ananya.554@example.test,+919921040781,HIGH,N
C000556,Vikram,Rohan Nair,Kochi,RETIRED,40,aarav.555@example.test,+919130428296,HIGH,N
C000557,Ananya,Vikram Das,Kochi,RETIRED,60,sara.556@example.test,+917830307505,LOW,Y
C000558,Arjun,Sara Das,Ahmedabad,SELF_EMPLOYED,60,diya.557@example.test,+919266796590,UNKNOWN,Y
C000559,Vikram,Meera Iyer,Ahmedabad,NRI,30,meera.558@example.test,+917856550516,LOW,N
C000560,Arjun,Arjun Nair,Mumbai,RETIRED,44,rohan.559@example.test,+919918185914,UNKNOWN,N
C000561,Vikram,Vikram Sharma,Jaipur,SELF_EMPLOYED,60,sara.560@example.test,+917582685786,LOW,N
C000562,Ananya,Meera Iyer,Delhi,SME,50,ananya.561@example.test,+919879601913,LOW,N
C000563,Rohan,Ananya Patel,Delhi,SALARIED,25,kabir.562@example.test,+917947457577,UNKNOWN,Y
C000564,Aarav,Aarav Sharma,Ahmedabad,SME,49,meera.563@example.test,+918157375518,UNKNOWN,N
C000565,Sara,Diya Iyer,Bengaluru,SELF_EMPLOYED,48,kabir.564@example.test,+917965662175,MEDIUM,Y
C000566,Ishita,Ishita Patel,Delhi,SALARIED,61,kabir.565@example.test,+919136906826,MEDIUM,Y
C000567,Diya,Rohan Patel,Delhi,SALARIED,68,sara.566@example.test,+918375970184,UNKNOWN,N
C000568,Aarav,Dev Patel,Mumbai,SALARIED,65,dev.567@example.test,+918849135013,HIGH,Y
C000569,Dev,Arjun Sharma,Kochi,RETIRED,59,kabir.568@example.test,+919721213936,MEDIUM,Y
C000570,Dev,Vikram Patel,Delhi,RETIRED,42,meera.569@example.test,+917542085388,HIGH,N
C000571,Dev,Nisha Das,Hyderabad,SME,28,sara.570@example.test,+917580217637,LOW,Y
C000572,Ananya,Diya Iyer,Jaipur,SME,74,dev.571@example.test,+919083877870,LOW,N
C000573,Dev,Dev Sharma,Mumbai,SALARIED,57,aarav.572@example.test,+918118869122,LOW,N
C000574,Sara,Dev Sharma,Bengaluru,SELF_EMPLOYED,29,meera.573@example.test,+917616596140,LOW,N
C000575,Vikram,Ananya Iyer,Pune,SALARIED,30,sara.574@example.test,+917647062809,HIGH,N
C000576,Dev,Sara Das,Kolkata,NRI,28,vikram.575@example.test,+918862732182,MEDIUM,N
C000577,Ananya,Meera Iyer,Ahmedabad,SME,36,ishita.576@example.test,+918174158773,UNKNOWN,Y
C000578,Kabir,Diya Iyer,Kolkata,NRI,24,ananya.577@example.test,+919503347652,UNKNOWN,Y
C000579,Arjun,Dev Das,Delhi,RETIRED,65,meera.578@example.test,+917913817727,MEDIUM,N
C000580,Nisha,Ishita Nair,Delhi,SELF_EMPLOYED,68,ananya.579@example.test,+919673134151,HIGH,N
C000581,Ananya,Rohan Iyer,Hyderabad,SALARIED,24,meera.580@example.test,+919172287090,LOW,Y
C000582,Sara,Ananya Patel,Jaipur,NRI,63,sara.581@example.test,+919576783904,LOW,N
C000583,Meera,Sara Khan,Jaipur,SELF_EMPLOYED,76,sara.582@example.test,+917906264895,UNKNOWN,Y
C000584,Nisha,Ishita Nair,Chennai,NRI,52,arjun.583@example.test,+918348255780,LOW,N
C000585,Ananya,Dev Iyer,Bengaluru,SME,75,rohan.584@example.test,+918540340576,MEDIUM,Y
C000586,Meera,Ananya Das,Jaipur,RETIRED,71,ananya.585@example.test,+918040618546,UNKNOWN,N
C000587,Ishita,Arjun Sharma,Kochi,NRI,70,ananya.586@example.test,+917132375474,UNKNOWN,Y
C000588,Meera,Aarav Iyer,Jaipur,RETIRED,53,nisha.587@example.test,+919610960181,LOW,Y
C000589,Aarav,Diya Sharma,Chennai,NRI,68,ananya.588@example.test,+918025323097,LOW,Y
C000590,Rohan,Aarav Patel,Mumbai,RETIRED,70,ananya.589@example.test,+919552317728,LOW,N
C000591,Arjun,Arjun Iyer,Mumbai,SELF_EMPLOYED,27,sara.590@example.test,+918978440481,MEDIUM,Y
C000592,Arjun,Meera Khan,Ahmedabad,SELF_EMPLOYED,44,aarav.591@example.test,+919342300406,MEDIUM,N
C000593,Meera,Aarav Nair,Kochi,SME,61,ishita.592@example.test,+919159947434,MEDIUM,Y
C000594,Sara,Vikram Khan,Ahmedabad,SELF_EMPLOYED,65,,+919204300295,LOW,N
C000595,Meera,Diya Sharma,Ahmedabad,NRI,67,kabir.594@example.test,+917675619566,HIGH,Y
C000596,Diya,Aarav Patel,Chennai,SALARIED,41,diya.595@example.test,+919308707308,LOW,N
C000597,Ananya,Arjun Nair,Mumbai,SALARIED,35,aarav.596@example.test,+919818622518,MEDIUM,N
C000598,Ananya,Kabir Khan,Chennai,SME,25,aarav.597@example.test,+918204102909,UNKNOWN,N
C000599,Meera,Arjun Khan,Mumbai,SALARIED,22,nisha.598@example.test,+917216208342,UNKNOWN,Y
C000600,Sara,Arjun Nair,Jaipur,RETIRED,27,kabir.599@example.test,+919684942838,HIGH,N
C000601,Dev,Sara Nair,Hyderabad,SELF_EMPLOYED,44,aarav.600@example.test,+917505780608,MEDIUM,N
C000602,Arjun,Nisha Das,Delhi,SALARIED,47,dev.601@example.test,+919191459442,HIGH,N
C000603,Vikram,Ananya Sharma,Pune,RETIRED,69,sara.602@example.test,+918018777654,UNKNOWN,N
C000604,Rohan,Ananya Nair,Mumbai,RETIRED,49,kabir.603@example.test,+919386635522,HIGH,N
C000605,Vikram,Sara Patel,Kolkata,RETIRED,26,kabir.604@example.test,+919743628729,UNKNOWN,N
C000606,Ananya,Arjun Patel,Delhi,RETIRED,41,aarav.605@example.test,+919508169418,HIGH,N
C000607,Rohan,Sara Khan,Kolkata,RETIRED,39,meera.606@example.test,+918427066242,UNKNOWN,N
C000608,Kabir,Ishita Iyer,Delhi,SALARIED,51,arjun.607@example.test,+918778528241,UNKNOWN,N
C000609,Diya,Ishita Patel,Kolkata,SME,59,aarav.608@example.test,+918698455565,HIGH,Y
C000610,Diya,Diya Nair,Hyderabad,SELF_EMPLOYED,28,nisha.609@example.test,+919873690187,UNKNOWN,N
C000611,Meera,Rohan Nair,Kochi,NRI,37,meera.610@example.test,+917918882462,LOW,N
C000612,Rohan,Diya Das,Jaipur,SME,68,nisha.611@example.test,+918976259888,HIGH,N
C000613,Rohan,Rohan Nair,Jaipur,SME,61,sara.612@example.test,+917245352542,MEDIUM,N
C000614,Kabir,Rohan Sharma,Kolkata,SALARIED,54,rohan.613@example.test,+917117401207,MEDIUM,N
C000615,Ishita,Arjun Sharma,Chennai,SALARIED,61,diya.614@example.test,+918063576655,MEDIUM,Y
C000616,Diya,Sara Das,Bengaluru,SELF_EMPLOYED,48,meera.615@example.test,+919529234419,HIGH,N
C000617,Kabir,Vikram Sharma,Ahmedabad,SALARIED,48,dev.616@example.test,+918629904452,HIGH,Y
C000618,Arjun,Dev Das,Pune,NRI,34,sara.617@example.test,+918154655131,MEDIUM,Y
C000619,Diya,Ishita Khan,Mumbai,SME,42,ananya.618@example.test,+917787940203,HIGH,N
C000620,Diya,Diya Iyer,Pune,NRI,71,arjun.619@example.test,+919666564961,MEDIUM,N
C000621,Nisha,Meera Iyer,Bengaluru,NRI,51,nisha.620@example.test,+917342664336,LOW,N
C000622,Dev,Ishita Iyer,Kolkata,SALARIED,59,sara.621@example.test,+917180127917,MEDIUM,Y
C000623,Aarav,Dev Khan,Jaipur,NRI,72,ananya.622@example.test,,HIGH,N
C000624,Vikram,Sara Das,Kochi,SALARIED,70,ishita.623@example.test,+919017008315,UNKNOWN,Y
C000625,Arjun,Dev Sharma,Hyderabad,RETIRED,35,rohan.624@example.test,+919043261236,UNKNOWN,N
C000626,Aarav,Nisha Das,Mumbai,RETIRED,73,diya.625@example.test,+919374811329,UNKNOWN,N
C000627,Ananya,Nisha Iyer,Delhi,SME,52,vikram.626@example.test,+919496212191,LOW,N
C000628,Nisha,Sara Das,Hyderabad,NRI,25,diya.627@example.test,+917298891063,LOW,N
C000629,Nisha,Arjun Iyer,Chennai,SME,47,aarav.628@example.test,+917328101331,HIGH,Y
C000630,Sara,Sara Patel,Jaipur,SALARIED,67,nisha.629@example.test,+919565606949,LOW,Y
C000631,Diya,Dev Nair,Chennai,RETIRED,22,nisha.630@example.test,+918906782953,MEDIUM,N
C000632,Meera,Ananya Nair,Ahmedabad,SALARIED,53,sara.631@example.test,+918546797459,HIGH,N
C000633,Dev,Ananya Patel,Delhi,NRI,73,rohan.632@example.test,+917894553488,MEDIUM,N
C000634,Sara,Ishita Nair,Pune,SALARIED,25,rohan.633@example.test,+919476098711,HIGH,N
C000635,Vikram,Aarav Khan,Jaipur,SELF_EMPLOYED,66,sara.634@example.test,+918744065951,HIGH,N
C000636,Dev,Nisha Sharma,Delhi,SME,56,arjun.635@example.test,+919194728517,MEDIUM,N
C000637,Aarav,Sara Khan,Bengaluru,SELF_EMPLOYED,47,meera.636@example.test,+919643683080,MEDIUM,N
C000638,Aarav,Ananya Sharma,Bengaluru,SALARIED,32,arjun.637@example.test,+918794380641,LOW,Y
C000639,Arjun,Diya Khan,Delhi,RETIRED,34,rohan.638@example.test,+918518777591,LOW,Y
C000640,Rohan,Diya Khan,Chennai,SALARIED,51,sara.639@example.test,+919305566791,MEDIUM,N
C000641,Vikram,Arjun Nair,Chennai,NRI,23,sara.640@example.test,+918095207426,UNKNOWN,N
C000642,Sara,Aarav Das,Hyderabad,SME,32,kabir.641@example.test,+919833561155,UNKNOWN,N
C000643,Ananya,Vikram Khan,Chennai,SALARIED,41,vikram.642@example.test,+918651210435,MEDIUM,N
C000644,Dev,Dev Patel,Hyderabad,RETIRED,42,arjun.643@example.test,+918369264666,MEDIUM,Y
C000645,Rohan,Dev Iyer,Jaipur,SME,72,ananya.644@example.test,+917381039868,HIGH,N
C000646,Arjun,Sara Iyer,Delhi,SALARIED,49,diya.645@example.test,+919359226396,HIGH,N
C000647,Nisha,Diya Nair,Kolkata,RETIRED,46,ananya.646@example.test,+917534479615,HIGH,N
C000648,Nisha,Diya Patel,Delhi,SALARIED,57,aarav.647@example.test,+918553628103,HIGH,N
C000649,Meera,Sara Iyer,Kochi,SELF_EMPLOYED,50,ishita.648@example.test,+917082449076,UNKNOWN,N
C000650,Dev,Nisha Patel,Kochi,SME,75,dev.649@example.test,+918195999055,LOW,N
C000651,Vikram,Ananya Khan,Kolkata,SALARIED,57,vikram.650@example.test,+917674751096,MEDIUM,Y
C000652,Diya,Sara Sharma,Mumbai,SME,56,vikram.651@example.test,+919263437904,LOW,N
C000653,Diya,Arjun Khan,Ahmedabad,SELF_EMPLOYED,21,ishita.652@example.test,+918675479108,HIGH,N
C000654,Diya,Ishita Khan,Hyderabad,RETIRED,62,meera.653@example.test,+917516269950,LOW,N
C000655,Sara,Arjun Das,Kochi,RETIRED,28,ishita.654@example.test,+918333733211,MEDIUM,Y
C000656,Ishita,Aarav Sharma,Kochi,NRI,71,ananya.655@example.test,+918493385940,UNKNOWN,N
C000657,Nisha,Vikram Sharma,Kochi,NRI,47,sara.656@example.test,+917994900536,LOW,Y
C000658,Ishita,Diya Patel,Hyderabad,SME,37,kabir.657@example.test,+917601835860,LOW,N
C000659,Dev,Aarav Sharma,Pune,SME,61,nisha.658@example.test,+918422152063,LOW,Y
C000660,Arjun,Ananya Sharma,Mumbai,SALARIED,48,ananya.659@example.test,+918788740825,LOW,Y
C000661,Kabir,Nisha Patel,Jaipur,SELF_EMPLOYED,31,ishita.660@example.test,+918430132118,MEDIUM,N
C000662,Vikram,Nisha Patel,Delhi,NRI,60,rohan.661@example.test,+919259518991,UNKNOWN,N
C000663,Diya,Rohan Khan,Jaipur,RETIRED,67,ishita.662@example.test,+919813495514,HIGH,N
C000664,Sara,Meera Das,Jaipur,RETIRED,74,aarav.663@example.test,+919159550836,UNKNOWN,N
C000665,Aarav,Meera Sharma,Mumbai,SALARIED,52,kabir.664@example.test,+919453783365,MEDIUM,N
C000666,Nisha,Diya Nair,Pune,SME,50,ananya.665@example.test,+918130260530,HIGH,N
C000667,Dev,Vikram Khan,Mumbai,SELF_EMPLOYED,23,vikram.666@example.test,+919257740151,HIGH,Y
C000668,Ananya,Rohan Iyer,Kolkata,SELF_EMPLOYED,39,nisha.667@example.test,+917951293316,LOW,Y
C000669,Ananya,Rohan Nair,Hyderabad,SME,58,ananya.668@example.test,+919333632368,HIGH,Y
C000670,Ananya,Dev Sharma,Hyderabad,RETIRED,48,arjun.669@example.test,+917932418364,LOW,N
C000671,Arjun,Sara Khan,Kolkata,SALARIED,28,ananya.670@example.test,+919421886287,LOW,N
C000672,Sara,Sara Nair,Hyderabad,SALARIED,77,vikram.671@example.test,+918884863037,MEDIUM,Y
C000673,Diya,Arjun Iyer,Kochi,SME,62,meera.672@example.test,+917749200675,HIGH,Y
C000674,Dev,Rohan Iyer,Chennai,RETIRED,37,vikram.673@example.test,+919789347743,HIGH,N
C000675,Sara,Diya Nair,Mumbai,SELF_EMPLOYED,56,arjun.674@example.test,+917834442960,HIGH,Y
C000676,Diya,Meera Sharma,Kolkata,RETIRED,77,vikram.675@example.test,+918327790362,UNKNOWN,Y
C000677,Kabir,Dev Patel,Chennai,SME,35,kabir.676@example.test,+918978585833,LOW,N
C000678,Aarav,Nisha Sharma,Chennai,SALARIED,35,dev.677@example.test,+917591582602,HIGH,Y
C000679,Rohan,Sara Das,Mumbai,SELF_EMPLOYED,36,ishita.678@example.test,+918411570341,HIGH,Y
C000680,Rohan,Nisha Sharma,Ahmedabad,SELF_EMPLOYED,36,sara.679@example.test,+917652981179,UNKNOWN,N
C000681,Nisha,Meera Sharma,Delhi,NRI,33,sara.680@example.test,+919343657033,UNKNOWN,N
C000682,Kabir,Kabir Nair,Pune,RETIRED,60,dev.681@example.test,+917869729166,MEDIUM,N
C000683,Rohan,Sara Khan,Kochi,NRI,52,aarav.682@example.test,+917594964667,LOW,N
C000684,Ananya,Nisha Khan,Bengaluru,SELF_EMPLOYED,47,meera.683@example.test,+919321570160,UNKNOWN,N
C000685,Nisha,Rohan Patel,Bengaluru,SALARIED,73,kabir.684@example.test,+919126330856,MEDIUM,Y
C000686,Ishita,Ananya Iyer,Delhi,SME,74,aarav.685@example.test,+918392416377,LOW,Y
C000687,Sara,Ananya Khan,Bengaluru,SALARIED,54,diya.686@example.test,+917389435761,UNKNOWN,N
C000688,Rohan,Sara Patel,Jaipur,SME,44,diya.687@example.test,+917453996658,MEDIUM,N
C000689,Ananya,Kabir Khan,Jaipur,RETIRED,50,dev.688@example.test,+919131668328,UNKNOWN,N
C000690,Rohan,Dev Nair,Pune,RETIRED,60,kabir.689@example.test,+917976559701,MEDIUM,Y
C000691,Dev,Arjun Khan,Delhi,SELF_EMPLOYED,21,arjun.690@example.test,+918337342847,UNKNOWN,Y
C000692,Arjun,Nisha Nair,Hyderabad,SME,30,ananya.691@example.test,+918467994945,UNKNOWN,Y
C000693,Arjun,Meera Patel,Ahmedabad,SME,29,ishita.692@example.test,+918504800501,MEDIUM,N
C000694,Rohan,Ananya Khan,Kochi,NRI,36,dev.693@example.test,+917647374392,UNKNOWN,N
C000695,Rohan,Dev Iyer,Mumbai,RETIRED,25,arjun.694@example.test,+918572763605,LOW,N
C000696,Sara,Dev Nair,Mumbai,RETIRED,66,aarav.695@example.test,+918319063433,MEDIUM,Y
C000697,Meera,Meera Patel,Pune,RETIRED,33,aarav.696@example.test,+917550035267,MEDIUM,N
C000698,Meera,Rohan Sharma,Pune,SME,24,nisha.697@example.test,+917197839726,UNKNOWN,Y
C000699,Sara,Vikram Patel,Jaipur,SME,61,dev.698@example.test,+919373889091,UNKNOWN,N
C000700,Meera,Rohan Patel,Mumbai,SALARIED,24,rohan.699@example.test,+919757208077,MEDIUM,N
C000701,Vikram,Sara Iyer,Chennai,SME,41,ananya.700@example.test,+918933443696,LOW,N
C000702,Rohan,Ananya Khan,Jaipur,SME,64,ananya.701@example.test,+919787416772,MEDIUM,N
C000703,Vikram,Diya Sharma,Kochi,SALARIED,60,aarav.702@example.test,+919386043811,HIGH,N
C000704,Meera,Dev Iyer,Kochi,SME,22,nisha.703@example.test,+918564683372,HIGH,N
C000705,Vikram,Vikram Sharma,Mumbai,RETIRED,69,diya.704@example.test,+917576538313,HIGH,Y
C000706,Kabir,Ananya Khan,Ahmedabad,SALARIED,31,vikram.705@example.test,+918374736001,LOW,N
C000707,Kabir,Kabir Patel,Kochi,NRI,71,diya.706@example.test,+919209129177,UNKNOWN,Y
C000708,Arjun,Rohan Khan,Hyderabad,NRI,69,ananya.707@example.test,+917832442865,HIGH,Y
C000709,Kabir,Arjun Iyer,Kolkata,SME,68,dev.708@example.test,+919877585927,HIGH,N
C000710,Rohan,Nisha Nair,Chennai,SELF_EMPLOYED,50,ananya.709@example.test,+919657480880,UNKNOWN,N
C000711,Diya,Nisha Sharma,Kochi,SELF_EMPLOYED,61,meera.710@example.test,+919862061867,LOW,Y
C000712,Dev,Ishita Sharma,Pune,SME,21,vikram.711@example.test,+919734842618,HIGH,N
C000713,Nisha,Ishita Iyer,Bengaluru,SALARIED,36,vikram.712@example.test,+917847303009,LOW,N
C000714,Rohan,Meera Das,Jaipur,SALARIED,44,dev.713@example.test,+917796109187,LOW,N
C000715,Arjun,Ananya Patel,Hyderabad,SALARIED,48,kabir.714@example.test,+917002072819,LOW,Y
C000716,Rohan,Rohan Nair,Kolkata,SELF_EMPLOYED,22,kabir.715@example.test,+918695263618,MEDIUM,N
C000717,Rohan,Arjun Iyer,Hyderabad,SME,54,aarav.716@example.test,+919407266118,LOW,Y
C000718,Ananya,Diya Sharma,Mumbai,SALARIED,70,diya.717@example.test,+917756448680,LOW,N
C000719,Rohan,Sara Patel,Mumbai,SELF_EMPLOYED,27,ishita.718@example.test,+917243436603,HIGH,N
C000720,Diya,Diya Nair,Delhi,SELF_EMPLOYED,28,,+917904744786,HIGH,N
C000721,Nisha,Dev Nair,Hyderabad,NRI,56,aarav.720@example.test,+917939537366,HIGH,N
C000722,Ishita,Sara Das,Chennai,SELF_EMPLOYED,67,ishita.721@example.test,+917474946688,MEDIUM,N
C000723,Diya,Meera Sharma,Ahmedabad,NRI,47,meera.722@example.test,+918093099762,UNKNOWN,Y
C000724,Ishita,Vikram Patel,Kochi,SELF_EMPLOYED,39,rohan.723@example.test,+918344328269,MEDIUM,Y
C000725,Arjun,Dev Khan,Bengaluru,SME,59,kabir.724@example.test,+917805512929,MEDIUM,N
C000726,Rohan,Dev Sharma,Kochi,SELF_EMPLOYED,56,nisha.725@example.test,+919578787945,HIGH,N
C000727,Ananya,Aarav Nair,Chennai,SME,24,aarav.726@example.test,+919595861986,MEDIUM,N
C000728,Rohan,Ananya Nair,Hyderabad,SME,22,rohan.727@example.test,+919881805435,HIGH,N
C000729,Ishita,Sara Nair,Ahmedabad,SALARIED,55,arjun.728@example.test,+918652955427,LOW,Y
C000730,Diya,Sara Sharma,Jaipur,NRI,73,sara.729@example.test,+918813006757,MEDIUM,N
C000731,Rohan,Sara Iyer,Pune,SME,58,vikram.730@example.test,+917764357090,HIGH,N
C000732,Aarav,Diya Sharma,Kolkata,SELF_EMPLOYED,24,nisha.731@example.test,+919692706247,UNKNOWN,N
C000733,Arjun,Dev Iyer,Delhi,SELF_EMPLOYED,48,diya.732@example.test,+919845926882,UNKNOWN,N
C000734,Arjun,Aarav Nair,Kolkata,SALARIED,59,,+918190611035,LOW,N
C000735,Diya,Dev Iyer,Bengaluru,SELF_EMPLOYED,37,kabir.734@example.test,+918950454268,HIGH,N
C000736,Meera,Kabir Iyer,Hyderabad,SME,62,aarav.735@example.test,+917330293321,UNKNOWN,Y
C000737,Arjun,Kabir Sharma,Bengaluru,NRI,44,ananya.736@example.test,+917660802010,HIGH,N
C000738,Nisha,Kabir Patel,Chennai,SALARIED,64,dev.737@example.test,+918062259263,LOW,N
C000739,Dev,Vikram Nair,Bengaluru,SELF_EMPLOYED,59,dev.738@example.test,+919148660881,UNKNOWN,N
C000740,Ishita,Kabir Khan,Jaipur,SELF_EMPLOYED,25,diya.739@example.test,+917799703169,HIGH,N
C000741,Ananya,Nisha Iyer,Ahmedabad,SALARIED,70,sara.740@example.test,+918305390474,LOW,N
C000742,Ishita,Rohan Iyer,Ahmedabad,NRI,66,aarav.741@example.test,+917807526130,HIGH,Y
C000743,Rohan,Nisha Iyer,Bengaluru,SME,52,ishita.742@example.test,+919865498792,MEDIUM,N
C000744,Diya,Aarav Sharma,Bengaluru,NRI,70,rohan.743@example.test,+918957675753,LOW,N
C000745,Meera,Dev Patel,Ahmedabad,SME,29,vikram.744@example.test,+919813602015,UNKNOWN,N
C000746,Sara,Meera Khan,Delhi,RETIRED,57,sara.745@example.test,+917298440092,MEDIUM,N
C000747,Meera,Vikram Patel,Delhi,RETIRED,33,rohan.746@example.test,+919600076532,LOW,N
C000748,Aarav,Rohan Sharma,Kolkata,SME,67,arjun.747@example.test,+918497739253,HIGH,N
C000749,Sara,Rohan Sharma,Hyderabad,SME,33,aarav.748@example.test,+919876991833,UNKNOWN,N
C000750,Rohan,Ishita Patel,Kolkata,SALARIED,51,meera.749@example.test,+918784078459,HIGH,N
C000751,Dev,Rohan Sharma,Kochi,SME,26,ananya.750@example.test,+917548582982,HIGH,Y
C000752,Ishita,Aarav Khan,Delhi,SALARIED,48,ishita.751@example.test,+918002178401,LOW,Y
C000753,Dev,Diya Iyer,Bengaluru,SALARIED,46,dev.752@example.test,+919596567740,LOW,Y
C000754,Vikram,Dev Khan,Mumbai,SALARIED,74,dev.753@example.test,+918905609141,HIGH,N
C000755,Kabir,Dev Das,Ahmedabad,SME,50,meera.754@example.test,+919488735634,MEDIUM,N
C000756,Rohan,Ananya Nair,Mumbai,NRI,25,meera.755@example.test,+917219807789,HIGH,N
C000757,Kabir,Dev Patel,Kochi,SELF_EMPLOYED,66,aarav.756@example.test,+918680263615,MEDIUM,N
C000758,Ishita,Meera Patel,Mumbai,SME,68,ananya.757@example.test,+917089603746,HIGH,N
C000759,Nisha,Nisha Iyer,Kolkata,NRI,37,diya.758@example.test,+918757677005,MEDIUM,N
C000760,Meera,Dev Khan,Jaipur,NRI,35,ananya.759@example.test,+917585332648,MEDIUM,Y
C000761,Sara,Meera Das,Kochi,RETIRED,59,dev.760@example.test,+917699637903,UNKNOWN,N
C000762,Arjun,Rohan Das,Chennai,SALARIED,72,kabir.761@example.test,+917698068103,HIGH,N
C000763,Arjun,Ishita Khan,Chennai,RETIRED,46,sara.762@example.test,+919613155220,HIGH,N
C000764,Kabir,Ananya Nair,Bengaluru,SELF_EMPLOYED,46,sara.763@example.test,+917794188992,LOW,N
C000765,Kabir,Ananya Das,Hyderabad,NRI,21,ishita.764@example.test,+918790287776,MEDIUM,N
C000766,Diya,Meera Das,Pune,RETIRED,38,rohan.765@example.test,+919933131281,MEDIUM,Y
C000767,Aarav,Rohan Sharma,Pune,SALARIED,27,vikram.766@example.test,+917505149577,LOW,N
C000768,Rohan,Rohan Khan,Kochi,SME,32,vikram.767@example.test,+917315327626,LOW,N
C000769,Dev,Ishita Iyer,Jaipur,SELF_EMPLOYED,26,nisha.768@example.test,+917418915697,HIGH,N
C000770,Diya,Arjun Das,Delhi,SALARIED,21,nisha.769@example.test,+917818287263,LOW,N
C000771,Arjun,Arjun Patel,Chennai,RETIRED,71,ananya.770@example.test,+917607815555,HIGH,N
C000772,Ananya,Nisha Khan,Hyderabad,NRI,69,bad-email,+917781762618,HIGH,N
C000773,Rohan,Sara Patel,Mumbai,RETIRED,55,aarav.772@example.test,+919717472527,LOW,Y
C000774,Rohan,Rohan Nair,Ahmedabad,SME,29,kabir.773@example.test,+917963975790,LOW,N
C000775,Diya,Kabir Khan,Kolkata,SALARIED,60,dev.774@example.test,+918297860814,UNKNOWN,N
C000776,Rohan,Sara Patel,Bengaluru,RETIRED,60,arjun.775@example.test,+918752524506,LOW,N
C000777,Ishita,Ananya Khan,Ahmedabad,SELF_EMPLOYED,77,meera.776@example.test,+918647412619,HIGH,N
C000778,Aarav,Rohan Patel,Ahmedabad,RETIRED,26,arjun.777@example.test,+918608726835,MEDIUM,Y
C000779,Vikram,Sara Das,Bengaluru,SALARIED,32,meera.778@example.test,+918665133881,MEDIUM,N
C000780,Dev,Aarav Iyer,Chennai,SELF_EMPLOYED,57,ishita.779@example.test,+917783994634,HIGH,Y
C000781,Aarav,Diya Patel,Hyderabad,SALARIED,23,ananya.780@example.test,+918725876541,HIGH,Y
C000782,Vikram,Meera Patel,Pune,RETIRED,77,diya.781@example.test,+918666924682,MEDIUM,N
C000783,Dev,Aarav Das,Chennai,SME,45,sara.782@example.test,+919489977862,LOW,N
C000784,Meera,Vikram Patel,Kolkata,SME,71,vikram.783@example.test,+919904221642,HIGH,N
C000785,Ananya,Meera Iyer,Pune,NRI,73,ishita.784@example.test,+917154469467,HIGH,N
C000786,Arjun,Diya Iyer,Chennai,NRI,66,dev.785@example.test,+917212965910,MEDIUM,N
C000787,Ishita,Dev Khan,Chennai,RETIRED,65,ananya.786@example.test,+918331210127,HIGH,N
C000788,Arjun,Aarav Das,Kolkata,SME,46,dev.787@example.test,+917903953749,HIGH,N
C000789,Sara,Sara Nair,Bengaluru,SALARIED,45,ananya.788@example.test,+919439327342,UNKNOWN,N
C000790,Dev,Diya Das,Kolkata,SALARIED,24,ishita.789@example.test,+918003548614,MEDIUM,N
C000791,Sara,Ananya Das,Kochi,NRI,76,kabir.790@example.test,+919747677139,UNKNOWN,N
C000792,Kabir,Diya Sharma,Delhi,SME,29,aarav.791@example.test,+918228245993,HIGH,Y
C000793,Ishita,Ananya Sharma,Bengaluru,SALARIED,69,arjun.792@example.test,+919180531074,UNKNOWN,Y
C000794,Sara,Diya Sharma,Chennai,SELF_EMPLOYED,55,arjun.793@example.test,+917633221720,MEDIUM,N
C000795,Nisha,Arjun Khan,Bengaluru,SELF_EMPLOYED,30,aarav.794@example.test,+917676202293,LOW,N
C000796,Aarav,Meera Das,Kochi,SALARIED,61,ananya.795@example.test,+917767604935,HIGH,N
C000797,Meera,Ananya Khan,Hyderabad,SELF_EMPLOYED,40,ananya.796@example.test,+918736341251,MEDIUM,N
C000798,Dev,Aarav Nair,Kochi,SELF_EMPLOYED,22,dev.797@example.test,+919243535845,MEDIUM,N
C000799,Nisha,Aarav Iyer,Jaipur,SALARIED,22,aarav.798@example.test,+917669325761,MEDIUM,N
C000800,Meera,Diya Iyer,Jaipur,SELF_EMPLOYED,74,vikram.799@example.test,+919440145373,MEDIUM,N
C000801,Ananya,Ishita Das,Mumbai,NRI,27,ishita.800@example.test,+918673858185,MEDIUM,Y
C000802,Dev,Meera Nair,Kolkata,NRI,49,aarav.801@example.test,+917961470340,MEDIUM,N
C000803,Rohan,Kabir Das,Kochi,SALARIED,41,nisha.802@example.test,+919885402260,LOW,N
C000804,Ishita,Ishita Nair,Delhi,SME,62,sara.803@example.test,+919245104690,LOW,N
C000805,Ishita,Dev Patel,Hyderabad,RETIRED,46,vikram.804@example.test,+918919994503,LOW,N
C000806,Meera,Ananya Nair,Mumbai,NRI,21,kabir.805@example.test,+917547956529,HIGH,N
C000807,Arjun,Rohan Das,Mumbai,RETIRED,25,diya.806@example.test,+919565814963,MEDIUM,Y
C000808,Aarav,Vikram Das,Kochi,SALARIED,26,vikram.807@example.test,+919968582338,UNKNOWN,Y
C000809,Vikram,Kabir Das,Ahmedabad,SELF_EMPLOYED,34,dev.808@example.test,+917051150106,UNKNOWN,N
C000810,Rohan,Nisha Patel,Jaipur,RETIRED,65,diya.809@example.test,+918306504700,UNKNOWN,N
C000811,Dev,Diya Nair,Pune,SELF_EMPLOYED,61,arjun.810@example.test,+918457439974,LOW,Y
C000812,Rohan,Rohan Khan,Chennai,RETIRED,59,arjun.811@example.test,+917665079331,LOW,N
C000813,Vikram,Nisha Khan,Mumbai,NRI,44,kabir.812@example.test,+919024789568,MEDIUM,N
C000814,Vikram,Meera Khan,Ahmedabad,NRI,62,ananya.813@example.test,+917198198647,MEDIUM,N
C000815,Kabir,Vikram Nair,Kochi,SELF_EMPLOYED,74,diya.814@example.test,+918273756882,HIGH,N
C000816,Arjun,Rohan Patel,Chennai,SME,47,nisha.815@example.test,+918567174397,LOW,N
C000817,Nisha,Diya Khan,Chennai,RETIRED,30,rohan.816@example.test,+918597533782,UNKNOWN,N
C000818,Sara,Rohan Khan,Bengaluru,SELF_EMPLOYED,34,sara.817@example.test,+919699699360,MEDIUM,N
C000819,Ishita,Ananya Khan,Delhi,NRI,76,kabir.818@example.test,+918814085566,LOW,Y
C000820,Ananya,Sara Patel,Kolkata,SME,22,aarav.819@example.test,+918233899463,LOW,N
C000821,Aarav,Meera Iyer,Pune,RETIRED,42,kabir.820@example.test,+919081704445,HIGH,N
C000822,Diya,Arjun Khan,Kochi,NRI,45,dev.821@example.test,+918049744788,UNKNOWN,Y
C000823,Dev,Kabir Sharma,Ahmedabad,NRI,52,ananya.822@example.test,+919949720420,MEDIUM,Y
C000824,Arjun,Meera Khan,Pune,RETIRED,54,diya.823@example.test,+918402030393,HIGH,N
C000825,Ananya,Rohan Nair,Chennai,SALARIED,52,rohan.824@example.test,+917778872295,LOW,N
C000826,Dev,Ananya Patel,Jaipur,NRI,38,aarav.825@example.test,+919015433165,MEDIUM,N
C000827,Nisha,Nisha Nair,Kochi,NRI,21,ishita.826@example.test,+917284365017,HIGH,N
C000828,Meera,Rohan Sharma,Chennai,SELF_EMPLOYED,41,sara.827@example.test,+918902522981,LOW,N
C000829,Meera,Rohan Nair,Hyderabad,SME,42,arjun.828@example.test,+919532484004,MEDIUM,N
C000830,Arjun,Diya Das,Kochi,SME,72,arjun.829@example.test,+917082135136,LOW,N
C000831,Nisha,Sara Das,Kolkata,SALARIED,74,vikram.830@example.test,+917500678308,HIGH,N
C000832,Diya,Vikram Patel,Pune,SALARIED,66,arjun.831@example.test,+917892271105,LOW,N
C000833,Dev,Vikram Das,Jaipur,SME,74,nisha.832@example.test,+919582196988,HIGH,Y
C000834,Dev,Dev Khan,Bengaluru,SALARIED,29,ishita.833@example.test,+919964690590,HIGH,Y
C000835,Aarav,Sara Nair,Delhi,SELF_EMPLOYED,26,meera.834@example.test,+917274838376,LOW,N
C000836,Meera,Nisha Patel,Mumbai,RETIRED,74,nisha.835@example.test,+917415387321,UNKNOWN,N
C000837,Dev,Kabir Das,Pune,SALARIED,28,sara.836@example.test,+919403906759,HIGH,N
C000838,Rohan,Rohan Patel,Pune,SELF_EMPLOYED,27,diya.837@example.test,+917567724589,MEDIUM,N
C000839,Nisha,Dev Patel,Hyderabad,RETIRED,61,dev.838@example.test,+918952277670,LOW,N
C000840,Vikram,Dev Iyer,Pune,SME,51,,+918660755486,HIGH,N
C000841,Rohan,Diya Patel,Ahmedabad,SELF_EMPLOYED,53,rohan.840@example.test,+918292365810,HIGH,N
C000842,Aarav,Nisha Sharma,Kochi,SALARIED,57,diya.841@example.test,+918445076303,LOW,N
C000843,Sara,Ishita Iyer,Delhi,SME,61,kabir.842@example.test,+918478462255,LOW,N
C000844,Nisha,Ishita Patel,Hyderabad,RETIRED,42,aarav.843@example.test,+917003827271,UNKNOWN,N
C000845,Dev,Sara Iyer,Kochi,SALARIED,45,rohan.844@example.test,+918082104649,UNKNOWN,N
C000846,Kabir,Ishita Patel,Ahmedabad,RETIRED,75,nisha.845@example.test,+918295394400,UNKNOWN,N
C000847,Ishita,Sara Sharma,Bengaluru,RETIRED,24,kabir.846@example.test,+919051677232,LOW,N
C000848,Sara,Ananya Das,Pune,RETIRED,70,rohan.847@example.test,+919927719162,UNKNOWN,N
C000849,Diya,Dev Iyer,Kochi,SELF_EMPLOYED,52,meera.848@example.test,+918030984700,UNKNOWN,N
C000850,Nisha,Nisha Iyer,Kolkata,RETIRED,76,sara.849@example.test,+919123035282,UNKNOWN,N
C000851,Dev,Rohan Patel,Mumbai,NRI,76,sara.850@example.test,+919582145046,MEDIUM,N
C000852,Vikram,Sara Patel,Ahmedabad,RETIRED,49,dev.851@example.test,+919946751968,HIGH,N
C000853,Vikram,Vikram Patel,Bengaluru,SALARIED,42,rohan.852@example.test,+917101814363,HIGH,N
C000854,Meera,Ishita Patel,Ahmedabad,SME,24,aarav.853@example.test,+918061132295,HIGH,N
C000855,Diya,Ananya Khan,Bengaluru,NRI,57,arjun.854@example.test,+918703720361,MEDIUM,N
C000856,Diya,Rohan Khan,Ahmedabad,SME,62,nisha.855@example.test,+918890894237,UNKNOWN,N
C000857,Vikram,Kabir Das,Chennai,NRI,49,ishita.856@example.test,+918695079432,MEDIUM,N
C000858,Kabir,Kabir Khan,Jaipur,RETIRED,51,vikram.857@example.test,+919711106024,LOW,N
C000859,Vikram,Diya Patel,Hyderabad,SALARIED,75,arjun.858@example.test,+919406847291,MEDIUM,N
C000860,Rohan,Meera Iyer,Pune,NRI,37,ishita.859@example.test,+918267339646,LOW,N
C000861,Nisha,Dev Khan,Delhi,SME,33,aarav.860@example.test,+919318309139,UNKNOWN,N
C000862,Ishita,Meera Nair,Pune,SELF_EMPLOYED,55,dev.861@example.test,+917880557794,UNKNOWN,N
C000863,Kabir,Rohan Nair,Delhi,RETIRED,53,dev.862@example.test,+917621914330,MEDIUM,Y
C000864,Dev,Ishita Das,Kochi,SME,25,sara.863@example.test,+917677130557,UNKNOWN,N
C000865,Vikram,Arjun Sharma,Ahmedabad,RETIRED,32,rohan.864@example.test,+917442947078,LOW,N
C000866,Ishita,Ishita Sharma,Hyderabad,SELF_EMPLOYED,38,aarav.865@example.test,+918809194755,HIGH,Y
C000867,Sara,Ananya Khan,Kochi,SELF_EMPLOYED,25,aarav.866@example.test,+918826652421,HIGH,N
C000868,Ananya,Rohan Nair,Mumbai,SME,66,rohan.867@example.test,+917644132755,LOW,Y
C000869,Rohan,Sara Das,Pune,NRI,28,vikram.868@example.test,+919811944277,UNKNOWN,N
C000870,Ananya,Diya Sharma,Ahmedabad,SME,48,aarav.869@example.test,+919453970598,MEDIUM,N
C000871,Ananya,Sara Das,Delhi,SALARIED,51,ananya.870@example.test,+917490707789,UNKNOWN,Y
C000872,Meera,Rohan Patel,Hyderabad,SELF_EMPLOYED,22,kabir.871@example.test,+918080188582,UNKNOWN,N
C000873,Dev,Dev Khan,Kochi,RETIRED,69,sara.872@example.test,+919679791286,LOW,N
C000874,Arjun,Ananya Das,Jaipur,NRI,56,ananya.873@example.test,+917851297568,MEDIUM,N
C000875,Vikram,Nisha Khan,Chennai,SALARIED,33,meera.874@example.test,+918608204752,LOW,N
C000876,Ananya,Diya Iyer,Kochi,NRI,68,diya.875@example.test,+919681785579,MEDIUM,N
C000877,Sara,Diya Das,Chennai,SALARIED,44,rohan.876@example.test,+919993377313,MEDIUM,N
C000878,Ananya,Meera Nair,Bengaluru,SELF_EMPLOYED,76,vikram.877@example.test,+917612074228,UNKNOWN,N
C000879,Ishita,Diya Iyer,Bengaluru,NRI,53,arjun.878@example.test,+917888678036,LOW,Y
C000880,Ananya,Vikram Iyer,Hyderabad,SALARIED,58,meera.879@example.test,+919444001703,LOW,N
C000881,Dev,Sara Iyer,Chennai,SALARIED,69,diya.880@example.test,+918750228178,HIGH,N
C000882,Meera,Nisha Das,Kochi,RETIRED,44,dev.881@example.test,+918377336667,HIGH,N
C000883,Dev,Kabir Sharma,Jaipur,NRI,73,nisha.882@example.test,+917938842088,MEDIUM,N
C000884,Vikram,Rohan Das,Kochi,NRI,35,arjun.883@example.test,+917206562577,LOW,N
C000885,Diya,Dev Das,Mumbai,RETIRED,67,meera.884@example.test,+917199067595,LOW,Y
C000886,Aarav,Arjun Sharma,Jaipur,SME,51,dev.885@example.test,+918949542346,UNKNOWN,Y
C000887,Diya,Nisha Nair,Chennai,NRI,38,vikram.886@example.test,+917044125415,UNKNOWN,N
C000888,Nisha,Vikram Das,Bengaluru,SME,75,ananya.887@example.test,+919467232389,HIGH,Y
C000889,Arjun,Rohan Sharma,Mumbai,SME,52,dev.888@example.test,+919132891080,HIGH,N
C000890,Kabir,Sara Nair,Hyderabad,NRI,35,kabir.889@example.test,+919695242130,HIGH,N
C000891,Dev,Meera Iyer,Mumbai,RETIRED,46,rohan.890@example.test,+917488327269,LOW,N
C000892,Vikram,Arjun Patel,Jaipur,RETIRED,33,dev.891@example.test,+919058476852,UNKNOWN,N
C000893,Ishita,Sara Khan,Chennai,SELF_EMPLOYED,54,ananya.892@example.test,+917493466983,HIGH,Y
C000894,Diya,Ananya Khan,Bengaluru,RETIRED,68,meera.893@example.test,+917278651160,HIGH,N
C000895,Sara,Ishita Iyer,Ahmedabad,NRI,73,diya.894@example.test,+918990347893,MEDIUM,Y
C000896,Arjun,Aarav Iyer,Hyderabad,RETIRED,53,ananya.895@example.test,+919386920826,HIGH,Y
C000897,Diya,Rohan Sharma,Mumbai,SELF_EMPLOYED,63,ananya.896@example.test,+917303034815,LOW,Y
C000898,Ishita,Ananya Iyer,Hyderabad,SME,31,kabir.897@example.test,+917462818961,LOW,Y
C000899,Ishita,Diya Patel,Kolkata,NRI,39,sara.898@example.test,+919455374415,UNKNOWN,N
C000900,Ishita,Ananya Sharma,Kolkata,NRI,56,sara.899@example.test,+919560166600,UNKNOWN,N
C000901,Dev,Rohan Khan,Pune,RETIRED,27,,+917341937139,HIGH,Y
C000902,Diya,Rohan Das,Kochi,SALARIED,70,meera.901@example.test,+918326916284,HIGH,N
C000903,Kabir,Dev Patel,Kochi,SELF_EMPLOYED,52,ishita.902@example.test,+919816318437,LOW,N
C000904,Ishita,Rohan Iyer,Bengaluru,SALARIED,61,rohan.903@example.test,+918770428806,UNKNOWN,N
C000905,Ananya,Kabir Khan,Hyderabad,SME,30,sara.904@example.test,+918335635152,HIGH,Y
C000906,Diya,Sara Das,Kochi,NRI,61,meera.905@example.test,+918069126190,HIGH,N
C000907,Diya,Arjun Patel,Mumbai,RETIRED,55,diya.906@example.test,+918886812216,MEDIUM,Y
C000908,Kabir,Nisha Khan,Kolkata,RETIRED,51,ishita.907@example.test,+917049933589,MEDIUM,Y
C000909,Meera,Meera Das,Ahmedabad,SME,67,ananya.908@example.test,+918184676981,MEDIUM,Y
C000910,Aarav,Kabir Nair,Jaipur,SME,72,arjun.909@example.test,+919314218360,LOW,N
C000911,Vikram,Arjun Sharma,Kochi,NRI,23,rohan.910@example.test,+918667858070,UNKNOWN,N
C000912,Dev,Sara Iyer,Kolkata,NRI,24,rohan.911@example.test,+919224008379,MEDIUM,N
C000913,Rohan,Diya Patel,Delhi,NRI,42,rohan.912@example.test,+918197558735,UNKNOWN,N
C000914,Ishita,Kabir Sharma,Bengaluru,NRI,65,diya.913@example.test,+918639245425,HIGH,N
C000915,Sara,Ishita Patel,Ahmedabad,RETIRED,51,sara.914@example.test,+919373869553,MEDIUM,N
C000916,Ishita,Kabir Das,Kolkata,NRI,66,rohan.915@example.test,+917109310432,HIGH,N
C000917,Nisha,Rohan Iyer,Kolkata,RETIRED,48,aarav.916@example.test,+919954183585,HIGH,N
C000918,Diya,Meera Das,Pune,NRI,22,dev.917@example.test,+917628850111,LOW,N
C000919,Ishita,Vikram Sharma,Hyderabad,SALARIED,77,dev.918@example.test,+919874106256,MEDIUM,N
C000920,Aarav,Meera Patel,Hyderabad,RETIRED,60,vikram.919@example.test,+917821787585,LOW,Y
C000921,Ishita,Ananya Iyer,Bengaluru,SME,41,ananya.920@example.test,+919947223187,UNKNOWN,N
C000922,Meera,Rohan Sharma,Hyderabad,SELF_EMPLOYED,40,diya.921@example.test,+917836833325,LOW,Y
C000923,Dev,Sara Patel,Delhi,SELF_EMPLOYED,46,aarav.922@example.test,+919401638275,UNKNOWN,Y
C000924,Kabir,Vikram Patel,Mumbai,SALARIED,74,aarav.923@example.test,+917075451355,MEDIUM,N
C000925,Arjun,Ishita Das,Delhi,NRI,54,aarav.924@example.test,+919887387567,UNKNOWN,N
C000926,Ishita,Aarav Khan,Pune,NRI,40,ananya.925@example.test,+919010236883,MEDIUM,N
C000927,Aarav,Ishita Iyer,Bengaluru,NRI,39,sara.926@example.test,+919639024263,LOW,N
C000928,Nisha,Rohan Khan,Delhi,RETIRED,63,diya.927@example.test,+917177267757,MEDIUM,N
C000929,Dev,Dev Das,Mumbai,RETIRED,76,vikram.928@example.test,+919938234668,MEDIUM,Y
C000930,Ananya,Ananya Sharma,Chennai,SME,76,arjun.929@example.test,+917140331722,MEDIUM,Y
C000931,Diya,Kabir Iyer,Kolkata,SELF_EMPLOYED,66,diya.930@example.test,+917611577163,HIGH,N
C000932,Dev,Ananya Sharma,Pune,SELF_EMPLOYED,72,ananya.931@example.test,+917598743485,LOW,N
C000933,Arjun,Meera Nair,Delhi,SALARIED,75,rohan.932@example.test,+919177611012,MEDIUM,N
C000934,Rohan,Sara Das,Hyderabad,RETIRED,61,kabir.933@example.test,,UNKNOWN,N
C000935,Ishita,Sara Das,Ahmedabad,RETIRED,63,nisha.934@example.test,+919649204731,MEDIUM,N
C000936,Aarav,Diya Sharma,Bengaluru,SME,49,diya.935@example.test,+917332390053,LOW,N
C000937,Sara,Aarav Khan,Mumbai,SME,44,nisha.936@example.test,+917474269080,LOW,N
C000938,Nisha,Vikram Patel,Ahmedabad,SELF_EMPLOYED,21,nisha.937@example.test,+918170107326,UNKNOWN,N
C000939,Dev,Diya Patel,Bengaluru,SME,74,aarav.938@example.test,+918547149340,HIGH,Y
C000940,Kabir,Dev Khan,Pune,NRI,64,meera.939@example.test,+917724559212,MEDIUM,N
C000941,Nisha,Dev Patel,Delhi,SELF_EMPLOYED,72,kabir.940@example.test,+917327101425,UNKNOWN,N
C000942,Kabir,Ananya Iyer,Kolkata,SELF_EMPLOYED,22,kabir.941@example.test,+917994515990,LOW,N
C000943,Aarav,Vikram Sharma,Kolkata,RETIRED,31,sara.942@example.test,+917515781247,MEDIUM,N
C000944,Aarav,Ananya Patel,Ahmedabad,RETIRED,59,sara.943@example.test,+919163987039,LOW,N
C000945,Kabir,Rohan Khan,Kolkata,SME,72,sara.944@example.test,+918593733821,HIGH,Y
C000946,Rohan,Nisha Das,Pune,RETIRED,61,rohan.945@example.test,+918906199571,MEDIUM,N
C000947,Meera,Sara Sharma,Ahmedabad,SALARIED,74,vikram.946@example.test,+919506506385,HIGH,Y
C000948,Vikram,Kabir Iyer,Delhi,NRI,69,dev.947@example.test,+917543182438,LOW,N
C000949,Arjun,Vikram Sharma,Bengaluru,SELF_EMPLOYED,27,aarav.948@example.test,+917410348084,HIGH,N
C000950,Nisha,Dev Patel,Kolkata,SELF_EMPLOYED,46,aarav.949@example.test,+917942941395,UNKNOWN,N
C000951,Ananya,Vikram Das,Pune,SALARIED,48,rohan.950@example.test,+917624493017,HIGH,N
C000952,Kabir,Ananya Iyer,Mumbai,SALARIED,29,vikram.951@example.test,+918192953370,UNKNOWN,Y
C000953,Ishita,Meera Iyer,Delhi,SELF_EMPLOYED,36,meera.952@example.test,+917326886941,HIGH,N
C000954,Arjun,Rohan Khan,Hyderabad,SELF_EMPLOYED,49,rohan.953@example.test,+919334663769,LOW,N
C000955,Sara,Kabir Khan,Delhi,SELF_EMPLOYED,60,ananya.954@example.test,+917031496634,UNKNOWN,Y
C000956,Ananya,Diya Iyer,Mumbai,SALARIED,40,diya.955@example.test,+917254398367,UNKNOWN,N
C000957,Sara,Rohan Sharma,Kochi,SELF_EMPLOYED,31,nisha.956@example.test,+919941413754,UNKNOWN,N
C000958,Dev,Kabir Iyer,Hyderabad,SELF_EMPLOYED,27,diya.957@example.test,+919279593753,UNKNOWN,Y
C000959,Vikram,Dev Sharma,Delhi,SALARIED,68,rohan.958@example.test,+917046774050,MEDIUM,N
C000960,Rohan,Diya Das,Chennai,NRI,61,aarav.959@example.test,+917832341618,UNKNOWN,N
C000961,Nisha,Aarav Das,Delhi,SELF_EMPLOYED,37,aarav.960@example.test,+917789916442,MEDIUM,N
C000962,Kabir,Rohan Nair,Delhi,SME,64,aarav.961@example.test,+918898128021,HIGH,N
C000963,Rohan,Rohan Nair,Pune,SALARIED,66,kabir.962@example.test,+919107017162,HIGH,N
C000964,Ananya,Meera Das,Pune,RETIRED,21,ananya.963@example.test,+917731520383,MEDIUM,N
C000965,Vikram,Arjun Das,Mumbai,SME,43,diya.964@example.test,+917253977807,MEDIUM,N
C000966,Diya,Diya Das,Pune,SELF_EMPLOYED,27,kabir.965@example.test,+917560663571,LOW,N
C000967,Ananya,Nisha Khan,Chennai,SELF_EMPLOYED,67,meera.966@example.test,+919586943489,LOW,N
C000968,Nisha,Meera Das,Kochi,SALARIED,72,kabir.967@example.test,+917154619391,LOW,N
C000969,Kabir,Kabir Sharma,Kochi,RETIRED,45,dev.968@example.test,+919139254964,LOW,N
C000970,Ishita,Diya Das,Kolkata,SALARIED,29,aarav.969@example.test,+918687928562,UNKNOWN,N
C000971,Sara,Ananya Das,Bengaluru,SALARIED,49,dev.970@example.test,+919480261027,LOW,Y
C000972,Vikram,Arjun Iyer,Delhi,SELF_EMPLOYED,53,vikram.971@example.test,+919533267318,MEDIUM,N
C000973,Vikram,Meera Khan,Delhi,SALARIED,73,rohan.972@example.test,+917619663652,HIGH,N
C000974,Nisha,Diya Nair,Chennai,RETIRED,21,sara.973@example.test,+918775578654,UNKNOWN,N
C000975,Kabir,Dev Khan,Ahmedabad,SELF_EMPLOYED,22,rohan.974@example.test,+918778451969,LOW,N
C000976,Rohan,Vikram Nair,Jaipur,SALARIED,51,diya.975@example.test,+919806109890,LOW,Y
C000977,Arjun,Dev Khan,Bengaluru,SME,40,rohan.976@example.test,+918634040565,UNKNOWN,N
C000978,Aarav,Vikram Nair,Hyderabad,SME,67,ananya.977@example.test,+918128890297,UNKNOWN,N
C000979,Vikram,Ishita Khan,Pune,SALARIED,46,ananya.978@example.test,+919489277056,LOW,Y
C000980,Arjun,Nisha Das,Chennai,SELF_EMPLOYED,77,vikram.979@example.test,+917030543790,HIGH,Y
C000981,Ananya,Meera Patel,Bengaluru,SME,59,vikram.980@example.test,+919014139256,HIGH,N
C000982,Ananya,Meera Nair,Chennai,NRI,54,ishita.981@example.test,+917968778874,UNKNOWN,N
C000983,Diya,Diya Patel,Hyderabad,SME,74,ananya.982@example.test,+917217261460,MEDIUM,N
C000984,Ananya,Ishita Das,Ahmedabad,RETIRED,42,meera.983@example.test,+919414619096,UNKNOWN,N
C000985,Vikram,Aarav Iyer,Jaipur,NRI,60,rohan.984@example.test,+919698636380,HIGH,N
C000986,Arjun,Ananya Khan,Mumbai,RETIRED,64,meera.985@example.test,+917546400584,HIGH,N
C000987,Nisha,Diya Sharma,Kolkata,SALARIED,24,dev.986@example.test,+918956359043,MEDIUM,Y
C000988,Sara,Vikram Das,Mumbai,NRI,45,ishita.987@example.test,+917740652231,MEDIUM,N
C000989,Rohan,Aarav Khan,Mumbai,RETIRED,75,diya.988@example.test,+919053629363,MEDIUM,N
C000990,Rohan,Meera Sharma,Kochi,NRI,52,sara.989@example.test,+918419616921,UNKNOWN,N
C000991,Vikram,Ananya Nair,Kolkata,SELF_EMPLOYED,77,dev.990@example.test,+918011339718,UNKNOWN,Y
C000992,Diya,Ananya Nair,Kochi,RETIRED,27,diya.991@example.test,+917559838695,MEDIUM,N
C000993,Ishita,Rohan Iyer,Ahmedabad,NRI,53,rohan.992@example.test,+919658635843,UNKNOWN,N
C000994,Kabir,Nisha Nair,Hyderabad,SALARIED,36,rohan.993@example.test,+919183972698,HIGH,N
C000995,Sara,Vikram Patel,Kolkata,SELF_EMPLOYED,45,dev.994@example.test,+917725589978,HIGH,N
C000996,Meera,Ananya Nair,Pune,RETIRED,64,nisha.995@example.test,+919846552159,LOW,N
C000997,Rohan,Sara Khan,Mumbai,SELF_EMPLOYED,31,sara.996@example.test,+917219003043,UNKNOWN,Y
C000998,Ananya,Vikram Sharma,Kolkata,NRI,22,rohan.997@example.test,+919823662032,MEDIUM,Y
C000999,Aarav,Sara Nair,Pune,SME,73,ishita.998@example.test,+918490569935,MEDIUM,Y
C001000,Dev,Vikram Sharma,Delhi,SME,55,aarav.999@example.test,+919192395618,MEDIUM,N
C001001,Vikram,Meera Sharma,Kochi,SME,49,nisha.1000@example.test,+918134265986,MEDIUM,N
C001002,Dev,Nisha Patel,Kochi,SALARIED,65,diya.1001@example.test,+918682892810,MEDIUM,N
C001003,Diya,Diya Sharma,Bengaluru,RETIRED,75,rohan.1002@example.test,+917741710340,UNKNOWN,Y
C001004,Ananya,Rohan Das,Kolkata,SME,56,vikram.1003@example.test,+918741679902,UNKNOWN,N
C001005,Sara,Ishita Das,Ahmedabad,SME,40,arjun.1004@example.test,+919042328585,LOW,N
C001006,Ananya,Kabir Nair,Kochi,SALARIED,70,vikram.1005@example.test,+917463986947,HIGH,N
C001007,Ishita,Aarav Patel,Mumbai,SELF_EMPLOYED,22,kabir.1006@example.test,+919125894201,LOW,N
C001008,Kabir,Diya Das,Delhi,SELF_EMPLOYED,47,aarav.1007@example.test,+919366585901,UNKNOWN,N
C001009,Aarav,Vikram Iyer,Delhi,RETIRED,53,ishita.1008@example.test,+918134564838,LOW,N
C001010,Diya,Ananya Iyer,Bengaluru,SALARIED,75,aarav.1009@example.test,+917527010206,UNKNOWN,N
C001011,Kabir,Kabir Nair,Kolkata,SALARIED,45,nisha.1010@example.test,+918770288878,MEDIUM,N
C001012,Ananya,Ishita Iyer,Hyderabad,SME,69,arjun.1011@example.test,+918063048282,UNKNOWN,N
C001013,Meera,Ishita Patel,Kochi,NRI,42,rohan.1012@example.test,+917480319994,UNKNOWN,N
C001014,Meera,Kabir Das,Kolkata,SALARIED,65,vikram.1013@example.test,+919415348562,HIGH,N
C001015,Diya,Nisha Khan,Hyderabad,RETIRED,69,kabir.1014@example.test,+919900514845,MEDIUM,N
C001016,Meera,Vikram Nair,Hyderabad,RETIRED,24,rohan.1015@example.test,+918733950838,UNKNOWN,Y
C001017,Kabir,Diya Sharma,Kochi,NRI,26,vikram.1016@example.test,+919854654993,HIGH,N
C001018,Nisha,Kabir Khan,Mumbai,NRI,47,ananya.1017@example.test,+918960237272,MEDIUM,N
C001019,Ishita,Nisha Sharma,Jaipur,RETIRED,59,aarav.1018@example.test,+919767762994,UNKNOWN,Y
C001020,Aarav,Aarav Das,Mumbai,SALARIED,27,sara.1019@example.test,+919083043410,UNKNOWN,N
C001021,Sara,Ishita Das,Hyderabad,NRI,32,ananya.1020@example.test,+917174562020,MEDIUM,Y
C001022,Ananya,Dev Khan,Hyderabad,SELF_EMPLOYED,27,ishita.1021@example.test,+917365565474,MEDIUM,N
C001023,Nisha,Dev Das,Jaipur,SALARIED,56,rohan.1022@example.test,+917255077930,MEDIUM,N
C001024,Meera,Dev Sharma,Delhi,SME,63,nisha.1023@example.test,+918704005428,LOW,N
C001025,Sara,Aarav Iyer,Ahmedabad,SELF_EMPLOYED,70,diya.1024@example.test,+919791530035,UNKNOWN,N
C001026,Sara,Vikram Patel,Ahmedabad,SELF_EMPLOYED,53,nisha.1025@example.test,+917424666441,UNKNOWN,N
C001027,Ishita,Diya Sharma,Hyderabad,SELF_EMPLOYED,32,arjun.1026@example.test,+919984272837,LOW,N
C001028,Sara,Kabir Khan,Mumbai,RETIRED,27,kabir.1027@example.test,+918158123165,HIGH,N
C001029,Ishita,Sara Sharma,Kochi,SME,75,bad-email,+918299788838,LOW,N
C001030,Aarav,Nisha Khan,Jaipur,SELF_EMPLOYED,40,arjun.1029@example.test,+917377425622,LOW,N
C001031,Diya,Ishita Khan,Pune,SALARIED,32,arjun.1030@example.test,+917708407920,MEDIUM,Y
C001032,Ishita,Vikram Patel,Bengaluru,RETIRED,31,vikram.1031@example.test,+918734598161,UNKNOWN,Y
C001033,Diya,Arjun Patel,Jaipur,SME,57,arjun.1032@example.test,+917101785056,MEDIUM,Y
C001034,Kabir,Kabir Das,Ahmedabad,SELF_EMPLOYED,23,vikram.1033@example.test,+917241645377,LOW,N
C001035,Ishita,Nisha Iyer,Ahmedabad,SME,34,ananya.1034@example.test,+917204600172,LOW,N
C001036,Meera,Aarav Das,Delhi,NRI,67,diya.1035@example.test,+918949491744,MEDIUM,N
C001037,Meera,Rohan Iyer,Bengaluru,SELF_EMPLOYED,36,kabir.1036@example.test,+919781964983,MEDIUM,Y
C001038,Dev,Sara Das,Pune,NRI,25,diya.1037@example.test,+919465246076,HIGH,N
C001039,Sara,Dev Nair,Ahmedabad,NRI,36,rohan.1038@example.test,+919343891932,HIGH,Y
C001040,Rohan,Ishita Patel,Kolkata,SALARIED,67,ananya.1039@example.test,+917687363280,UNKNOWN,Y
C001041,Rohan,Dev Sharma,Pune,RETIRED,57,sara.1040@example.test,+917519194315,HIGH,N
C001042,Vikram,Vikram Iyer,Bengaluru,SELF_EMPLOYED,74,vikram.1041@example.test,+918659438539,UNKNOWN,N
C001043,Rohan,Dev Nair,Delhi,NRI,55,meera.1042@example.test,+919311607384,UNKNOWN,Y
C001044,Kabir,Ishita Das,Kochi,SELF_EMPLOYED,76,ananya.1043@example.test,+919850768770,MEDIUM,N
C001045,Diya,Diya Sharma,Chennai,SELF_EMPLOYED,48,ananya.1044@example.test,+917328130383,MEDIUM,Y
C001046,Dev,Kabir Nair,Delhi,RETIRED,23,nisha.1045@example.test,+918734100638,MEDIUM,Y
C001047,Dev,Rohan Iyer,Ahmedabad,NRI,47,ishita.1046@example.test,+919480208497,UNKNOWN,N
C001048,Dev,Diya Khan,Ahmedabad,RETIRED,47,aarav.1047@example.test,+917791487812,HIGH,Y
C001049,Ishita,Kabir Sharma,Kolkata,SME,45,vikram.1048@example.test,+918914083641,HIGH,N
C001050,Meera,Arjun Khan,Pune,SELF_EMPLOYED,57,meera.1049@example.test,+917190071012,UNKNOWN,N
C001051,Aarav,Nisha Das,Delhi,SME,30,arjun.1050@example.test,+919367194616,HIGH,N
C001052,Rohan,Aarav Khan,Jaipur,SELF_EMPLOYED,21,sara.1051@example.test,+919784445414,LOW,N
C001053,Diya,Aarav Khan,Hyderabad,SALARIED,76,sara.1052@example.test,+919512019841,MEDIUM,N
C001054,Vikram,Vikram Nair,Jaipur,SELF_EMPLOYED,43,ishita.1053@example.test,+919656248131,HIGH,N
C001055,Diya,Nisha Das,Pune,SME,24,kabir.1054@example.test,+917406926656,HIGH,N
C001056,Meera,Aarav Patel,Ahmedabad,SME,42,ishita.1055@example.test,+919355127870,LOW,Y
C001057,Ishita,Ananya Das,Kochi,SME,73,diya.1056@example.test,+917151639328,LOW,N
C001058,Ishita,Ananya Iyer,Ahmedabad,NRI,69,diya.1057@example.test,+918586594714,UNKNOWN,N
C001059,Arjun,Nisha Sharma,Hyderabad,NRI,72,arjun.1058@example.test,+917653198244,MEDIUM,N
C001060,Meera,Diya Das,Jaipur,NRI,62,ishita.1059@example.test,+919062594185,UNKNOWN,N
C001061,Vikram,Meera Das,Jaipur,SELF_EMPLOYED,67,arjun.1060@example.test,+918165984565,HIGH,N
C001062,Aarav,Arjun Khan,Hyderabad,NRI,21,ananya.1061@example.test,+919282352090,HIGH,N
C001063,Rohan,Ananya Patel,Pune,SELF_EMPLOYED,23,vikram.1062@example.test,+919054838869,HIGH,N
C001064,Vikram,Diya Khan,Bengaluru,SELF_EMPLOYED,61,ananya.1063@example.test,+918426213139,HIGH,N
C001065,Diya,Sara Sharma,Ahmedabad,SALARIED,67,ishita.1064@example.test,+919286484020,MEDIUM,N
C001066,Dev,Diya Khan,Kolkata,RETIRED,51,ishita.1065@example.test,+918182865094,LOW,N
C001067,Aarav,Aarav Iyer,Hyderabad,RETIRED,58,aarav.1066@example.test,+919364802528,HIGH,N
C001068,Ishita,Sara Khan,Jaipur,SME,46,vikram.1067@example.test,+919867623157,UNKNOWN,Y
C001069,Kabir,Ananya Patel,Chennai,SME,63,rohan.1068@example.test,+918064621908,MEDIUM,N
C001070,Ishita,Meera Das,Chennai,SELF_EMPLOYED,25,vikram.1069@example.test,+917085550647,HIGH,Y
C001071,Sara,Arjun Nair,Kolkata,SME,62,diya.1070@example.test,+919522491961,HIGH,N
C001072,Ananya,Rohan Khan,Kolkata,SME,55,ananya.1071@example.test,+919743665455,MEDIUM,Y
C001073,Diya,Sara Iyer,Chennai,SALARIED,54,sara.1072@example.test,+919834643746,LOW,N
C001074,Arjun,Ananya Nair,Mumbai,RETIRED,29,aarav.1073@example.test,+919964952879,HIGH,N
C001075,Arjun,Rohan Nair,Jaipur,SELF_EMPLOYED,76,nisha.1074@example.test,+918324175549,UNKNOWN,N
C001076,Ishita,Ananya Patel,Chennai,SELF_EMPLOYED,67,meera.1075@example.test,+917744497285,MEDIUM,N
C001077,Rohan,Rohan Sharma,Pune,SME,59,vikram.1076@example.test,+919063516377,LOW,N
C001078,Ishita,Diya Nair,Pune,RETIRED,23,nisha.1077@example.test,+918136917549,UNKNOWN,N
C001079,Diya,Meera Iyer,Mumbai,SALARIED,57,nisha.1078@example.test,+918586546670,LOW,Y
C001080,Arjun,Sara Patel,Kochi,NRI,63,arjun.1079@example.test,+919417932933,HIGH,N
C001081,Arjun,Diya Khan,Mumbai,SALARIED,51,kabir.1080@example.test,+918114148073,MEDIUM,Y
C001082,Diya,Ishita Sharma,Kolkata,RETIRED,51,dev.1081@example.test,+917113934868,MEDIUM,N
C001083,Aarav,Dev Nair,Pune,SELF_EMPLOYED,61,rohan.1082@example.test,+919732684412,UNKNOWN,N
C001084,Ananya,Ananya Das,Jaipur,NRI,37,ananya.1083@example.test,+918394212000,UNKNOWN,N
C001085,Nisha,Diya Iyer,Kochi,SELF_EMPLOYED,37,arjun.1084@example.test,+918373875699,HIGH,N
C001086,Arjun,Ishita Iyer,Bengaluru,SME,26,sara.1085@example.test,+919720914498,MEDIUM,Y
C001087,Arjun,Ishita Khan,Pune,RETIRED,44,vikram.1086@example.test,+917373867886,MEDIUM,N
C001088,Arjun,Meera Das,Hyderabad,SELF_EMPLOYED,51,ishita.1087@example.test,+919845884197,LOW,N
C001089,Meera,Dev Sharma,Jaipur,NRI,29,arjun.1088@example.test,+917223585449,HIGH,N
C001090,Ishita,Arjun Das,Jaipur,RETIRED,52,meera.1089@example.test,+918720909841,MEDIUM,N
C001091,Arjun,Kabir Iyer,Ahmedabad,NRI,53,arjun.1090@example.test,+919313330143,UNKNOWN,N
C001092,Dev,Meera Das,Delhi,SALARIED,22,dev.1091@example.test,+918047341213,MEDIUM,Y
C001093,Kabir,Dev Das,Bengaluru,NRI,69,vikram.1092@example.test,+918986834352,MEDIUM,Y
C001094,Nisha,Sara Nair,Pune,SALARIED,52,aarav.1093@example.test,+917233041754,UNKNOWN,Y
C001095,Vikram,Aarav Sharma,Mumbai,RETIRED,55,nisha.1094@example.test,+919404635872,LOW,N
C001096,Sara,Diya Sharma,Mumbai,SALARIED,65,arjun.1095@example.test,+917330201051,MEDIUM,N
C001097,Meera,Arjun Iyer,Ahmedabad,SALARIED,63,sara.1096@example.test,+919560901224,MEDIUM,N
C001098,Ananya,Ananya Das,Mumbai,SME,34,sara.1097@example.test,+919401316818,HIGH,N
C001099,Nisha,Ishita Nair,Mumbai,RETIRED,67,ishita.1098@example.test,+919279528434,MEDIUM,N
C001100,Meera,Diya Das,Kolkata,SELF_EMPLOYED,37,ishita.1099@example.test,+917774518791,LOW,N
C001101,Ishita,Meera Iyer,Chennai,RETIRED,44,meera.1100@example.test,+918035832250,UNKNOWN,Y
C001102,Nisha,Rohan Nair,Chennai,SALARIED,36,sara.1101@example.test,+918758968231,UNKNOWN,Y
C001103,Nisha,Arjun Das,Chennai,NRI,47,nisha.1102@example.test,+919854468930,LOW,N
C001104,Vikram,Kabir Sharma,Jaipur,RETIRED,23,vikram.1103@example.test,+917693218071,HIGH,N
C001105,Meera,Ananya Iyer,Hyderabad,RETIRED,30,vikram.1104@example.test,+918194473332,UNKNOWN,N
C001106,Sara,Nisha Nair,Bengaluru,SALARIED,60,dev.1105@example.test,+919691354363,MEDIUM,N
C001107,Arjun,Kabir Das,Mumbai,NRI,25,vikram.1106@example.test,+918166307516,UNKNOWN,Y
C001108,Diya,Ishita Nair,Ahmedabad,SALARIED,65,rohan.1107@example.test,+918434659617,LOW,N
C001109,Dev,Nisha Patel,Ahmedabad,RETIRED,35,aarav.1108@example.test,+919550021620,HIGH,N
C001110,Ananya,Diya Patel,Kochi,RETIRED,23,ishita.1109@example.test,+918088094487,HIGH,N
C001111,Rohan,Rohan Sharma,Delhi,SALARIED,67,diya.1110@example.test,+919755916753,UNKNOWN,N
C001112,Dev,Nisha Sharma,Hyderabad,SME,49,vikram.1111@example.test,+919273259847,MEDIUM,Y
C001113,Nisha,Kabir Sharma,Kochi,RETIRED,58,kabir.1112@example.test,+918646278335,UNKNOWN,N
C001114,Ananya,Rohan Patel,Chennai,SALARIED,45,rohan.1113@example.test,+918565257025,UNKNOWN,N
C001115,Arjun,Rohan Patel,Jaipur,SME,32,meera.1114@example.test,+918169114738,MEDIUM,Y
C001116,Sara,Ananya Iyer,Bengaluru,SME,51,kabir.1115@example.test,+917349675607,UNKNOWN,Y
C001117,Rohan,Kabir Nair,Hyderabad,RETIRED,48,sara.1116@example.test,+917621971775,MEDIUM,N
C001118,Meera,Sara Khan,Hyderabad,SALARIED,65,meera.1117@example.test,+919686938804,LOW,N
C001119,Nisha,Dev Khan,Chennai,NRI,60,nisha.1118@example.test,+919383665625,UNKNOWN,Y
C001120,Aarav,Rohan Iyer,Chennai,SALARIED,54,vikram.1119@example.test,+919076772121,UNKNOWN,Y
C001121,Diya,Kabir Patel,Jaipur,SME,74,nisha.1120@example.test,+917696612229,HIGH,Y
C001122,Kabir,Diya Patel,Kochi,SME,29,vikram.1121@example.test,+919725330967,UNKNOWN,N
C001123,Nisha,Dev Nair,Pune,SELF_EMPLOYED,68,arjun.1122@example.test,+919842495350,HIGH,N
C001124,Meera,Nisha Patel,Mumbai,SME,22,rohan.1123@example.test,+917171232184,LOW,N
C001125,Aarav,Ishita Iyer,Kochi,NRI,52,vikram.1124@example.test,+918827686290,UNKNOWN,Y
C001126,Nisha,Dev Khan,Bengaluru,SALARIED,35,ishita.1125@example.test,+919197458963,LOW,N
C001127,Vikram,Ananya Das,Kolkata,SALARIED,62,vikram.1126@example.test,+918586947443,LOW,N
C001128,Ishita,Dev Patel,Delhi,NRI,73,dev.1127@example.test,+918735995639,UNKNOWN,N
C001129,Arjun,Ishita Patel,Hyderabad,SELF_EMPLOYED,61,dev.1128@example.test,+918741763753,HIGH,N
C001130,Arjun,Diya Nair,Hyderabad,RETIRED,30,rohan.1129@example.test,+918981711053,UNKNOWN,Y
C001131,Dev,Vikram Nair,Delhi,RETIRED,24,kabir.1130@example.test,+918155325865,HIGH,Y
C001132,Nisha,Rohan Patel,Hyderabad,SALARIED,54,aarav.1131@example.test,+919748133883,LOW,N
C001133,Ananya,Arjun Das,Mumbai,SALARIED,58,dev.1132@example.test,+919461334909,HIGH,N
C001134,Aarav,Ishita Das,Ahmedabad,RETIRED,64,kabir.1133@example.test,+919973584870,MEDIUM,N
C001135,Diya,Rohan Khan,Hyderabad,RETIRED,53,sara.1134@example.test,+919908301465,MEDIUM,N
C001136,Kabir,Nisha Sharma,Ahmedabad,SALARIED,61,vikram.1135@example.test,+917168511561,HIGH,Y
C001137,Nisha,Rohan Patel,Pune,NRI,50,dev.1136@example.test,+919988086072,LOW,N
C001138,Arjun,Sara Patel,Bengaluru,RETIRED,26,dev.1137@example.test,+919792681204,HIGH,N
C001139,Kabir,Rohan Das,Kochi,NRI,26,sara.1138@example.test,+917893304877,HIGH,N
C001140,Rohan,Diya Khan,Mumbai,SALARIED,49,rohan.1139@example.test,+917715961214,HIGH,N
C001141,Vikram,Arjun Nair,Chennai,NRI,75,dev.1140@example.test,+919472085053,LOW,N
C001142,Sara,Dev Sharma,Ahmedabad,SELF_EMPLOYED,67,ishita.1141@example.test,+917991156935,UNKNOWN,N
C001143,Sara,Meera Nair,Jaipur,SELF_EMPLOYED,27,ishita.1142@example.test,+919992070970,HIGH,N
C001144,Sara,Meera Patel,Kolkata,SELF_EMPLOYED,34,rohan.1143@example.test,+919880455052,HIGH,Y
C001145,Aarav,Arjun Das,Pune,SELF_EMPLOYED,53,diya.1144@example.test,+918157319345,HIGH,N
C001146,Kabir,Rohan Nair,Kolkata,SME,47,rohan.1145@example.test,+919495618502,HIGH,N
C001147,Aarav,Aarav Das,Ahmedabad,SME,43,sara.1146@example.test,+919063025260,HIGH,N
C001148,Diya,Sara Patel,Delhi,RETIRED,62,kabir.1147@example.test,+919978489661,MEDIUM,N
C001149,Ananya,Diya Iyer,Hyderabad,NRI,60,rohan.1148@example.test,+919301237533,HIGH,N
C001150,Dev,Meera Iyer,Mumbai,SME,35,ishita.1149@example.test,+918336572260,LOW,N
C001151,Diya,Vikram Khan,Bengaluru,RETIRED,65,vikram.1150@example.test,+917939983578,UNKNOWN,N
C001152,Nisha,Vikram Iyer,Mumbai,NRI,48,meera.1151@example.test,+918616908494,LOW,N
C001153,Diya,Aarav Patel,Mumbai,SALARIED,21,diya.1152@example.test,+919206501723,LOW,Y
C001154,Ishita,Meera Iyer,Pune,SME,60,meera.1153@example.test,+918352362320,UNKNOWN,N
C001155,Vikram,Ishita Khan,Hyderabad,RETIRED,28,ishita.1154@example.test,+918258657498,UNKNOWN,Y
C001156,Diya,Ishita Iyer,Mumbai,SELF_EMPLOYED,34,ishita.1155@example.test,+918252669415,LOW,Y
C001157,Aarav,Nisha Sharma,Ahmedabad,SALARIED,37,nisha.1156@example.test,+918408936114,MEDIUM,N
C001158,Kabir,Nisha Sharma,Delhi,SELF_EMPLOYED,25,nisha.1157@example.test,+919594732670,LOW,N
C001159,Sara,Nisha Iyer,Kolkata,SALARIED,22,kabir.1158@example.test,+917972413316,UNKNOWN,Y
C001160,Sara,Dev Patel,Chennai,RETIRED,68,dev.1159@example.test,+918155526052,LOW,N
C001161,Meera,Ananya Khan,Bengaluru,SALARIED,53,rohan.1160@example.test,+918562648738,LOW,Y
C001162,Ishita,Dev Das,Pune,SALARIED,44,aarav.1161@example.test,+919740762395,MEDIUM,Y
C001163,Dev,Ananya Khan,Bengaluru,SELF_EMPLOYED,69,nisha.1162@example.test,+917452034335,MEDIUM,N
C001164,Arjun,Dev Nair,Kolkata,NRI,42,ishita.1163@example.test,+917203565648,HIGH,Y
C001165,Rohan,Diya Khan,Kolkata,RETIRED,55,meera.1164@example.test,+918933032433,MEDIUM,N
C001166,Vikram,Aarav Das,Mumbai,NRI,29,diya.1165@example.test,+917080809950,UNKNOWN,N
C001167,Vikram,Aarav Khan,Bengaluru,SME,32,kabir.1166@example.test,+917940560275,MEDIUM,Y
C001168,Diya,Sara Nair,Ahmedabad,NRI,66,aarav.1167@example.test,+918871674884,HIGH,N
C001169,Vikram,Dev Iyer,Pune,SELF_EMPLOYED,43,kabir.1168@example.test,+919898671606,UNKNOWN,N
C001170,Dev,Ishita Nair,Jaipur,SME,26,ananya.1169@example.test,+917597292954,MEDIUM,N
C001171,Vikram,Kabir Khan,Kolkata,SALARIED,38,nisha.1170@example.test,+918651565261,LOW,N
C001172,Vikram,Aarav Patel,Kochi,SELF_EMPLOYED,53,meera.1171@example.test,+919014108206,UNKNOWN,N
C001173,Aarav,Ishita Patel,Kolkata,SELF_EMPLOYED,29,arjun.1172@example.test,+917355926947,UNKNOWN,Y
C001174,Sara,Kabir Sharma,Hyderabad,RETIRED,41,arjun.1173@example.test,+919803126027,HIGH,N
C001175,Arjun,Kabir Nair,Jaipur,NRI,72,dev.1174@example.test,+918180584678,UNKNOWN,N
C001176,Diya,Diya Iyer,Chennai,SME,52,sara.1175@example.test,+918177500472,LOW,Y
C001177,Vikram,Rohan Das,Kochi,SALARIED,55,meera.1176@example.test,+918738955517,MEDIUM,N
C001178,Kabir,Kabir Khan,Mumbai,NRI,67,meera.1177@example.test,+918231676773,HIGH,Y
C001179,Diya,Rohan Sharma,Bengaluru,SME,43,ananya.1178@example.test,+918135819761,MEDIUM,N
C001180,Nisha,Rohan Iyer,Kochi,SME,22,ananya.1179@example.test,+917079707633,UNKNOWN,N
C001181,Kabir,Meera Patel,Mumbai,SELF_EMPLOYED,52,ishita.1180@example.test,+918416709315,UNKNOWN,Y
C001182,Diya,Meera Khan,Mumbai,NRI,71,rohan.1181@example.test,+919887857433,HIGH,N
C001183,Nisha,Rohan Khan,Chennai,SME,49,vikram.1182@example.test,+918523253952,MEDIUM,N
C001184,Diya,Rohan Sharma,Chennai,SELF_EMPLOYED,40,rohan.1183@example.test,+919791018817,LOW,Y
C001185,Kabir,Diya Iyer,Bengaluru,SELF_EMPLOYED,25,kabir.1184@example.test,+918453642190,HIGH,N
C001186,Nisha,Kabir Das,Bengaluru,RETIRED,41,sara.1185@example.test,+919263755433,UNKNOWN,N
C001187,Aarav,Diya Khan,Mumbai,SALARIED,49,diya.1186@example.test,+919021144498,HIGH,N
C001188,Diya,Ishita Khan,Hyderabad,RETIRED,44,aarav.1187@example.test,+919209867991,HIGH,N
C001189,Rohan,Aarav Sharma,Hyderabad,NRI,44,meera.1188@example.test,+919005623026,LOW,N
C001190,Arjun,Arjun Iyer,Jaipur,NRI,29,ishita.1189@example.test,+917650187673,MEDIUM,N
C001191,Rohan,Sara Patel,Kolkata,SELF_EMPLOYED,51,nisha.1190@example.test,+919299895434,LOW,N
C001192,Dev,Ishita Das,Kolkata,NRI,56,meera.1191@example.test,+919529470601,MEDIUM,Y
C001193,Dev,Ananya Nair,Hyderabad,RETIRED,28,ananya.1192@example.test,+919297274926,MEDIUM,N
C001194,Diya,Ishita Sharma,Delhi,SALARIED,69,sara.1193@example.test,+919413181341,UNKNOWN,Y
C001195,Ananya,Ishita Khan,Chennai,SALARIED,70,sara.1194@example.test,+918938209983,MEDIUM,N
C001196,Nisha,Rohan Khan,Bengaluru,SME,40,ananya.1195@example.test,+918147733223,HIGH,Y
C001197,Meera,Nisha Iyer,Pune,SELF_EMPLOYED,41,rohan.1196@example.test,+917363961037,LOW,Y
C001198,Aarav,Vikram Nair,Hyderabad,SME,37,ananya.1197@example.test,+918335449544,UNKNOWN,N
C001199,Kabir,Meera Sharma,Kolkata,SME,59,nisha.1198@example.test,+919069647648,MEDIUM,N
C001200,Rohan,Aarav Patel,Ahmedabad,RETIRED,58,sara.1199@example.test,+918673361268,LOW,N
C001201,Diya,Sara Khan,Chennai,RETIRED,49,rohan.1200@example.test,+918056776356,HIGH,Y
C001202,Dev,Sara Sharma,Hyderabad,SALARIED,39,arjun.1201@example.test,+919185766410,LOW,Y
C001203,Sara,Nisha Sharma,Kochi,SALARIED,44,meera.1202@example.test,+918146247709,HIGH,N
C001204,Rohan,Arjun Iyer,Jaipur,RETIRED,37,kabir.1203@example.test,+919012619883,MEDIUM,N
C001205,Ishita,Sara Sharma,Delhi,SME,75,arjun.1204@example.test,+918478090929,LOW,N
C001206,Kabir,Meera Nair,Kolkata,SALARIED,46,kabir.1205@example.test,+918527349151,HIGH,N
C001207,Nisha,Diya Khan,Ahmedabad,RETIRED,45,aarav.1206@example.test,+917841812860,MEDIUM,Y
C001208,Nisha,Aarav Sharma,Kolkata,SME,44,nisha.1207@example.test,+917843724667,MEDIUM,N
C001209,Kabir,Arjun Nair,Chennai,SALARIED,39,vikram.1208@example.test,+919687024932,MEDIUM,Y
C001210,Nisha,Aarav Patel,Kolkata,SELF_EMPLOYED,39,rohan.1209@example.test,+917829715463,HIGH,N
C001211,Dev,Ishita Das,Bengaluru,NRI,23,rohan.1210@example.test,+919472042711,HIGH,Y
C001212,Rohan,Ananya Das,Jaipur,SME,68,sara.1211@example.test,+919411307454,HIGH,Y
C001213,Meera,Arjun Iyer,Bengaluru,SME,48,ananya.1212@example.test,+917571741423,LOW,N
C001214,Ananya,Vikram Sharma,Kochi,SALARIED,39,rohan.1213@example.test,+919171208010,MEDIUM,Y
C001215,Rohan,Rohan Patel,Bengaluru,SME,70,dev.1214@example.test,+919919580686,MEDIUM,N
C001216,Ishita,Arjun Sharma,Kolkata,SELF_EMPLOYED,52,aarav.1215@example.test,+919697187953,LOW,N
C001217,Meera,Meera Sharma,Hyderabad,RETIRED,72,vikram.1216@example.test,+917701134610,MEDIUM,N
C001218,Vikram,Ishita Das,Jaipur,SME,24,ananya.1217@example.test,+918499067209,LOW,N
C001219,Aarav,Diya Patel,Delhi,SALARIED,51,arjun.1218@example.test,+918624060694,UNKNOWN,N
C001220,Vikram,Dev Patel,Bengaluru,RETIRED,36,ananya.1219@example.test,+919021018874,UNKNOWN,N
C001221,Aarav,Ananya Sharma,Kolkata,SELF_EMPLOYED,42,nisha.1220@example.test,+919067428699,LOW,Y
C001222,Vikram,Vikram Iyer,Ahmedabad,SELF_EMPLOYED,53,sara.1221@example.test,+919838949886,HIGH,N
C001223,Diya,Nisha Nair,Bengaluru,SELF_EMPLOYED,61,aarav.1222@example.test,+917862198624,LOW,N
C001224,Arjun,Dev Das,Hyderabad,SALARIED,77,sara.1223@example.test,+919060348450,HIGH,N
C001225,Meera,Rohan Sharma,Mumbai,SME,72,rohan.1224@example.test,+917642342056,LOW,N
C001226,Diya,Arjun Das,Hyderabad,NRI,67,diya.1225@example.test,+918718073750,HIGH,N
C001227,Dev,Vikram Nair,Chennai,RETIRED,63,ananya.1226@example.test,+919295833244,HIGH,N
C001228,Kabir,Meera Khan,Chennai,SALARIED,48,sara.1227@example.test,+917637085940,MEDIUM,N
C001229,Aarav,Aarav Sharma,Delhi,SALARIED,42,meera.1228@example.test,+919249273701,LOW,N
C001230,Diya,Arjun Das,Kolkata,RETIRED,72,aarav.1229@example.test,+918715808830,MEDIUM,N
C001231,Meera,Meera Sharma,Kochi,NRI,76,ishita.1230@example.test,+919689460827,HIGH,N
C001232,Sara,Rohan Sharma,Bengaluru,SALARIED,60,vikram.1231@example.test,+918259620742,MEDIUM,N
C001233,Rohan,Vikram Nair,Kolkata,NRI,24,meera.1232@example.test,+919947658500,HIGH,N
C001234,Meera,Kabir Khan,Jaipur,SALARIED,29,kabir.1233@example.test,+918193244451,LOW,N
C001235,Aarav,Meera Nair,Delhi,SME,40,aarav.1234@example.test,+919214470718,UNKNOWN,N
C001236,Vikram,Sara Khan,Ahmedabad,SELF_EMPLOYED,30,ishita.1235@example.test,+917761271645,LOW,Y
C001237,Vikram,Dev Sharma,Delhi,RETIRED,24,dev.1236@example.test,+918093610571,UNKNOWN,Y
C001238,Rohan,Dev Nair,Ahmedabad,SME,57,diya.1237@example.test,+917024056899,UNKNOWN,N
C001239,Arjun,Rohan Khan,Ahmedabad,NRI,65,sara.1238@example.test,+919234139133,HIGH,N
C001240,Vikram,Ishita Das,Delhi,SALARIED,35,aarav.1239@example.test,+918859622136,UNKNOWN,Y
C001241,Arjun,Arjun Das,Delhi,SELF_EMPLOYED,33,dev.1240@example.test,+917320990250,UNKNOWN,N
C001242,Ishita,Sara Patel,Delhi,NRI,65,kabir.1241@example.test,+919698989590,MEDIUM,N
C001243,Sara,Nisha Iyer,Ahmedabad,SME,56,ishita.1242@example.test,+919620799162,HIGH,N
C001244,Sara,Ananya Sharma,Pune,SELF_EMPLOYED,56,,+919859893410,MEDIUM,N
C001245,Aarav,Ishita Iyer,Ahmedabad,SME,22,meera.1244@example.test,,HIGH,Y
C001246,Sara,Vikram Das,Chennai,RETIRED,21,dev.1245@example.test,+918307071063,MEDIUM,Y
C001247,Dev,Kabir Patel,Pune,SME,22,diya.1246@example.test,+917602212840,UNKNOWN,N
C001248,Dev,Arjun Khan,Chennai,SELF_EMPLOYED,26,nisha.1247@example.test,+918989205772,UNKNOWN,N
C001249,Sara,Ananya Nair,Chennai,SALARIED,61,kabir.1248@example.test,+918186385167,UNKNOWN,N
C001250,Ananya,Meera Patel,Hyderabad,SALARIED,46,meera.1249@example.test,+919333777667,LOW,N
C001251,Diya,Kabir Iyer,Mumbai,SALARIED,45,arjun.1250@example.test,+919301975392,HIGH,N
C001252,Kabir,Arjun Patel,Ahmedabad,SME,43,ishita.1251@example.test,+919823661212,UNKNOWN,N
C001253,Rohan,Sara Patel,Kochi,RETIRED,71,vikram.1252@example.test,+917007445041,MEDIUM,N
C001254,Meera,Nisha Patel,Kolkata,SELF_EMPLOYED,37,rohan.1253@example.test,+918840057376,HIGH,N
C001255,Arjun,Aarav Das,Delhi,SALARIED,59,ananya.1254@example.test,+917845299651,LOW,N
C001256,Dev,Dev Patel,Chennai,SALARIED,28,dev.1255@example.test,+917485677517,UNKNOWN,N
C001257,Sara,Aarav Iyer,Ahmedabad,SELF_EMPLOYED,60,sara.1256@example.test,+918224236300,UNKNOWN,N
C001258,Ananya,Aarav Iyer,Delhi,SALARIED,34,meera.1257@example.test,+917220763986,MEDIUM,Y
C001259,Ishita,Sara Khan,Kochi,SELF_EMPLOYED,30,ananya.1258@example.test,+917029473246,LOW,N
C001260,Aarav,Nisha Sharma,Pune,SME,43,ananya.1259@example.test,+919919461573,MEDIUM,N
C001261,Rohan,Ananya Iyer,Hyderabad,NRI,31,meera.1260@example.test,+917010277967,HIGH,Y
C001262,Ananya,Meera Sharma,Kolkata,SELF_EMPLOYED,67,aarav.1261@example.test,+918630486234,UNKNOWN,N
C001263,Ananya,Sara Das,Ahmedabad,RETIRED,29,arjun.1262@example.test,+919320011513,LOW,N
C001264,Aarav,Vikram Iyer,Kolkata,RETIRED,36,rohan.1263@example.test,+918582625438,HIGH,N
C001265,Arjun,Ananya Das,Bengaluru,SALARIED,59,sara.1264@example.test,+918156937055,MEDIUM,N
C001266,Dev,Nisha Das,Pune,SELF_EMPLOYED,61,sara.1265@example.test,+917024594027,LOW,N
C001267,Dev,Vikram Patel,Kolkata,RETIRED,56,arjun.1266@example.test,+917210320323,HIGH,N
C001268,Rohan,Dev Das,Hyderabad,RETIRED,50,diya.1267@example.test,+917749916043,MEDIUM,N
C001269,Meera,Meera Iyer,Bengaluru,RETIRED,77,ananya.1268@example.test,+919675410556,MEDIUM,N
C001270,Diya,Meera Nair,Hyderabad,SME,42,arjun.1269@example.test,+917490731578,HIGH,N
C001271,Rohan,Sara Das,Mumbai,SALARIED,67,,+918413930412,HIGH,N
C001272,Dev,Kabir Iyer,Kochi,SELF_EMPLOYED,49,sara.1271@example.test,+918015364261,LOW,N
C001273,Dev,Vikram Sharma,Mumbai,NRI,37,kabir.1272@example.test,+917101069781,LOW,N
C001274,Ananya,Diya Sharma,Ahmedabad,SME,48,aarav.1273@example.test,+917779601021,MEDIUM,N
C001275,Ananya,Sara Sharma,Pune,SALARIED,33,diya.1274@example.test,+917006263704,LOW,N
C001276,Rohan,Vikram Patel,Kolkata,NRI,45,diya.1275@example.test,+919155821429,HIGH,N
C001277,Nisha,Meera Iyer,Delhi,RETIRED,58,sara.1276@example.test,+917934541898,UNKNOWN,N
C001278,Kabir,Sara Khan,Ahmedabad,SELF_EMPLOYED,28,arjun.1277@example.test,+919388443932,HIGH,Y
C001279,Diya,Diya Das,Kochi,SALARIED,22,ananya.1278@example.test,+917767135060,UNKNOWN,N
C001280,Sara,Vikram Iyer,Bengaluru,SELF_EMPLOYED,70,nisha.1279@example.test,+918729889519,HIGH,Y
C001281,Dev,Sara Iyer,Chennai,RETIRED,31,arjun.1280@example.test,+917459003937,LOW,N
C001282,Kabir,Ananya Sharma,Pune,NRI,69,meera.1281@example.test,+918261497920,MEDIUM,Y
C001283,Arjun,Meera Das,Bengaluru,SELF_EMPLOYED,24,sara.1282@example.test,+919384429326,UNKNOWN,N
C001284,Ananya,Dev Patel,Bengaluru,SME,23,diya.1283@example.test,+918221094777,UNKNOWN,N
C001285,Dev,Nisha Nair,Mumbai,SALARIED,40,aarav.1284@example.test,+918385873629,LOW,N
C001286,Sara,Dev Das,Delhi,SME,26,bad-email,+917710932141,MEDIUM,N
C001287,Meera,Diya Nair,Jaipur,SME,61,kabir.1286@example.test,+918610147305,UNKNOWN,N
C001288,Ananya,Vikram Patel,Hyderabad,RETIRED,47,sara.1287@example.test,+918242994188,HIGH,N
C001289,Aarav,Ananya Nair,Jaipur,SME,63,kabir.1288@example.test,+918526756249,HIGH,N
C001290,Dev,Ishita Khan,Pune,RETIRED,74,aarav.1289@example.test,+917288848247,MEDIUM,N
C001291,Kabir,Meera Nair,Delhi,NRI,70,dev.1290@example.test,+918789583243,UNKNOWN,N
C001292,Aarav,Meera Das,Jaipur,SME,49,ananya.1291@example.test,+919553653961,MEDIUM,Y
C001293,Nisha,Ishita Iyer,Kolkata,SME,55,rohan.1292@example.test,+917701901233,HIGH,Y
C001294,Ishita,Ishita Sharma,Hyderabad,SALARIED,74,sara.1293@example.test,+919647143085,LOW,N
C001295,Rohan,Aarav Khan,Ahmedabad,NRI,41,meera.1294@example.test,+918507538946,MEDIUM,Y
C001296,Nisha,Kabir Nair,Delhi,SELF_EMPLOYED,23,diya.1295@example.test,+918776669434,UNKNOWN,N
C001297,Aarav,Ishita Nair,Mumbai,SME,70,nisha.1296@example.test,+917782288410,HIGH,N
C001298,Kabir,Sara Patel,Chennai,SME,54,nisha.1297@example.test,+917069535746,HIGH,N
C001299,Kabir,Aarav Nair,Mumbai,SELF_EMPLOYED,36,rohan.1298@example.test,+919494533264,UNKNOWN,N
C001300,Aarav,Ishita Patel,Pune,RETIRED,50,diya.1299@example.test,+918054960441,MEDIUM,Y
C001301,Aarav,Ishita Sharma,Hyderabad,SME,25,arjun.1300@example.test,+917031795455,LOW,Y
C001302,Nisha,Kabir Das,Bengaluru,SME,50,nisha.1301@example.test,+918465496704,UNKNOWN,Y
C001303,Meera,Nisha Patel,Bengaluru,SELF_EMPLOYED,46,sara.1302@example.test,+919891773972,UNKNOWN,Y
C001304,Vikram,Ananya Khan,Hyderabad,NRI,54,meera.1303@example.test,+919596712838,MEDIUM,N
C001305,Aarav,Kabir Khan,Bengaluru,SME,28,kabir.1304@example.test,+919307320437,UNKNOWN,Y
C001306,Kabir,Dev Nair,Mumbai,SME,25,nisha.1305@example.test,+918839499204,LOW,N
C001307,Sara,Sara Khan,Chennai,RETIRED,53,ishita.1306@example.test,+919836377415,HIGH,Y
C001308,Kabir,Ishita Iyer,Delhi,SME,72,dev.1307@example.test,+918925273298,UNKNOWN,N
C001309,Ananya,Kabir Nair,Bengaluru,NRI,50,aarav.1308@example.test,+917671008208,HIGH,N
C001310,Ishita,Arjun Iyer,Bengaluru,SALARIED,71,diya.1309@example.test,+919792299190,LOW,Y
C001311,Diya,Kabir Nair,Kochi,RETIRED,69,kabir.1310@example.test,+917477675016,MEDIUM,N
C001312,Nisha,Dev Sharma,Mumbai,NRI,61,arjun.1311@example.test,+919719648409,MEDIUM,Y
C001313,Kabir,Vikram Patel,Kochi,SME,49,arjun.1312@example.test,+919798069753,MEDIUM,N
C001314,Aarav,Nisha Das,Chennai,RETIRED,42,meera.1313@example.test,+919220032614,UNKNOWN,N
C001315,Arjun,Rohan Iyer,Chennai,SALARIED,27,nisha.1314@example.test,+918151656726,LOW,Y
C001316,Ananya,Meera Patel,Kolkata,SME,70,ananya.1315@example.test,+919082251940,MEDIUM,N
C001317,Meera,Nisha Sharma,Kolkata,NRI,68,ishita.1316@example.test,+917145922155,UNKNOWN,Y
C001318,Diya,Aarav Das,Pune,RETIRED,47,nisha.1317@example.test,+919775855124,LOW,N
C001319,Aarav,Dev Patel,Kochi,SALARIED,71,vikram.1318@example.test,+918457959194,UNKNOWN,N
C001320,Aarav,Meera Khan,Hyderabad,SME,33,nisha.1319@example.test,+919019367823,MEDIUM,N
C001321,Meera,Meera Iyer,Bengaluru,SELF_EMPLOYED,36,dev.1320@example.test,+917206558844,HIGH,N
C001322,Diya,Kabir Sharma,Ahmedabad,SALARIED,76,ishita.1321@example.test,+917136970315,UNKNOWN,N
C001323,Kabir,Dev Iyer,Bengaluru,RETIRED,47,kabir.1322@example.test,+918428939660,HIGH,N
C001324,Diya,Dev Iyer,Kochi,RETIRED,67,sara.1323@example.test,+917462804980,MEDIUM,Y
C001325,Rohan,Dev Sharma,Kochi,SME,42,nisha.1324@example.test,+919293254211,HIGH,N
C001326,Sara,Sara Iyer,Jaipur,SELF_EMPLOYED,67,vikram.1325@example.test,+918159115199,MEDIUM,N
C001327,Ananya,Sara Das,Chennai,SALARIED,41,arjun.1326@example.test,+918881614278,LOW,Y
C001328,Dev,Rohan Das,Mumbai,SME,21,dev.1327@example.test,+919879950531,UNKNOWN,Y
C001329,Dev,Dev Sharma,Bengaluru,SALARIED,73,ishita.1328@example.test,+917293707179,UNKNOWN,Y
C001330,Aarav,Rohan Iyer,Kochi,SME,64,diya.1329@example.test,+917723525277,HIGH,N
C001331,Diya,Sara Sharma,Delhi,SME,40,rohan.1330@example.test,+919761490772,LOW,Y
C001332,Sara,Rohan Nair,Bengaluru,SALARIED,46,kabir.1331@example.test,+918130421090,HIGH,N
C001333,Ishita,Dev Patel,Chennai,SALARIED,53,dev.1332@example.test,+919816185898,UNKNOWN,Y
C001334,Ishita,Dev Iyer,Jaipur,SALARIED,25,arjun.1333@example.test,+918075471821,LOW,N
C001335,Aarav,Arjun Patel,Bengaluru,RETIRED,64,meera.1334@example.test,+917077372442,MEDIUM,Y
C001336,Ishita,Dev Iyer,Chennai,NRI,50,sara.1335@example.test,+918561951809,UNKNOWN,N
C001337,Kabir,Ananya Khan,Kolkata,SALARIED,74,ananya.1336@example.test,+917844600473,HIGH,Y
C001338,Sara,Rohan Iyer,Hyderabad,NRI,42,ananya.1337@example.test,+919537867208,HIGH,N
C001339,Meera,Sara Patel,Kolkata,RETIRED,39,dev.1338@example.test,+919755308564,LOW,Y
C001340,Vikram,Kabir Sharma,Delhi,SALARIED,53,ananya.1339@example.test,+918719235748,LOW,N
C001341,Aarav,Diya Das,Kolkata,SELF_EMPLOYED,60,vikram.1340@example.test,+918229819603,UNKNOWN,N
C001342,Kabir,Dev Das,Hyderabad,SALARIED,46,sara.1341@example.test,+917220994390,UNKNOWN,N
C001343,Sara,Ananya Nair,Chennai,RETIRED,56,ananya.1342@example.test,+919919030083,LOW,Y
C001344,Meera,Nisha Sharma,Jaipur,NRI,65,sara.1343@example.test,+918232078698,HIGH,Y
C001345,Nisha,Rohan Nair,Bengaluru,RETIRED,63,nisha.1344@example.test,+917453144823,HIGH,N
C001346,Ishita,Kabir Khan,Jaipur,NRI,47,arjun.1345@example.test,+917845572421,LOW,Y
C001347,Diya,Ishita Khan,Kolkata,SME,53,aarav.1346@example.test,+919712365598,HIGH,Y
C001348,Arjun,Kabir Nair,Mumbai,RETIRED,22,nisha.1347@example.test,+918313222298,LOW,N
C001349,Ishita,Aarav Khan,Chennai,SME,35,ishita.1348@example.test,+917782705583,UNKNOWN,N
C001350,Nisha,Ananya Patel,Mumbai,SALARIED,75,rohan.1349@example.test,+919877989700,LOW,N
C001351,Meera,Ananya Iyer,Mumbai,SME,45,meera.1350@example.test,+918486614746,MEDIUM,N
C001352,Dev,Ishita Khan,Ahmedabad,SME,65,meera.1351@example.test,+917301414217,LOW,N
C001353,Aarav,Ananya Khan,Hyderabad,SME,50,meera.1352@example.test,+919371929801,LOW,Y
C001354,Meera,Vikram Patel,Jaipur,RETIRED,64,arjun.1353@example.test,+919505922731,LOW,Y
C001355,Kabir,Ishita Patel,Bengaluru,NRI,52,nisha.1354@example.test,+917310516227,HIGH,Y
C001356,Kabir,Ishita Nair,Pune,NRI,62,ishita.1355@example.test,+919126968385,UNKNOWN,Y
C001357,Ishita,Ananya Sharma,Kochi,SME,29,aarav.1356@example.test,+919014345373,MEDIUM,N
C001358,Meera,Meera Sharma,Mumbai,SELF_EMPLOYED,71,ishita.1357@example.test,+918500681968,HIGH,Y
C001359,Sara,Vikram Khan,Ahmedabad,SME,54,vikram.1358@example.test,+917777308461,LOW,N
C001360,Kabir,Aarav Das,Pune,SME,22,ananya.1359@example.test,+919697904549,MEDIUM,N
C001361,Ananya,Sara Das,Bengaluru,SELF_EMPLOYED,32,diya.1360@example.test,+919680965969,MEDIUM,N
C001362,Meera,Nisha Das,Chennai,SALARIED,49,ishita.1361@example.test,+919607678570,LOW,N
C001363,Rohan,Meera Khan,Bengaluru,SME,28,meera.1362@example.test,+919665542562,MEDIUM,N
C001364,Kabir,Diya Patel,Hyderabad,SALARIED,28,sara.1363@example.test,+919139677357,LOW,N
C001365,Ishita,Dev Patel,Kolkata,SME,44,nisha.1364@example.test,+917156997210,LOW,Y
C001366,Aarav,Arjun Khan,Bengaluru,SALARIED,22,ananya.1365@example.test,+919611712453,HIGH,N
C001367,Arjun,Ishita Patel,Delhi,SALARIED,67,vikram.1366@example.test,+919052191952,UNKNOWN,N
C001368,Ananya,Meera Sharma,Hyderabad,SALARIED,61,vikram.1367@example.test,+918113790378,MEDIUM,N
C001369,Vikram,Meera Patel,Chennai,SME,50,aarav.1368@example.test,+918320186579,MEDIUM,Y
C001370,Sara,Meera Das,Ahmedabad,SME,25,vikram.1369@example.test,+918491385267,LOW,N
C001371,Kabir,Aarav Sharma,Bengaluru,SELF_EMPLOYED,45,meera.1370@example.test,+919368573525,UNKNOWN,N
C001372,Arjun,Diya Khan,Mumbai,RETIRED,29,rohan.1371@example.test,+917194875435,MEDIUM,N
C001373,Nisha,Meera Nair,Kolkata,SALARIED,27,arjun.1372@example.test,+919031790549,MEDIUM,N
C001374,Rohan,Diya Patel,Chennai,SELF_EMPLOYED,40,dev.1373@example.test,+919913101963,HIGH,Y
C001375,Rohan,Meera Nair,Ahmedabad,SME,59,meera.1374@example.test,+917731054224,MEDIUM,N
C001376,Meera,Dev Patel,Chennai,SALARIED,52,ishita.1375@example.test,+917860555717,LOW,N
C001377,Vikram,Kabir Patel,Kochi,SME,31,ishita.1376@example.test,+917738519063,MEDIUM,N
C001378,Kabir,Diya Iyer,Kochi,SALARIED,43,arjun.1377@example.test,+918214860131,MEDIUM,N
C001379,Aarav,Meera Khan,Chennai,SME,49,rohan.1378@example.test,+918013513347,MEDIUM,N
C001380,Vikram,Sara Patel,Delhi,SALARIED,38,,+917535255799,LOW,N
C001381,Dev,Arjun Patel,Ahmedabad,RETIRED,44,ishita.1380@example.test,+919435677092,MEDIUM,N
C001382,Vikram,Rohan Nair,Chennai,RETIRED,59,diya.1381@example.test,+919043268407,HIGH,N
C001383,Kabir,Ishita Sharma,Delhi,NRI,36,aarav.1382@example.test,+918341727197,HIGH,N
C001384,Vikram,Rohan Nair,Chennai,RETIRED,47,kabir.1383@example.test,+919492149164,MEDIUM,Y
C001385,Kabir,Nisha Iyer,Mumbai,SELF_EMPLOYED,77,aarav.1384@example.test,+919250560453,HIGH,N
C001386,Arjun,Kabir Khan,Delhi,RETIRED,76,sara.1385@example.test,+918239257939,MEDIUM,N
C001387,Ishita,Arjun Khan,Kochi,NRI,48,diya.1386@example.test,+917772774544,HIGH,N
C001388,Arjun,Ananya Das,Bengaluru,NRI,30,kabir.1387@example.test,+919315902404,LOW,N
C001389,Arjun,Rohan Sharma,Bengaluru,SELF_EMPLOYED,51,ishita.1388@example.test,+918507889634,LOW,N
C001390,Aarav,Ishita Sharma,Jaipur,SALARIED,23,sara.1389@example.test,+918795672841,UNKNOWN,N
C001391,Dev,Diya Iyer,Kochi,NRI,51,vikram.1390@example.test,+918533234393,LOW,Y
C001392,Arjun,Aarav Nair,Pune,SELF_EMPLOYED,37,meera.1391@example.test,+919803353746,MEDIUM,N
C001393,Nisha,Dev Khan,Kochi,SALARIED,48,aarav.1392@example.test,+919846455235,HIGH,Y
C001394,Rohan,Meera Iyer,Kochi,SALARIED,52,dev.1393@example.test,+918998647581,HIGH,N
C001395,Rohan,Diya Das,Ahmedabad,SELF_EMPLOYED,48,dev.1394@example.test,+917453520587,LOW,N
C001396,Ishita,Nisha Sharma,Delhi,RETIRED,51,meera.1395@example.test,+918228419351,LOW,Y
C001397,Aarav,Rohan Iyer,Jaipur,RETIRED,27,vikram.1396@example.test,+919798238381,LOW,N
C001398,Dev,Meera Das,Pune,SME,60,meera.1397@example.test,+917771724170,HIGH,Y
C001399,Dev,Diya Sharma,Hyderabad,SME,77,rohan.1398@example.test,+917404370868,MEDIUM,N
C001400,Ananya,Nisha Sharma,Bengaluru,SME,34,aarav.1399@example.test,+918577049349,HIGH,N
C001401,Nisha,Kabir Khan,Chennai,SALARIED,35,meera.1400@example.test,+917296113245,MEDIUM,Y
C001402,Aarav,Kabir Nair,Ahmedabad,NRI,48,dev.1401@example.test,+918563805970,UNKNOWN,N
C001403,Ishita,Vikram Nair,Ahmedabad,RETIRED,30,dev.1402@example.test,+918194758358,LOW,N
C001404,Dev,Diya Khan,Jaipur,RETIRED,60,rohan.1403@example.test,+919086803499,MEDIUM,N
C001405,Ishita,Ananya Nair,Bengaluru,SALARIED,41,vikram.1404@example.test,+917544098348,LOW,N
C001406,Sara,Sara Sharma,Kochi,SELF_EMPLOYED,65,arjun.1405@example.test,+919493503637,LOW,Y
C001407,Rohan,Meera Khan,Ahmedabad,SALARIED,41,ishita.1406@example.test,+918842549508,MEDIUM,N
C001408,Ananya,Aarav Sharma,Pune,SALARIED,65,sara.1407@example.test,+919933702571,MEDIUM,N
C001409,Aarav,Nisha Patel,Ahmedabad,RETIRED,50,ishita.1408@example.test,+917311971267,MEDIUM,N
C001410,Meera,Arjun Iyer,Chennai,NRI,23,aarav.1409@example.test,+918486180044,LOW,N
C001411,Sara,Rohan Khan,Hyderabad,SELF_EMPLOYED,37,diya.1410@example.test,+917296768129,UNKNOWN,N
C001412,Dev,Vikram Patel,Jaipur,SALARIED,53,arjun.1411@example.test,+917073263962,MEDIUM,N
C001413,Vikram,Rohan Das,Pune,RETIRED,44,arjun.1412@example.test,+919779290474,MEDIUM,Y
C001414,Aarav,Meera Nair,Kolkata,SME,44,aarav.1413@example.test,+919170968959,MEDIUM,N
C001415,Dev,Dev Patel,Hyderabad,SELF_EMPLOYED,50,dev.1414@example.test,+917427771057,MEDIUM,Y
C001416,Ishita,Meera Nair,Chennai,NRI,68,arjun.1415@example.test,+919112390646,UNKNOWN,Y
C001417,Arjun,Kabir Iyer,Hyderabad,SELF_EMPLOYED,23,sara.1416@example.test,+917902370077,MEDIUM,N
C001418,Vikram,Sara Iyer,Jaipur,SALARIED,45,sara.1417@example.test,+919420671153,MEDIUM,N
C001419,Nisha,Dev Khan,Ahmedabad,SME,43,aarav.1418@example.test,+917921767425,LOW,N
C001420,Rohan,Ananya Khan,Kochi,RETIRED,75,meera.1419@example.test,+918222175722,HIGH,Y
C001421,Meera,Arjun Khan,Kolkata,SME,26,aarav.1420@example.test,+918283872200,HIGH,N
C001422,Arjun,Meera Das,Bengaluru,SELF_EMPLOYED,53,arjun.1421@example.test,+917594546717,MEDIUM,N
C001423,Nisha,Dev Nair,Pune,RETIRED,38,meera.1422@example.test,+918021310589,LOW,N
C001424,Ishita,Meera Das,Kochi,SALARIED,23,vikram.1423@example.test,+918991915292,HIGH,N
C001425,Rohan,Aarav Sharma,Kochi,NRI,54,ishita.1424@example.test,+917527734749,LOW,N
C001426,Ishita,Vikram Iyer,Hyderabad,SELF_EMPLOYED,69,ishita.1425@example.test,+918967347942,UNKNOWN,N
C001427,Arjun,Kabir Khan,Pune,RETIRED,65,diya.1426@example.test,+918358968702,UNKNOWN,Y
C001428,Rohan,Ananya Nair,Kolkata,SALARIED,59,aarav.1427@example.test,+919111942706,HIGH,N
C001429,Kabir,Meera Nair,Ahmedabad,SME,35,vikram.1428@example.test,+917876497414,HIGH,N
C001430,Nisha,Nisha Khan,Chennai,SALARIED,74,aarav.1429@example.test,+919144655502,UNKNOWN,N
C001431,Vikram,Kabir Das,Pune,RETIRED,66,kabir.1430@example.test,+919559760953,HIGH,N
C001432,Ishita,Arjun Sharma,Kolkata,NRI,43,meera.1431@example.test,+918603366611,LOW,N
C001433,Aarav,Dev Nair,Delhi,SELF_EMPLOYED,56,kabir.1432@example.test,+917653229151,HIGH,N
C001434,Kabir,Ananya Das,Mumbai,SALARIED,70,aarav.1433@example.test,+918311462146,MEDIUM,N
C001435,Ananya,Arjun Patel,Jaipur,SME,47,aarav.1434@example.test,+919236890912,LOW,N
C001436,Diya,Diya Patel,Chennai,RETIRED,31,aarav.1435@example.test,+919304840236,LOW,Y
C001437,Meera,Meera Iyer,Delhi,NRI,65,ananya.1436@example.test,+918564551988,HIGH,N
C001438,Vikram,Ananya Iyer,Mumbai,NRI,34,aarav.1437@example.test,+918716642508,LOW,N
C001439,Ananya,Nisha Nair,Bengaluru,RETIRED,28,dev.1438@example.test,+919786641364,UNKNOWN,N
C001440,Arjun,Ishita Khan,Jaipur,SELF_EMPLOYED,27,diya.1439@example.test,+919873729836,MEDIUM,N
C001441,Nisha,Kabir Sharma,Hyderabad,SME,31,sara.1440@example.test,+917207330118,LOW,Y
C001442,Kabir,Diya Khan,Jaipur,SELF_EMPLOYED,46,vikram.1441@example.test,+918305466501,LOW,N
C001443,Diya,Diya Patel,Kochi,SELF_EMPLOYED,35,vikram.1442@example.test,+917746728975,LOW,N
C001444,Meera,Ishita Iyer,Ahmedabad,NRI,37,rohan.1443@example.test,+918573366878,UNKNOWN,N
C001445,Dev,Aarav Sharma,Delhi,SELF_EMPLOYED,29,dev.1444@example.test,+917672468938,MEDIUM,Y
C001446,Ishita,Vikram Patel,Kochi,RETIRED,67,kabir.1445@example.test,+917598192721,LOW,N
C001447,Nisha,Arjun Nair,Hyderabad,SALARIED,67,vikram.1446@example.test,+918970263109,HIGH,N
C001448,Meera,Nisha Patel,Kolkata,NRI,38,rohan.1447@example.test,+919403914739,UNKNOWN,N
C001449,Diya,Dev Khan,Bengaluru,SELF_EMPLOYED,64,ishita.1448@example.test,+919479997155,LOW,N
C001450,Diya,Diya Patel,Kochi,SME,58,rohan.1449@example.test,+918360219343,UNKNOWN,N
C001451,Ishita,Aarav Patel,Mumbai,SELF_EMPLOYED,55,meera.1450@example.test,+919468080469,LOW,N
C001452,Rohan,Sara Iyer,Ahmedabad,SME,36,diya.1451@example.test,+918333536791,LOW,N
C001453,Aarav,Dev Patel,Jaipur,SME,32,vikram.1452@example.test,+917054456959,UNKNOWN,N
C001454,Meera,Nisha Patel,Jaipur,SELF_EMPLOYED,51,nisha.1453@example.test,+917619730000,UNKNOWN,Y
C001455,Meera,Vikram Patel,Bengaluru,SELF_EMPLOYED,69,meera.1454@example.test,+917908007543,UNKNOWN,N
C001456,Dev,Aarav Sharma,Delhi,SALARIED,42,vikram.1455@example.test,+917858647135,MEDIUM,Y
C001457,Rohan,Sara Das,Ahmedabad,NRI,73,nisha.1456@example.test,+917578887126,UNKNOWN,N
C001458,Kabir,Ananya Nair,Ahmedabad,NRI,28,vikram.1457@example.test,+919328617985,MEDIUM,N
C001459,Ananya,Nisha Iyer,Hyderabad,SALARIED,69,rohan.1458@example.test,+919874456037,MEDIUM,N
C001460,Meera,Meera Das,Kochi,SALARIED,54,rohan.1459@example.test,+919495396551,UNKNOWN,N
C001461,Vikram,Arjun Iyer,Jaipur,NRI,34,vikram.1460@example.test,+917076974605,UNKNOWN,Y
C001462,Ananya,Sara Das,Pune,NRI,36,diya.1461@example.test,+918760885534,HIGH,Y
C001463,Diya,Sara Patel,Hyderabad,RETIRED,38,rohan.1462@example.test,+918030618919,LOW,N
C001464,Aarav,Dev Iyer,Delhi,SME,35,aarav.1463@example.test,+917546348542,UNKNOWN,Y
C001465,Ananya,Diya Iyer,Kolkata,SELF_EMPLOYED,65,rohan.1464@example.test,+918273439467,LOW,N
C001466,Rohan,Ishita Iyer,Kolkata,NRI,76,dev.1465@example.test,+918531174762,HIGH,N
C001467,Aarav,Dev Nair,Delhi,SELF_EMPLOYED,62,dev.1466@example.test,+918454715586,UNKNOWN,N
C001468,Aarav,Sara Khan,Chennai,SALARIED,50,rohan.1467@example.test,+917858440437,LOW,N
C001469,Nisha,Vikram Das,Kochi,RETIRED,67,sara.1468@example.test,+919968303149,MEDIUM,Y
C001470,Ishita,Ananya Das,Kochi,NRI,71,diya.1469@example.test,+919292712627,HIGH,N
C001471,Aarav,Aarav Iyer,Pune,SME,30,dev.1470@example.test,+917532227182,MEDIUM,N
C001472,Nisha,Rohan Iyer,Kolkata,SALARIED,77,dev.1471@example.test,+917179701457,LOW,N
C001473,Aarav,Dev Sharma,Jaipur,SALARIED,70,dev.1472@example.test,+919509237839,LOW,N
C001474,Nisha,Diya Nair,Bengaluru,SME,49,sara.1473@example.test,+919966915546,MEDIUM,N
C001475,Sara,Rohan Nair,Pune,SALARIED,59,meera.1474@example.test,+917187128346,UNKNOWN,N
C001476,Rohan,Ananya Iyer,Chennai,SELF_EMPLOYED,55,rohan.1475@example.test,+918855561262,HIGH,Y
C001477,Meera,Diya Nair,Ahmedabad,RETIRED,58,meera.1476@example.test,+919491435492,LOW,N
C001478,Rohan,Dev Sharma,Ahmedabad,NRI,46,meera.1477@example.test,+917674765045,UNKNOWN,N
C001479,Rohan,Ananya Das,Jaipur,NRI,32,dev.1478@example.test,+919950098577,HIGH,N
C001480,Meera,Dev Patel,Chennai,SALARIED,32,aarav.1479@example.test,+918481806421,LOW,N
C001481,Ishita,Meera Sharma,Jaipur,SALARIED,72,sara.1480@example.test,+917020032016,MEDIUM,Y
C001482,Nisha,Rohan Khan,Kolkata,SALARIED,71,dev.1481@example.test,+917586162504,LOW,N
C001483,Meera,Ananya Nair,Kochi,NRI,32,kabir.1482@example.test,+918217856570,LOW,Y
C001484,Diya,Meera Patel,Chennai,NRI,50,aarav.1483@example.test,+919377476886,UNKNOWN,N
C001485,Diya,Rohan Khan,Jaipur,SALARIED,63,ishita.1484@example.test,+919186204527,UNKNOWN,N
C001486,Rohan,Ishita Das,Hyderabad,SALARIED,23,rohan.1485@example.test,+918020499316,UNKNOWN,N
C001487,Nisha,Ananya Patel,Jaipur,SALARIED,42,ishita.1486@example.test,+919742376939,UNKNOWN,N
C001488,Rohan,Dev Iyer,Kolkata,SME,41,kabir.1487@example.test,+919693861173,UNKNOWN,Y
C001489,Meera,Ananya Das,Delhi,SME,35,arjun.1488@example.test,+917328795232,HIGH,Y
C001490,Rohan,Meera Nair,Hyderabad,SALARIED,30,dev.1489@example.test,+917424015962,LOW,N
C001491,Rohan,Meera Das,Chennai,SELF_EMPLOYED,41,ananya.1490@example.test,+919515375787,LOW,N
C001492,Ishita,Ishita Iyer,Kolkata,RETIRED,68,kabir.1491@example.test,+919151854408,LOW,Y
C001493,Aarav,Vikram Nair,Chennai,SALARIED,30,nisha.1492@example.test,+917555068955,MEDIUM,N
C001494,Meera,Diya Sharma,Pune,RETIRED,67,vikram.1493@example.test,+919295633497,HIGH,Y
C001495,Ishita,Vikram Sharma,Kolkata,SALARIED,35,meera.1494@example.test,+917281303974,MEDIUM,N
C001496,Kabir,Nisha Nair,Delhi,NRI,50,aarav.1495@example.test,+919620515613,LOW,N
C001497,Ananya,Vikram Nair,Kolkata,SELF_EMPLOYED,57,kabir.1496@example.test,+918779665810,LOW,N
C001498,Vikram,Dev Nair,Chennai,SME,31,ananya.1497@example.test,+918660943890,LOW,N
C001499,Diya,Meera Das,Pune,NRI,32,meera.1498@example.test,+918153342744,MEDIUM,N
C001500,Nisha,Aarav Das,Bengaluru,NRI,55,arjun.1499@example.test,+918393371539,UNKNOWN,Y
C001501,Ananya,Sara Das,Kolkata,SELF_EMPLOYED,48,rohan.1500@example.test,+919565628954,MEDIUM,Y
C001502,Ananya,Meera Iyer,Hyderabad,SALARIED,34,aarav.1501@example.test,+919800931568,MEDIUM,N
C001503,Diya,Nisha Nair,Pune,SME,49,rohan.1502@example.test,+919180619451,MEDIUM,N
C001504,Meera,Diya Nair,Ahmedabad,SELF_EMPLOYED,25,sara.1503@example.test,+917020138443,UNKNOWN,N
C001505,Dev,Aarav Sharma,Pune,SALARIED,58,meera.1504@example.test,+919874337078,HIGH,N
C001506,Ananya,Meera Khan,Kochi,SELF_EMPLOYED,52,ananya.1505@example.test,+918654472827,LOW,N
C001507,Vikram,Vikram Nair,Chennai,SME,38,meera.1506@example.test,+918130514604,HIGH,N
C001508,Kabir,Ananya Iyer,Chennai,NRI,57,sara.1507@example.test,+917030180953,UNKNOWN,N
C001509,Nisha,Nisha Sharma,Bengaluru,NRI,26,diya.1508@example.test,+918050120597,MEDIUM,Y
C001510,Ananya,Nisha Das,Mumbai,SELF_EMPLOYED,56,rohan.1509@example.test,+919574636555,LOW,N
C001511,Ishita,Arjun Khan,Kolkata,SALARIED,75,kabir.1510@example.test,+919601643821,UNKNOWN,N
C001512,Vikram,Ananya Nair,Kolkata,SELF_EMPLOYED,29,aarav.1511@example.test,+919093695824,MEDIUM,N
C001513,Sara,Dev Sharma,Hyderabad,SELF_EMPLOYED,75,arjun.1512@example.test,+919535781145,LOW,N
C001514,Rohan,Dev Nair,Ahmedabad,NRI,42,diya.1513@example.test,+919698086956,LOW,N
C001515,Sara,Kabir Sharma,Hyderabad,SME,47,rohan.1514@example.test,+918941017986,MEDIUM,Y
C001516,Arjun,Kabir Patel,Jaipur,SELF_EMPLOYED,22,diya.1515@example.test,+919595684878,MEDIUM,N
C001517,Arjun,Rohan Das,Mumbai,RETIRED,70,arjun.1516@example.test,+918298201063,MEDIUM,N
C001518,Vikram,Dev Patel,Ahmedabad,RETIRED,42,ananya.1517@example.test,+918625434720,HIGH,N
C001519,Rohan,Aarav Sharma,Hyderabad,SME,60,sara.1518@example.test,+917487426566,LOW,N
C001520,Dev,Ishita Nair,Jaipur,NRI,47,vikram.1519@example.test,+917583460305,MEDIUM,N
C001521,Vikram,Arjun Patel,Jaipur,SALARIED,77,dev.1520@example.test,+919466161018,UNKNOWN,N
C001522,Ishita,Kabir Patel,Delhi,RETIRED,42,dev.1521@example.test,+919344403722,HIGH,N
C001523,Arjun,Aarav Nair,Pune,SME,44,nisha.1522@example.test,+917674566310,LOW,N
C001524,Meera,Ishita Nair,Kolkata,SALARIED,34,dev.1523@example.test,+918184086214,HIGH,N
C001525,Aarav,Kabir Patel,Mumbai,NRI,74,vikram.1524@example.test,+918475381864,HIGH,N
C001526,Diya,Dev Das,Jaipur,SELF_EMPLOYED,58,meera.1525@example.test,+918636718974,LOW,N
C001527,Meera,Ananya Khan,Bengaluru,SALARIED,46,nisha.1526@example.test,+919105298248,LOW,N
C001528,Meera,Aarav Iyer,Hyderabad,SALARIED,23,kabir.1527@example.test,+919874451923,LOW,N
C001529,Ishita,Kabir Nair,Jaipur,SALARIED,43,rohan.1528@example.test,+919712730022,LOW,N
C001530,Aarav,Vikram Iyer,Delhi,SELF_EMPLOYED,32,kabir.1529@example.test,+918949827296,MEDIUM,N
C001531,Meera,Sara Sharma,Pune,SALARIED,26,arjun.1530@example.test,+917536209143,LOW,N
C001532,Diya,Ananya Khan,Delhi,SALARIED,70,aarav.1531@example.test,+917879237727,LOW,N
C001533,Vikram,Diya Sharma,Pune,NRI,63,sara.1532@example.test,+917652868497,HIGH,N
C001534,Ishita,Meera Nair,Kolkata,NRI,75,rohan.1533@example.test,+918574282795,HIGH,N
C001535,Ishita,Sara Iyer,Hyderabad,SALARIED,77,nisha.1534@example.test,+918298234911,MEDIUM,Y
C001536,Dev,Rohan Nair,Delhi,RETIRED,39,nisha.1535@example.test,+918246515855,HIGH,N
C001537,Rohan,Kabir Iyer,Jaipur,RETIRED,69,ishita.1536@example.test,+917171032356,MEDIUM,N
C001538,Ishita,Meera Khan,Kochi,NRI,26,dev.1537@example.test,+918094552281,HIGH,N
C001539,Vikram,Meera Sharma,Bengaluru,RETIRED,47,aarav.1538@example.test,+919130824567,HIGH,Y
C001540,Kabir,Meera Khan,Bengaluru,RETIRED,57,aarav.1539@example.test,+919433244386,LOW,N
C001541,Ananya,Dev Iyer,Ahmedabad,RETIRED,63,sara.1540@example.test,+919307933825,UNKNOWN,N
C001542,Rohan,Meera Nair,Chennai,SELF_EMPLOYED,39,kabir.1541@example.test,+919986739240,UNKNOWN,Y
C001543,Ananya,Nisha Khan,Chennai,SALARIED,32,bad-email,+917852477682,UNKNOWN,N
C001544,Rohan,Meera Das,Pune,RETIRED,51,ananya.1543@example.test,+917618735817,UNKNOWN,Y
C001545,Ishita,Aarav Das,Delhi,SME,25,ananya.1544@example.test,+918861260891,HIGH,N
C001546,Diya,Meera Sharma,Ahmedabad,SALARIED,25,rohan.1545@example.test,+919622348776,MEDIUM,N
C001547,Rohan,Meera Iyer,Delhi,SALARIED,55,vikram.1546@example.test,+917979827525,HIGH,N
C001548,Sara,Dev Patel,Bengaluru,RETIRED,56,meera.1547@example.test,+917904393539,MEDIUM,N
C001549,Vikram,Sara Patel,Chennai,RETIRED,66,rohan.1548@example.test,+918148777614,UNKNOWN,Y
C001550,Kabir,Meera Iyer,Hyderabad,SME,37,sara.1549@example.test,+917617660319,MEDIUM,N
C001551,Kabir,Ishita Khan,Chennai,SALARIED,75,arjun.1550@example.test,+918177358908,UNKNOWN,N
C001552,Vikram,Vikram Khan,Pune,SME,33,arjun.1551@example.test,+917763466085,HIGH,Y
C001553,Ishita,Aarav Patel,Chennai,NRI,32,ishita.1552@example.test,+917291488788,UNKNOWN,Y
C001554,Arjun,Arjun Patel,Hyderabad,SELF_EMPLOYED,45,dev.1553@example.test,+918475519468,UNKNOWN,N
C001555,Ishita,Sara Nair,Bengaluru,RETIRED,76,sara.1554@example.test,+918784018823,MEDIUM,N
C001556,Arjun,Nisha Iyer,Kochi,SME,25,nisha.1555@example.test,,UNKNOWN,N
C001557,Arjun,Vikram Nair,Bengaluru,SALARIED,76,rohan.1556@example.test,+917701433879,MEDIUM,N
C001558,Nisha,Meera Nair,Kochi,RETIRED,76,dev.1557@example.test,+917206103304,LOW,N
C001559,Ishita,Nisha Das,Jaipur,SELF_EMPLOYED,56,diya.1558@example.test,+918756143968,HIGH,N
C001560,Dev,Arjun Iyer,Mumbai,NRI,62,dev.1559@example.test,+918491804037,UNKNOWN,N
C001561,Diya,Nisha Sharma,Ahmedabad,RETIRED,61,vikram.1560@example.test,+919375905414,MEDIUM,N
C001562,Aarav,Diya Iyer,Kolkata,SME,51,rohan.1561@example.test,+919709202240,LOW,N
C001563,Aarav,Ishita Sharma,Bengaluru,SME,23,aarav.1562@example.test,+918132172707,LOW,N
C001564,Meera,Diya Das,Pune,SME,27,sara.1563@example.test,+919355350395,LOW,N
C001565,Kabir,Ishita Patel,Bengaluru,RETIRED,37,rohan.1564@example.test,+918075375516,LOW,N
C001566,Arjun,Ishita Iyer,Bengaluru,NRI,73,arjun.1565@example.test,+919517792364,MEDIUM,N
C001567,Arjun,Aarav Das,Delhi,RETIRED,64,rohan.1566@example.test,+918581759172,MEDIUM,N
C001568,Ananya,Kabir Nair,Bengaluru,RETIRED,24,vikram.1567@example.test,+917282684801,HIGH,Y
C001569,Ananya,Vikram Sharma,Chennai,SME,40,meera.1568@example.test,+919207979510,LOW,N
C001570,Arjun,Ishita Patel,Kolkata,RETIRED,45,sara.1569@example.test,+918360387764,LOW,Y
C001571,Vikram,Kabir Iyer,Mumbai,RETIRED,35,sara.1570@example.test,+919864650334,HIGH,N
C001572,Ishita,Sara Nair,Hyderabad,SME,68,ishita.1571@example.test,+917335005217,MEDIUM,N
C001573,Kabir,Rohan Iyer,Chennai,RETIRED,71,ananya.1572@example.test,+918132840646,UNKNOWN,N
C001574,Vikram,Meera Nair,Pune,RETIRED,37,dev.1573@example.test,+919672965108,LOW,N
C001575,Dev,Aarav Khan,Ahmedabad,SALARIED,73,aarav.1574@example.test,+918367182601,MEDIUM,N
C001576,Ananya,Dev Patel,Pune,RETIRED,28,sara.1575@example.test,+918990910550,UNKNOWN,N
C001577,Nisha,Aarav Khan,Bengaluru,RETIRED,43,ishita.1576@example.test,+918209634369,MEDIUM,N
C001578,Rohan,Sara Sharma,Delhi,NRI,64,diya.1577@example.test,+918468762795,LOW,N
C001579,Diya,Meera Sharma,Hyderabad,NRI,65,kabir.1578@example.test,+919982995489,HIGH,N
C001580,Ishita,Dev Sharma,Bengaluru,RETIRED,51,dev.1579@example.test,+918626076569,UNKNOWN,N
C001581,Aarav,Meera Sharma,Chennai,SALARIED,22,meera.1580@example.test,+919354072120,UNKNOWN,N
C001582,Diya,Nisha Sharma,Hyderabad,SME,76,aarav.1581@example.test,+919585023418,LOW,N
C001583,Arjun,Ananya Sharma,Pune,SALARIED,55,diya.1582@example.test,+919574672882,MEDIUM,N
C001584,Sara,Nisha Khan,Kolkata,SALARIED,51,kabir.1583@example.test,+918143477206,MEDIUM,N
C001585,Vikram,Meera Das,Pune,SME,26,ishita.1584@example.test,+919915277756,HIGH,N
C001586,Dev,Meera Das,Pune,RETIRED,30,meera.1585@example.test,+918329888836,MEDIUM,N
C001587,Ishita,Ananya Khan,Ahmedabad,RETIRED,69,ananya.1586@example.test,+918540408705,MEDIUM,N
C001588,Rohan,Meera Nair,Mumbai,SME,22,meera.1587@example.test,+917382849172,LOW,N
C001589,Meera,Rohan Iyer,Bengaluru,SELF_EMPLOYED,73,dev.1588@example.test,+918503596440,MEDIUM,Y
C001590,Meera,Arjun Khan,Kolkata,NRI,74,dev.1589@example.test,+919890955767,UNKNOWN,N
C001591,Dev,Kabir Khan,Mumbai,NRI,33,ishita.1590@example.test,+917068395747,UNKNOWN,N
C001592,Ishita,Ishita Sharma,Kochi,RETIRED,41,aarav.1591@example.test,+919298796748,LOW,N
C001593,Rohan,Rohan Nair,Hyderabad,SELF_EMPLOYED,28,ananya.1592@example.test,+917810445854,MEDIUM,N
C001594,Kabir,Diya Patel,Hyderabad,SME,38,nisha.1593@example.test,+918771566973,HIGH,N
C001595,Meera,Ananya Sharma,Delhi,NRI,42,meera.1594@example.test,+918241654208,UNKNOWN,N
C001596,Vikram,Aarav Patel,Kochi,SALARIED,49,aarav.1595@example.test,+919695916204,MEDIUM,Y
C001597,Kabir,Rohan Nair,Hyderabad,RETIRED,27,vikram.1596@example.test,+918299673669,UNKNOWN,N
C001598,Nisha,Rohan Patel,Jaipur,SELF_EMPLOYED,24,kabir.1597@example.test,+918389132790,LOW,N
C001599,Aarav,Sara Sharma,Kochi,NRI,56,rohan.1598@example.test,+917114094491,UNKNOWN,N
C001600,Meera,Arjun Iyer,Kolkata,SELF_EMPLOYED,56,kabir.1599@example.test,+918525841006,MEDIUM,Y
C001601,Rohan,Dev Khan,Mumbai,SELF_EMPLOYED,50,vikram.1600@example.test,+919914902610,UNKNOWN,N
C001602,Kabir,Vikram Sharma,Pune,SALARIED,73,ananya.1601@example.test,+919717993667,HIGH,N
C001603,Meera,Aarav Iyer,Mumbai,NRI,40,ananya.1602@example.test,+919154917915,UNKNOWN,N
C001604,Sara,Kabir Patel,Jaipur,SELF_EMPLOYED,28,nisha.1603@example.test,+918615882449,HIGH,N
C001605,Sara,Aarav Khan,Delhi,SALARIED,22,ishita.1604@example.test,+919106105113,HIGH,Y
C001606,Rohan,Vikram Sharma,Jaipur,SME,35,diya.1605@example.test,+919412155812,UNKNOWN,N
C001607,Nisha,Aarav Khan,Kolkata,SME,59,sara.1606@example.test,+918345675302,UNKNOWN,N
C001608,Rohan,Diya Sharma,Pune,SELF_EMPLOYED,70,aarav.1607@example.test,+918802779972,LOW,N
C001609,Diya,Meera Iyer,Delhi,RETIRED,62,dev.1608@example.test,+919726294369,LOW,Y
C001610,Ananya,Rohan Nair,Jaipur,NRI,32,kabir.1609@example.test,+918029772502,HIGH,N
C001611,Nisha,Ishita Das,Delhi,RETIRED,63,rohan.1610@example.test,+918917692153,UNKNOWN,Y
C001612,Diya,Arjun Das,Hyderabad,SME,60,arjun.1611@example.test,+917860696661,MEDIUM,N
C001613,Sara,Ananya Das,Pune,SME,43,aarav.1612@example.test,+917199002210,LOW,N
C001614,Meera,Arjun Khan,Chennai,RETIRED,44,sara.1613@example.test,+919789116894,HIGH,Y
C001615,Aarav,Diya Sharma,Jaipur,RETIRED,40,rohan.1614@example.test,+919133342740,HIGH,N
C001616,Ananya,Vikram Sharma,Kolkata,SELF_EMPLOYED,23,aarav.1615@example.test,+919300249394,MEDIUM,N
C001617,Aarav,Diya Sharma,Mumbai,RETIRED,71,dev.1616@example.test,+919817136294,UNKNOWN,N
C001618,Dev,Nisha Iyer,Bengaluru,SME,49,aarav.1617@example.test,+919142909778,UNKNOWN,Y
C001619,Aarav,Ananya Nair,Pune,RETIRED,43,sara.1618@example.test,+919451053566,HIGH,Y
C001620,Vikram,Meera Nair,Jaipur,NRI,43,rohan.1619@example.test,+918945170708,LOW,N
C001621,Dev,Diya Nair,Kochi,SME,42,arjun.1620@example.test,+918349060299,HIGH,N
C001622,Vikram,Sara Das,Chennai,NRI,23,sara.1621@example.test,+917334312172,LOW,N
C001623,Dev,Ananya Iyer,Kochi,SALARIED,52,diya.1622@example.test,+917126285790,LOW,N
C001624,Nisha,Vikram Das,Kolkata,SALARIED,65,sara.1623@example.test,+918845109128,HIGH,N
C001625,Ishita,Ishita Patel,Delhi,SALARIED,77,diya.1624@example.test,+919562664486,UNKNOWN,N
C001626,Diya,Nisha Nair,Hyderabad,RETIRED,32,dev.1625@example.test,+917003402286,HIGH,Y
C001627,Nisha,Dev Nair,Bengaluru,NRI,72,kabir.1626@example.test,+917321474424,LOW,N
C001628,Ishita,Arjun Khan,Kolkata,SELF_EMPLOYED,77,kabir.1627@example.test,+919005609240,MEDIUM,N
C001629,Arjun,Ananya Nair,Ahmedabad,SALARIED,47,ananya.1628@example.test,+918724004841,UNKNOWN,N
C001630,Diya,Meera Nair,Bengaluru,NRI,72,sara.1629@example.test,+918380290126,MEDIUM,N
C001631,Nisha,Ananya Iyer,Jaipur,SELF_EMPLOYED,65,ishita.1630@example.test,+918771168223,UNKNOWN,N
C001632,Sara,Sara Khan,Ahmedabad,RETIRED,51,nisha.1631@example.test,+919692674614,MEDIUM,N
C001633,Dev,Kabir Iyer,Bengaluru,SME,34,ishita.1632@example.test,+917017289435,UNKNOWN,N
C001634,Dev,Ananya Khan,Mumbai,NRI,51,ananya.1633@example.test,+919958554359,LOW,Y
C001635,Vikram,Diya Sharma,Kolkata,SELF_EMPLOYED,48,nisha.1634@example.test,+918467155416,HIGH,N
C001636,Diya,Dev Patel,Kolkata,SELF_EMPLOYED,30,sara.1635@example.test,+918624917763,UNKNOWN,N
C001637,Aarav,Diya Iyer,Jaipur,SELF_EMPLOYED,58,sara.1636@example.test,+919653854321,HIGH,Y
C001638,Rohan,Ananya Khan,Kolkata,SALARIED,68,ishita.1637@example.test,+917654971874,LOW,N
C001639,Arjun,Meera Iyer,Kolkata,SELF_EMPLOYED,71,meera.1638@example.test,+917494256800,HIGH,N
C001640,Kabir,Aarav Nair,Ahmedabad,SALARIED,53,dev.1639@example.test,+917412972009,UNKNOWN,N
C001641,Ishita,Aarav Iyer,Jaipur,NRI,72,dev.1640@example.test,+919053558790,UNKNOWN,N
C001642,Meera,Arjun Sharma,Mumbai,SELF_EMPLOYED,53,kabir.1641@example.test,+918879534799,MEDIUM,N
C001643,Aarav,Dev Das,Kolkata,NRI,40,arjun.1642@example.test,+918320840981,UNKNOWN,N
C001644,Rohan,Meera Das,Bengaluru,SELF_EMPLOYED,31,meera.1643@example.test,+918134889306,LOW,N
C001645,Nisha,Ananya Khan,Kolkata,SALARIED,64,sara.1644@example.test,+917473513401,UNKNOWN,N
C001646,Nisha,Rohan Das,Kolkata,SME,29,dev.1645@example.test,+918972455606,HIGH,N
C001647,Rohan,Kabir Patel,Delhi,SELF_EMPLOYED,38,,+919960606830,LOW,N
C001648,Nisha,Sara Nair,Chennai,RETIRED,31,sara.1647@example.test,+917964370769,LOW,N
C001649,Ishita,Ishita Das,Chennai,NRI,53,dev.1648@example.test,+917541295223,UNKNOWN,Y
C001650,Vikram,Meera Das,Kochi,SALARIED,42,rohan.1649@example.test,+918177070795,LOW,Y
C001651,Diya,Sara Patel,Mumbai,RETIRED,61,arjun.1650@example.test,+917042549491,LOW,N
C001652,Sara,Nisha Nair,Mumbai,SELF_EMPLOYED,44,sara.1651@example.test,+918568515583,HIGH,Y
C001653,Rohan,Diya Das,Ahmedabad,RETIRED,72,ananya.1652@example.test,+917187340296,LOW,Y
C001654,Nisha,Meera Iyer,Delhi,SALARIED,65,nisha.1653@example.test,+919891823403,HIGH,N
C001655,Sara,Dev Nair,Pune,SELF_EMPLOYED,75,rohan.1654@example.test,+919209805580,LOW,N
C001656,Nisha,Sara Nair,Bengaluru,NRI,52,ishita.1655@example.test,+918103315276,UNKNOWN,N
C001657,Ishita,Dev Khan,Bengaluru,SME,76,ananya.1656@example.test,+919599444677,UNKNOWN,N
C001658,Rohan,Ananya Iyer,Pune,RETIRED,58,arjun.1657@example.test,+917551781923,HIGH,N
C001659,Rohan,Dev Das,Jaipur,NRI,24,arjun.1658@example.test,+917543256445,HIGH,N
C001660,Ananya,Aarav Nair,Pune,RETIRED,62,ishita.1659@example.test,+917128866177,LOW,Y
C001661,Nisha,Rohan Nair,Delhi,SME,53,dev.1660@example.test,+918256608084,UNKNOWN,N
C001662,Meera,Ishita Iyer,Kochi,NRI,36,ishita.1661@example.test,+918540489838,HIGH,Y
C001663,Meera,Kabir Sharma,Ahmedabad,SME,21,arjun.1662@example.test,+919858125789,HIGH,N
C001664,Kabir,Ishita Nair,Jaipur,SALARIED,27,rohan.1663@example.test,+917304559724,UNKNOWN,N
C001665,Diya,Ananya Khan,Pune,SME,38,arjun.1664@example.test,+917850787646,MEDIUM,N
C001666,Sara,Kabir Das,Jaipur,SALARIED,32,rohan.1665@example.test,+919889300302,LOW,N
C001667,Rohan,Ishita Sharma,Ahmedabad,SME,23,diya.1666@example.test,+919110918551,LOW,N
C001668,Arjun,Rohan Das,Pune,SELF_EMPLOYED,36,dev.1667@example.test,+917692010336,LOW,N
C001669,Vikram,Arjun Iyer,Pune,SALARIED,53,nisha.1668@example.test,+918643725215,MEDIUM,Y
C001670,Kabir,Dev Das,Bengaluru,SELF_EMPLOYED,71,arjun.1669@example.test,+917304149633,HIGH,N
C001671,Diya,Ishita Iyer,Jaipur,SALARIED,64,kabir.1670@example.test,+919777727124,HIGH,N
C001672,Aarav,Arjun Patel,Pune,RETIRED,65,rohan.1671@example.test,+919676785768,UNKNOWN,N
C001673,Arjun,Sara Das,Kochi,NRI,54,aarav.1672@example.test,+918563649292,UNKNOWN,N
C001674,Ishita,Vikram Iyer,Hyderabad,SME,53,kabir.1673@example.test,+919363475927,HIGH,N
C001675,Kabir,Nisha Khan,Chennai,SELF_EMPLOYED,21,nisha.1674@example.test,+917823697980,LOW,N
C001676,Vikram,Ananya Iyer,Mumbai,SELF_EMPLOYED,30,dev.1675@example.test,+919207328252,LOW,N
C001677,Meera,Ishita Das,Pune,NRI,59,aarav.1676@example.test,+917413688756,HIGH,Y
C001678,Meera,Ananya Iyer,Hyderabad,SME,31,diya.1677@example.test,+919639606785,HIGH,N
C001679,Ishita,Aarav Nair,Ahmedabad,NRI,64,diya.1678@example.test,+917221720226,HIGH,N
C001680,Aarav,Ishita Patel,Jaipur,SME,51,sara.1679@example.test,+917330699418,MEDIUM,Y
C001681,Rohan,Vikram Patel,Ahmedabad,NRI,28,arjun.1680@example.test,+917620768406,UNKNOWN,N
C001682,Sara,Dev Iyer,Hyderabad,SME,68,ananya.1681@example.test,+917062495850,MEDIUM,N
C001683,Vikram,Ananya Sharma,Bengaluru,NRI,49,kabir.1682@example.test,+917653118441,HIGH,N
C001684,Meera,Ishita Sharma,Delhi,SALARIED,64,rohan.1683@example.test,+919975502173,HIGH,N
C001685,Ananya,Nisha Iyer,Bengaluru,SME,47,aarav.1684@example.test,+918777078979,LOW,Y
C001686,Ananya,Arjun Sharma,Pune,SELF_EMPLOYED,59,arjun.1685@example.test,+919451832808,HIGH,N
C001687,Nisha,Dev Sharma,Ahmedabad,SALARIED,38,rohan.1686@example.test,+917267590695,LOW,N
C001688,Dev,Kabir Sharma,Delhi,SALARIED,31,ananya.1687@example.test,+918271365970,MEDIUM,N
C001689,Kabir,Kabir Khan,Jaipur,SELF_EMPLOYED,71,ishita.1688@example.test,+919896565696,LOW,Y
C001690,Diya,Vikram Sharma,Ahmedabad,SALARIED,59,meera.1689@example.test,+919167974237,UNKNOWN,N
C001691,Vikram,Vikram Nair,Hyderabad,SELF_EMPLOYED,25,meera.1690@example.test,+918757360784,UNKNOWN,Y
C001692,Kabir,Ishita Sharma,Chennai,SALARIED,65,,+919621740824,LOW,Y
C001693,Rohan,Arjun Patel,Kochi,SALARIED,70,vikram.1692@example.test,+919120015697,MEDIUM,Y
C001694,Sara,Diya Nair,Jaipur,RETIRED,72,arjun.1693@example.test,+919783189317,MEDIUM,N
C001695,Kabir,Aarav Iyer,Hyderabad,SALARIED,35,ishita.1694@example.test,+919220992623,HIGH,N
C001696,Sara,Dev Patel,Chennai,SME,68,ishita.1695@example.test,+917653340391,HIGH,N
C001697,Ishita,Ananya Sharma,Ahmedabad,SME,65,diya.1696@example.test,+918798655381,UNKNOWN,N
C001698,Ishita,Ishita Patel,Ahmedabad,RETIRED,77,aarav.1697@example.test,+919277183998,LOW,Y
C001699,Kabir,Kabir Khan,Hyderabad,SELF_EMPLOYED,58,ishita.1698@example.test,+917889982300,UNKNOWN,N
C001700,Nisha,Aarav Nair,Hyderabad,SALARIED,59,vikram.1699@example.test,+917008885196,UNKNOWN,Y
C001701,Meera,Ananya Sharma,Bengaluru,SALARIED,55,dev.1700@example.test,+919446494871,LOW,N
C001702,Aarav,Sara Nair,Hyderabad,RETIRED,40,meera.1701@example.test,+918809359362,MEDIUM,N
C001703,Rohan,Sara Iyer,Kolkata,SELF_EMPLOYED,37,dev.1702@example.test,+919774529441,HIGH,Y
C001704,Dev,Nisha Nair,Mumbai,NRI,73,diya.1703@example.test,+918064538658,UNKNOWN,N
C001705,Diya,Dev Khan,Chennai,NRI,27,kabir.1704@example.test,+917201665913,MEDIUM,N
C001706,Dev,Vikram Nair,Hyderabad,SME,45,ishita.1705@example.test,+918211672789,UNKNOWN,N
C001707,Ananya,Meera Das,Jaipur,SME,32,nisha.1706@example.test,+917018161685,HIGH,N
C001708,Nisha,Meera Das,Kochi,RETIRED,69,ananya.1707@example.test,+919989994541,MEDIUM,N
C001709,Aarav,Nisha Sharma,Bengaluru,SELF_EMPLOYED,36,kabir.1708@example.test,+918854435260,MEDIUM,Y
C001710,Vikram,Nisha Sharma,Mumbai,SALARIED,60,kabir.1709@example.test,+919841151415,HIGH,Y
C001711,Rohan,Ananya Das,Jaipur,SALARIED,67,vikram.1710@example.test,+918745453796,UNKNOWN,N
C001712,Nisha,Aarav Sharma,Mumbai,NRI,39,ishita.1711@example.test,+919631158144,LOW,Y
C001713,Aarav,Vikram Patel,Ahmedabad,RETIRED,56,rohan.1712@example.test,+918139594426,HIGH,Y
C001714,Meera,Rohan Sharma,Kochi,SELF_EMPLOYED,34,ananya.1713@example.test,+917778239337,MEDIUM,N
C001715,Vikram,Ananya Nair,Hyderabad,SALARIED,21,aarav.1714@example.test,+917006276797,LOW,N
C001716,Ananya,Meera Patel,Ahmedabad,NRI,39,kabir.1715@example.test,+917678943339,UNKNOWN,Y
C001717,Ananya,Vikram Nair,Ahmedabad,SALARIED,38,sara.1716@example.test,+918735210846,LOW,N
C001718,Kabir,Ananya Sharma,Kochi,SALARIED,52,arjun.1717@example.test,+917838214844,LOW,Y
C001719,Aarav,Dev Das,Hyderabad,NRI,26,aarav.1718@example.test,+918944907728,UNKNOWN,N
C001720,Sara,Rohan Patel,Chennai,RETIRED,28,arjun.1719@example.test,+917109278403,HIGH,N
C001721,Ishita,Nisha Khan,Jaipur,SALARIED,26,kabir.1720@example.test,+917501239552,HIGH,N
C001722,Diya,Diya Khan,Hyderabad,NRI,61,meera.1721@example.test,+919500137340,LOW,Y
C001723,Sara,Meera Iyer,Delhi,RETIRED,37,nisha.1722@example.test,+919158899602,LOW,N
C001724,Dev,Arjun Das,Bengaluru,SME,49,diya.1723@example.test,+918410815495,MEDIUM,Y
C001725,Vikram,Rohan Sharma,Bengaluru,SELF_EMPLOYED,57,rohan.1724@example.test,+917902467148,MEDIUM,N
C001726,Kabir,Nisha Iyer,Pune,NRI,40,nisha.1725@example.test,+919875547724,MEDIUM,Y
C001727,Rohan,Dev Sharma,Bengaluru,RETIRED,51,kabir.1726@example.test,+919139188143,HIGH,N
C001728,Aarav,Rohan Das,Hyderabad,SELF_EMPLOYED,34,rohan.1727@example.test,+918856543996,HIGH,N
C001729,Sara,Aarav Iyer,Kochi,SELF_EMPLOYED,58,diya.1728@example.test,+918364477433,LOW,N
C001730,Dev,Arjun Iyer,Jaipur,SME,52,rohan.1729@example.test,+919731390778,UNKNOWN,N
C001731,Dev,Dev Patel,Bengaluru,SELF_EMPLOYED,35,diya.1730@example.test,+918687195578,MEDIUM,N
C001732,Dev,Ananya Iyer,Pune,SME,74,ishita.1731@example.test,+918651389543,MEDIUM,N
C001733,Kabir,Meera Das,Pune,RETIRED,67,ananya.1732@example.test,+919193341698,UNKNOWN,N
C001734,Vikram,Aarav Nair,Kolkata,SALARIED,31,nisha.1733@example.test,+918857829151,UNKNOWN,N
C001735,Rohan,Sara Khan,Kochi,NRI,33,sara.1734@example.test,+917278220898,UNKNOWN,N
C001736,Sara,Sara Sharma,Chennai,SELF_EMPLOYED,39,arjun.1735@example.test,+918791970757,HIGH,N
C001737,Rohan,Kabir Iyer,Mumbai,NRI,53,ishita.1736@example.test,+919925799480,UNKNOWN,N
C001738,Meera,Nisha Das,Mumbai,RETIRED,73,diya.1737@example.test,+917454103004,MEDIUM,N
C001739,Sara,Rohan Das,Bengaluru,SELF_EMPLOYED,22,nisha.1738@example.test,+917436354621,HIGH,N
C001740,Arjun,Ishita Iyer,Ahmedabad,NRI,42,sara.1739@example.test,+918787539711,UNKNOWN,Y
C001741,Arjun,Meera Sharma,Jaipur,RETIRED,62,ishita.1740@example.test,+919276937099,UNKNOWN,N
C001742,Dev,Diya Khan,Bengaluru,NRI,33,dev.1741@example.test,+917868870295,HIGH,N
C001743,Nisha,Diya Khan,Bengaluru,NRI,32,ishita.1742@example.test,+918550846741,MEDIUM,N
C001744,Kabir,Ishita Das,Bengaluru,SELF_EMPLOYED,32,dev.1743@example.test,+918427510017,MEDIUM,N
C001745,Ananya,Rohan Nair,Jaipur,SME,38,diya.1744@example.test,+919282231275,UNKNOWN,Y
C001746,Ananya,Aarav Iyer,Bengaluru,RETIRED,44,kabir.1745@example.test,+919624150198,HIGH,N
C001747,Diya,Ananya Iyer,Kolkata,NRI,71,ananya.1746@example.test,+918459728576,UNKNOWN,N
C001748,Ishita,Ananya Das,Jaipur,NRI,44,kabir.1747@example.test,+918811973410,LOW,N
C001749,Ishita,Arjun Das,Pune,NRI,40,meera.1748@example.test,+918646895094,LOW,N
C001750,Sara,Kabir Patel,Delhi,NRI,45,arjun.1749@example.test,+918530914431,UNKNOWN,N
C001751,Arjun,Dev Nair,Pune,NRI,21,rohan.1750@example.test,+918960477642,UNKNOWN,N
C001752,Ishita,Rohan Das,Jaipur,SME,22,rohan.1751@example.test,+919967293792,UNKNOWN,Y
C001753,Nisha,Meera Patel,Mumbai,SELF_EMPLOYED,64,ishita.1752@example.test,+919994560316,UNKNOWN,N
C001754,Sara,Vikram Patel,Delhi,SALARIED,52,meera.1753@example.test,+919654189991,MEDIUM,N
C001755,Diya,Kabir Sharma,Bengaluru,RETIRED,75,rohan.1754@example.test,+919194272285,UNKNOWN,N
C001756,Ananya,Aarav Nair,Mumbai,SALARIED,25,meera.1755@example.test,+919530646702,HIGH,N
C001757,Diya,Ishita Nair,Jaipur,RETIRED,61,ananya.1756@example.test,+919477935167,MEDIUM,N
C001758,Diya,Kabir Sharma,Delhi,SALARIED,27,vikram.1757@example.test,+919274280266,LOW,N
C001759,Ishita,Sara Sharma,Ahmedabad,NRI,23,arjun.1758@example.test,+917656348236,UNKNOWN,N
C001760,Vikram,Kabir Das,Bengaluru,SELF_EMPLOYED,22,ishita.1759@example.test,+918708784295,MEDIUM,Y
C001761,Diya,Vikram Iyer,Kochi,RETIRED,29,ishita.1760@example.test,+917188094284,HIGH,N
C001762,Ananya,Rohan Iyer,Hyderabad,NRI,63,meera.1761@example.test,+919661391588,UNKNOWN,N
C001763,Ananya,Nisha Nair,Mumbai,SALARIED,42,kabir.1762@example.test,+918604736512,HIGH,N
C001764,Kabir,Vikram Nair,Kochi,NRI,70,sara.1763@example.test,+918556001510,UNKNOWN,N
C001765,Ishita,Aarav Iyer,Kochi,SME,23,nisha.1764@example.test,+918743549954,LOW,N
C001766,Nisha,Ishita Khan,Chennai,SALARIED,66,kabir.1765@example.test,+918458685261,HIGH,N
C001767,Dev,Nisha Iyer,Hyderabad,SALARIED,51,dev.1766@example.test,+917357288604,HIGH,Y
C001768,Diya,Sara Nair,Hyderabad,SALARIED,23,nisha.1767@example.test,+917334009151,MEDIUM,N
C001769,Meera,Rohan Das,Jaipur,SELF_EMPLOYED,69,dev.1768@example.test,+919645157744,LOW,Y
C001770,Sara,Vikram Iyer,Jaipur,SALARIED,41,kabir.1769@example.test,+919881799234,MEDIUM,N
C001771,Nisha,Rohan Iyer,Hyderabad,SALARIED,21,ananya.1770@example.test,+917097967969,HIGH,N
C001772,Ananya,Arjun Das,Hyderabad,SELF_EMPLOYED,28,meera.1771@example.test,+917355742474,HIGH,Y
C001773,Kabir,Meera Patel,Pune,SALARIED,29,ishita.1772@example.test,+918127425632,UNKNOWN,Y
C001774,Dev,Dev Patel,Delhi,NRI,32,rohan.1773@example.test,+919332783211,HIGH,N
C001775,Diya,Ananya Sharma,Kochi,RETIRED,72,ishita.1774@example.test,+919391339858,UNKNOWN,N
C001776,Ananya,Arjun Das,Ahmedabad,RETIRED,22,sara.1775@example.test,+917178899546,MEDIUM,N
C001777,Nisha,Sara Das,Mumbai,SME,27,vikram.1776@example.test,+918997655739,MEDIUM,N
C001778,Rohan,Ananya Nair,Hyderabad,NRI,25,meera.1777@example.test,+917565927878,MEDIUM,N
C001779,Ananya,Rohan Khan,Chennai,RETIRED,35,aarav.1778@example.test,+918472028490,MEDIUM,N
C001780,Arjun,Ishita Patel,Ahmedabad,RETIRED,67,ishita.1779@example.test,+919097484036,MEDIUM,Y
C001781,Kabir,Ananya Khan,Ahmedabad,SALARIED,71,vikram.1780@example.test,+918051883078,UNKNOWN,Y
C001782,Dev,Diya Sharma,Ahmedabad,NRI,45,sara.1781@example.test,+917841158388,HIGH,Y
C001783,Vikram,Ananya Nair,Kolkata,SALARIED,34,kabir.1782@example.test,+917755246375,HIGH,N
C001784,Sara,Nisha Patel,Bengaluru,SALARIED,70,nisha.1783@example.test,+918126172734,LOW,Y
C001785,Kabir,Ishita Khan,Pune,SALARIED,29,nisha.1784@example.test,+918673910187,LOW,N
C001786,Kabir,Ishita Sharma,Bengaluru,NRI,35,ananya.1785@example.test,+917955686978,LOW,N
C001787,Arjun,Nisha Iyer,Jaipur,SELF_EMPLOYED,47,ananya.1786@example.test,+917193971899,LOW,Y
C001788,Ananya,Aarav Patel,Delhi,SELF_EMPLOYED,77,sara.1787@example.test,+918707600147,LOW,N
C001789,Meera,Nisha Nair,Kolkata,NRI,24,nisha.1788@example.test,+919079697471,HIGH,Y
C001790,Rohan,Kabir Patel,Delhi,SELF_EMPLOYED,26,diya.1789@example.test,+919781457588,HIGH,N
C001791,Sara,Sara Nair,Mumbai,SME,41,vikram.1790@example.test,+918315331138,UNKNOWN,N
C001792,Ananya,Nisha Khan,Pune,SELF_EMPLOYED,65,vikram.1791@example.test,+919067370233,LOW,N
C001793,Aarav,Meera Patel,Delhi,RETIRED,74,aarav.1792@example.test,+918270286350,HIGH,Y
C001794,Vikram,Meera Das,Hyderabad,SME,76,diya.1793@example.test,+919580924936,HIGH,N
C001795,Nisha,Diya Sharma,Kochi,SELF_EMPLOYED,34,ishita.1794@example.test,+917594016076,LOW,N
C001796,Ishita,Meera Sharma,Kochi,SALARIED,76,ananya.1795@example.test,+919272211942,LOW,N
C001797,Vikram,Meera Iyer,Bengaluru,SALARIED,35,sara.1796@example.test,+919001582106,UNKNOWN,Y
C001798,Vikram,Meera Khan,Ahmedabad,RETIRED,22,ananya.1797@example.test,+919546287224,MEDIUM,N
C001799,Ananya,Ishita Iyer,Bengaluru,SALARIED,36,rohan.1798@example.test,+919326408242,MEDIUM,N
C001800,Sara,Meera Das,Kochi,SME,63,bad-email,+917101427576,LOW,Y
C001801,Sara,Arjun Patel,Chennai,SME,39,diya.1800@example.test,+917980866461,UNKNOWN,N
C001802,Ishita,Meera Das,Ahmedabad,SME,37,rohan.1801@example.test,+918820950087,HIGH,N
C001803,Diya,Dev Das,Mumbai,SELF_EMPLOYED,72,sara.1802@example.test,+919945407104,LOW,N
C001804,Dev,Ishita Iyer,Ahmedabad,SELF_EMPLOYED,50,nisha.1803@example.test,+918894169100,MEDIUM,Y
C001805,Kabir,Dev Das,Ahmedabad,SALARIED,64,diya.1804@example.test,+919871549436,UNKNOWN,N
C001806,Vikram,Ananya Nair,Chennai,SALARIED,62,kabir.1805@example.test,+919341829762,UNKNOWN,N
C001807,Nisha,Rohan Patel,Ahmedabad,SELF_EMPLOYED,29,ananya.1806@example.test,+919111934834,HIGH,Y
C001808,Kabir,Meera Das,Kochi,SME,22,aarav.1807@example.test,+918214739522,MEDIUM,Y
C001809,Ishita,Sara Patel,Kochi,SELF_EMPLOYED,56,aarav.1808@example.test,+917083530809,MEDIUM,Y
C001810,Nisha,Ananya Das,Hyderabad,SELF_EMPLOYED,46,meera.1809@example.test,+919804037153,MEDIUM,N
C001811,Sara,Diya Das,Jaipur,RETIRED,22,nisha.1810@example.test,+919170127912,LOW,N
C001812,Vikram,Ananya Sharma,Delhi,SALARIED,66,vikram.1811@example.test,+919328277955,LOW,N
C001813,Dev,Diya Nair,Kochi,NRI,65,aarav.1812@example.test,+917400728871,HIGH,N
C001814,Meera,Diya Das,Kolkata,SME,32,aarav.1813@example.test,+917818870071,HIGH,N
C001815,Aarav,Meera Das,Ahmedabad,SALARIED,45,arjun.1814@example.test,+918812031536,LOW,N
C001816,Kabir,Ishita Khan,Jaipur,SELF_EMPLOYED,29,vikram.1815@example.test,+918739784221,HIGH,N
C001817,Aarav,Vikram Patel,Kolkata,SALARIED,75,rohan.1816@example.test,+918411528122,LOW,N
C001818,Ishita,Dev Sharma,Kochi,SALARIED,61,meera.1817@example.test,+917371785159,LOW,N
C001819,Nisha,Sara Nair,Pune,NRI,49,kabir.1818@example.test,+917193871089,MEDIUM,N
C001820,Dev,Vikram Iyer,Kochi,SELF_EMPLOYED,52,meera.1819@example.test,+918716457107,HIGH,N
C001821,Kabir,Dev Patel,Kolkata,SALARIED,35,ishita.1820@example.test,+917134130114,UNKNOWN,Y
C001822,Meera,Arjun Sharma,Chennai,RETIRED,64,diya.1821@example.test,+917292438595,HIGH,N
C001823,Arjun,Aarav Das,Delhi,SELF_EMPLOYED,74,meera.1822@example.test,+917426732253,LOW,N
C001824,Ananya,Vikram Patel,Kochi,SALARIED,76,arjun.1823@example.test,+919044860960,HIGH,N
C001825,Diya,Sara Das,Mumbai,SELF_EMPLOYED,62,aarav.1824@example.test,+919226188724,UNKNOWN,N
C001826,Arjun,Ananya Nair,Mumbai,NRI,68,sara.1825@example.test,+917559248686,UNKNOWN,Y
C001827,Sara,Dev Patel,Jaipur,RETIRED,25,vikram.1826@example.test,+919666300510,MEDIUM,N
C001828,Ananya,Dev Iyer,Jaipur,SELF_EMPLOYED,62,kabir.1827@example.test,+918405926715,UNKNOWN,N
C001829,Dev,Meera Patel,Chennai,SALARIED,33,meera.1828@example.test,+918004622613,UNKNOWN,N
C001830,Meera,Arjun Sharma,Bengaluru,SALARIED,64,dev.1829@example.test,+919875448833,MEDIUM,N
C001831,Rohan,Rohan Khan,Hyderabad,SME,73,diya.1830@example.test,+918880462148,LOW,N
C001832,Arjun,Dev Patel,Chennai,SELF_EMPLOYED,60,nisha.1831@example.test,+919242903144,HIGH,N
C001833,Ishita,Ishita Khan,Hyderabad,SME,58,arjun.1832@example.test,+918879092543,MEDIUM,N
C001834,Dev,Kabir Patel,Kolkata,SELF_EMPLOYED,62,sara.1833@example.test,+917066137042,MEDIUM,N
C001835,Meera,Arjun Sharma,Jaipur,SME,34,sara.1834@example.test,+919253177265,MEDIUM,N
C001836,Aarav,Diya Nair,Kochi,SALARIED,45,sara.1835@example.test,+917458072116,LOW,Y
C001837,Arjun,Arjun Nair,Ahmedabad,SELF_EMPLOYED,48,vikram.1836@example.test,+919618594607,UNKNOWN,N
C001838,Diya,Sara Nair,Mumbai,SELF_EMPLOYED,35,sara.1837@example.test,+919451819538,LOW,N
C001839,Ananya,Aarav Das,Jaipur,NRI,77,meera.1838@example.test,+917433064937,HIGH,N
C001840,Ishita,Diya Khan,Hyderabad,SME,77,arjun.1839@example.test,+917079222810,LOW,N
C001841,Meera,Sara Patel,Bengaluru,SELF_EMPLOYED,59,vikram.1840@example.test,+919543130938,HIGH,Y
C001842,Meera,Vikram Patel,Bengaluru,SME,57,diya.1841@example.test,+919910367727,UNKNOWN,Y
C001843,Dev,Meera Nair,Mumbai,SALARIED,57,rohan.1842@example.test,+917032517470,HIGH,N
C001844,Rohan,Diya Patel,Mumbai,NRI,36,arjun.1843@example.test,+917298565528,UNKNOWN,N
C001845,Meera,Ishita Nair,Hyderabad,SME,48,ananya.1844@example.test,+919730164105,MEDIUM,Y
C001846,Diya,Arjun Iyer,Hyderabad,SALARIED,45,kabir.1845@example.test,+919204812334,UNKNOWN,N
C001847,Ishita,Nisha Patel,Pune,SALARIED,22,arjun.1846@example.test,+917178022216,MEDIUM,Y
C001848,Rohan,Sara Khan,Kochi,SME,39,diya.1847@example.test,+917923665802,LOW,N
C001849,Vikram,Ananya Khan,Pune,SALARIED,47,meera.1848@example.test,+917108547069,UNKNOWN,N
C001850,Sara,Dev Das,Kochi,RETIRED,45,meera.1849@example.test,+917524798905,LOW,N
C001851,Meera,Aarav Nair,Bengaluru,NRI,74,vikram.1850@example.test,+917628327202,HIGH,N
C001852,Aarav,Nisha Nair,Bengaluru,NRI,64,rohan.1851@example.test,+919971935579,HIGH,N
C001853,Diya,Nisha Sharma,Kolkata,NRI,25,kabir.1852@example.test,+917145267437,HIGH,N
C001854,Ishita,Aarav Nair,Mumbai,SME,34,sara.1853@example.test,+917898149973,MEDIUM,N
C001855,Vikram,Vikram Das,Mumbai,RETIRED,28,aarav.1854@example.test,+918863665112,LOW,N
C001856,Ananya,Dev Iyer,Hyderabad,SELF_EMPLOYED,77,ananya.1855@example.test,+919047462667,UNKNOWN,N
C001857,Arjun,Kabir Khan,Pune,RETIRED,77,rohan.1856@example.test,+918265869143,UNKNOWN,N
C001858,Aarav,Meera Nair,Pune,RETIRED,48,ishita.1857@example.test,+917298548824,LOW,N
C001859,Arjun,Vikram Patel,Bengaluru,RETIRED,58,diya.1858@example.test,+919926606889,MEDIUM,N
C001860,Meera,Diya Khan,Bengaluru,SELF_EMPLOYED,28,ananya.1859@example.test,+919706867780,UNKNOWN,Y
C001861,Diya,Sara Sharma,Hyderabad,NRI,43,ananya.1860@example.test,+919787481039,HIGH,N
C001862,Sara,Arjun Sharma,Ahmedabad,RETIRED,42,ishita.1861@example.test,+917649786935,HIGH,N
C001863,Sara,Arjun Das,Jaipur,NRI,41,sara.1862@example.test,+917437304692,MEDIUM,N
C001864,Dev,Rohan Sharma,Ahmedabad,SALARIED,65,arjun.1863@example.test,+918761389960,LOW,N
C001865,Ishita,Dev Khan,Jaipur,SELF_EMPLOYED,28,kabir.1864@example.test,+917628108846,HIGH,N
C001866,Nisha,Rohan Sharma,Kolkata,SALARIED,30,dev.1865@example.test,+917598213460,LOW,Y
C001867,Diya,Ananya Sharma,Kochi,RETIRED,53,ananya.1866@example.test,,HIGH,N
C001868,Rohan,Rohan Sharma,Bengaluru,SALARIED,72,ananya.1867@example.test,+919602988159,LOW,N
C001869,Meera,Aarav Patel,Chennai,SALARIED,69,diya.1868@example.test,+919130301290,HIGH,N
C001870,Ananya,Meera Nair,Kolkata,NRI,49,nisha.1869@example.test,+918788324146,MEDIUM,N
C001871,Rohan,Ananya Iyer,Hyderabad,SME,72,nisha.1870@example.test,+917230561034,LOW,Y
C001872,Ananya,Sara Khan,Jaipur,SALARIED,65,nisha.1871@example.test,+919775789463,UNKNOWN,Y
C001873,Rohan,Vikram Iyer,Chennai,NRI,56,ishita.1872@example.test,+919485112171,UNKNOWN,N
C001874,Meera,Meera Nair,Ahmedabad,SELF_EMPLOYED,54,diya.1873@example.test,+918470681021,MEDIUM,Y
C001875,Ananya,Vikram Iyer,Hyderabad,SME,44,sara.1874@example.test,+917923094045,MEDIUM,N
C001876,Ananya,Dev Nair,Jaipur,NRI,54,kabir.1875@example.test,+918877967285,LOW,Y
C001877,Ananya,Ananya Nair,Chennai,SALARIED,23,ananya.1876@example.test,+918989200728,MEDIUM,N
C001878,Dev,Rohan Nair,Chennai,NRI,74,aarav.1877@example.test,+917326701708,LOW,N
C001879,Ananya,Vikram Khan,Bengaluru,RETIRED,55,sara.1878@example.test,+917743087433,MEDIUM,N
C001880,Meera,Arjun Das,Hyderabad,SALARIED,32,vikram.1879@example.test,+919550134991,UNKNOWN,N
C001881,Kabir,Rohan Sharma,Delhi,NRI,25,vikram.1880@example.test,+917452960039,LOW,Y
C001882,Ishita,Diya Iyer,Mumbai,SME,49,sara.1881@example.test,+917733758152,UNKNOWN,N
C001883,Ananya,Dev Nair,Mumbai,SME,25,meera.1882@example.test,+918307753613,HIGH,Y
C001884,Ananya,Arjun Das,Kochi,NRI,71,rohan.1883@example.test,+919080782160,HIGH,N
C001885,Diya,Dev Nair,Mumbai,SALARIED,45,nisha.1884@example.test,+919555677520,LOW,Y
C001886,Ananya,Arjun Sharma,Jaipur,NRI,69,sara.1885@example.test,+917153414700,HIGH,Y
C001887,Kabir,Meera Patel,Hyderabad,SME,34,kabir.1886@example.test,+918669776845,UNKNOWN,N
C001888,Meera,Rohan Khan,Hyderabad,SELF_EMPLOYED,50,nisha.1887@example.test,+918224142843,MEDIUM,N
C001889,Ishita,Ishita Sharma,Kochi,SALARIED,50,diya.1888@example.test,+918539693761,UNKNOWN,Y
C001890,Dev,Vikram Sharma,Jaipur,RETIRED,73,rohan.1889@example.test,+918588181745,HIGH,N
C001891,Arjun,Aarav Patel,Hyderabad,NRI,63,meera.1890@example.test,+918066524272,UNKNOWN,N
C001892,Arjun,Ishita Das,Ahmedabad,NRI,59,aarav.1891@example.test,+919648284504,MEDIUM,Y
C001893,Meera,Nisha Khan,Jaipur,NRI,56,vikram.1892@example.test,+918743055128,HIGH,Y
C001894,Dev,Sara Das,Chennai,SELF_EMPLOYED,40,vikram.1893@example.test,+917709956091,LOW,N
C001895,Kabir,Sara Khan,Kochi,SELF_EMPLOYED,29,diya.1894@example.test,+918911849292,HIGH,Y
C001896,Vikram,Kabir Patel,Bengaluru,RETIRED,76,dev.1895@example.test,+918867258769,MEDIUM,N
C001897,Arjun,Nisha Sharma,Bengaluru,RETIRED,47,arjun.1896@example.test,+917133985013,HIGH,Y
C001898,Sara,Arjun Das,Kochi,SME,68,dev.1897@example.test,+917384801029,HIGH,N
C001899,Vikram,Dev Patel,Chennai,SME,61,nisha.1898@example.test,+917525116558,UNKNOWN,N
C001900,Ishita,Sara Iyer,Chennai,NRI,68,aarav.1899@example.test,+917371871572,LOW,N
C001901,Meera,Rohan Das,Kolkata,NRI,67,arjun.1900@example.test,+917135383847,HIGH,N
C001902,Diya,Rohan Nair,Kolkata,SELF_EMPLOYED,30,meera.1901@example.test,+918005087083,LOW,N
C001903,Meera,Kabir Nair,Bengaluru,RETIRED,44,aarav.1902@example.test,+918438295289,MEDIUM,Y
C001904,Nisha,Dev Das,Ahmedabad,SELF_EMPLOYED,33,vikram.1903@example.test,+917520328790,UNKNOWN,N
C001905,Meera,Vikram Patel,Delhi,RETIRED,22,diya.1904@example.test,+917051935340,MEDIUM,N
C001906,Meera,Vikram Patel,Chennai,SALARIED,41,dev.1905@example.test,+918609926322,UNKNOWN,N
C001907,Ishita,Vikram Sharma,Jaipur,SALARIED,35,kabir.1906@example.test,+917453965752,MEDIUM,N
C001908,Dev,Rohan Das,Kolkata,RETIRED,37,aarav.1907@example.test,+918652563261,MEDIUM,N
C001909,Vikram,Ishita Das,Ahmedabad,SELF_EMPLOYED,51,ishita.1908@example.test,+919975640578,HIGH,N
C001910,Dev,Vikram Nair,Mumbai,SALARIED,47,sara.1909@example.test,+918288040308,LOW,N
C001911,Ananya,Vikram Nair,Ahmedabad,RETIRED,36,dev.1910@example.test,+917078327533,MEDIUM,Y
C001912,Rohan,Ishita Patel,Chennai,RETIRED,22,sara.1911@example.test,+917001283671,HIGH,N
C001913,Aarav,Sara Sharma,Kolkata,NRI,48,diya.1912@example.test,+919800520600,UNKNOWN,Y
C001914,Rohan,Rohan Patel,Mumbai,SELF_EMPLOYED,34,rohan.1913@example.test,+917102352854,UNKNOWN,N
C001915,Ananya,Aarav Patel,Jaipur,SALARIED,67,kabir.1914@example.test,+917173355252,HIGH,N
C001916,Meera,Nisha Sharma,Delhi,SME,54,meera.1915@example.test,+918391802890,UNKNOWN,N
C001917,Meera,Nisha Das,Mumbai,NRI,35,arjun.1916@example.test,+919662196824,HIGH,N
C001918,Arjun,Diya Das,Pune,SELF_EMPLOYED,58,aarav.1917@example.test,+919792887261,MEDIUM,N
C001919,Dev,Ananya Sharma,Mumbai,SME,69,rohan.1918@example.test,+918016553114,LOW,Y
C001920,Rohan,Nisha Khan,Hyderabad,SALARIED,45,dev.1919@example.test,+919076730081,MEDIUM,N
C001921,Sara,Sara Khan,Mumbai,SME,52,diya.1920@example.test,+919846390400,MEDIUM,N
C001922,Ananya,Arjun Nair,Pune,SME,49,nisha.1921@example.test,+919310089592,UNKNOWN,N
C001923,Nisha,Diya Khan,Kolkata,SALARIED,64,kabir.1922@example.test,+918973960804,HIGH,N
C001924,Sara,Diya Nair,Hyderabad,SME,66,nisha.1923@example.test,+919547763531,MEDIUM,Y
C001925,Diya,Diya Sharma,Ahmedabad,RETIRED,60,rohan.1924@example.test,+919892216183,MEDIUM,Y
C001926,Sara,Nisha Nair,Mumbai,RETIRED,68,ananya.1925@example.test,+919107076629,HIGH,N
C001927,Ananya,Arjun Patel,Hyderabad,SME,25,aarav.1926@example.test,+918028338713,HIGH,N
C001928,Arjun,Arjun Patel,Mumbai,SELF_EMPLOYED,66,ishita.1927@example.test,+918995246350,MEDIUM,Y
C001929,Meera,Meera Das,Bengaluru,SME,31,arjun.1928@example.test,+918780638581,LOW,N
C001930,Sara,Ananya Khan,Mumbai,SELF_EMPLOYED,62,ananya.1929@example.test,+917719214935,HIGH,N
C001931,Dev,Meera Sharma,Bengaluru,SELF_EMPLOYED,40,vikram.1930@example.test,+918748486404,HIGH,N
C001932,Vikram,Kabir Sharma,Pune,NRI,55,aarav.1931@example.test,+918164501764,UNKNOWN,N
C001933,Sara,Kabir Patel,Bengaluru,SME,30,diya.1932@example.test,+918891287942,UNKNOWN,N
C001934,Vikram,Aarav Khan,Mumbai,SME,70,sara.1933@example.test,+917393810833,MEDIUM,N
C001935,Kabir,Rohan Das,Mumbai,SALARIED,71,vikram.1934@example.test,+917342140673,LOW,N
C001936,Rohan,Kabir Sharma,Ahmedabad,SALARIED,32,diya.1935@example.test,+917856881748,LOW,Y
C001937,Dev,Meera Nair,Kochi,SME,62,kabir.1936@example.test,+918601156547,MEDIUM,Y
C001938,Ishita,Kabir Khan,Delhi,SELF_EMPLOYED,55,nisha.1937@example.test,+919627701082,HIGH,N
C001939,Aarav,Kabir Khan,Delhi,RETIRED,69,vikram.1938@example.test,+919770335900,UNKNOWN,N
C001940,Sara,Rohan Iyer,Chennai,SALARIED,47,meera.1939@example.test,+918033153191,HIGH,N
C001941,Kabir,Rohan Patel,Ahmedabad,NRI,62,vikram.1940@example.test,+919393862986,MEDIUM,Y
C001942,Aarav,Nisha Khan,Bengaluru,SME,51,nisha.1941@example.test,+917167012744,MEDIUM,N
C001943,Dev,Aarav Nair,Pune,RETIRED,43,ananya.1942@example.test,+917757544543,MEDIUM,N
C001944,Rohan,Dev Iyer,Delhi,NRI,63,kabir.1943@example.test,+917119029168,LOW,N
C001945,Diya,Meera Das,Delhi,SALARIED,33,arjun.1944@example.test,+919924061701,LOW,N
C001946,Vikram,Diya Iyer,Kolkata,NRI,56,rohan.1945@example.test,+917961615945,HIGH,N
C001947,Kabir,Arjun Khan,Bengaluru,RETIRED,61,aarav.1946@example.test,+918549807573,HIGH,N
C001948,Kabir,Ishita Sharma,Jaipur,SME,63,dev.1947@example.test,+919415516620,LOW,Y
C001949,Kabir,Ananya Patel,Bengaluru,RETIRED,39,ishita.1948@example.test,+917393007806,LOW,N
C001950,Meera,Diya Iyer,Ahmedabad,SALARIED,25,aarav.1949@example.test,+917342650333,LOW,N
C001951,Arjun,Sara Iyer,Ahmedabad,SALARIED,73,ananya.1950@example.test,+918299082888,MEDIUM,N
C001952,Aarav,Kabir Patel,Pune,SELF_EMPLOYED,63,vikram.1951@example.test,+917467823601,UNKNOWN,N
C001953,Diya,Meera Nair,Ahmedabad,SALARIED,71,ishita.1952@example.test,+918819286230,LOW,Y
C001954,Nisha,Dev Sharma,Kolkata,NRI,69,sara.1953@example.test,+919459386700,MEDIUM,N
C001955,Ishita,Ishita Nair,Kochi,SALARIED,71,sara.1954@example.test,+917015906432,LOW,N
C001956,Rohan,Diya Sharma,Mumbai,RETIRED,42,sara.1955@example.test,+917007739226,UNKNOWN,N
C001957,Ishita,Meera Patel,Jaipur,SME,33,vikram.1956@example.test,+919386493922,MEDIUM,N
C001958,Sara,Diya Khan,Jaipur,SME,60,sara.1957@example.test,+917790879743,LOW,N
C001959,Arjun,Vikram Iyer,Delhi,RETIRED,31,rohan.1958@example.test,+917055782747,HIGH,N
C001960,Meera,Aarav Khan,Ahmedabad,SALARIED,43,rohan.1959@example.test,+919968169430,MEDIUM,N
C001961,Ishita,Arjun Nair,Ahmedabad,SME,64,vikram.1960@example.test,+919675366821,UNKNOWN,Y
C001962,Ananya,Ananya Patel,Ahmedabad,SME,21,sara.1961@example.test,+918436038214,LOW,N
C001963,Arjun,Meera Khan,Chennai,SALARIED,37,nisha.1962@example.test,+919678136381,UNKNOWN,N
C001964,Ananya,Arjun Sharma,Jaipur,SME,39,sara.1963@example.test,+917047779245,HIGH,N
C001965,Kabir,Aarav Iyer,Delhi,RETIRED,38,sara.1964@example.test,+918951928396,UNKNOWN,Y
C001966,Diya,Diya Iyer,Hyderabad,RETIRED,28,meera.1965@example.test,+918589485307,UNKNOWN,N
C001967,Meera,Aarav Khan,Kochi,SELF_EMPLOYED,72,vikram.1966@example.test,+917540430049,HIGH,N
C001968,Dev,Kabir Khan,Ahmedabad,SELF_EMPLOYED,32,meera.1967@example.test,+917488556805,MEDIUM,N
C001969,Arjun,Aarav Sharma,Mumbai,SME,48,dev.1968@example.test,+919450731770,MEDIUM,N
C001970,Kabir,Meera Iyer,Mumbai,RETIRED,62,kabir.1969@example.test,+918472334698,MEDIUM,Y
C001971,Kabir,Arjun Nair,Kochi,SME,53,diya.1970@example.test,+919014622932,MEDIUM,N
C001972,Vikram,Ananya Khan,Chennai,RETIRED,66,meera.1971@example.test,+919203534931,HIGH,N
C001973,Diya,Meera Iyer,Mumbai,SELF_EMPLOYED,63,dev.1972@example.test,+919216149069,HIGH,Y
C001974,Nisha,Nisha Sharma,Bengaluru,RETIRED,34,ishita.1973@example.test,+919682593373,LOW,Y
C001975,Sara,Meera Das,Chennai,NRI,34,sara.1974@example.test,+917916765066,LOW,N
C001976,Meera,Aarav Iyer,Ahmedabad,SELF_EMPLOYED,58,meera.1975@example.test,+917226562223,LOW,N
C001977,Sara,Aarav Khan,Kochi,RETIRED,37,meera.1976@example.test,+919196173054,LOW,N
C001978,Nisha,Sara Patel,Ahmedabad,NRI,52,kabir.1977@example.test,+919324808168,MEDIUM,N
C001979,Aarav,Ishita Khan,Delhi,SELF_EMPLOYED,33,ishita.1978@example.test,+919630070680,UNKNOWN,N
C001980,Vikram,Ishita Khan,Jaipur,SME,67,diya.1979@example.test,+918383556691,UNKNOWN,Y
C001981,Diya,Rohan Sharma,Jaipur,SALARIED,55,aarav.1980@example.test,+917303581842,LOW,Y
C001982,Vikram,Dev Das,Chennai,NRI,39,aarav.1981@example.test,+918543191071,MEDIUM,N
C001983,Sara,Vikram Das,Pune,NRI,45,ishita.1982@example.test,+918987340174,UNKNOWN,Y
C001984,Sara,Dev Iyer,Hyderabad,SELF_EMPLOYED,42,vikram.1983@example.test,+917722796687,LOW,N
C001985,Vikram,Dev Das,Kolkata,SALARIED,55,dev.1984@example.test,+918500357180,LOW,Y
C001986,Ishita,Arjun Iyer,Delhi,RETIRED,37,dev.1985@example.test,+919791757925,HIGH,N
C001987,Aarav,Rohan Iyer,Mumbai,SALARIED,35,kabir.1986@example.test,+919254042758,UNKNOWN,N
C001988,Ishita,Ananya Sharma,Jaipur,SME,28,nisha.1987@example.test,+917444011561,UNKNOWN,N
C001989,Rohan,Kabir Sharma,Hyderabad,NRI,39,dev.1988@example.test,+918734260992,HIGH,N
C001990,Ishita,Arjun Nair,Pune,SME,27,rohan.1989@example.test,+919766665381,HIGH,N
C001991,Ananya,Ananya Patel,Jaipur,RETIRED,71,sara.1990@example.test,+917541192842,LOW,N
C001992,Arjun,Ananya Sharma,Delhi,SALARIED,43,sara.1991@example.test,+918294472706,UNKNOWN,N
C001993,Arjun,Diya Patel,Kolkata,NRI,22,vikram.1992@example.test,+919284996326,HIGH,N
C001994,Meera,Rohan Nair,Chennai,RETIRED,44,kabir.1993@example.test,+917679889854,MEDIUM,Y
C001995,Meera,Arjun Sharma,Pune,SELF_EMPLOYED,51,kabir.1994@example.test,+918242639441,LOW,Y
C001996,Sara,Nisha Khan,Bengaluru,SELF_EMPLOYED,47,ishita.1995@example.test,+918707329769,LOW,N
C001997,Diya,Diya Patel,Ahmedabad,NRI,25,rohan.1996@example.test,+919348547316,MEDIUM,N
C001998,Rohan,Rohan Nair,Chennai,SME,44,meera.1997@example.test,+918038998648,UNKNOWN,N
C001999,Arjun,Diya Khan,Bengaluru,SME,70,rohan.1998@example.test,+919383003594,UNKNOWN,N
C002000,Nisha,Kabir Patel,Mumbai,SME,29,ishita.1999@example.test,+918499858264,MEDIUM,N
C002001,Meera,Nisha Das,Hyderabad,SALARIED,31,rohan.2000@example.test,+917644456666,MEDIUM,Y
C002002,Rohan,Ishita Sharma,Chennai,SALARIED,51,meera.2001@example.test,+918219616998,LOW,N
C002003,Meera,Ishita Das,Bengaluru,RETIRED,29,arjun.2002@example.test,+917282723627,UNKNOWN,N
C002004,Sara,Rohan Sharma,Kochi,SME,37,diya.2003@example.test,+917217869148,UNKNOWN,N
C002005,Aarav,Nisha Iyer,Delhi,NRI,44,rohan.2004@example.test,+919083321393,LOW,N
C002006,Aarav,Ananya Nair,Mumbai,NRI,57,vikram.2005@example.test,+917591588338,LOW,Y
C002007,Sara,Rohan Nair,Pune,RETIRED,75,dev.2006@example.test,+919575919938,HIGH,N
C002008,Vikram,Sara Iyer,Kolkata,SME,73,dev.2007@example.test,+918800795896,HIGH,Y
C002009,Ishita,Kabir Khan,Pune,SME,53,vikram.2008@example.test,+918811471188,UNKNOWN,N
C002010,Meera,Aarav Iyer,Jaipur,SME,40,vikram.2009@example.test,+919393737147,HIGH,N
C002011,Meera,Diya Iyer,Kochi,NRI,76,ishita.2010@example.test,+919399759071,LOW,N
C002012,Dev,Ishita Khan,Pune,SELF_EMPLOYED,23,ananya.2011@example.test,+918750567077,HIGH,N
C002013,Ishita,Sara Sharma,Delhi,SELF_EMPLOYED,73,vikram.2012@example.test,+917373434702,HIGH,N
C002014,Nisha,Ananya Iyer,Jaipur,SALARIED,52,arjun.2013@example.test,+917167773062,MEDIUM,N
C002015,Aarav,Rohan Patel,Kochi,RETIRED,34,dev.2014@example.test,+919993657282,HIGH,Y
C002016,Nisha,Kabir Das,Jaipur,SELF_EMPLOYED,29,diya.2015@example.test,+918846102279,HIGH,N
C002017,Aarav,Kabir Sharma,Chennai,SME,40,ananya.2016@example.test,+917953528702,HIGH,Y
C002018,Dev,Sara Patel,Mumbai,SALARIED,22,vikram.2017@example.test,+918003518247,HIGH,N
C002019,Ishita,Diya Patel,Bengaluru,SELF_EMPLOYED,35,nisha.2018@example.test,+917527264480,HIGH,N
C002020,Nisha,Nisha Sharma,Kolkata,SME,44,,+918778289228,MEDIUM,N
C002021,Dev,Sara Iyer,Kochi,RETIRED,62,meera.2020@example.test,+918914957027,MEDIUM,N
C002022,Rohan,Arjun Khan,Mumbai,SME,56,dev.2021@example.test,+917461658428,HIGH,N
C002023,Dev,Arjun Nair,Bengaluru,SME,54,arjun.2022@example.test,+917606348285,LOW,N
C002024,Meera,Meera Patel,Jaipur,RETIRED,33,nisha.2023@example.test,+917533838173,HIGH,Y
C002025,Ananya,Rohan Patel,Kolkata,NRI,57,nisha.2024@example.test,+919476499013,MEDIUM,N
C002026,Diya,Kabir Nair,Mumbai,SALARIED,68,vikram.2025@example.test,+917538075551,LOW,N
C002027,Arjun,Sara Sharma,Ahmedabad,SALARIED,23,meera.2026@example.test,+917622940408,UNKNOWN,Y
C002028,Vikram,Ananya Nair,Delhi,SELF_EMPLOYED,32,nisha.2027@example.test,+919913054010,LOW,N
C002029,Kabir,Vikram Das,Ahmedabad,RETIRED,24,nisha.2028@example.test,+917881561908,UNKNOWN,N
C002030,Rohan,Aarav Patel,Ahmedabad,RETIRED,33,vikram.2029@example.test,+917226161210,UNKNOWN,Y
C002031,Diya,Aarav Sharma,Delhi,SALARIED,67,ishita.2030@example.test,+919633616022,MEDIUM,Y
C002032,Ishita,Rohan Khan,Ahmedabad,SALARIED,65,meera.2031@example.test,+919168249794,MEDIUM,Y
C002033,Kabir,Dev Das,Hyderabad,SALARIED,67,nisha.2032@example.test,+919731464572,HIGH,N
C002034,Dev,Arjun Nair,Kochi,SALARIED,62,ananya.2033@example.test,+918234645632,UNKNOWN,N
C002035,Kabir,Meera Khan,Bengaluru,SME,34,nisha.2034@example.test,+918316022352,HIGH,N
C002036,Meera,Kabir Nair,Delhi,SALARIED,68,nisha.2035@example.test,+917696003436,MEDIUM,Y
C002037,Vikram,Arjun Das,Pune,NRI,51,aarav.2036@example.test,+918040361409,HIGH,N
C002038,Vikram,Ananya Patel,Mumbai,SALARIED,74,rohan.2037@example.test,+919598619958,LOW,N
C002039,Nisha,Aarav Sharma,Chennai,NRI,61,nisha.2038@example.test,+918732319576,UNKNOWN,N
C002040,Ananya,Aarav Das,Kolkata,SME,34,dev.2039@example.test,+918045126164,UNKNOWN,Y
C002041,Arjun,Nisha Sharma,Delhi,RETIRED,38,nisha.2040@example.test,+917163974330,UNKNOWN,Y
C002042,Sara,Dev Patel,Pune,SELF_EMPLOYED,59,aarav.2041@example.test,+918030758967,HIGH,N
C002043,Vikram,Kabir Sharma,Jaipur,SALARIED,30,diya.2042@example.test,+919095557502,HIGH,N
C002044,Ishita,Rohan Nair,Mumbai,RETIRED,38,ananya.2043@example.test,+917350945459,HIGH,N
C002045,Nisha,Meera Das,Mumbai,SALARIED,24,aarav.2044@example.test,+918774885913,LOW,N
C002046,Sara,Ananya Iyer,Bengaluru,NRI,66,aarav.2045@example.test,+919011054914,UNKNOWN,N
C002047,Arjun,Vikram Sharma,Mumbai,SME,41,sara.2046@example.test,+919671577236,HIGH,N
C002048,Dev,Arjun Das,Bengaluru,RETIRED,52,arjun.2047@example.test,+917861240776,MEDIUM,Y
C002049,Diya,Meera Das,Kochi,SME,71,nisha.2048@example.test,+917777487954,MEDIUM,N
C002050,Diya,Meera Nair,Bengaluru,SALARIED,73,ananya.2049@example.test,+919983955954,LOW,Y
C002051,Diya,Ananya Sharma,Chennai,SME,24,meera.2050@example.test,+918405550699,HIGH,Y
C002052,Meera,Aarav Patel,Mumbai,SELF_EMPLOYED,26,aarav.2051@example.test,+919290086519,HIGH,N
C002053,Dev,Diya Iyer,Hyderabad,RETIRED,45,diya.2052@example.test,+918845416859,LOW,N
C002054,Meera,Ananya Khan,Hyderabad,SME,52,ananya.2053@example.test,+919185437561,LOW,N
C002055,Aarav,Rohan Khan,Pune,SALARIED,40,meera.2054@example.test,+917479757961,HIGH,N
C002056,Ananya,Diya Sharma,Delhi,RETIRED,31,aarav.2055@example.test,+919491929169,LOW,Y
C002057,Vikram,Ishita Iyer,Bengaluru,SELF_EMPLOYED,66,bad-email,+917158464792,LOW,N
C002058,Ishita,Nisha Nair,Bengaluru,SALARIED,29,sara.2057@example.test,+917458112136,LOW,N
C002059,Arjun,Diya Khan,Pune,SELF_EMPLOYED,57,ananya.2058@example.test,+919758387909,UNKNOWN,N
C002060,Ishita,Diya Das,Delhi,SELF_EMPLOYED,69,arjun.2059@example.test,+918818161604,MEDIUM,N
C002061,Vikram,Rohan Iyer,Jaipur,SELF_EMPLOYED,76,aarav.2060@example.test,+917951515745,MEDIUM,N
C002062,Kabir,Kabir Nair,Jaipur,SELF_EMPLOYED,70,arjun.2061@example.test,+919331701301,UNKNOWN,Y
C002063,Vikram,Arjun Nair,Pune,SALARIED,73,arjun.2062@example.test,+917882006300,MEDIUM,N
C002064,Ananya,Dev Nair,Delhi,SELF_EMPLOYED,45,kabir.2063@example.test,+919162255060,UNKNOWN,Y
C002065,Rohan,Ananya Nair,Kochi,NRI,71,meera.2064@example.test,+917805111576,HIGH,N
C002066,Ishita,Diya Nair,Kolkata,SALARIED,36,kabir.2065@example.test,+917965320606,LOW,N
C002067,Arjun,Ananya Khan,Mumbai,SELF_EMPLOYED,31,kabir.2066@example.test,+917964982528,UNKNOWN,Y
C002068,Ananya,Meera Iyer,Pune,SELF_EMPLOYED,72,meera.2067@example.test,+918205322202,HIGH,N
C002069,Ishita,Sara Sharma,Chennai,NRI,70,dev.2068@example.test,+917694116640,MEDIUM,Y
C002070,Meera,Ananya Das,Jaipur,RETIRED,27,kabir.2069@example.test,+917752655110,MEDIUM,N
C002071,Vikram,Rohan Khan,Kolkata,NRI,47,meera.2070@example.test,+917785884494,MEDIUM,N
C002072,Aarav,Ishita Iyer,Kochi,SALARIED,35,vikram.2071@example.test,+919416645232,LOW,N
C002073,Aarav,Diya Das,Hyderabad,SELF_EMPLOYED,21,sara.2072@example.test,+917330692260,HIGH,N
C002074,Aarav,Sara Khan,Mumbai,SME,53,sara.2073@example.test,+918750247515,LOW,N
C002075,Aarav,Ishita Das,Pune,SELF_EMPLOYED,45,aarav.2074@example.test,+918366910316,UNKNOWN,N
C002076,Kabir,Diya Patel,Delhi,NRI,60,nisha.2075@example.test,+918704451743,UNKNOWN,N
C002077,Vikram,Arjun Patel,Mumbai,SALARIED,70,vikram.2076@example.test,+919435615945,LOW,N
C002078,Ananya,Aarav Das,Delhi,SELF_EMPLOYED,66,sara.2077@example.test,+917431848829,HIGH,Y
C002079,Diya,Aarav Patel,Hyderabad,NRI,40,sara.2078@example.test,+919205545658,LOW,N
C002080,Sara,Sara Iyer,Chennai,NRI,43,kabir.2079@example.test,+918038126606,LOW,N
C002081,Dev,Sara Khan,Pune,SELF_EMPLOYED,70,kabir.2080@example.test,+917901876620,MEDIUM,N
C002082,Diya,Meera Patel,Bengaluru,SELF_EMPLOYED,66,kabir.2081@example.test,+918084520872,UNKNOWN,Y
C002083,Ishita,Vikram Sharma,Bengaluru,RETIRED,25,meera.2082@example.test,+919341154723,MEDIUM,Y
C002084,Kabir,Vikram Sharma,Delhi,SME,51,arjun.2083@example.test,+919559931314,LOW,N
C002085,Rohan,Arjun Khan,Mumbai,RETIRED,45,nisha.2084@example.test,+918589735809,LOW,N
C002086,Kabir,Kabir Patel,Pune,RETIRED,47,meera.2085@example.test,+918813699084,UNKNOWN,N
C002087,Aarav,Vikram Das,Bengaluru,RETIRED,68,ishita.2086@example.test,+919655298602,HIGH,N
C002088,Nisha,Kabir Iyer,Hyderabad,NRI,22,diya.2087@example.test,+919858400400,HIGH,N
C002089,Dev,Sara Patel,Ahmedabad,SALARIED,45,vikram.2088@example.test,+919250504834,LOW,N
C002090,Sara,Diya Khan,Bengaluru,SELF_EMPLOYED,32,rohan.2089@example.test,+917608638972,LOW,N
C002091,Arjun,Sara Sharma,Pune,SALARIED,27,ananya.2090@example.test,+918375409693,LOW,Y
C002092,Kabir,Dev Das,Bengaluru,SME,46,sara.2091@example.test,+917495451588,MEDIUM,N
C002093,Arjun,Ananya Sharma,Kochi,SME,73,dev.2092@example.test,+917173802314,MEDIUM,N
C002094,Sara,Ishita Khan,Delhi,RETIRED,26,diya.2093@example.test,+917423895590,MEDIUM,N
C002095,Arjun,Meera Das,Bengaluru,NRI,26,dev.2094@example.test,+919355457612,LOW,Y
C002096,Vikram,Sara Nair,Hyderabad,SME,69,aarav.2095@example.test,+918997915493,LOW,N
C002097,Diya,Diya Khan,Delhi,RETIRED,49,nisha.2096@example.test,+918522724811,MEDIUM,N
C002098,Rohan,Nisha Nair,Kolkata,SELF_EMPLOYED,44,sara.2097@example.test,+919535892236,HIGH,N
C002099,Meera,Arjun Das,Chennai,RETIRED,41,meera.2098@example.test,+917169692111,LOW,N
C002100,Sara,Kabir Das,Kolkata,RETIRED,70,ishita.2099@example.test,+917460315338,LOW,N
C002101,Dev,Rohan Sharma,Delhi,SALARIED,22,diya.2100@example.test,+917563115851,UNKNOWN,N
C002102,Nisha,Ishita Khan,Mumbai,SALARIED,63,dev.2101@example.test,+917084066551,HIGH,N
C002103,Meera,Dev Sharma,Delhi,SALARIED,39,ananya.2102@example.test,+919943986445,MEDIUM,N
C002104,Sara,Rohan Sharma,Kochi,SELF_EMPLOYED,66,meera.2103@example.test,+918424320654,HIGH,N
C002105,Ishita,Arjun Patel,Delhi,NRI,67,dev.2104@example.test,+918602077968,LOW,N
C002106,Ananya,Arjun Das,Kolkata,SALARIED,32,meera.2105@example.test,+917676356539,LOW,N
C002107,Rohan,Nisha Nair,Kolkata,SME,54,vikram.2106@example.test,+919479662397,LOW,Y
C002108,Meera,Diya Nair,Jaipur,SALARIED,35,ishita.2107@example.test,+918725214689,LOW,N
C002109,Aarav,Aarav Sharma,Pune,NRI,44,meera.2108@example.test,+919214942491,LOW,Y
C002110,Nisha,Nisha Sharma,Kolkata,NRI,67,kabir.2109@example.test,+919052306597,LOW,N
C002111,Rohan,Aarav Khan,Kolkata,RETIRED,46,ishita.2110@example.test,+917795960743,HIGH,N
C002112,Kabir,Sara Sharma,Ahmedabad,NRI,42,vikram.2111@example.test,+918562242906,UNKNOWN,N
C002113,Vikram,Arjun Sharma,Pune,RETIRED,39,diya.2112@example.test,+919671505096,UNKNOWN,N
C002114,Meera,Ananya Iyer,Ahmedabad,SALARIED,54,sara.2113@example.test,+917269692821,MEDIUM,Y
C002115,Meera,Rohan Nair,Bengaluru,NRI,73,ishita.2114@example.test,+918530164547,MEDIUM,N
C002116,Diya,Diya Das,Kochi,NRI,67,ishita.2115@example.test,+919367606944,UNKNOWN,Y
C002117,Ananya,Diya Sharma,Ahmedabad,SME,58,rohan.2116@example.test,+917791372838,LOW,N
C002118,Nisha,Meera Khan,Delhi,NRI,50,arjun.2117@example.test,+919966603699,MEDIUM,N
C002119,Ananya,Meera Nair,Hyderabad,NRI,48,ishita.2118@example.test,+917531534579,UNKNOWN,N
C002120,Rohan,Diya Patel,Delhi,RETIRED,74,kabir.2119@example.test,+919736586229,LOW,N
C002121,Rohan,Diya Sharma,Jaipur,RETIRED,41,meera.2120@example.test,+919372995512,LOW,N
C002122,Kabir,Sara Iyer,Mumbai,NRI,76,meera.2121@example.test,+918217508592,LOW,N
C002123,Vikram,Sara Khan,Mumbai,SME,23,aarav.2122@example.test,+919246780997,HIGH,N
C002124,Sara,Kabir Das,Bengaluru,RETIRED,77,dev.2123@example.test,+918355428547,LOW,N
C002125,Ishita,Ishita Das,Bengaluru,SME,67,rohan.2124@example.test,+918045525564,HIGH,N
C002126,Meera,Sara Khan,Jaipur,NRI,53,nisha.2125@example.test,+918813755502,HIGH,N
C002127,Rohan,Arjun Nair,Kochi,SELF_EMPLOYED,74,diya.2126@example.test,+917197007871,HIGH,N
C002128,Ishita,Diya Nair,Delhi,RETIRED,55,diya.2127@example.test,+918030489606,UNKNOWN,N
C002129,Meera,Sara Nair,Delhi,RETIRED,68,rohan.2128@example.test,+917949473781,MEDIUM,N
C002130,Dev,Kabir Das,Delhi,SELF_EMPLOYED,69,dev.2129@example.test,+917313505078,HIGH,N
C002131,Ananya,Nisha Das,Chennai,SME,67,kabir.2130@example.test,+919528820748,UNKNOWN,N
C002132,Vikram,Meera Sharma,Kochi,SALARIED,49,diya.2131@example.test,+919003614475,MEDIUM,Y
C002133,Dev,Sara Iyer,Kochi,RETIRED,44,arjun.2132@example.test,+917580928049,HIGH,Y
C002134,Aarav,Arjun Nair,Kolkata,NRI,49,nisha.2133@example.test,+917278423955,UNKNOWN,N
C002135,Nisha,Rohan Khan,Chennai,SME,42,arjun.2134@example.test,+919969362165,MEDIUM,N
C002136,Dev,Nisha Iyer,Hyderabad,SME,64,sara.2135@example.test,+917952260693,MEDIUM,N
C002137,Ananya,Sara Iyer,Chennai,NRI,25,dev.2136@example.test,+918978938537,HIGH,N
C002138,Aarav,Diya Iyer,Kochi,SELF_EMPLOYED,56,nisha.2137@example.test,+918933666695,LOW,Y
C002139,Dev,Sara Khan,Ahmedabad,NRI,76,sara.2138@example.test,+917303154730,MEDIUM,Y
C002140,Kabir,Dev Khan,Hyderabad,NRI,73,diya.2139@example.test,+918520139289,UNKNOWN,N
C002141,Ananya,Meera Khan,Chennai,SELF_EMPLOYED,51,diya.2140@example.test,+918821786849,UNKNOWN,Y
C002142,Rohan,Ananya Sharma,Ahmedabad,RETIRED,30,rohan.2141@example.test,+918992658404,MEDIUM,N
C002143,Ananya,Rohan Khan,Kochi,SME,41,sara.2142@example.test,+919566158785,LOW,N
C002144,Rohan,Dev Das,Delhi,SALARIED,38,arjun.2143@example.test,+919237263076,HIGH,N
C002145,Ananya,Arjun Sharma,Ahmedabad,NRI,28,aarav.2144@example.test,+919020758331,MEDIUM,Y
C002146,Meera,Rohan Patel,Pune,SELF_EMPLOYED,54,ishita.2145@example.test,+917177384876,LOW,N
C002147,Diya,Kabir Das,Ahmedabad,RETIRED,24,ishita.2146@example.test,+919009210974,UNKNOWN,N
C002148,Ishita,Ananya Khan,Kochi,NRI,57,arjun.2147@example.test,+918518280366,MEDIUM,N
C002149,Kabir,Dev Sharma,Kochi,NRI,61,sara.2148@example.test,+918907232622,UNKNOWN,N
C002150,Sara,Vikram Patel,Mumbai,RETIRED,75,ishita.2149@example.test,+917489410282,HIGH,N
C002151,Arjun,Arjun Patel,Pune,SELF_EMPLOYED,40,ananya.2150@example.test,+919623483101,HIGH,Y
C002152,Arjun,Ishita Iyer,Hyderabad,NRI,60,arjun.2151@example.test,+918052362293,LOW,N
C002153,Kabir,Kabir Patel,Chennai,SELF_EMPLOYED,59,meera.2152@example.test,+917783793624,MEDIUM,N
C002154,Aarav,Rohan Patel,Bengaluru,RETIRED,65,diya.2153@example.test,+919442607504,UNKNOWN,N
C002155,Aarav,Meera Sharma,Chennai,SELF_EMPLOYED,40,aarav.2154@example.test,+917673938685,LOW,N
C002156,Kabir,Kabir Sharma,Kolkata,SME,74,ishita.2155@example.test,+919471248241,UNKNOWN,N
C002157,Aarav,Nisha Iyer,Jaipur,SALARIED,59,arjun.2156@example.test,+918746191872,HIGH,N
C002158,Meera,Vikram Iyer,Delhi,SALARIED,40,diya.2157@example.test,+918670627042,HIGH,N
C002159,Nisha,Vikram Khan,Delhi,SALARIED,74,diya.2158@example.test,+917324763686,LOW,Y
C002160,Aarav,Dev Das,Jaipur,SELF_EMPLOYED,73,rohan.2159@example.test,+919687788991,LOW,N
C002161,Vikram,Arjun Khan,Delhi,SALARIED,57,meera.2160@example.test,+917948428838,HIGH,N
C002162,Vikram,Arjun Das,Kochi,RETIRED,47,dev.2161@example.test,+917685527388,HIGH,N
C002163,Ananya,Arjun Patel,Chennai,RETIRED,35,ananya.2162@example.test,+919077049965,LOW,N
C002164,Ananya,Kabir Patel,Kochi,NRI,67,ananya.2163@example.test,+918808188444,HIGH,N
C002165,Meera,Kabir Khan,Pune,SELF_EMPLOYED,49,sara.2164@example.test,+919397439430,HIGH,N
C002166,Meera,Sara Sharma,Ahmedabad,SME,51,nisha.2165@example.test,+918164779235,HIGH,N
C002167,Arjun,Rohan Das,Delhi,SELF_EMPLOYED,56,diya.2166@example.test,+919426693855,LOW,Y
C002168,Vikram,Arjun Iyer,Jaipur,NRI,56,vikram.2167@example.test,+918328639822,LOW,Y
C002169,Ishita,Diya Das,Delhi,SALARIED,64,rohan.2168@example.test,+919573559478,HIGH,Y
C002170,Ananya,Vikram Das,Ahmedabad,SELF_EMPLOYED,37,sara.2169@example.test,+917900348776,UNKNOWN,N
C002171,Rohan,Ishita Khan,Bengaluru,SALARIED,71,sara.2170@example.test,+918704742770,LOW,N
C002172,Rohan,Vikram Khan,Kolkata,SALARIED,58,arjun.2171@example.test,+917759657240,LOW,N
C002173,Arjun,Vikram Das,Bengaluru,SELF_EMPLOYED,49,sara.2172@example.test,+917597061455,UNKNOWN,N
C002174,Aarav,Diya Sharma,Ahmedabad,SME,30,sara.2173@example.test,+919238050621,MEDIUM,N
C002175,Nisha,Meera Nair,Kolkata,NRI,49,dev.2174@example.test,+918076908231,MEDIUM,N
C002176,Dev,Diya Sharma,Mumbai,SALARIED,75,ananya.2175@example.test,+918801558836,HIGH,N
C002177,Dev,Aarav Nair,Mumbai,SALARIED,24,arjun.2176@example.test,+919351704709,MEDIUM,N
C002178,Meera,Nisha Sharma,Pune,SELF_EMPLOYED,39,arjun.2177@example.test,,MEDIUM,N
C002179,Kabir,Rohan Das,Bengaluru,SME,64,diya.2178@example.test,+919285803380,MEDIUM,N
C002180,Aarav,Kabir Khan,Kolkata,RETIRED,75,dev.2179@example.test,+917513433900,HIGH,Y
C002181,Dev,Ishita Nair,Kochi,SELF_EMPLOYED,63,rohan.2180@example.test,+917562898648,UNKNOWN,N
C002182,Nisha,Ananya Khan,Delhi,SELF_EMPLOYED,67,rohan.2181@example.test,+917705862884,LOW,N
C002183,Diya,Ishita Das,Kolkata,RETIRED,64,arjun.2182@example.test,+919827447350,UNKNOWN,N
C002184,Dev,Ishita Patel,Jaipur,SELF_EMPLOYED,71,kabir.2183@example.test,+918508641256,LOW,N
C002185,Diya,Arjun Sharma,Kochi,SALARIED,51,meera.2184@example.test,+918121608007,UNKNOWN,Y
C002186,Dev,Nisha Das,Mumbai,RETIRED,51,ananya.2185@example.test,+917603280561,HIGH,N
C002187,Sara,Aarav Patel,Kolkata,SALARIED,45,diya.2186@example.test,+917297553175,MEDIUM,N
C002188,Sara,Dev Iyer,Kochi,NRI,59,ananya.2187@example.test,+919357142521,HIGH,N
C002189,Diya,Meera Nair,Chennai,SELF_EMPLOYED,50,sara.2188@example.test,+917758258047,UNKNOWN,N
C002190,Dev,Meera Nair,Delhi,RETIRED,49,rohan.2189@example.test,+919134193033,LOW,N
C002191,Nisha,Arjun Iyer,Kochi,NRI,71,dev.2190@example.test,+918878499750,LOW,Y
C002192,Ananya,Dev Sharma,Delhi,SME,59,ananya.2191@example.test,+919228849207,HIGH,N
C002193,Nisha,Ishita Patel,Mumbai,NRI,24,rohan.2192@example.test,+918762105178,UNKNOWN,N
C002194,Diya,Diya Iyer,Hyderabad,RETIRED,33,aarav.2193@example.test,+917209089929,MEDIUM,N
C002195,Arjun,Ishita Iyer,Delhi,SME,61,ishita.2194@example.test,+918059114231,HIGH,N
C002196,Ishita,Diya Das,Pune,SME,61,rohan.2195@example.test,+919799208228,HIGH,N
C002197,Ishita,Rohan Patel,Kolkata,SALARIED,23,ishita.2196@example.test,+917693054104,HIGH,N
C002198,Rohan,Vikram Das,Bengaluru,RETIRED,28,dev.2197@example.test,+917283503558,UNKNOWN,Y
C002199,Ananya,Aarav Iyer,Kochi,NRI,39,vikram.2198@example.test,+919206888251,MEDIUM,N
C002200,Kabir,Nisha Nair,Ahmedabad,SELF_EMPLOYED,64,ishita.2199@example.test,+917405689888,MEDIUM,Y
C002201,Dev,Rohan Das,Kochi,SME,32,nisha.2200@example.test,+919240717219,UNKNOWN,N
C002202,Diya,Ananya Sharma,Hyderabad,SME,27,diya.2201@example.test,+919459390247,LOW,Y
C002203,Ishita,Diya Sharma,Kochi,SME,61,ishita.2202@example.test,+918432921940,HIGH,Y
C002204,Kabir,Arjun Patel,Bengaluru,SALARIED,46,rohan.2203@example.test,+918430504337,UNKNOWN,N
C002205,Sara,Ananya Iyer,Chennai,SELF_EMPLOYED,56,ananya.2204@example.test,+918133291720,LOW,Y
C002206,Nisha,Arjun Patel,Mumbai,NRI,67,diya.2205@example.test,+919397595881,LOW,Y
C002207,Ananya,Rohan Nair,Kochi,NRI,52,ishita.2206@example.test,+917219105104,LOW,N
C002208,Meera,Diya Patel,Ahmedabad,SALARIED,41,ishita.2207@example.test,+917406621319,UNKNOWN,Y
C002209,Rohan,Aarav Patel,Ahmedabad,SME,61,aarav.2208@example.test,+919580457843,HIGH,N
C002210,Nisha,Vikram Khan,Ahmedabad,SME,51,ananya.2209@example.test,+917912506663,LOW,N
C002211,Vikram,Sara Patel,Pune,NRI,36,ananya.2210@example.test,+917584640814,UNKNOWN,N
C002212,Rohan,Kabir Das,Delhi,SELF_EMPLOYED,53,meera.2211@example.test,+917894573260,HIGH,N
C002213,Ananya,Arjun Khan,Kochi,SELF_EMPLOYED,27,kabir.2212@example.test,+917616142824,UNKNOWN,N
C002214,Sara,Arjun Patel,Mumbai,RETIRED,54,aarav.2213@example.test,+918942439868,UNKNOWN,N
C002215,Dev,Dev Iyer,Pune,SELF_EMPLOYED,66,meera.2214@example.test,+918899472579,UNKNOWN,N
C002216,Ananya,Kabir Sharma,Jaipur,SELF_EMPLOYED,30,aarav.2215@example.test,+918328035567,HIGH,N
C002217,Aarav,Arjun Khan,Hyderabad,NRI,36,rohan.2216@example.test,+918869897954,HIGH,N
C002218,Dev,Diya Das,Kolkata,SELF_EMPLOYED,25,ananya.2217@example.test,+917540724843,LOW,N
C002219,Ananya,Diya Khan,Delhi,SELF_EMPLOYED,71,sara.2218@example.test,+917986349433,HIGH,N
C002220,Kabir,Aarav Iyer,Kolkata,SME,29,aarav.2219@example.test,+918349198401,HIGH,N
C002221,Nisha,Ishita Sharma,Mumbai,RETIRED,59,ishita.2220@example.test,+919270822078,HIGH,N
C002222,Ananya,Diya Iyer,Mumbai,SELF_EMPLOYED,51,nisha.2221@example.test,+919016272257,HIGH,N
C002223,Rohan,Nisha Sharma,Jaipur,SME,76,vikram.2222@example.test,+919905375439,MEDIUM,N
C002224,Rohan,Vikram Khan,Bengaluru,SALARIED,70,vikram.2223@example.test,+919637242607,MEDIUM,N
C002225,Sara,Ishita Nair,Hyderabad,SME,44,aarav.2224@example.test,+917278513798,UNKNOWN,Y
C002226,Kabir,Rohan Iyer,Bengaluru,SALARIED,42,ananya.2225@example.test,+917390430946,UNKNOWN,Y
C002227,Diya,Aarav Iyer,Mumbai,RETIRED,59,arjun.2226@example.test,+918055630366,UNKNOWN,N
C002228,Diya,Kabir Das,Pune,SALARIED,30,arjun.2227@example.test,+919474291667,MEDIUM,N
C002229,Vikram,Nisha Nair,Pune,SELF_EMPLOYED,59,,+917104625378,HIGH,N
C002230,Ishita,Rohan Sharma,Jaipur,NRI,70,ananya.2229@example.test,+917173097338,HIGH,N
C002231,Ananya,Rohan Nair,Delhi,SME,71,meera.2230@example.test,+918660714687,HIGH,N
C002232,Rohan,Ananya Khan,Chennai,RETIRED,75,aarav.2231@example.test,+917263273170,LOW,N
C002233,Meera,Ishita Sharma,Chennai,SELF_EMPLOYED,39,meera.2232@example.test,+918004107195,LOW,N
C002234,Meera,Ananya Sharma,Mumbai,SALARIED,30,sara.2233@example.test,+919968121834,HIGH,Y
C002235,Diya,Meera Nair,Hyderabad,NRI,52,meera.2234@example.test,+919628035486,LOW,Y
C002236,Arjun,Nisha Das,Chennai,RETIRED,26,meera.2235@example.test,+918680669544,MEDIUM,N
C002237,Sara,Nisha Khan,Kolkata,SELF_EMPLOYED,25,nisha.2236@example.test,+919359150638,LOW,N
C002238,Arjun,Nisha Sharma,Mumbai,RETIRED,72,ananya.2237@example.test,+919308611274,HIGH,Y
C002239,Kabir,Dev Patel,Ahmedabad,SALARIED,34,diya.2238@example.test,+918878655414,LOW,Y
C002240,Ishita,Kabir Khan,Jaipur,SELF_EMPLOYED,30,diya.2239@example.test,+918873706042,LOW,N
C002241,Sara,Aarav Iyer,Delhi,SALARIED,49,sara.2240@example.test,+917346242965,UNKNOWN,N
C002242,Ananya,Dev Das,Chennai,RETIRED,48,dev.2241@example.test,+918849380386,LOW,N
C002243,Aarav,Ishita Khan,Kolkata,SALARIED,42,rohan.2242@example.test,+918136137204,UNKNOWN,Y
C002244,Ishita,Aarav Sharma,Delhi,SME,67,kabir.2243@example.test,+919309466900,UNKNOWN,N
C002245,Ishita,Meera Khan,Chennai,SELF_EMPLOYED,75,aarav.2244@example.test,+919848948981,UNKNOWN,Y
C002246,Ishita,Ananya Iyer,Ahmedabad,NRI,65,vikram.2245@example.test,+918650379143,HIGH,N
C002247,Meera,Aarav Nair,Mumbai,SELF_EMPLOYED,55,ananya.2246@example.test,+917872928304,HIGH,N
C002248,Aarav,Sara Patel,Kolkata,RETIRED,61,rohan.2247@example.test,+918651415803,HIGH,N
C002249,Ishita,Dev Das,Delhi,SALARIED,29,dev.2248@example.test,+917673578673,UNKNOWN,N
C002250,Ishita,Arjun Khan,Pune,NRI,52,diya.2249@example.test,+918901860231,HIGH,Y
C002251,Ishita,Rohan Patel,Pune,SME,60,dev.2250@example.test,+918063661642,MEDIUM,N
C002252,Diya,Dev Das,Bengaluru,RETIRED,64,nisha.2251@example.test,+919958634884,UNKNOWN,N
C002253,Diya,Sara Khan,Chennai,RETIRED,60,nisha.2252@example.test,+917794131045,LOW,N
C002254,Sara,Ishita Das,Kochi,RETIRED,72,arjun.2253@example.test,+917929983488,MEDIUM,N
C002255,Vikram,Ananya Das,Chennai,SME,65,ishita.2254@example.test,+919418605341,HIGH,N
C002256,Sara,Diya Khan,Mumbai,RETIRED,38,diya.2255@example.test,+918833550212,LOW,N
C002257,Nisha,Dev Khan,Ahmedabad,RETIRED,47,aarav.2256@example.test,+918763847194,LOW,N
C002258,Kabir,Kabir Sharma,Kolkata,SME,73,nisha.2257@example.test,+919780216437,MEDIUM,N
C002259,Sara,Rohan Sharma,Chennai,SELF_EMPLOYED,27,dev.2258@example.test,+917411852468,LOW,Y
C002260,Aarav,Kabir Iyer,Chennai,NRI,34,dev.2259@example.test,+918326981345,HIGH,N
C002261,Rohan,Meera Nair,Ahmedabad,SELF_EMPLOYED,27,diya.2260@example.test,+918015434720,LOW,N
C002262,Meera,Ishita Sharma,Bengaluru,SELF_EMPLOYED,31,aarav.2261@example.test,+919484959698,UNKNOWN,Y
C002263,Ananya,Dev Patel,Hyderabad,SELF_EMPLOYED,31,aarav.2262@example.test,+918272559017,MEDIUM,N
C002264,Diya,Dev Sharma,Bengaluru,SALARIED,65,arjun.2263@example.test,+919582010862,HIGH,N
C002265,Meera,Aarav Sharma,Ahmedabad,NRI,23,rohan.2264@example.test,+918361492076,HIGH,N
C002266,Meera,Meera Sharma,Ahmedabad,NRI,50,ananya.2265@example.test,+919446963205,UNKNOWN,N
C002267,Meera,Rohan Patel,Bengaluru,SALARIED,58,dev.2266@example.test,+918985600067,UNKNOWN,N
C002268,Meera,Rohan Nair,Chennai,SALARIED,24,vikram.2267@example.test,+918561081226,HIGH,N
C002269,Rohan,Diya Das,Delhi,SME,29,ananya.2268@example.test,+919739131224,LOW,N
C002270,Nisha,Nisha Iyer,Pune,SME,33,aarav.2269@example.test,+918146998783,MEDIUM,N
C002271,Arjun,Meera Das,Kochi,RETIRED,54,aarav.2270@example.test,+919738511022,LOW,N
C002272,Ishita,Meera Nair,Delhi,SALARIED,21,kabir.2271@example.test,+917981258960,UNKNOWN,N
C002273,Sara,Diya Sharma,Ahmedabad,RETIRED,66,nisha.2272@example.test,+919819742039,HIGH,N
C002274,Ananya,Nisha Das,Kolkata,SALARIED,76,rohan.2273@example.test,+917639039607,HIGH,N
C002275,Dev,Diya Nair,Kolkata,RETIRED,58,aarav.2274@example.test,+918315688172,MEDIUM,N
C002276,Aarav,Nisha Khan,Kochi,NRI,73,dev.2275@example.test,+919183747398,UNKNOWN,Y
C002277,Kabir,Rohan Khan,Kochi,RETIRED,42,nisha.2276@example.test,+918181652626,MEDIUM,N
C002278,Kabir,Vikram Das,Chennai,SME,32,vikram.2277@example.test,+917400590834,UNKNOWN,N
C002279,Aarav,Arjun Das,Bengaluru,SELF_EMPLOYED,69,nisha.2278@example.test,+919177081177,LOW,Y
C002280,Sara,Aarav Patel,Kochi,NRI,74,rohan.2279@example.test,+918348545119,UNKNOWN,N
C002281,Nisha,Nisha Khan,Pune,SME,43,rohan.2280@example.test,+919322256432,LOW,N
C002282,Kabir,Sara Sharma,Bengaluru,RETIRED,27,ishita.2281@example.test,+918647101086,LOW,N
C002283,Aarav,Sara Sharma,Delhi,NRI,24,meera.2282@example.test,+917267434327,MEDIUM,Y
C002284,Rohan,Nisha Sharma,Ahmedabad,RETIRED,59,ishita.2283@example.test,+917996435707,MEDIUM,N
C002285,Vikram,Dev Patel,Pune,RETIRED,41,meera.2284@example.test,+917514299196,HIGH,N
C002286,Diya,Diya Sharma,Pune,SELF_EMPLOYED,25,arjun.2285@example.test,+918064909502,MEDIUM,N
C002287,Vikram,Sara Das,Jaipur,RETIRED,50,dev.2286@example.test,+919814353107,MEDIUM,N
C002288,Diya,Rohan Iyer,Pune,SELF_EMPLOYED,46,kabir.2287@example.test,+917737018516,HIGH,N
C002289,Diya,Diya Khan,Pune,SELF_EMPLOYED,31,ishita.2288@example.test,+919841930998,MEDIUM,Y
C002290,Diya,Kabir Sharma,Mumbai,SALARIED,57,meera.2289@example.test,+918507950309,HIGH,N
C002291,Sara,Meera Patel,Jaipur,SELF_EMPLOYED,46,diya.2290@example.test,+917891570649,HIGH,N
C002292,Sara,Diya Patel,Chennai,RETIRED,29,vikram.2291@example.test,+917690611539,HIGH,N
C002293,Dev,Diya Patel,Pune,SME,26,rohan.2292@example.test,+918926937402,HIGH,N
C002294,Arjun,Arjun Patel,Hyderabad,RETIRED,55,dev.2293@example.test,+918072345748,HIGH,Y
C002295,Meera,Dev Das,Hyderabad,SME,43,arjun.2294@example.test,+917540893548,LOW,N
C002296,Meera,Arjun Das,Mumbai,SME,55,arjun.2295@example.test,+917536543824,HIGH,Y
C002297,Sara,Sara Das,Mumbai,NRI,34,kabir.2296@example.test,+919981551191,UNKNOWN,N
C002298,Sara,Ananya Iyer,Bengaluru,SALARIED,64,nisha.2297@example.test,+919927186069,LOW,Y
C002299,Nisha,Rohan Iyer,Pune,NRI,59,sara.2298@example.test,+918604872803,LOW,N
C002300,Meera,Kabir Nair,Hyderabad,SALARIED,28,nisha.2299@example.test,+918381171415,UNKNOWN,N
C002301,Diya,Sara Iyer,Kochi,SALARIED,75,kabir.2300@example.test,+917069270862,HIGH,N
C002302,Aarav,Ishita Iyer,Kolkata,NRI,53,dev.2301@example.test,+919625390217,HIGH,N
C002303,Rohan,Nisha Nair,Kochi,SALARIED,32,kabir.2302@example.test,+918995731081,MEDIUM,N
C002304,Vikram,Meera Iyer,Ahmedabad,NRI,32,vikram.2303@example.test,+917145078247,UNKNOWN,N
C002305,Nisha,Rohan Das,Mumbai,RETIRED,49,meera.2304@example.test,+918148956618,HIGH,Y
C002306,Diya,Vikram Khan,Kochi,SALARIED,58,rohan.2305@example.test,+918695880647,LOW,Y
C002307,Meera,Kabir Sharma,Hyderabad,SALARIED,29,aarav.2306@example.test,+919717231378,HIGH,Y
C002308,Vikram,Sara Nair,Mumbai,SME,65,vikram.2307@example.test,+917605157618,MEDIUM,N
C002309,Dev,Diya Nair,Hyderabad,SALARIED,48,ishita.2308@example.test,+919726619417,MEDIUM,Y
C002310,Rohan,Nisha Das,Bengaluru,RETIRED,75,arjun.2309@example.test,+919468320150,HIGH,N
C002311,Kabir,Kabir Sharma,Pune,RETIRED,63,aarav.2310@example.test,+918483360839,HIGH,Y
C002312,Nisha,Meera Das,Jaipur,RETIRED,42,diya.2311@example.test,+919760590078,MEDIUM,N
C002313,Arjun,Diya Iyer,Pune,SALARIED,27,sara.2312@example.test,+918098351789,MEDIUM,N
C002314,Arjun,Meera Patel,Kolkata,NRI,30,bad-email,+917072823725,LOW,N
C002315,Kabir,Kabir Khan,Kolkata,NRI,23,aarav.2314@example.test,+917650113105,UNKNOWN,N
C002316,Kabir,Ananya Khan,Mumbai,SME,60,arjun.2315@example.test,+918958614370,UNKNOWN,N
C002317,Arjun,Meera Khan,Jaipur,SALARIED,36,meera.2316@example.test,+919685573847,LOW,N
C002318,Ishita,Aarav Iyer,Ahmedabad,RETIRED,64,kabir.2317@example.test,+917621769613,UNKNOWN,Y
C002319,Ishita,Vikram Sharma,Delhi,RETIRED,69,diya.2318@example.test,+917076729942,HIGH,N
C002320,Ishita,Nisha Das,Pune,SELF_EMPLOYED,76,rohan.2319@example.test,+918669386181,LOW,N
C002321,Meera,Rohan Sharma,Delhi,SALARIED,65,meera.2320@example.test,+918817988228,HIGH,Y
C002322,Ananya,Meera Nair,Ahmedabad,SELF_EMPLOYED,37,ananya.2321@example.test,+919322157948,HIGH,N
C002323,Kabir,Kabir Khan,Kochi,SME,73,dev.2322@example.test,+919391655262,HIGH,Y
C002324,Ishita,Meera Das,Chennai,NRI,50,meera.2323@example.test,+918252461761,HIGH,N
C002325,Arjun,Ishita Iyer,Delhi,SELF_EMPLOYED,56,nisha.2324@example.test,+918256235942,UNKNOWN,Y
C002326,Meera,Diya Iyer,Chennai,RETIRED,31,vikram.2325@example.test,+918809771806,HIGH,N
C002327,Rohan,Arjun Nair,Delhi,RETIRED,45,rohan.2326@example.test,+917469698126,UNKNOWN,N
C002328,Ishita,Ishita Patel,Kochi,SALARIED,66,vikram.2327@example.test,+919049672427,UNKNOWN,N
C002329,Rohan,Kabir Das,Kolkata,SELF_EMPLOYED,31,ananya.2328@example.test,+918315422391,HIGH,N
C002330,Ananya,Ishita Khan,Ahmedabad,NRI,42,aarav.2329@example.test,+919123200417,UNKNOWN,N
C002331,Kabir,Diya Sharma,Kochi,SELF_EMPLOYED,52,meera.2330@example.test,+919767323834,MEDIUM,N
C002332,Ananya,Vikram Das,Mumbai,SME,57,nisha.2331@example.test,+919718568393,LOW,Y
C002333,Diya,Arjun Das,Kolkata,SME,71,kabir.2332@example.test,+918405067831,HIGH,N
C002334,Rohan,Ishita Nair,Ahmedabad,RETIRED,55,rohan.2333@example.test,+919185687070,UNKNOWN,N
C002335,Arjun,Meera Das,Pune,SALARIED,48,sara.2334@example.test,+918572019294,MEDIUM,N
C002336,Ananya,Dev Patel,Kolkata,RETIRED,46,arjun.2335@example.test,+917364702346,UNKNOWN,N
C002337,Arjun,Meera Sharma,Hyderabad,NRI,71,vikram.2336@example.test,+919169903745,UNKNOWN,N
C002338,Nisha,Vikram Nair,Hyderabad,SME,68,nisha.2337@example.test,+918511636790,UNKNOWN,N
C002339,Arjun,Aarav Iyer,Kochi,SME,32,arjun.2338@example.test,+917024750267,HIGH,N
C002340,Rohan,Nisha Iyer,Hyderabad,SALARIED,62,kabir.2339@example.test,+919927099913,UNKNOWN,Y
C002341,Kabir,Meera Nair,Mumbai,RETIRED,51,rohan.2340@example.test,+918485746086,MEDIUM,N
C002342,Vikram,Rohan Das,Kolkata,RETIRED,52,meera.2341@example.test,+918783472287,LOW,N
C002343,Rohan,Rohan Khan,Bengaluru,SALARIED,48,ishita.2342@example.test,+917797923645,HIGH,N
C002344,Aarav,Kabir Sharma,Pune,SALARIED,48,rohan.2343@example.test,+917741746701,LOW,N
C002345,Diya,Sara Sharma,Bengaluru,SME,35,sara.2344@example.test,+917533103597,UNKNOWN,N
C002346,Ishita,Arjun Sharma,Jaipur,SALARIED,51,arjun.2345@example.test,+917326769108,MEDIUM,Y
C002347,Rohan,Meera Patel,Kochi,NRI,60,vikram.2346@example.test,+918110677051,LOW,N
C002348,Kabir,Sara Khan,Pune,RETIRED,73,arjun.2347@example.test,+917758121337,LOW,N
C002349,Kabir,Aarav Sharma,Jaipur,SALARIED,59,nisha.2348@example.test,+917126129223,MEDIUM,N
C002350,Nisha,Rohan Das,Ahmedabad,RETIRED,47,nisha.2349@example.test,+918368131859,MEDIUM,N
C002351,Arjun,Meera Das,Ahmedabad,NRI,32,ishita.2350@example.test,+918912330525,MEDIUM,N
C002352,Nisha,Sara Patel,Kolkata,NRI,26,kabir.2351@example.test,+919392426792,MEDIUM,N
C002353,Aarav,Kabir Iyer,Mumbai,NRI,59,vikram.2352@example.test,+919166910544,MEDIUM,N
C002354,Nisha,Vikram Khan,Bengaluru,SME,35,vikram.2353@example.test,+917497792916,LOW,Y
C002355,Arjun,Ananya Patel,Jaipur,SELF_EMPLOYED,72,diya.2354@example.test,+918281154394,UNKNOWN,N
C002356,Ananya,Ananya Sharma,Mumbai,RETIRED,34,arjun.2355@example.test,+919155980515,UNKNOWN,Y
C002357,Diya,Dev Iyer,Bengaluru,SALARIED,43,arjun.2356@example.test,+918575102744,MEDIUM,N
C002358,Sara,Sara Iyer,Ahmedabad,SALARIED,39,sara.2357@example.test,+918401228533,UNKNOWN,N
C002359,Diya,Vikram Patel,Ahmedabad,SALARIED,23,meera.2358@example.test,+917071585022,MEDIUM,N
C002360,Meera,Diya Khan,Kolkata,SELF_EMPLOYED,76,aarav.2359@example.test,+919742767054,UNKNOWN,Y
C002361,Arjun,Rohan Sharma,Jaipur,NRI,72,ananya.2360@example.test,+918338254888,MEDIUM,Y
C002362,Ananya,Arjun Nair,Pune,NRI,28,,+918546466915,MEDIUM,N
C002363,Kabir,Aarav Iyer,Pune,RETIRED,72,dev.2362@example.test,+919897659875,MEDIUM,Y
C002364,Rohan,Ishita Patel,Hyderabad,SALARIED,71,vikram.2363@example.test,+918360398343,LOW,Y
C002365,Nisha,Ananya Das,Hyderabad,RETIRED,60,ananya.2364@example.test,+917260901477,HIGH,N
C002366,Ishita,Arjun Nair,Jaipur,SALARIED,64,ishita.2365@example.test,+917534112664,HIGH,Y
C002367,Diya,Ishita Sharma,Delhi,NRI,35,rohan.2366@example.test,+917013305826,HIGH,N
C002368,Dev,Diya Sharma,Delhi,SELF_EMPLOYED,44,vikram.2367@example.test,+919875628286,LOW,N
C002369,Ishita,Ananya Iyer,Ahmedabad,SALARIED,56,diya.2368@example.test,+919201663075,LOW,N
C002370,Ishita,Dev Iyer,Bengaluru,NRI,52,rohan.2369@example.test,+918230024399,MEDIUM,N
C002371,Dev,Meera Patel,Pune,NRI,37,kabir.2370@example.test,+919208564225,LOW,N
C002372,Vikram,Dev Patel,Bengaluru,SME,50,ananya.2371@example.test,+918527572621,MEDIUM,Y
C002373,Kabir,Meera Iyer,Mumbai,RETIRED,63,ishita.2372@example.test,+919856583648,HIGH,Y
C002374,Nisha,Sara Nair,Hyderabad,NRI,58,rohan.2373@example.test,+917577258707,UNKNOWN,N
C002375,Kabir,Vikram Iyer,Hyderabad,SME,73,ishita.2374@example.test,+917742952480,HIGH,Y
C002376,Meera,Diya Patel,Delhi,NRI,50,vikram.2375@example.test,+919582397239,LOW,N
C002377,Kabir,Vikram Das,Chennai,SELF_EMPLOYED,57,meera.2376@example.test,+917150744073,UNKNOWN,N
C002378,Vikram,Kabir Iyer,Mumbai,SALARIED,31,ananya.2377@example.test,+918314902082,LOW,N
C002379,Meera,Vikram Patel,Ahmedabad,SME,64,dev.2378@example.test,+918681510569,LOW,N
C002380,Rohan,Vikram Iyer,Ahmedabad,SELF_EMPLOYED,35,arjun.2379@example.test,+917455404458,UNKNOWN,N
C002381,Kabir,Vikram Khan,Chennai,SALARIED,23,arjun.2380@example.test,+917173827502,LOW,N
C002382,Meera,Nisha Sharma,Delhi,SELF_EMPLOYED,54,meera.2381@example.test,+919042427526,HIGH,Y
C002383,Sara,Diya Iyer,Bengaluru,SALARIED,41,dev.2382@example.test,+918157601663,MEDIUM,Y
C002384,Diya,Nisha Khan,Kochi,SALARIED,55,vikram.2383@example.test,+918205813018,MEDIUM,N
C002385,Ananya,Sara Patel,Hyderabad,RETIRED,70,meera.2384@example.test,+919843799844,LOW,Y
C002386,Arjun,Sara Nair,Bengaluru,SELF_EMPLOYED,72,aarav.2385@example.test,+919514241894,HIGH,N
C002387,Arjun,Aarav Khan,Chennai,SELF_EMPLOYED,43,ananya.2386@example.test,+918049882729,LOW,N
C002388,Meera,Arjun Nair,Mumbai,SELF_EMPLOYED,47,aarav.2387@example.test,+919361595772,HIGH,N
C002389,Ishita,Vikram Patel,Pune,SALARIED,25,aarav.2388@example.test,+919314149109,LOW,N
C002390,Dev,Ananya Nair,Bengaluru,NRI,36,arjun.2389@example.test,+919584975985,UNKNOWN,N
C002391,Nisha,Rohan Nair,Jaipur,RETIRED,63,kabir.2390@example.test,+919473105712,MEDIUM,N
C002392,Nisha,Vikram Khan,Hyderabad,NRI,45,meera.2391@example.test,+919102079656,MEDIUM,N
C002393,Vikram,Ishita Das,Mumbai,SELF_EMPLOYED,26,diya.2392@example.test,+917919956028,UNKNOWN,N
C002394,Rohan,Meera Sharma,Pune,SALARIED,76,rohan.2393@example.test,+919567191806,MEDIUM,N
C002395,Vikram,Aarav Das,Delhi,NRI,72,vikram.2394@example.test,+919136799412,UNKNOWN,N
C002396,Nisha,Ishita Patel,Ahmedabad,NRI,64,rohan.2395@example.test,+918572072341,LOW,N
C002397,Meera,Ananya Patel,Kochi,RETIRED,69,nisha.2396@example.test,+917552516413,LOW,N
C002398,Dev,Nisha Iyer,Delhi,NRI,72,sara.2397@example.test,+919541086078,UNKNOWN,N
C002399,Meera,Sara Iyer,Pune,NRI,35,sara.2398@example.test,+918299613894,MEDIUM,N
C002400,Ananya,Nisha Sharma,Delhi,SELF_EMPLOYED,42,nisha.2399@example.test,+919946825162,MEDIUM,N
C002401,Ananya,Diya Nair,Delhi,SME,68,ishita.2400@example.test,+919657567875,LOW,N
C002402,Dev,Arjun Nair,Kochi,SALARIED,28,vikram.2401@example.test,+918823032941,UNKNOWN,N
C002403,Aarav,Ananya Iyer,Jaipur,NRI,53,rohan.2402@example.test,+918803891349,MEDIUM,Y
C002404,Meera,Meera Khan,Chennai,SELF_EMPLOYED,29,rohan.2403@example.test,+919289758604,HIGH,N
C002405,Vikram,Rohan Khan,Kolkata,SME,61,rohan.2404@example.test,+919035556955,UNKNOWN,N
C002406,Rohan,Rohan Patel,Kochi,SELF_EMPLOYED,38,arjun.2405@example.test,+918469897226,HIGH,N
C002407,Rohan,Dev Khan,Ahmedabad,RETIRED,54,kabir.2406@example.test,+917865954070,LOW,Y
C002408,Vikram,Aarav Sharma,Mumbai,SELF_EMPLOYED,21,dev.2407@example.test,+917975336009,UNKNOWN,N
C002409,Sara,Meera Nair,Jaipur,SELF_EMPLOYED,36,nisha.2408@example.test,+918564551851,UNKNOWN,Y
C002410,Diya,Nisha Das,Mumbai,NRI,36,sara.2409@example.test,+917201688884,MEDIUM,N
C002411,Dev,Meera Das,Mumbai,NRI,58,nisha.2410@example.test,+917652218191,HIGH,N
C002412,Nisha,Rohan Sharma,Ahmedabad,RETIRED,22,kabir.2411@example.test,+919706116634,HIGH,N
C002413,Ishita,Arjun Patel,Pune,SME,30,ishita.2412@example.test,+919502999823,MEDIUM,N
C002414,Arjun,Nisha Patel,Pune,SALARIED,56,,+918289331621,UNKNOWN,N
C002415,Sara,Vikram Nair,Chennai,SME,21,nisha.2414@example.test,+918803435588,MEDIUM,N
C002416,Nisha,Kabir Iyer,Kolkata,NRI,34,dev.2415@example.test,+919693382422,UNKNOWN,N
C002417,Aarav,Ishita Das,Bengaluru,SALARIED,56,ishita.2416@example.test,+918791647384,HIGH,N
C002418,Kabir,Dev Nair,Delhi,NRI,42,vikram.2417@example.test,+919808688614,HIGH,N
C002419,Aarav,Dev Sharma,Pune,SME,67,vikram.2418@example.test,+919497612930,MEDIUM,N
C002420,Diya,Ishita Das,Hyderabad,SALARIED,27,sara.2419@example.test,+919101711150,LOW,N
C002421,Dev,Meera Khan,Pune,RETIRED,56,vikram.2420@example.test,+918336604131,MEDIUM,N
C002422,Ananya,Ananya Patel,Bengaluru,NRI,63,aarav.2421@example.test,+919339339803,HIGH,N
C002423,Dev,Diya Iyer,Pune,SELF_EMPLOYED,72,vikram.2422@example.test,+917974909622,MEDIUM,N
C002424,Dev,Sara Nair,Pune,SME,59,meera.2423@example.test,+918872265456,MEDIUM,N
C002425,Nisha,Meera Patel,Kolkata,RETIRED,27,arjun.2424@example.test,+918684022985,HIGH,Y
C002426,Kabir,Aarav Patel,Jaipur,SELF_EMPLOYED,74,vikram.2425@example.test,+918525576125,MEDIUM,Y
C002427,Rohan,Diya Das,Jaipur,SME,27,kabir.2426@example.test,+919964334935,LOW,N
C002428,Diya,Rohan Patel,Bengaluru,SELF_EMPLOYED,66,nisha.2427@example.test,+918257173699,MEDIUM,N
C002429,Arjun,Ananya Patel,Kolkata,RETIRED,74,ananya.2428@example.test,+917924233992,LOW,N
C002430,Rohan,Diya Sharma,Pune,NRI,50,kabir.2429@example.test,+917669999041,UNKNOWN,N
C002431,Dev,Ananya Nair,Kochi,SME,56,rohan.2430@example.test,+918544777029,UNKNOWN,N
C002432,Arjun,Sara Patel,Kolkata,SELF_EMPLOYED,33,dev.2431@example.test,+919525267105,HIGH,N
C002433,Rohan,Sara Das,Mumbai,SALARIED,24,dev.2432@example.test,+918623159703,UNKNOWN,N
C002434,Nisha,Sara Sharma,Bengaluru,NRI,24,ananya.2433@example.test,+918793304181,UNKNOWN,N
C002435,Meera,Aarav Sharma,Chennai,SALARIED,38,ishita.2434@example.test,+917778672531,HIGH,Y
C002436,Vikram,Ishita Nair,Pune,SALARIED,66,nisha.2435@example.test,+918858229821,LOW,N
C002437,Nisha,Vikram Sharma,Hyderabad,SME,55,meera.2436@example.test,+917555278256,HIGH,N
C002438,Arjun,Diya Nair,Delhi,SELF_EMPLOYED,50,dev.2437@example.test,+917889865190,UNKNOWN,N
C002439,Ishita,Dev Patel,Kolkata,SELF_EMPLOYED,67,rohan.2438@example.test,+919086701521,MEDIUM,N
C002440,Nisha,Arjun Sharma,Jaipur,SELF_EMPLOYED,31,rohan.2439@example.test,+917806240176,UNKNOWN,N
C002441,Nisha,Meera Nair,Kolkata,SME,64,arjun.2440@example.test,+918528683071,LOW,Y
C002442,Kabir,Ishita Iyer,Mumbai,SALARIED,46,nisha.2441@example.test,+918590308882,LOW,N
C002443,Meera,Rohan Das,Hyderabad,SME,44,sara.2442@example.test,+918485949741,LOW,N
C002444,Nisha,Sara Khan,Ahmedabad,RETIRED,34,diya.2443@example.test,+918808864637,UNKNOWN,N
C002445,Diya,Kabir Nair,Hyderabad,SALARIED,48,diya.2444@example.test,+918034910873,LOW,N
C002446,Diya,Kabir Sharma,Mumbai,SELF_EMPLOYED,57,vikram.2445@example.test,+918857693956,LOW,N
C002447,Ishita,Vikram Iyer,Hyderabad,SALARIED,29,diya.2446@example.test,+917196355425,LOW,N
C002448,Ishita,Meera Das,Pune,SELF_EMPLOYED,69,dev.2447@example.test,+917289068077,UNKNOWN,N
C002449,Ananya,Vikram Nair,Bengaluru,SME,49,nisha.2448@example.test,+917346214401,MEDIUM,N
C002450,Diya,Vikram Patel,Jaipur,SELF_EMPLOYED,61,ananya.2449@example.test,+919422561652,HIGH,N
C002451,Diya,Arjun Sharma,Hyderabad,SME,68,ishita.2450@example.test,+917746445571,LOW,N
C002452,Diya,Nisha Patel,Mumbai,SME,74,ananya.2451@example.test,+918859567131,HIGH,N
C002453,Meera,Ananya Khan,Kolkata,RETIRED,40,diya.2452@example.test,+919148084491,UNKNOWN,N
C002454,Dev,Kabir Patel,Delhi,RETIRED,41,arjun.2453@example.test,+918820671333,LOW,Y
C002455,Dev,Aarav Sharma,Ahmedabad,NRI,72,arjun.2454@example.test,+919127928108,HIGH,Y
C002456,Ananya,Meera Khan,Delhi,NRI,72,meera.2455@example.test,+918710912524,LOW,N
C002457,Meera,Meera Iyer,Jaipur,NRI,63,diya.2456@example.test,+918627538819,HIGH,N
C002458,Sara,Arjun Iyer,Delhi,NRI,21,nisha.2457@example.test,+919039340069,LOW,N
C002459,Ananya,Vikram Patel,Mumbai,NRI,77,aarav.2458@example.test,+917691215056,LOW,N
C002460,Dev,Ishita Patel,Delhi,SELF_EMPLOYED,46,rohan.2459@example.test,+919305815655,MEDIUM,N
C002461,Meera,Diya Patel,Chennai,SME,34,ananya.2460@example.test,+918331188569,HIGH,Y
C002462,Meera,Rohan Das,Pune,SELF_EMPLOYED,44,diya.2461@example.test,+917705939906,UNKNOWN,Y
C002463,Sara,Sara Patel,Kolkata,RETIRED,36,nisha.2462@example.test,+918269272514,MEDIUM,N
C002464,Nisha,Kabir Nair,Mumbai,NRI,60,aarav.2463@example.test,+918596650487,HIGH,N
C002465,Diya,Ishita Patel,Ahmedabad,SME,69,kabir.2464@example.test,+917614124745,LOW,N
C002466,Arjun,Rohan Patel,Delhi,RETIRED,42,diya.2465@example.test,+917918696404,UNKNOWN,N
C002467,Arjun,Aarav Iyer,Chennai,SALARIED,21,aarav.2466@example.test,+919576564675,MEDIUM,N
C002468,Aarav,Sara Nair,Delhi,SME,38,ishita.2467@example.test,+918036118213,UNKNOWN,N
C002469,Vikram,Arjun Khan,Pune,SELF_EMPLOYED,43,dev.2468@example.test,+917465089335,HIGH,N
C002470,Meera,Ananya Das,Chennai,RETIRED,36,kabir.2469@example.test,+917765871281,MEDIUM,Y
C002471,Diya,Sara Iyer,Chennai,SELF_EMPLOYED,74,kabir.2470@example.test,+919428470237,UNKNOWN,Y
C002472,Kabir,Dev Das,Hyderabad,RETIRED,23,arjun.2471@example.test,+919647579753,HIGH,N
C002473,Aarav,Rohan Patel,Kochi,RETIRED,29,kabir.2472@example.test,+919595278051,UNKNOWN,N
C002474,Diya,Nisha Khan,Kolkata,RETIRED,43,sara.2473@example.test,+918964713353,HIGH,N
C002475,Nisha,Rohan Khan,Mumbai,SELF_EMPLOYED,51,aarav.2474@example.test,+918110475015,UNKNOWN,Y
C002476,Rohan,Ananya Sharma,Kochi,RETIRED,31,kabir.2475@example.test,+918426945871,LOW,N
C002477,Ananya,Vikram Khan,Chennai,NRI,22,vikram.2476@example.test,+918389675561,HIGH,Y
C002478,Sara,Nisha Sharma,Delhi,NRI,70,diya.2477@example.test,+918572367769,MEDIUM,Y
C002479,Dev,Sara Patel,Hyderabad,NRI,23,arjun.2478@example.test,+919730354706,LOW,N
C002480,Arjun,Arjun Nair,Pune,RETIRED,74,ananya.2479@example.test,+919042110621,UNKNOWN,N
C002481,Dev,Diya Das,Hyderabad,RETIRED,23,ishita.2480@example.test,+918059059246,LOW,N
C002482,Nisha,Kabir Nair,Delhi,NRI,76,diya.2481@example.test,+917742219953,UNKNOWN,N
C002483,Aarav,Kabir Sharma,Ahmedabad,SALARIED,55,arjun.2482@example.test,+919485457033,HIGH,N
C002484,Rohan,Rohan Iyer,Kolkata,RETIRED,67,nisha.2483@example.test,+918629302759,LOW,N
C002485,Diya,Ishita Iyer,Bengaluru,SME,23,sara.2484@example.test,+919271685722,UNKNOWN,Y
C002486,Arjun,Dev Sharma,Bengaluru,SELF_EMPLOYED,53,rohan.2485@example.test,+918639150800,LOW,N
C002487,Arjun,Nisha Sharma,Hyderabad,SALARIED,58,nisha.2486@example.test,+917581252459,MEDIUM,N
C002488,Dev,Dev Patel,Delhi,NRI,34,ananya.2487@example.test,+918579355359,MEDIUM,N
C002489,Meera,Diya Nair,Chennai,SME,68,ananya.2488@example.test,,MEDIUM,N
C002490,Diya,Arjun Patel,Ahmedabad,RETIRED,27,meera.2489@example.test,+918031517898,LOW,N
C002491,Meera,Diya Das,Ahmedabad,SELF_EMPLOYED,57,dev.2490@example.test,+917609778936,HIGH,N
C002492,Sara,Dev Das,Pune,SME,29,nisha.2491@example.test,+918883648891,MEDIUM,N
C002493,Rohan,Diya Patel,Delhi,NRI,38,nisha.2492@example.test,+918913822213,LOW,N
C002494,Kabir,Rohan Nair,Hyderabad,SALARIED,62,aarav.2493@example.test,+917336434008,MEDIUM,N
C002495,Arjun,Kabir Khan,Jaipur,NRI,36,ananya.2494@example.test,+919680105249,MEDIUM,N
C002496,Kabir,Rohan Nair,Jaipur,SME,71,kabir.2495@example.test,+919111933671,LOW,Y
C002497,Ishita,Ishita Iyer,Bengaluru,SME,23,arjun.2496@example.test,+919559476901,HIGH,N
C002498,Aarav,Sara Sharma,Kochi,SELF_EMPLOYED,77,dev.2497@example.test,+918438007082,UNKNOWN,N
C002499,Aarav,Vikram Iyer,Kochi,NRI,54,kabir.2498@example.test,+919727014663,UNKNOWN,N
C002500,Vikram,Meera Sharma,Hyderabad,SME,65,dev.2499@example.test,+917546731052,LOW,N
C002501,Vikram,Arjun Patel,Hyderabad,SALARIED,34,rohan.2500@example.test,+919064696999,LOW,N
C002502,Arjun,Meera Sharma,Delhi,RETIRED,77,aarav.2501@example.test,+918065352910,MEDIUM,N
C002503,Ananya,Kabir Khan,Kolkata,SALARIED,73,diya.2502@example.test,+919259980983,MEDIUM,Y
C002504,Ananya,Dev Das,Pune,SALARIED,70,diya.2503@example.test,+919652688422,UNKNOWN,Y
C002505,Nisha,Meera Nair,Kolkata,SALARIED,50,vikram.2504@example.test,+919329534741,LOW,N
C002506,Dev,Ananya Das,Ahmedabad,RETIRED,42,meera.2505@example.test,+918638866244,HIGH,N
C002507,Kabir,Sara Khan,Mumbai,RETIRED,28,ananya.2506@example.test,+918216628650,MEDIUM,N
C002508,Ananya,Ishita Das,Kochi,SALARIED,29,aarav.2507@example.test,+918618001024,MEDIUM,N
C002509,Dev,Vikram Iyer,Bengaluru,SALARIED,49,arjun.2508@example.test,+918769530545,UNKNOWN,N
C002510,Sara,Meera Sharma,Pune,SELF_EMPLOYED,61,ananya.2509@example.test,+919466159561,LOW,N
C002511,Arjun,Kabir Sharma,Mumbai,RETIRED,48,aarav.2510@example.test,+918857154022,UNKNOWN,Y
C002512,Arjun,Ishita Das,Ahmedabad,SALARIED,39,rohan.2511@example.test,+919741431189,MEDIUM,N
C002513,Dev,Rohan Das,Pune,NRI,41,nisha.2512@example.test,+918754186741,MEDIUM,N
C002514,Ananya,Sara Das,Pune,RETIRED,42,meera.2513@example.test,+919118841847,UNKNOWN,N
C002515,Ishita,Rohan Nair,Bengaluru,SELF_EMPLOYED,32,dev.2514@example.test,+918334097342,MEDIUM,N
C002516,Aarav,Dev Sharma,Ahmedabad,SALARIED,32,arjun.2515@example.test,+919653825601,MEDIUM,Y
C002517,Sara,Vikram Khan,Jaipur,NRI,41,aarav.2516@example.test,+919234971225,UNKNOWN,N
C002518,Meera,Diya Nair,Kochi,SALARIED,54,rohan.2517@example.test,+918168284588,MEDIUM,Y
C002519,Diya,Ishita Nair,Ahmedabad,RETIRED,77,sara.2518@example.test,+919851881789,MEDIUM,N
C002520,Sara,Ananya Sharma,Bengaluru,SME,62,sara.2519@example.test,+917978881578,LOW,Y
C002521,Diya,Ananya Nair,Ahmedabad,SME,51,nisha.2520@example.test,+919575020824,MEDIUM,N
C002522,Kabir,Diya Nair,Delhi,SELF_EMPLOYED,30,sara.2521@example.test,+919143043634,LOW,N
C002523,Aarav,Meera Das,Ahmedabad,NRI,41,ananya.2522@example.test,+919983624034,UNKNOWN,N
C002524,Dev,Nisha Nair,Kochi,SME,32,kabir.2523@example.test,+917428477868,MEDIUM,N
C002525,Sara,Meera Das,Delhi,NRI,34,ananya.2524@example.test,+917154892733,UNKNOWN,N
C002526,Nisha,Diya Patel,Chennai,SME,50,nisha.2525@example.test,+918517564357,HIGH,N
C002527,Aarav,Sara Nair,Bengaluru,SME,75,dev.2526@example.test,+918556997877,HIGH,Y
C002528,Meera,Meera Khan,Delhi,SME,70,nisha.2527@example.test,+919392282910,UNKNOWN,N
C002529,Aarav,Rohan Sharma,Pune,SME,48,aarav.2528@example.test,+917811649875,MEDIUM,N
C002530,Arjun,Meera Patel,Kochi,SELF_EMPLOYED,59,ishita.2529@example.test,+919690498091,LOW,Y
C002531,Meera,Kabir Nair,Hyderabad,SME,24,ananya.2530@example.test,+918956485888,UNKNOWN,Y
C002532,Aarav,Sara Khan,Jaipur,SME,52,ananya.2531@example.test,+917179336391,MEDIUM,N
C002533,Meera,Rohan Nair,Ahmedabad,NRI,57,rohan.2532@example.test,+919703424176,MEDIUM,N
C002534,Ishita,Meera Iyer,Jaipur,SME,58,dev.2533@example.test,+918044588835,UNKNOWN,N
C002535,Kabir,Nisha Sharma,Kochi,SALARIED,45,arjun.2534@example.test,+917305462882,MEDIUM,Y
C002536,Kabir,Rohan Nair,Delhi,RETIRED,52,kabir.2535@example.test,+919260623227,LOW,N
C002537,Nisha,Ananya Patel,Kochi,RETIRED,34,ananya.2536@example.test,+918481751918,HIGH,Y
C002538,Ananya,Aarav Nair,Hyderabad,SME,35,kabir.2537@example.test,+919624869742,MEDIUM,N
C002539,Vikram,Ishita Khan,Kolkata,NRI,66,sara.2538@example.test,+917103277701,LOW,N
C002540,Rohan,Kabir Iyer,Ahmedabad,SALARIED,30,rohan.2539@example.test,+919197722337,HIGH,N
C002541,Nisha,Nisha Sharma,Hyderabad,RETIRED,40,rohan.2540@example.test,+917573873459,LOW,N
C002542,Rohan,Dev Khan,Jaipur,SME,65,ishita.2541@example.test,+919247390261,HIGH,Y
C002543,Ananya,Sara Nair,Jaipur,RETIRED,61,ishita.2542@example.test,+917244206779,UNKNOWN,N
C002544,Diya,Ishita Das,Bengaluru,SALARIED,24,arjun.2543@example.test,+918255045228,LOW,N
C002545,Dev,Arjun Patel,Kochi,RETIRED,29,aarav.2544@example.test,+919172057030,UNKNOWN,N
C002546,Meera,Meera Iyer,Kochi,SELF_EMPLOYED,22,diya.2545@example.test,+918996438306,HIGH,N
C002547,Meera,Dev Khan,Bengaluru,SELF_EMPLOYED,35,kabir.2546@example.test,+919902865821,MEDIUM,N
C002548,Nisha,Sara Patel,Hyderabad,NRI,64,aarav.2547@example.test,+918649235719,LOW,Y
C002549,Kabir,Kabir Patel,Hyderabad,NRI,38,sara.2548@example.test,+917248033205,UNKNOWN,N
C002550,Ishita,Nisha Khan,Kochi,NRI,65,sara.2549@example.test,+917634577377,UNKNOWN,N
C002551,Dev,Dev Khan,Kochi,SME,57,sara.2550@example.test,+919878429630,UNKNOWN,N
C002552,Kabir,Aarav Das,Bengaluru,SME,60,ananya.2551@example.test,+918653184785,MEDIUM,N
C002553,Rohan,Arjun Nair,Pune,SME,49,kabir.2552@example.test,+917710415073,MEDIUM,Y
C002554,Dev,Dev Das,Hyderabad,NRI,44,arjun.2553@example.test,+919619189775,MEDIUM,N
C002555,Dev,Aarav Iyer,Pune,SALARIED,53,arjun.2554@example.test,+919429315874,MEDIUM,N
C002556,Arjun,Arjun Patel,Pune,RETIRED,22,kabir.2555@example.test,+919727065586,LOW,N
C002557,Vikram,Arjun Khan,Delhi,SALARIED,37,rohan.2556@example.test,+919971754885,UNKNOWN,N
C002558,Nisha,Arjun Sharma,Kochi,NRI,75,,+917209390706,HIGH,N
C002559,Ananya,Arjun Nair,Kochi,SME,52,nisha.2558@example.test,+917017332771,HIGH,N
C002560,Sara,Rohan Iyer,Hyderabad,SME,53,aarav.2559@example.test,+918730947077,LOW,Y
C002561,Vikram,Rohan Khan,Mumbai,RETIRED,40,kabir.2560@example.test,+919574553080,LOW,N
C002562,Arjun,Sara Nair,Pune,SELF_EMPLOYED,75,nisha.2561@example.test,+917833583561,HIGH,N
C002563,Ishita,Nisha Sharma,Mumbai,NRI,35,vikram.2562@example.test,+919433360348,LOW,N
C002564,Ishita,Dev Nair,Hyderabad,SME,69,aarav.2563@example.test,+918005955496,MEDIUM,Y
C002565,Nisha,Dev Patel,Mumbai,SELF_EMPLOYED,44,sara.2564@example.test,+919427992832,HIGH,N
C002566,Vikram,Ananya Khan,Delhi,SELF_EMPLOYED,44,diya.2565@example.test,+917150978152,HIGH,N
C002567,Ishita,Nisha Sharma,Mumbai,RETIRED,73,meera.2566@example.test,+919716173615,MEDIUM,N
C002568,Vikram,Rohan Patel,Delhi,SELF_EMPLOYED,59,rohan.2567@example.test,+918426124089,UNKNOWN,N
C002569,Rohan,Nisha Iyer,Ahmedabad,SME,35,diya.2568@example.test,+919703886406,HIGH,N
C002570,Vikram,Arjun Das,Ahmedabad,SELF_EMPLOYED,49,nisha.2569@example.test,+918951280505,LOW,Y
C002571,Meera,Nisha Khan,Kolkata,SELF_EMPLOYED,70,bad-email,+918429950817,LOW,N
C002572,Aarav,Sara Sharma,Kolkata,RETIRED,48,dev.2571@example.test,+919810164890,HIGH,N
C002573,Ananya,Arjun Patel,Delhi,NRI,29,vikram.2572@example.test,+919314833882,HIGH,N
C002574,Diya,Dev Khan,Kochi,NRI,68,rohan.2573@example.test,+918502101226,UNKNOWN,N
C002575,Ishita,Kabir Khan,Jaipur,SALARIED,67,arjun.2574@example.test,+919148922529,LOW,N
C002576,Ishita,Rohan Iyer,Kochi,NRI,61,diya.2575@example.test,+919470544003,MEDIUM,N
C002577,Ananya,Nisha Iyer,Pune,RETIRED,57,arjun.2576@example.test,+917830342882,LOW,N
C002578,Arjun,Dev Nair,Hyderabad,NRI,27,sara.2577@example.test,+917975725672,HIGH,N
C002579,Rohan,Meera Iyer,Mumbai,SELF_EMPLOYED,21,vikram.2578@example.test,+918950633857,UNKNOWN,N
C002580,Meera,Ishita Das,Ahmedabad,RETIRED,53,dev.2579@example.test,+919644400188,UNKNOWN,N
C002581,Ananya,Kabir Das,Jaipur,NRI,46,kabir.2580@example.test,+918603088275,LOW,Y
C002582,Nisha,Vikram Iyer,Hyderabad,RETIRED,72,rohan.2581@example.test,+919247441466,UNKNOWN,N
C002583,Diya,Aarav Patel,Kolkata,SELF_EMPLOYED,47,vikram.2582@example.test,+917013382104,MEDIUM,N
C002584,Ishita,Arjun Sharma,Hyderabad,SALARIED,50,kabir.2583@example.test,+917285094792,HIGH,Y
C002585,Arjun,Sara Iyer,Chennai,SALARIED,74,meera.2584@example.test,+917535349696,MEDIUM,Y
C002586,Dev,Sara Khan,Ahmedabad,SELF_EMPLOYED,43,vikram.2585@example.test,+918082845692,LOW,Y
C002587,Diya,Arjun Nair,Bengaluru,SELF_EMPLOYED,33,sara.2586@example.test,+918595688432,MEDIUM,N
C002588,Vikram,Meera Iyer,Kolkata,SME,21,nisha.2587@example.test,+919481532622,UNKNOWN,Y
C002589,Rohan,Nisha Khan,Mumbai,NRI,43,ishita.2588@example.test,+918002159798,UNKNOWN,N
C002590,Nisha,Dev Iyer,Kolkata,NRI,67,ishita.2589@example.test,+918328604356,UNKNOWN,N
C002591,Kabir,Rohan Sharma,Kolkata,SELF_EMPLOYED,28,nisha.2590@example.test,+919184817092,HIGH,N
C002592,Kabir,Rohan Khan,Ahmedabad,RETIRED,53,dev.2591@example.test,+919866985446,HIGH,Y
C002593,Rohan,Arjun Patel,Chennai,SELF_EMPLOYED,70,rohan.2592@example.test,+917884198629,HIGH,N
C002594,Sara,Meera Nair,Ahmedabad,SALARIED,33,kabir.2593@example.test,+917323129034,UNKNOWN,N
C002595,Ishita,Ananya Iyer,Kochi,SELF_EMPLOYED,29,ishita.2594@example.test,+918882418916,LOW,Y
C002596,Kabir,Ananya Sharma,Ahmedabad,SELF_EMPLOYED,58,sara.2595@example.test,+919176150873,UNKNOWN,N
C002597,Rohan,Ananya Sharma,Delhi,SME,32,sara.2596@example.test,+917723979809,HIGH,N
C002598,Kabir,Arjun Iyer,Ahmedabad,SALARIED,58,ananya.2597@example.test,+919712755217,HIGH,N
C002599,Vikram,Kabir Das,Mumbai,NRI,37,rohan.2598@example.test,+919851899476,UNKNOWN,N
C002600,Ananya,Dev Das,Jaipur,NRI,71,dev.2599@example.test,+919681389129,UNKNOWN,Y
C002601,Diya,Meera Khan,Chennai,RETIRED,62,dev.2600@example.test,+919119461263,HIGH,Y
C002602,Diya,Arjun Patel,Kolkata,SALARIED,58,ishita.2601@example.test,+917109041874,HIGH,N
C002603,Aarav,Ishita Nair,Bengaluru,SELF_EMPLOYED,54,sara.2602@example.test,+919956596329,HIGH,Y
C002604,Rohan,Dev Khan,Kochi,SELF_EMPLOYED,50,meera.2603@example.test,+917731254577,MEDIUM,Y
C002605,Dev,Rohan Das,Kochi,NRI,35,vikram.2604@example.test,+919404507844,HIGH,Y
C002606,Sara,Kabir Khan,Mumbai,SALARIED,32,vikram.2605@example.test,+919527659336,UNKNOWN,N
C002607,Aarav,Diya Das,Ahmedabad,RETIRED,60,aarav.2606@example.test,+919202500076,LOW,N
C002608,Aarav,Arjun Sharma,Delhi,SME,27,nisha.2607@example.test,+917912988799,HIGH,N
C002609,Aarav,Ananya Khan,Pune,NRI,53,ishita.2608@example.test,+917005454836,LOW,Y
C002610,Aarav,Ananya Patel,Pune,SME,76,dev.2609@example.test,+917792690495,MEDIUM,N
C002611,Dev,Aarav Khan,Kochi,SME,55,nisha.2610@example.test,+919476015002,HIGH,N
C002612,Sara,Ananya Iyer,Bengaluru,SME,48,meera.2611@example.test,+917803781486,MEDIUM,N
C002613,Sara,Diya Sharma,Chennai,RETIRED,50,ishita.2612@example.test,+919959227184,HIGH,N
C002614,Nisha,Aarav Iyer,Bengaluru,SME,24,ananya.2613@example.test,+918327763460,MEDIUM,N
C002615,Kabir,Ishita Iyer,Bengaluru,SELF_EMPLOYED,35,arjun.2614@example.test,+917687988167,LOW,N
C002616,Sara,Kabir Sharma,Pune,SALARIED,54,ishita.2615@example.test,+917657521060,LOW,Y
C002617,Ananya,Arjun Patel,Pune,RETIRED,58,nisha.2616@example.test,+917748328270,MEDIUM,N
C002618,Kabir,Arjun Nair,Kolkata,SME,59,nisha.2617@example.test,+919869624282,HIGH,N
C002619,Sara,Nisha Khan,Kolkata,SELF_EMPLOYED,48,vikram.2618@example.test,+917911722323,LOW,Y
C002620,Ishita,Rohan Iyer,Chennai,SALARIED,23,nisha.2619@example.test,+918722868628,LOW,N
C002621,Rohan,Dev Patel,Kolkata,SELF_EMPLOYED,75,meera.2620@example.test,+918710278696,LOW,N
C002622,Aarav,Diya Das,Ahmedabad,SME,50,rohan.2621@example.test,+918449445558,HIGH,N
C002623,Aarav,Aarav Sharma,Bengaluru,SELF_EMPLOYED,54,sara.2622@example.test,+917693908387,LOW,N
C002624,Rohan,Aarav Sharma,Pune,NRI,68,nisha.2623@example.test,+917772671131,LOW,Y
C002625,Rohan,Nisha Patel,Mumbai,NRI,24,arjun.2624@example.test,+919724845506,UNKNOWN,N
C002626,Sara,Vikram Patel,Kolkata,SALARIED,54,meera.2625@example.test,+919320852028,MEDIUM,N
C002627,Vikram,Kabir Nair,Bengaluru,RETIRED,70,vikram.2626@example.test,+917134784802,MEDIUM,N
C002628,Sara,Nisha Das,Kochi,NRI,33,nisha.2627@example.test,+917987176272,HIGH,N
C002629,Rohan,Nisha Iyer,Kolkata,NRI,69,nisha.2628@example.test,+917605367244,LOW,N
C002630,Ishita,Arjun Patel,Hyderabad,NRI,53,vikram.2629@example.test,+918033874850,HIGH,N
C002631,Ishita,Meera Das,Mumbai,RETIRED,44,arjun.2630@example.test,+919346490558,MEDIUM,N
C002632,Vikram,Kabir Iyer,Bengaluru,NRI,73,ananya.2631@example.test,+919188904925,HIGH,N
C002633,Arjun,Vikram Khan,Delhi,RETIRED,75,nisha.2632@example.test,+918741044857,MEDIUM,N
C002634,Rohan,Nisha Sharma,Kochi,SELF_EMPLOYED,41,,+918741666581,LOW,N
C002635,Arjun,Ishita Sharma,Jaipur,SELF_EMPLOYED,55,dev.2634@example.test,+918845150447,HIGH,N
C002636,Rohan,Aarav Sharma,Kolkata,SME,60,,+919531819720,MEDIUM,N
C002637,Rohan,Ishita Nair,Ahmedabad,NRI,25,diya.2636@example.test,+919389629598,LOW,N
C002638,Sara,Vikram Iyer,Jaipur,SELF_EMPLOYED,24,nisha.2637@example.test,+918549333485,UNKNOWN,N
C002639,Sara,Vikram Iyer,Hyderabad,RETIRED,44,dev.2638@example.test,+918636850444,MEDIUM,N
C002640,Ananya,Vikram Sharma,Jaipur,SME,45,aarav.2639@example.test,+917953165989,UNKNOWN,N
C002641,Ishita,Sara Patel,Ahmedabad,SME,58,rohan.2640@example.test,+919605187611,HIGH,N
C002642,Kabir,Kabir Iyer,Ahmedabad,RETIRED,63,vikram.2641@example.test,+919504851432,MEDIUM,N
C002643,Sara,Rohan Sharma,Hyderabad,NRI,35,arjun.2642@example.test,+917620658738,MEDIUM,Y
C002644,Diya,Kabir Iyer,Mumbai,RETIRED,21,sara.2643@example.test,+919573266458,LOW,Y
C002645,Diya,Sara Iyer,Kochi,RETIRED,75,diya.2644@example.test,+919273450570,MEDIUM,N
C002646,Sara,Ananya Sharma,Jaipur,NRI,40,dev.2645@example.test,+919092326814,LOW,N
C002647,Diya,Kabir Das,Hyderabad,SELF_EMPLOYED,27,ananya.2646@example.test,+918441630790,HIGH,Y
C002648,Aarav,Rohan Sharma,Kochi,SALARIED,73,dev.2647@example.test,+917177081562,LOW,N
C002649,Diya,Ishita Khan,Delhi,SALARIED,70,nisha.2648@example.test,+918275142658,HIGH,N
C002650,Ananya,Vikram Sharma,Bengaluru,NRI,28,rohan.2649@example.test,+919783890735,MEDIUM,N
C002651,Nisha,Dev Nair,Bengaluru,SME,63,ananya.2650@example.test,+918428102245,LOW,N
C002652,Nisha,Kabir Nair,Mumbai,SELF_EMPLOYED,40,diya.2651@example.test,+918031768240,LOW,N
C002653,Rohan,Dev Khan,Delhi,SALARIED,57,kabir.2652@example.test,+917810330372,UNKNOWN,N
C002654,Sara,Vikram Khan,Hyderabad,RETIRED,59,ananya.2653@example.test,+917256994464,UNKNOWN,N
C002655,Diya,Meera Nair,Mumbai,SALARIED,60,aarav.2654@example.test,+917003727650,MEDIUM,N
C002656,Arjun,Diya Iyer,Ahmedabad,SELF_EMPLOYED,23,aarav.2655@example.test,+917216025574,MEDIUM,N
C002657,Aarav,Ishita Iyer,Kolkata,RETIRED,47,ishita.2656@example.test,+919151492736,MEDIUM,N
C002658,Dev,Arjun Sharma,Jaipur,RETIRED,35,rohan.2657@example.test,+918855119260,HIGH,N
C002659,Meera,Rohan Khan,Jaipur,SME,39,aarav.2658@example.test,+917881238574,UNKNOWN,N
C002660,Ananya,Ishita Nair,Ahmedabad,SELF_EMPLOYED,57,rohan.2659@example.test,+919951738541,HIGH,N
C002661,Arjun,Arjun Iyer,Delhi,SME,22,vikram.2660@example.test,+918882744781,MEDIUM,Y
C002662,Diya,Vikram Khan,Delhi,SALARIED,65,aarav.2661@example.test,+919927725178,MEDIUM,N
C002663,Nisha,Diya Patel,Kochi,SELF_EMPLOYED,66,rohan.2662@example.test,+917901378218,LOW,N
C002664,Diya,Arjun Nair,Chennai,SALARIED,46,rohan.2663@example.test,+918624278310,LOW,N
C002665,Rohan,Dev Das,Kolkata,NRI,26,nisha.2664@example.test,+918282073694,LOW,N
C002666,Sara,Rohan Iyer,Chennai,SALARIED,41,diya.2665@example.test,+919411186467,MEDIUM,N
C002667,Aarav,Rohan Patel,Kochi,SME,31,vikram.2666@example.test,+918695928875,UNKNOWN,N
C002668,Ananya,Ananya Khan,Hyderabad,RETIRED,76,ananya.2667@example.test,+918533678402,MEDIUM,N
C002669,Nisha,Arjun Patel,Jaipur,NRI,30,arjun.2668@example.test,+917324607830,MEDIUM,N
C002670,Rohan,Vikram Das,Kolkata,SME,41,ananya.2669@example.test,+918668105824,LOW,N
C002671,Kabir,Arjun Sharma,Kochi,SME,64,vikram.2670@example.test,+919628657621,MEDIUM,N
C002672,Arjun,Nisha Nair,Hyderabad,NRI,53,rohan.2671@example.test,+917651169957,LOW,N
C002673,Kabir,Ananya Patel,Kolkata,SELF_EMPLOYED,34,kabir.2672@example.test,+919432541755,LOW,N
C002674,Vikram,Aarav Sharma,Kochi,NRI,23,,+919792056213,LOW,Y
C002675,Nisha,Diya Sharma,Pune,SME,67,ananya.2674@example.test,+919508904986,LOW,N
C002676,Kabir,Dev Sharma,Jaipur,NRI,70,ananya.2675@example.test,+918852495541,LOW,N
C002677,Meera,Vikram Khan,Delhi,SELF_EMPLOYED,74,sara.2676@example.test,+919234047827,HIGH,N
C002678,Dev,Ananya Patel,Delhi,SME,51,vikram.2677@example.test,+918175300149,LOW,N
C002679,Dev,Diya Nair,Delhi,SALARIED,36,dev.2678@example.test,+917270368119,LOW,N
C002680,Arjun,Arjun Iyer,Jaipur,SALARIED,27,meera.2679@example.test,+918543917804,LOW,N
C002681,Sara,Nisha Sharma,Jaipur,RETIRED,22,rohan.2680@example.test,+919964261073,MEDIUM,N
C002682,Sara,Vikram Nair,Jaipur,SALARIED,27,ishita.2681@example.test,+919771432311,HIGH,Y
C002683,Diya,Ishita Das,Pune,SALARIED,63,kabir.2682@example.test,+919455015512,UNKNOWN,N
C002684,Kabir,Vikram Sharma,Chennai,SELF_EMPLOYED,35,arjun.2683@example.test,+917755558915,MEDIUM,N
C002685,Vikram,Ananya Khan,Hyderabad,SME,64,rohan.2684@example.test,+918134996917,UNKNOWN,N
C002686,Sara,Nisha Khan,Pune,SELF_EMPLOYED,31,arjun.2685@example.test,+918304629360,UNKNOWN,Y
C002687,Sara,Ishita Patel,Delhi,SME,56,meera.2686@example.test,+918996847903,UNKNOWN,N
C002688,Sara,Meera Das,Kochi,SALARIED,33,meera.2687@example.test,+917745151628,LOW,N
C002689,Ishita,Ananya Patel,Pune,RETIRED,27,arjun.2688@example.test,+919976874330,LOW,N
C002690,Sara,Kabir Patel,Kochi,RETIRED,27,sara.2689@example.test,+917563577936,MEDIUM,Y
C002691,Aarav,Ananya Iyer,Hyderabad,SME,47,ananya.2690@example.test,+918745103851,UNKNOWN,N
C002692,Arjun,Diya Khan,Chennai,RETIRED,72,kabir.2691@example.test,+918197279005,HIGH,N
C002693,Meera,Ishita Patel,Ahmedabad,SELF_EMPLOYED,26,kabir.2692@example.test,+918053393901,UNKNOWN,N
C002694,Meera,Sara Nair,Kochi,NRI,51,aarav.2693@example.test,+919928837097,LOW,N
C002695,Aarav,Kabir Patel,Chennai,SELF_EMPLOYED,49,nisha.2694@example.test,+917861952775,HIGH,N
C002696,Ishita,Arjun Patel,Bengaluru,NRI,45,ananya.2695@example.test,+919865883495,HIGH,N
C002697,Kabir,Arjun Patel,Mumbai,SME,58,sara.2696@example.test,+919460628452,UNKNOWN,N
C002698,Vikram,Dev Khan,Pune,SALARIED,52,arjun.2697@example.test,+917195603150,HIGH,Y
C002699,Rohan,Ishita Khan,Delhi,NRI,71,dev.2698@example.test,+919492897516,MEDIUM,N
C002700,Dev,Dev Iyer,Pune,RETIRED,22,ananya.2699@example.test,+919855925493,UNKNOWN,N
C002701,Vikram,Ishita Patel,Pune,SELF_EMPLOYED,57,meera.2700@example.test,+918285255407,HIGH,N
C002702,Rohan,Kabir Khan,Kochi,RETIRED,43,diya.2701@example.test,+917644693821,HIGH,N
C002703,Meera,Dev Khan,Kochi,NRI,37,kabir.2702@example.test,+919814926657,HIGH,Y
C002704,Sara,Arjun Khan,Jaipur,RETIRED,54,meera.2703@example.test,+919983098462,UNKNOWN,Y
C002705,Nisha,Ananya Iyer,Chennai,SALARIED,58,ananya.2704@example.test,+919191513438,UNKNOWN,N
C002706,Rohan,Arjun Khan,Delhi,SELF_EMPLOYED,27,ishita.2705@example.test,+918824596224,MEDIUM,N
C002707,Dev,Diya Khan,Delhi,NRI,54,diya.2706@example.test,+919325707027,LOW,N
C002708,Arjun,Meera Patel,Chennai,NRI,21,diya.2707@example.test,+917175435698,HIGH,N
C002709,Sara,Nisha Iyer,Ahmedabad,RETIRED,32,meera.2708@example.test,+919307425660,HIGH,N
C002710,Nisha,Diya Sharma,Jaipur,NRI,72,meera.2709@example.test,+917913923590,HIGH,Y
C002711,Vikram,Vikram Patel,Hyderabad,SELF_EMPLOYED,43,nisha.2710@example.test,+917407667120,MEDIUM,N
C002712,Meera,Meera Das,Jaipur,RETIRED,21,meera.2711@example.test,+918644341053,UNKNOWN,N
C002713,Rohan,Dev Khan,Mumbai,NRI,24,ishita.2712@example.test,+918382674748,MEDIUM,N
C002714,Aarav,Dev Iyer,Chennai,NRI,63,aarav.2713@example.test,+918005240198,UNKNOWN,N
C002715,Aarav,Kabir Iyer,Ahmedabad,SME,43,sara.2714@example.test,+917862597604,MEDIUM,N
C002716,Arjun,Diya Khan,Jaipur,SELF_EMPLOYED,38,ananya.2715@example.test,+917267949732,MEDIUM,N
C002717,Diya,Diya Sharma,Hyderabad,RETIRED,46,ananya.2716@example.test,+917197627054,MEDIUM,N
C002718,Ananya,Kabir Sharma,Pune,RETIRED,44,meera.2717@example.test,+918467785746,LOW,Y
C002719,Aarav,Sara Das,Bengaluru,SELF_EMPLOYED,64,vikram.2718@example.test,+917983164637,MEDIUM,N
C002720,Ishita,Aarav Das,Kolkata,SALARIED,52,nisha.2719@example.test,+919102956186,UNKNOWN,Y
C002721,Ananya,Rohan Nair,Bengaluru,SME,26,ishita.2720@example.test,+919728463206,LOW,N
C002722,Diya,Aarav Khan,Bengaluru,SALARIED,28,arjun.2721@example.test,+917852615717,LOW,N
C002723,Meera,Rohan Patel,Chennai,SELF_EMPLOYED,38,sara.2722@example.test,+919213622269,MEDIUM,Y
C002724,Meera,Aarav Nair,Delhi,SELF_EMPLOYED,71,nisha.2723@example.test,+919541036113,UNKNOWN,N
C002725,Ishita,Sara Nair,Pune,SALARIED,32,dev.2724@example.test,+919975163945,LOW,N
C002726,Aarav,Vikram Iyer,Pune,SALARIED,62,aarav.2725@example.test,+917663801817,MEDIUM,N
C002727,Kabir,Arjun Iyer,Mumbai,NRI,42,nisha.2726@example.test,+918210798231,LOW,N
C002728,Nisha,Nisha Khan,Hyderabad,NRI,52,ananya.2727@example.test,+917838757475,MEDIUM,N
C002729,Arjun,Vikram Patel,Jaipur,SALARIED,25,dev.2728@example.test,+917896284247,UNKNOWN,N
C002730,Nisha,Vikram Iyer,Mumbai,SME,58,arjun.2729@example.test,+917842964793,MEDIUM,N
C002731,Ishita,Sara Sharma,Chennai,SME,63,vikram.2730@example.test,+919056953609,UNKNOWN,N
C002732,Meera,Arjun Khan,Delhi,RETIRED,32,,+918125683510,LOW,N
C002733,Vikram,Sara Iyer,Bengaluru,SALARIED,28,sara.2732@example.test,+917917416409,MEDIUM,Y
C002734,Ishita,Ananya Sharma,Pune,SELF_EMPLOYED,66,ananya.2733@example.test,+919875409553,HIGH,N
C002735,Ananya,Dev Patel,Ahmedabad,SELF_EMPLOYED,38,arjun.2734@example.test,+918397167919,MEDIUM,N
C002736,Vikram,Aarav Nair,Mumbai,SME,71,ananya.2735@example.test,+918940463008,MEDIUM,N
C002737,Sara,Kabir Sharma,Ahmedabad,RETIRED,63,arjun.2736@example.test,+918854626912,MEDIUM,Y
C002738,Aarav,Arjun Nair,Mumbai,SALARIED,38,dev.2737@example.test,+917669696582,LOW,N
C002739,Dev,Nisha Nair,Mumbai,RETIRED,58,ishita.2738@example.test,+917529885716,HIGH,N
C002740,Vikram,Vikram Das,Jaipur,NRI,76,sara.2739@example.test,+918409317669,HIGH,Y
C002741,Arjun,Ishita Patel,Jaipur,NRI,44,vikram.2740@example.test,+917315617870,UNKNOWN,N
C002742,Meera,Sara Patel,Mumbai,NRI,72,diya.2741@example.test,+918391220642,HIGH,N
C002743,Meera,Ananya Sharma,Kochi,SELF_EMPLOYED,42,diya.2742@example.test,+918125220074,UNKNOWN,Y
C002744,Aarav,Sara Sharma,Delhi,SME,67,kabir.2743@example.test,+919774134615,MEDIUM,Y
C002745,Arjun,Nisha Iyer,Kochi,SALARIED,35,meera.2744@example.test,+919989165936,MEDIUM,N
C002746,Meera,Sara Sharma,Bengaluru,RETIRED,67,ananya.2745@example.test,+917778850250,UNKNOWN,N
C002747,Nisha,Dev Iyer,Jaipur,NRI,52,ishita.2746@example.test,+917265368654,UNKNOWN,N
C002748,Ananya,Meera Das,Bengaluru,NRI,72,diya.2747@example.test,+917038323770,LOW,N
C002749,Kabir,Vikram Das,Kolkata,SALARIED,42,arjun.2748@example.test,+917113304841,HIGH,Y
C002750,Arjun,Diya Iyer,Delhi,SME,57,dev.2749@example.test,+918583714061,HIGH,N
C002751,Ananya,Ishita Patel,Bengaluru,SME,66,diya.2750@example.test,+919936399836,MEDIUM,N
C002752,Diya,Aarav Das,Ahmedabad,SELF_EMPLOYED,56,diya.2751@example.test,+918085963628,HIGH,N
C002753,Dev,Ishita Sharma,Chennai,NRI,27,aarav.2752@example.test,+918132026861,HIGH,N
C002754,Sara,Diya Nair,Ahmedabad,NRI,24,dev.2753@example.test,+917901997557,LOW,Y
C002755,Ananya,Ananya Patel,Kolkata,SME,56,ananya.2754@example.test,+918386234424,UNKNOWN,Y
C002756,Aarav,Vikram Patel,Pune,SELF_EMPLOYED,36,ishita.2755@example.test,+919255727837,MEDIUM,N
C002757,Dev,Sara Sharma,Hyderabad,SELF_EMPLOYED,39,rohan.2756@example.test,+918161097388,LOW,N
C002758,Sara,Ishita Das,Hyderabad,NRI,30,rohan.2757@example.test,+919781092806,HIGH,N
C002759,Kabir,Vikram Nair,Ahmedabad,NRI,22,rohan.2758@example.test,+917959176315,HIGH,N
C002760,Ananya,Diya Nair,Jaipur,RETIRED,56,nisha.2759@example.test,+918843005812,UNKNOWN,N
C002761,Dev,Ananya Patel,Kochi,SME,30,ananya.2760@example.test,+919077208676,HIGH,N
C002762,Diya,Nisha Nair,Delhi,SALARIED,72,dev.2761@example.test,+917431548136,LOW,N
C002763,Nisha,Sara Iyer,Mumbai,RETIRED,56,vikram.2762@example.test,+918792173558,HIGH,N
C002764,Vikram,Ananya Iyer,Ahmedabad,RETIRED,32,vikram.2763@example.test,+917527948473,HIGH,N
C002765,Meera,Ananya Khan,Bengaluru,NRI,44,kabir.2764@example.test,+919807206695,HIGH,N
C002766,Ananya,Ishita Patel,Mumbai,NRI,49,ananya.2765@example.test,+918954156473,HIGH,Y
C002767,Nisha,Aarav Das,Ahmedabad,SME,71,meera.2766@example.test,+919971408891,UNKNOWN,N
C002768,Ishita,Arjun Patel,Delhi,RETIRED,47,vikram.2767@example.test,+918440077965,UNKNOWN,Y
C002769,Arjun,Aarav Iyer,Kochi,NRI,69,rohan.2768@example.test,+917897394344,MEDIUM,Y
C002770,Aarav,Dev Khan,Bengaluru,NRI,62,ishita.2769@example.test,+919583184954,UNKNOWN,N
C002771,Rohan,Ishita Iyer,Bengaluru,SELF_EMPLOYED,65,meera.2770@example.test,+918317170777,HIGH,N
C002772,Ananya,Vikram Iyer,Hyderabad,SELF_EMPLOYED,36,diya.2771@example.test,+918843336583,MEDIUM,N
C002773,Vikram,Aarav Sharma,Bengaluru,SALARIED,71,meera.2772@example.test,+918614558441,UNKNOWN,Y
C002774,Rohan,Diya Das,Jaipur,NRI,66,aarav.2773@example.test,+917856094351,MEDIUM,N
C002775,Aarav,Dev Nair,Kolkata,SALARIED,26,arjun.2774@example.test,+917473014705,UNKNOWN,N
C002776,Diya,Dev Sharma,Hyderabad,SME,43,vikram.2775@example.test,+918020565058,LOW,N
C002777,Aarav,Vikram Patel,Kolkata,NRI,26,aarav.2776@example.test,+918124337117,UNKNOWN,N
C002778,Arjun,Kabir Das,Kolkata,SALARIED,44,meera.2777@example.test,+917941400241,UNKNOWN,N
C002779,Dev,Ishita Das,Mumbai,SELF_EMPLOYED,57,aarav.2778@example.test,+917570427933,HIGH,Y
C002780,Meera,Sara Iyer,Bengaluru,NRI,68,rohan.2779@example.test,+919590815021,HIGH,Y
C002781,Meera,Arjun Nair,Ahmedabad,SME,25,vikram.2780@example.test,+918010283337,MEDIUM,N
C002782,Nisha,Arjun Das,Delhi,SALARIED,75,diya.2781@example.test,+918734067701,MEDIUM,N
C002783,Sara,Vikram Sharma,Kolkata,RETIRED,41,nisha.2782@example.test,+918223782385,LOW,N
C002784,Meera,Arjun Khan,Chennai,RETIRED,68,dev.2783@example.test,+919779580265,HIGH,N
C002785,Meera,Diya Patel,Kolkata,NRI,22,vikram.2784@example.test,+918327948585,MEDIUM,Y
C002786,Ishita,Kabir Das,Bengaluru,SALARIED,38,ishita.2785@example.test,+919095620280,MEDIUM,N
C002787,Arjun,Kabir Khan,Pune,SME,74,diya.2786@example.test,+917662972396,MEDIUM,N
C002788,Vikram,Sara Das,Bengaluru,SALARIED,45,vikram.2787@example.test,+919263053486,MEDIUM,N
C002789,Aarav,Meera Patel,Chennai,RETIRED,72,ishita.2788@example.test,+917645116266,HIGH,N
C002790,Dev,Kabir Nair,Mumbai,SME,34,diya.2789@example.test,+918161629821,HIGH,N
C002791,Arjun,Kabir Nair,Kochi,SELF_EMPLOYED,52,sara.2790@example.test,+918223895214,LOW,N
C002792,Rohan,Ananya Das,Delhi,SALARIED,67,sara.2791@example.test,+918413261219,UNKNOWN,N
C002793,Diya,Dev Iyer,Hyderabad,SELF_EMPLOYED,36,kabir.2792@example.test,+919664267729,HIGH,N
C002794,Aarav,Dev Sharma,Kochi,SELF_EMPLOYED,33,ananya.2793@example.test,+919551454261,UNKNOWN,Y
C002795,Diya,Vikram Iyer,Jaipur,NRI,25,dev.2794@example.test,+918176542202,HIGH,N
C002796,Meera,Ishita Iyer,Jaipur,SALARIED,50,kabir.2795@example.test,+919170664785,LOW,N
C002797,Diya,Meera Sharma,Bengaluru,SALARIED,51,sara.2796@example.test,+918496469345,MEDIUM,N
C002798,Aarav,Meera Patel,Kochi,SELF_EMPLOYED,35,diya.2797@example.test,+919312047474,MEDIUM,N
C002799,Kabir,Diya Nair,Bengaluru,NRI,64,ananya.2798@example.test,+917839519812,HIGH,N
C002800,Diya,Arjun Iyer,Chennai,NRI,41,arjun.2799@example.test,,LOW,Y
C002801,Meera,Vikram Nair,Kolkata,SELF_EMPLOYED,41,diya.2800@example.test,+919065096386,LOW,N
C002802,Nisha,Vikram Nair,Ahmedabad,NRI,36,meera.2801@example.test,+919649762267,LOW,N
C002803,Diya,Dev Patel,Kolkata,SME,50,vikram.2802@example.test,+919322569281,UNKNOWN,Y
C002804,Vikram,Vikram Sharma,Mumbai,SME,56,ananya.2803@example.test,+919947477089,HIGH,N
C002805,Diya,Rohan Patel,Delhi,SELF_EMPLOYED,65,arjun.2804@example.test,+917903319421,HIGH,N
C002806,Vikram,Vikram Patel,Jaipur,SME,35,ishita.2805@example.test,+917008014240,HIGH,N
C002807,Aarav,Nisha Das,Bengaluru,SALARIED,26,diya.2806@example.test,+918923484280,LOW,N
C002808,Vikram,Sara Patel,Delhi,SME,47,dev.2807@example.test,+917944936246,MEDIUM,N
C002809,Ananya,Rohan Khan,Pune,NRI,41,sara.2808@example.test,+918793505179,LOW,Y
C002810,Nisha,Ishita Sharma,Delhi,NRI,77,sara.2809@example.test,+918958391247,HIGH,N
C002811,Kabir,Sara Iyer,Kochi,RETIRED,61,kabir.2810@example.test,+918192016557,MEDIUM,Y
C002812,Arjun,Nisha Sharma,Kochi,SELF_EMPLOYED,64,sara.2811@example.test,+919890175014,MEDIUM,N
C002813,Arjun,Kabir Khan,Hyderabad,NRI,53,kabir.2812@example.test,+918014428248,MEDIUM,N
C002814,Kabir,Arjun Nair,Kolkata,SME,69,nisha.2813@example.test,+918971907587,MEDIUM,N
C002815,Arjun,Dev Iyer,Bengaluru,SALARIED,72,sara.2814@example.test,+919947459148,LOW,Y
C002816,Meera,Ananya Das,Pune,RETIRED,61,meera.2815@example.test,+918806726366,LOW,N
C002817,Kabir,Diya Nair,Ahmedabad,SALARIED,52,kabir.2816@example.test,+917137102972,UNKNOWN,Y
C002818,Aarav,Rohan Iyer,Bengaluru,SELF_EMPLOYED,70,dev.2817@example.test,+919958870547,LOW,N
C002819,Ishita,Aarav Patel,Pune,NRI,44,vikram.2818@example.test,+919316795637,HIGH,N
C002820,Aarav,Arjun Khan,Chennai,RETIRED,76,arjun.2819@example.test,+919014337937,MEDIUM,N
C002821,Meera,Diya Sharma,Delhi,NRI,47,diya.2820@example.test,+919353427929,HIGH,N
C002822,Meera,Rohan Nair,Kolkata,SALARIED,76,dev.2821@example.test,+917086539702,MEDIUM,N
C002823,Aarav,Rohan Patel,Chennai,RETIRED,76,vikram.2822@example.test,+917807808137,LOW,N
C002824,Ananya,Arjun Iyer,Bengaluru,SME,29,nisha.2823@example.test,+919169178674,MEDIUM,N
C002825,Ishita,Arjun Iyer,Chennai,NRI,60,ananya.2824@example.test,+919088010045,UNKNOWN,N
C002826,Ananya,Diya Sharma,Delhi,SELF_EMPLOYED,54,sara.2825@example.test,+919547712337,HIGH,Y
C002827,Arjun,Ananya Iyer,Delhi,SELF_EMPLOYED,68,rohan.2826@example.test,+919366247081,LOW,N
C002828,Meera,Vikram Nair,Chennai,SALARIED,54,bad-email,+918528481623,UNKNOWN,N
C002829,Aarav,Diya Sharma,Bengaluru,SALARIED,51,arjun.2828@example.test,+919727300589,UNKNOWN,N
C002830,Vikram,Arjun Khan,Jaipur,SALARIED,21,sara.2829@example.test,+917425788725,HIGH,Y
C002831,Kabir,Vikram Khan,Bengaluru,NRI,43,dev.2830@example.test,+917134869915,UNKNOWN,N
C002832,Ishita,Kabir Sharma,Pune,SALARIED,21,aarav.2831@example.test,+917449169663,UNKNOWN,N
C002833,Rohan,Arjun Iyer,Ahmedabad,RETIRED,74,rohan.2832@example.test,+918950440789,MEDIUM,Y
C002834,Aarav,Rohan Khan,Ahmedabad,SME,36,ananya.2833@example.test,+917975770333,HIGH,Y
C002835,Rohan,Ishita Khan,Jaipur,NRI,74,nisha.2834@example.test,+918591399021,MEDIUM,N
C002836,Diya,Aarav Khan,Chennai,SELF_EMPLOYED,27,ishita.2835@example.test,+919167004023,MEDIUM,Y
C002837,Dev,Diya Sharma,Chennai,SME,71,diya.2836@example.test,+917298080167,MEDIUM,N
C002838,Vikram,Kabir Khan,Ahmedabad,SELF_EMPLOYED,21,aarav.2837@example.test,+917111989815,HIGH,N
C002839,Meera,Diya Iyer,Hyderabad,SME,50,diya.2838@example.test,+917914830016,LOW,Y
C002840,Kabir,Ishita Das,Pune,SELF_EMPLOYED,67,ananya.2839@example.test,+919916773634,MEDIUM,N
C002841,Ananya,Kabir Patel,Jaipur,NRI,56,meera.2840@example.test,+918068768992,MEDIUM,N
C002842,Meera,Dev Iyer,Pune,SELF_EMPLOYED,42,sara.2841@example.test,+918752089398,MEDIUM,Y
C002843,Diya,Ananya Khan,Ahmedabad,SME,34,vikram.2842@example.test,+917793950095,HIGH,N
C002844,Meera,Diya Sharma,Kochi,SME,37,dev.2843@example.test,+918829451750,LOW,Y
C002845,Arjun,Rohan Nair,Delhi,SALARIED,35,vikram.2844@example.test,+918313772332,MEDIUM,Y
C002846,Ananya,Aarav Khan,Kolkata,NRI,53,arjun.2845@example.test,+919983486277,MEDIUM,Y
C002847,Meera,Aarav Khan,Ahmedabad,SME,48,dev.2846@example.test,+919626226993,UNKNOWN,N
C002848,Kabir,Diya Iyer,Jaipur,RETIRED,74,sara.2847@example.test,+919099297415,HIGH,N
C002849,Dev,Kabir Iyer,Bengaluru,NRI,66,diya.2848@example.test,+917087640110,HIGH,N
C002850,Ananya,Ishita Das,Hyderabad,NRI,26,vikram.2849@example.test,+919593486686,UNKNOWN,N
C002851,Meera,Nisha Das,Chennai,SELF_EMPLOYED,63,rohan.2850@example.test,+917400890381,HIGH,N
C002852,Arjun,Rohan Iyer,Jaipur,SALARIED,45,ananya.2851@example.test,+919249884859,LOW,N
C002853,Dev,Aarav Das,Kolkata,RETIRED,32,dev.2852@example.test,+919530121726,LOW,N
C002854,Aarav,Sara Sharma,Mumbai,SALARIED,30,diya.2853@example.test,+918115248574,UNKNOWN,N
C002855,Diya,Arjun Patel,Jaipur,SELF_EMPLOYED,46,meera.2854@example.test,+919761957525,MEDIUM,N
C002856,Vikram,Meera Das,Bengaluru,RETIRED,52,dev.2855@example.test,+917020218070,UNKNOWN,N
C002857,Kabir,Rohan Khan,Jaipur,RETIRED,77,dev.2856@example.test,+918273495236,HIGH,Y
C002858,Ananya,Nisha Das,Kochi,SME,38,ishita.2857@example.test,+919597029535,HIGH,N
C002859,Diya,Aarav Nair,Bengaluru,SELF_EMPLOYED,25,dev.2858@example.test,+917405406584,HIGH,N
C002860,Sara,Ananya Khan,Mumbai,SME,45,diya.2859@example.test,+917176978277,HIGH,N
C002861,Rohan,Ananya Das,Hyderabad,NRI,21,dev.2860@example.test,+917940847602,LOW,N
C002862,Vikram,Arjun Patel,Delhi,SALARIED,36,diya.2861@example.test,+919583851172,MEDIUM,N
C002863,Nisha,Arjun Iyer,Kochi,NRI,57,ananya.2862@example.test,+918635998580,HIGH,N
C002864,Vikram,Vikram Iyer,Kolkata,SALARIED,68,aarav.2863@example.test,+919697658141,MEDIUM,N
C002865,Rohan,Vikram Sharma,Ahmedabad,NRI,52,arjun.2864@example.test,+919257664493,LOW,N
C002866,Kabir,Arjun Nair,Pune,SME,68,sara.2865@example.test,+917863125946,LOW,N
C002867,Meera,Aarav Nair,Pune,SME,43,rohan.2866@example.test,+918287377918,MEDIUM,N
C002868,Vikram,Ishita Khan,Bengaluru,SME,75,meera.2867@example.test,+919461038986,HIGH,Y
C002869,Nisha,Sara Sharma,Kochi,SELF_EMPLOYED,24,rohan.2868@example.test,+919514052620,UNKNOWN,Y
C002870,Arjun,Diya Patel,Jaipur,SALARIED,52,aarav.2869@example.test,+918249774550,UNKNOWN,Y
C002871,Ishita,Aarav Sharma,Kochi,RETIRED,63,dev.2870@example.test,+918012392405,MEDIUM,N
C002872,Arjun,Meera Sharma,Pune,SELF_EMPLOYED,77,nisha.2871@example.test,+918789265159,MEDIUM,N
C002873,Dev,Arjun Iyer,Jaipur,SELF_EMPLOYED,44,aarav.2872@example.test,+917723044482,HIGH,N
C002874,Dev,Aarav Khan,Chennai,SALARIED,67,sara.2873@example.test,+919634230066,HIGH,N
C002875,Rohan,Ishita Nair,Delhi,SME,38,aarav.2874@example.test,+919343441266,MEDIUM,N
C002876,Dev,Sara Khan,Kolkata,NRI,49,rohan.2875@example.test,+917467743348,HIGH,N
C002877,Sara,Diya Das,Mumbai,SME,21,dev.2876@example.test,+918913595143,UNKNOWN,N
C002878,Nisha,Aarav Khan,Jaipur,NRI,52,ananya.2877@example.test,+919695021593,HIGH,N
C002879,Rohan,Nisha Patel,Pune,NRI,66,meera.2878@example.test,+918299104908,MEDIUM,N
C002880,Ananya,Meera Nair,Hyderabad,SELF_EMPLOYED,58,ishita.2879@example.test,+918232106087,MEDIUM,N
C002881,Rohan,Meera Khan,Kolkata,SELF_EMPLOYED,34,rohan.2880@example.test,+918865380471,UNKNOWN,N
C002882,Dev,Vikram Khan,Jaipur,SALARIED,53,dev.2881@example.test,+919950210935,UNKNOWN,N
C002883,Diya,Diya Iyer,Kolkata,NRI,63,rohan.2882@example.test,+919243729512,LOW,N
C002884,Rohan,Rohan Sharma,Jaipur,RETIRED,52,vikram.2883@example.test,+919765045003,UNKNOWN,Y
C002885,Sara,Kabir Iyer,Jaipur,SALARIED,27,vikram.2884@example.test,+919853930185,MEDIUM,Y
C002886,Aarav,Vikram Nair,Kochi,SELF_EMPLOYED,45,ishita.2885@example.test,+917471111708,MEDIUM,N
C002887,Arjun,Nisha Khan,Mumbai,SELF_EMPLOYED,43,ishita.2886@example.test,+918404432635,UNKNOWN,N
C002888,Aarav,Dev Sharma,Delhi,RETIRED,60,dev.2887@example.test,+919455570038,MEDIUM,N
C002889,Ananya,Ishita Iyer,Ahmedabad,SALARIED,39,meera.2888@example.test,+918586835416,MEDIUM,N
C002890,Ishita,Ishita Khan,Delhi,SELF_EMPLOYED,41,meera.2889@example.test,+918304035983,HIGH,N
C002891,Sara,Meera Nair,Mumbai,RETIRED,27,arjun.2890@example.test,+917085402371,HIGH,Y
C002892,Arjun,Aarav Iyer,Kolkata,NRI,39,ishita.2891@example.test,+917431635128,HIGH,Y
C002893,Meera,Nisha Sharma,Kolkata,SALARIED,49,arjun.2892@example.test,+918001997769,HIGH,N
C002894,Sara,Meera Iyer,Kochi,SALARIED,41,kabir.2893@example.test,+917108882493,LOW,N
C002895,Sara,Vikram Patel,Delhi,SELF_EMPLOYED,59,ishita.2894@example.test,+919643230564,HIGH,N
C002896,Diya,Rohan Khan,Kochi,SELF_EMPLOYED,41,ananya.2895@example.test,+918738044369,UNKNOWN,N
C002897,Meera,Ananya Das,Chennai,SALARIED,25,sara.2896@example.test,+918520431759,UNKNOWN,N
C002898,Aarav,Ishita Sharma,Kochi,NRI,49,kabir.2897@example.test,+919925629692,MEDIUM,N
C002899,Arjun,Sara Iyer,Bengaluru,SME,76,sara.2898@example.test,+918158513218,MEDIUM,N
C002900,Nisha,Aarav Iyer,Delhi,RETIRED,32,diya.2899@example.test,+919374018183,UNKNOWN,N
C002901,Ishita,Ananya Patel,Mumbai,SME,30,ananya.2900@example.test,+917471912903,UNKNOWN,N
C002902,Meera,Ananya Iyer,Kochi,RETIRED,70,ananya.2901@example.test,+917011346070,HIGH,N
C002903,Arjun,Kabir Sharma,Bengaluru,SALARIED,35,aarav.2902@example.test,+918163230109,LOW,Y
C002904,Dev,Dev Nair,Mumbai,NRI,27,arjun.2903@example.test,+918306581214,HIGH,N
C002905,Sara,Meera Sharma,Bengaluru,SALARIED,54,rohan.2904@example.test,+918935026156,UNKNOWN,N
C002906,Diya,Ishita Patel,Mumbai,RETIRED,27,arjun.2905@example.test,+917177561031,MEDIUM,N
C002907,Nisha,Ishita Nair,Hyderabad,SELF_EMPLOYED,32,vikram.2906@example.test,+917455168977,MEDIUM,Y
C002908,Rohan,Kabir Das,Jaipur,RETIRED,31,dev.2907@example.test,+918084321466,LOW,N
C002909,Kabir,Aarav Das,Ahmedabad,NRI,68,rohan.2908@example.test,+919203383821,HIGH,Y
C002910,Sara,Nisha Nair,Jaipur,SALARIED,47,meera.2909@example.test,+919905033498,LOW,N
C002911,Ananya,Meera Nair,Chennai,SALARIED,60,aarav.2910@example.test,+917542016721,HIGH,N
C002912,Sara,Vikram Iyer,Kochi,RETIRED,47,rohan.2911@example.test,+919031573160,MEDIUM,Y
C002913,Vikram,Rohan Khan,Hyderabad,NRI,55,sara.2912@example.test,+918342527974,MEDIUM,N
C002914,Ishita,Ishita Das,Hyderabad,SME,46,ananya.2913@example.test,+919084667904,LOW,N
C002915,Nisha,Sara Das,Kochi,RETIRED,51,,+918943572238,LOW,Y
C002916,Aarav,Nisha Patel,Hyderabad,NRI,22,meera.2915@example.test,+918133554973,HIGH,N
C002917,Arjun,Dev Das,Hyderabad,SALARIED,56,sara.2916@example.test,+918533513049,LOW,N
C002918,Vikram,Ishita Patel,Mumbai,SME,54,vikram.2917@example.test,+917985024858,HIGH,Y
C002919,Diya,Sara Patel,Chennai,NRI,29,ananya.2918@example.test,+917370720429,MEDIUM,N
C002920,Kabir,Kabir Patel,Jaipur,NRI,40,ananya.2919@example.test,+919059558576,HIGH,N
C002921,Ishita,Rohan Khan,Delhi,SME,76,rohan.2920@example.test,+919712621563,MEDIUM,N
C002922,Aarav,Meera Nair,Ahmedabad,SME,45,ananya.2921@example.test,+917107948579,MEDIUM,N
C002923,Vikram,Nisha Khan,Kochi,NRI,74,dev.2922@example.test,+919367274380,UNKNOWN,N
C002924,Arjun,Arjun Iyer,Jaipur,NRI,24,rohan.2923@example.test,+917526440785,LOW,N
C002925,Meera,Diya Khan,Ahmedabad,SELF_EMPLOYED,62,kabir.2924@example.test,+919358859212,HIGH,N
C002926,Aarav,Kabir Sharma,Hyderabad,SME,66,vikram.2925@example.test,+917257856628,MEDIUM,Y
C002927,Diya,Ananya Nair,Bengaluru,NRI,29,ishita.2926@example.test,+917396389943,LOW,N
C002928,Nisha,Sara Sharma,Bengaluru,NRI,37,dev.2927@example.test,+918159664495,MEDIUM,N
C002929,Diya,Sara Iyer,Pune,SME,56,sara.2928@example.test,+918576986970,LOW,N
C002930,Diya,Ishita Das,Chennai,NRI,49,nisha.2929@example.test,+918871035821,HIGH,N
C002931,Nisha,Kabir Patel,Bengaluru,SALARIED,21,rohan.2930@example.test,+919168875996,HIGH,N
C002932,Arjun,Ishita Das,Kochi,NRI,71,rohan.2931@example.test,+917039978627,UNKNOWN,Y
C002933,Ananya,Nisha Iyer,Delhi,SALARIED,45,kabir.2932@example.test,+918299488571,HIGH,N
C002934,Arjun,Ananya Patel,Kolkata,SALARIED,52,ishita.2933@example.test,+919873497161,UNKNOWN,N
C002935,Sara,Arjun Sharma,Hyderabad,RETIRED,60,arjun.2934@example.test,+919647450119,UNKNOWN,Y
C002936,Aarav,Rohan Sharma,Ahmedabad,SELF_EMPLOYED,35,nisha.2935@example.test,+918922708667,HIGH,N
C002937,Ishita,Vikram Patel,Ahmedabad,SME,66,arjun.2936@example.test,+919811344996,HIGH,N
C002938,Rohan,Ishita Das,Chennai,SELF_EMPLOYED,27,meera.2937@example.test,+917755010745,MEDIUM,N
C002939,Ishita,Dev Patel,Kolkata,RETIRED,41,rohan.2938@example.test,+918232145849,MEDIUM,Y
C002940,Diya,Meera Iyer,Chennai,SALARIED,29,sara.2939@example.test,+917003504207,LOW,N
C002941,Ishita,Sara Das,Bengaluru,RETIRED,63,vikram.2940@example.test,+918735433022,HIGH,Y
C002942,Meera,Sara Sharma,Jaipur,SELF_EMPLOYED,53,rohan.2941@example.test,+918816857540,LOW,N
C002943,Rohan,Kabir Iyer,Bengaluru,RETIRED,65,arjun.2942@example.test,+919884245952,MEDIUM,Y
C002944,Ishita,Diya Khan,Ahmedabad,SME,56,sara.2943@example.test,+917200060408,LOW,Y
C002945,Dev,Arjun Das,Ahmedabad,SELF_EMPLOYED,46,arjun.2944@example.test,+917386098177,MEDIUM,Y
C002946,Sara,Sara Patel,Kochi,NRI,57,nisha.2945@example.test,+918138190287,MEDIUM,N
C002947,Ananya,Meera Khan,Ahmedabad,SELF_EMPLOYED,46,ishita.2946@example.test,+918230064281,LOW,N
C002948,Meera,Aarav Khan,Chennai,SME,37,sara.2947@example.test,+917157323167,LOW,N
C002949,Kabir,Arjun Sharma,Ahmedabad,SELF_EMPLOYED,72,meera.2948@example.test,+919283660106,UNKNOWN,N
C002950,Kabir,Arjun Das,Mumbai,SME,40,arjun.2949@example.test,+917617575741,UNKNOWN,N
C002951,Arjun,Dev Iyer,Hyderabad,SALARIED,48,ananya.2950@example.test,+919947449703,MEDIUM,Y
C002952,Diya,Dev Sharma,Mumbai,SELF_EMPLOYED,26,meera.2951@example.test,+917738961748,LOW,Y
C002953,Diya,Kabir Khan,Kolkata,RETIRED,46,diya.2952@example.test,+918969315017,MEDIUM,N
C002954,Kabir,Nisha Nair,Kochi,RETIRED,56,kabir.2953@example.test,+917886033365,HIGH,N
C002955,Ishita,Aarav Sharma,Chennai,NRI,76,ishita.2954@example.test,+919405311391,MEDIUM,N
C002956,Meera,Dev Nair,Hyderabad,SELF_EMPLOYED,60,dev.2955@example.test,+918869116846,HIGH,Y
C002957,Diya,Ananya Sharma,Mumbai,SELF_EMPLOYED,24,ananya.2956@example.test,+918489392296,MEDIUM,Y
C002958,Vikram,Kabir Das,Bengaluru,NRI,63,kabir.2957@example.test,+918228608995,UNKNOWN,N
C002959,Aarav,Rohan Khan,Bengaluru,RETIRED,23,nisha.2958@example.test,+918609322632,MEDIUM,N
C002960,Meera,Arjun Sharma,Bengaluru,RETIRED,43,ananya.2959@example.test,+919450236117,HIGH,N
C002961,Sara,Sara Iyer,Hyderabad,NRI,53,sara.2960@example.test,+917573013502,UNKNOWN,N
C002962,Aarav,Kabir Nair,Hyderabad,NRI,69,ananya.2961@example.test,+917598736157,UNKNOWN,Y
C002963,Dev,Ananya Nair,Jaipur,SALARIED,42,aarav.2962@example.test,+918105692488,MEDIUM,N
C002964,Rohan,Nisha Sharma,Hyderabad,SME,31,diya.2963@example.test,+918410310033,LOW,N
C002965,Vikram,Ananya Das,Delhi,SME,71,kabir.2964@example.test,+919731053991,MEDIUM,N
C002966,Arjun,Ishita Iyer,Bengaluru,SELF_EMPLOYED,38,meera.2965@example.test,+918559331150,HIGH,N
C002967,Sara,Kabir Patel,Kochi,NRI,51,diya.2966@example.test,+918175343743,HIGH,N
C002968,Ishita,Meera Das,Delhi,SALARIED,26,sara.2967@example.test,+918041407577,LOW,Y
C002969,Arjun,Vikram Iyer,Hyderabad,SALARIED,70,ananya.2968@example.test,+918346520236,UNKNOWN,N
C002970,Dev,Nisha Sharma,Jaipur,SALARIED,57,ananya.2969@example.test,+919968326865,MEDIUM,N
C002971,Vikram,Sara Sharma,Mumbai,SELF_EMPLOYED,30,nisha.2970@example.test,+919923812190,UNKNOWN,Y
C002972,Vikram,Rohan Patel,Chennai,SALARIED,48,sara.2971@example.test,+917175373950,UNKNOWN,N
C002973,Sara,Kabir Sharma,Kolkata,SELF_EMPLOYED,27,vikram.2972@example.test,+919136650197,HIGH,N
C002974,Arjun,Diya Patel,Jaipur,SME,67,dev.2973@example.test,+917772952707,LOW,N
C002975,Diya,Vikram Khan,Kochi,SME,66,ishita.2974@example.test,+917508201683,UNKNOWN,N
C002976,Meera,Aarav Patel,Chennai,SALARIED,72,kabir.2975@example.test,+917903383048,HIGH,N
C002977,Nisha,Ishita Nair,Chennai,NRI,53,vikram.2976@example.test,+919151377467,HIGH,Y
C002978,Nisha,Vikram Patel,Jaipur,NRI,71,nisha.2977@example.test,+917244124352,HIGH,N
C002979,Diya,Ananya Iyer,Kolkata,SME,68,nisha.2978@example.test,+919848642253,UNKNOWN,N
C002980,Meera,Arjun Sharma,Delhi,SALARIED,62,sara.2979@example.test,+919034660743,UNKNOWN,N
C002981,Arjun,Sara Iyer,Kolkata,RETIRED,40,ishita.2980@example.test,+917172225608,UNKNOWN,N
C002982,Diya,Kabir Iyer,Kolkata,SME,51,meera.2981@example.test,+919809693362,UNKNOWN,N
C002983,Sara,Arjun Sharma,Jaipur,NRI,26,arjun.2982@example.test,+918674227751,HIGH,Y
C002984,Ananya,Kabir Khan,Kolkata,SME,32,meera.2983@example.test,+917672791821,HIGH,N
C002985,Nisha,Kabir Sharma,Kochi,SME,75,vikram.2984@example.test,+917064992602,HIGH,N
C002986,Sara,Kabir Sharma,Kochi,SALARIED,48,sara.2985@example.test,+917240763729,MEDIUM,N
C002987,Kabir,Dev Khan,Jaipur,SELF_EMPLOYED,67,kabir.2986@example.test,+918419206461,UNKNOWN,N
C002988,Rohan,Kabir Khan,Chennai,RETIRED,37,aarav.2987@example.test,+917948424361,MEDIUM,N
C002989,Arjun,Ananya Sharma,Chennai,SELF_EMPLOYED,62,dev.2988@example.test,+919759478786,LOW,Y
C002990,Arjun,Ananya Das,Mumbai,SALARIED,64,kabir.2989@example.test,+919342749373,HIGH,N
C002991,Kabir,Kabir Nair,Ahmedabad,SME,48,rohan.2990@example.test,+917524696222,UNKNOWN,N
C002992,Sara,Rohan Patel,Pune,SALARIED,75,dev.2991@example.test,+917156074369,HIGH,N
C002993,Ananya,Sara Nair,Kolkata,RETIRED,29,kabir.2992@example.test,+917813475481,UNKNOWN,N
C002994,Vikram,Aarav Iyer,Pune,SELF_EMPLOYED,28,sara.2993@example.test,+919868036881,HIGH,N
C002995,Vikram,Sara Das,Kolkata,SELF_EMPLOYED,75,ishita.2994@example.test,+918938064133,MEDIUM,N
C002996,Nisha,Rohan Sharma,Chennai,RETIRED,70,ananya.2995@example.test,+919777925982,HIGH,N
C002997,Nisha,Diya Patel,Pune,RETIRED,33,sara.2996@example.test,+918172899394,MEDIUM,N
C002998,Rohan,Ishita Patel,Chennai,SME,24,dev.2997@example.test,+919567165785,HIGH,Y
C002999,Aarav,Diya Nair,Pune,SALARIED,59,vikram.2998@example.test,+918703129369,LOW,Y
C003000,Dev,Rohan Iyer,Ahmedabad,SME,66,arjun.2999@example.test,+919390372173,LOW,N
C003001,Rohan,Meera Das,Mumbai,NRI,60,diya.3000@example.test,+917499279818,HIGH,N
C003002,Meera,Kabir Iyer,Pune,SME,61,dev.3001@example.test,+917811312573,HIGH,N
C003003,Diya,Meera Iyer,Kochi,NRI,24,nisha.3002@example.test,+919013870241,LOW,Y
C003004,Meera,Nisha Patel,Ahmedabad,SME,38,aarav.3003@example.test,+919243509225,LOW,Y
C003005,Sara,Diya Khan,Hyderabad,SME,37,arjun.3004@example.test,+917959677759,LOW,N
C003006,Ishita,Dev Patel,Kolkata,SME,72,meera.3005@example.test,+917385382423,HIGH,N
C003007,Ishita,Arjun Patel,Kolkata,NRI,66,nisha.3006@example.test,+918997037792,HIGH,N
C003008,Aarav,Kabir Iyer,Hyderabad,SELF_EMPLOYED,65,nisha.3007@example.test,+918637524275,LOW,N
C003009,Ananya,Kabir Patel,Pune,RETIRED,25,ishita.3008@example.test,+918687798734,LOW,Y
C003010,Kabir,Arjun Sharma,Ahmedabad,RETIRED,61,diya.3009@example.test,+917274795705,LOW,N
C003011,Rohan,Ishita Iyer,Kolkata,SELF_EMPLOYED,59,diya.3010@example.test,+917639350822,MEDIUM,N
C003012,Nisha,Rohan Khan,Hyderabad,SELF_EMPLOYED,61,nisha.3011@example.test,+917359626378,UNKNOWN,N
C003013,Sara,Ananya Iyer,Kolkata,RETIRED,45,dev.3012@example.test,+917991049909,UNKNOWN,N
C003014,Ananya,Vikram Das,Ahmedabad,SALARIED,37,nisha.3013@example.test,+918222512139,UNKNOWN,N
C003015,Ishita,Vikram Das,Kolkata,NRI,31,nisha.3014@example.test,+918043525305,MEDIUM,N
C003016,Diya,Ishita Nair,Hyderabad,SALARIED,72,vikram.3015@example.test,+919684714548,LOW,N
C003017,Kabir,Dev Nair,Mumbai,RETIRED,76,aarav.3016@example.test,+918275667836,MEDIUM,Y
C003018,Kabir,Nisha Iyer,Chennai,SELF_EMPLOYED,35,dev.3017@example.test,+919319085698,HIGH,N
C003019,Meera,Sara Das,Chennai,SELF_EMPLOYED,49,nisha.3018@example.test,+918136972717,MEDIUM,N
C003020,Rohan,Vikram Iyer,Delhi,SELF_EMPLOYED,60,aarav.3019@example.test,+918046345884,HIGH,Y
C003021,Nisha,Diya Nair,Kochi,RETIRED,24,aarav.3020@example.test,+917634582723,MEDIUM,N
C003022,Dev,Vikram Patel,Kochi,SALARIED,72,diya.3021@example.test,+917087131189,MEDIUM,Y
C003023,Dev,Meera Sharma,Pune,NRI,54,vikram.3022@example.test,+919427974650,UNKNOWN,Y
C003024,Sara,Meera Nair,Pune,SME,61,aarav.3023@example.test,+919267818595,UNKNOWN,N
C003025,Aarav,Nisha Sharma,Kolkata,SELF_EMPLOYED,42,nisha.3024@example.test,+918764061303,MEDIUM,N
C003026,Diya,Meera Nair,Hyderabad,SALARIED,48,ishita.3025@example.test,+918856365984,HIGH,N
C003027,Sara,Ishita Khan,Pune,NRI,47,dev.3026@example.test,+919262822404,UNKNOWN,N
C003028,Rohan,Vikram Sharma,Jaipur,SME,37,rohan.3027@example.test,+918190765708,HIGH,N
C003029,Diya,Ananya Sharma,Chennai,SME,62,ishita.3028@example.test,+919299198243,UNKNOWN,N
C003030,Arjun,Aarav Patel,Pune,SME,57,meera.3029@example.test,+918145931410,HIGH,N
C003031,Arjun,Nisha Iyer,Mumbai,RETIRED,72,sara.3030@example.test,+918156479467,MEDIUM,N
C003032,Sara,Ananya Nair,Kolkata,SME,54,aarav.3031@example.test,+919302422416,UNKNOWN,N
C003033,Kabir,Diya Nair,Chennai,SELF_EMPLOYED,21,arjun.3032@example.test,+919024408825,UNKNOWN,N
C003034,Dev,Ishita Khan,Jaipur,SELF_EMPLOYED,36,ishita.3033@example.test,+917238540768,UNKNOWN,N
C003035,Ananya,Dev Nair,Jaipur,SALARIED,44,ananya.3034@example.test,+919623900743,MEDIUM,N
C003036,Arjun,Nisha Patel,Pune,SELF_EMPLOYED,59,meera.3035@example.test,+919457561482,LOW,N
C003037,Rohan,Aarav Khan,Delhi,SME,57,ishita.3036@example.test,+919843075580,MEDIUM,N
C003038,Ananya,Diya Patel,Mumbai,NRI,31,ananya.3037@example.test,+919445390510,UNKNOWN,N
C003039,Ananya,Dev Iyer,Chennai,SALARIED,55,kabir.3038@example.test,+919121488239,MEDIUM,Y
C003040,Sara,Vikram Das,Ahmedabad,SALARIED,67,dev.3039@example.test,+917196764735,LOW,N
C003041,Vikram,Nisha Das,Hyderabad,NRI,44,diya.3040@example.test,+918943842051,LOW,N
C003042,Aarav,Ishita Sharma,Mumbai,NRI,33,meera.3041@example.test,+917543940321,LOW,Y
C003043,Diya,Vikram Nair,Delhi,SELF_EMPLOYED,32,kabir.3042@example.test,+917977106907,MEDIUM,N
C003044,Ishita,Diya Sharma,Hyderabad,SALARIED,69,meera.3043@example.test,+917274996592,HIGH,Y
C003045,Sara,Kabir Patel,Chennai,SME,50,nisha.3044@example.test,+917451311563,HIGH,Y
C003046,Aarav,Nisha Iyer,Jaipur,NRI,61,sara.3045@example.test,+917344287017,LOW,Y
C003047,Meera,Kabir Sharma,Delhi,SALARIED,62,diya.3046@example.test,+917309574610,MEDIUM,N
C003048,Meera,Kabir Nair,Kochi,SME,29,nisha.3047@example.test,+918313654709,UNKNOWN,N
C003049,Sara,Aarav Iyer,Kochi,RETIRED,41,dev.3048@example.test,+919224022101,LOW,Y
C003050,Rohan,Vikram Iyer,Delhi,SALARIED,39,nisha.3049@example.test,+918514597604,HIGH,Y
C003051,Kabir,Aarav Patel,Kolkata,SELF_EMPLOYED,77,ananya.3050@example.test,+918267876635,LOW,Y
C003052,Rohan,Meera Das,Ahmedabad,SELF_EMPLOYED,70,arjun.3051@example.test,+918002174431,UNKNOWN,N
C003053,Vikram,Dev Das,Mumbai,SALARIED,48,aarav.3052@example.test,+918879358410,UNKNOWN,Y
C003054,Dev,Sara Nair,Delhi,RETIRED,37,arjun.3053@example.test,+919596563489,LOW,N
C003055,Aarav,Nisha Sharma,Ahmedabad,RETIRED,44,ishita.3054@example.test,+919211513826,LOW,Y
C003056,Vikram,Arjun Patel,Mumbai,RETIRED,71,aarav.3055@example.test,+919327334279,UNKNOWN,Y
C003057,Kabir,Kabir Sharma,Mumbai,SELF_EMPLOYED,61,ishita.3056@example.test,+917086963363,MEDIUM,N
C003058,Rohan,Dev Iyer,Bengaluru,SELF_EMPLOYED,54,vikram.3057@example.test,+919888704880,MEDIUM,Y
C003059,Meera,Ananya Nair,Jaipur,SALARIED,77,dev.3058@example.test,+917410849275,UNKNOWN,N
C003060,Rohan,Ananya Khan,Bengaluru,SME,58,rohan.3059@example.test,+919729905895,LOW,N
C003061,Ananya,Arjun Nair,Pune,SALARIED,34,rohan.3060@example.test,+919906517563,LOW,N
C003062,Nisha,Kabir Sharma,Ahmedabad,SME,58,arjun.3061@example.test,+919493065231,MEDIUM,N
C003063,Ishita,Arjun Iyer,Hyderabad,SELF_EMPLOYED,55,nisha.3062@example.test,+917528201186,LOW,Y
C003064,Rohan,Meera Nair,Pune,RETIRED,35,diya.3063@example.test,+919942444032,HIGH,N
C003065,Arjun,Meera Iyer,Jaipur,SELF_EMPLOYED,38,ishita.3064@example.test,+917274305012,MEDIUM,N
C003066,Ananya,Arjun Sharma,Delhi,SME,28,arjun.3065@example.test,+918205597703,MEDIUM,N
C003067,Nisha,Rohan Iyer,Jaipur,SALARIED,73,vikram.3066@example.test,+917290528117,LOW,Y
C003068,Vikram,Diya Patel,Kolkata,RETIRED,60,kabir.3067@example.test,+918475111698,UNKNOWN,N
C003069,Nisha,Diya Das,Jaipur,RETIRED,76,diya.3068@example.test,+919229140303,UNKNOWN,N
C003070,Kabir,Ishita Khan,Hyderabad,SELF_EMPLOYED,74,ananya.3069@example.test,+917237558925,UNKNOWN,N
C003071,Diya,Dev Sharma,Pune,SELF_EMPLOYED,25,ishita.3070@example.test,+919104959019,HIGH,N
C003072,Ishita,Diya Khan,Pune,SME,24,ananya.3071@example.test,+917027697575,UNKNOWN,N
C003073,Ananya,Sara Patel,Delhi,SALARIED,52,aarav.3072@example.test,+918626837788,UNKNOWN,N
C003074,Meera,Rohan Patel,Jaipur,RETIRED,71,nisha.3073@example.test,+917491722821,MEDIUM,N
C003075,Diya,Rohan Iyer,Pune,RETIRED,29,ananya.3074@example.test,+919063181033,MEDIUM,N
C003076,Ananya,Ananya Das,Kolkata,SALARIED,57,diya.3075@example.test,+918074434414,UNKNOWN,N
C003077,Diya,Dev Iyer,Hyderabad,SME,31,nisha.3076@example.test,+918083922047,MEDIUM,Y
C003078,Diya,Kabir Khan,Chennai,SELF_EMPLOYED,60,vikram.3077@example.test,+919395431367,HIGH,Y
C003079,Meera,Arjun Sharma,Kochi,SELF_EMPLOYED,59,nisha.3078@example.test,+917145291041,LOW,Y
C003080,Rohan,Dev Khan,Pune,SALARIED,58,aarav.3079@example.test,+919797361160,HIGH,Y
C003081,Sara,Meera Khan,Pune,RETIRED,76,rohan.3080@example.test,+918171958921,HIGH,Y
C003082,Meera,Rohan Khan,Mumbai,NRI,22,vikram.3081@example.test,+918644196483,LOW,N
C003083,Vikram,Nisha Khan,Pune,SALARIED,53,meera.3082@example.test,+918164210383,HIGH,N
C003084,Arjun,Kabir Iyer,Jaipur,SELF_EMPLOYED,53,kabir.3083@example.test,+917782067179,LOW,N
C003085,Nisha,Aarav Sharma,Bengaluru,SALARIED,66,bad-email,+917705999116,HIGH,Y
C003086,Meera,Dev Patel,Jaipur,NRI,57,diya.3085@example.test,+917936685800,HIGH,N
C003087,Diya,Vikram Sharma,Bengaluru,SELF_EMPLOYED,49,aarav.3086@example.test,+919259387228,MEDIUM,N
C003088,Diya,Kabir Patel,Hyderabad,SALARIED,38,rohan.3087@example.test,+918160525342,UNKNOWN,N
C003089,Diya,Rohan Das,Mumbai,RETIRED,57,sara.3088@example.test,+919727679575,LOW,N
C003090,Rohan,Aarav Das,Chennai,RETIRED,67,dev.3089@example.test,+917686986497,UNKNOWN,N
C003091,Dev,Diya Nair,Kolkata,SME,25,nisha.3090@example.test,+918614294372,UNKNOWN,N
C003092,Meera,Ananya Sharma,Hyderabad,NRI,65,vikram.3091@example.test,+917266471104,MEDIUM,N
C003093,Sara,Sara Sharma,Bengaluru,NRI,38,aarav.3092@example.test,+919502418193,LOW,N
C003094,Sara,Arjun Patel,Delhi,SALARIED,54,diya.3093@example.test,+918359019453,LOW,N
C003095,Aarav,Ananya Khan,Delhi,SME,59,arjun.3094@example.test,+917257958503,LOW,N
C003096,Nisha,Aarav Nair,Ahmedabad,SELF_EMPLOYED,72,dev.3095@example.test,+917789313125,MEDIUM,N
C003097,Vikram,Dev Nair,Kochi,RETIRED,46,diya.3096@example.test,+919883668206,HIGH,N
C003098,Aarav,Nisha Sharma,Pune,NRI,56,vikram.3097@example.test,+917336788837,UNKNOWN,N
C003099,Vikram,Vikram Iyer,Pune,NRI,69,kabir.3098@example.test,+919618545472,LOW,N
C003100,Sara,Sara Khan,Jaipur,SELF_EMPLOYED,24,vikram.3099@example.test,+919836675176,UNKNOWN,N
C003101,Meera,Arjun Iyer,Ahmedabad,SELF_EMPLOYED,65,vikram.3100@example.test,+917218029776,LOW,N
C003102,Vikram,Diya Patel,Bengaluru,NRI,21,ishita.3101@example.test,+918866420751,UNKNOWN,N
C003103,Vikram,Diya Das,Ahmedabad,SELF_EMPLOYED,25,sara.3102@example.test,+919549680006,MEDIUM,Y
C003104,Ananya,Ananya Iyer,Bengaluru,SELF_EMPLOYED,76,vikram.3103@example.test,+919383584897,MEDIUM,Y
C003105,Kabir,Meera Nair,Bengaluru,RETIRED,65,aarav.3104@example.test,+918839180447,LOW,N
C003106,Diya,Meera Patel,Mumbai,SALARIED,34,sara.3105@example.test,+919162551359,MEDIUM,N
C003107,Meera,Rohan Khan,Delhi,SALARIED,24,arjun.3106@example.test,+918653523819,LOW,N
C003108,Nisha,Sara Iyer,Delhi,SALARIED,61,kabir.3107@example.test,+918910112720,LOW,Y
C003109,Vikram,Diya Sharma,Pune,RETIRED,48,nisha.3108@example.test,+919503230824,UNKNOWN,N
C003110,Meera,Sara Sharma,Chennai,SME,61,diya.3109@example.test,+918934038737,UNKNOWN,Y
C003111,Vikram,Arjun Iyer,Pune,NRI,40,meera.3110@example.test,,MEDIUM,N
C003112,Dev,Ananya Iyer,Jaipur,SME,53,kabir.3111@example.test,+919699575745,MEDIUM,N
C003113,Nisha,Vikram Khan,Ahmedabad,SALARIED,52,aarav.3112@example.test,+919199884244,LOW,N
C003114,Arjun,Kabir Sharma,Pune,NRI,74,meera.3113@example.test,+917617964292,UNKNOWN,N
C003115,Ishita,Meera Das,Hyderabad,NRI,43,ananya.3114@example.test,+917336693174,MEDIUM,N
C003116,Rohan,Nisha Sharma,Bengaluru,SALARIED,61,ananya.3115@example.test,+917680513289,UNKNOWN,Y
C003117,Aarav,Meera Khan,Pune,RETIRED,76,dev.3116@example.test,+919481500475,LOW,Y
C003118,Ishita,Sara Das,Chennai,SALARIED,41,ishita.3117@example.test,+917890609841,MEDIUM,Y
C003119,Vikram,Vikram Patel,Kolkata,SELF_EMPLOYED,57,rohan.3118@example.test,+918945433798,MEDIUM,Y
C003120,Aarav,Meera Nair,Kolkata,SME,35,meera.3119@example.test,+919566904573,MEDIUM,N
C003121,Ananya,Nisha Das,Chennai,RETIRED,28,sara.3120@example.test,+918913998647,UNKNOWN,Y
C003122,Sara,Kabir Khan,Pune,RETIRED,29,diya.3121@example.test,+917415644561,HIGH,N
C003123,Ishita,Diya Khan,Ahmedabad,SELF_EMPLOYED,22,meera.3122@example.test,+918287259185,LOW,N
C003124,Dev,Vikram Das,Pune,NRI,23,sara.3123@example.test,+919152456001,LOW,Y
C003125,Nisha,Dev Khan,Pune,RETIRED,42,arjun.3124@example.test,+917684254074,LOW,Y
C003126,Kabir,Diya Das,Pune,NRI,73,kabir.3125@example.test,+919449780699,LOW,Y
C003127,Ananya,Diya Nair,Chennai,SME,62,sara.3126@example.test,+919079045385,HIGH,Y
C003128,Kabir,Arjun Iyer,Pune,NRI,50,kabir.3127@example.test,+918567041370,UNKNOWN,N
C003129,Meera,Ananya Sharma,Hyderabad,SELF_EMPLOYED,38,ishita.3128@example.test,+919924751621,UNKNOWN,N
C003130,Arjun,Meera Iyer,Chennai,SELF_EMPLOYED,40,kabir.3129@example.test,+918630731576,MEDIUM,N
C003131,Kabir,Aarav Patel,Bengaluru,SELF_EMPLOYED,74,ananya.3130@example.test,+918731802105,MEDIUM,N
C003132,Meera,Kabir Khan,Kolkata,SALARIED,72,ishita.3131@example.test,+918838222571,HIGH,Y
C003133,Dev,Diya Patel,Delhi,SALARIED,56,ishita.3132@example.test,+917838391485,HIGH,N
C003134,Kabir,Rohan Khan,Mumbai,RETIRED,40,nisha.3133@example.test,+918395740383,MEDIUM,N
C003135,Dev,Sara Sharma,Pune,SME,61,aarav.3134@example.test,+917909731097,MEDIUM,Y
C003136,Ananya,Kabir Khan,Hyderabad,SELF_EMPLOYED,29,diya.3135@example.test,+917437850865,UNKNOWN,N
C003137,Dev,Nisha Iyer,Ahmedabad,SELF_EMPLOYED,38,sara.3136@example.test,+917016127066,LOW,N
C003138,Diya,Ananya Khan,Kochi,SME,29,rohan.3137@example.test,+919223057125,HIGH,Y
C003139,Ananya,Sara Nair,Jaipur,NRI,64,aarav.3138@example.test,+918414773090,LOW,N
C003140,Ananya,Vikram Nair,Bengaluru,RETIRED,40,ishita.3139@example.test,+919736605562,HIGH,N
C003141,Meera,Arjun Nair,Mumbai,SME,26,sara.3140@example.test,+918327742262,MEDIUM,N
C003142,Ananya,Meera Sharma,Delhi,SALARIED,36,sara.3141@example.test,+919343646873,MEDIUM,Y
C003143,Nisha,Sara Das,Jaipur,RETIRED,60,aarav.3142@example.test,+918169512720,HIGH,N
C003144,Arjun,Sara Iyer,Mumbai,SALARIED,75,kabir.3143@example.test,+918922493273,HIGH,N
C003145,Aarav,Ananya Khan,Chennai,SELF_EMPLOYED,73,dev.3144@example.test,+917646137367,UNKNOWN,Y
C003146,Nisha,Nisha Patel,Kolkata,SALARIED,26,vikram.3145@example.test,+918999186446,MEDIUM,Y
C003147,Aarav,Sara Iyer,Kochi,SALARIED,60,ananya.3146@example.test,+917401451161,UNKNOWN,N
C003148,Arjun,Kabir Das,Kolkata,SALARIED,41,arjun.3147@example.test,+917919025942,HIGH,Y
C003149,Aarav,Meera Khan,Chennai,NRI,52,sara.3148@example.test,+918138997173,UNKNOWN,N
C003150,Aarav,Sara Sharma,Pune,RETIRED,62,kabir.3149@example.test,+918411674991,HIGH,N
C003151,Sara,Aarav Nair,Delhi,SME,43,kabir.3150@example.test,+918627950216,HIGH,N
C003152,Vikram,Dev Patel,Bengaluru,NRI,35,dev.3151@example.test,+917684411801,MEDIUM,Y
C003153,Vikram,Dev Das,Jaipur,NRI,52,diya.3152@example.test,+918271210478,UNKNOWN,N
C003154,Ishita,Nisha Sharma,Hyderabad,SME,53,ishita.3153@example.test,+919793240347,HIGH,Y
C003155,Rohan,Meera Das,Chennai,NRI,44,diya.3154@example.test,+917193382028,LOW,N
C003156,Rohan,Ishita Sharma,Delhi,RETIRED,54,diya.3155@example.test,+918650380721,LOW,N
C003157,Diya,Rohan Sharma,Delhi,SELF_EMPLOYED,35,,+919475443550,LOW,Y
C003158,Meera,Arjun Nair,Chennai,SME,37,dev.3157@example.test,+918864271825,MEDIUM,N
C003159,Diya,Dev Iyer,Hyderabad,RETIRED,66,sara.3158@example.test,+917901104715,HIGH,Y
C003160,Ananya,Rohan Patel,Pune,SALARIED,39,kabir.3159@example.test,+918631996674,UNKNOWN,N
C003161,Diya,Meera Nair,Mumbai,NRI,46,vikram.3160@example.test,+919180646616,HIGH,N
C003162,Ishita,Kabir Iyer,Mumbai,RETIRED,49,meera.3161@example.test,+919704589744,UNKNOWN,N
C003163,Sara,Aarav Das,Jaipur,SALARIED,40,rohan.3162@example.test,+919923693555,UNKNOWN,N
C003164,Arjun,Ishita Sharma,Hyderabad,RETIRED,37,dev.3163@example.test,+918107621989,MEDIUM,N
C003165,Kabir,Ananya Iyer,Ahmedabad,SELF_EMPLOYED,29,dev.3164@example.test,+917531622252,UNKNOWN,Y
C003166,Diya,Kabir Khan,Jaipur,SME,53,nisha.3165@example.test,+917459932292,HIGH,N
C003167,Dev,Aarav Iyer,Kochi,NRI,58,sara.3166@example.test,+917843405172,HIGH,Y
C003168,Arjun,Ishita Patel,Hyderabad,SELF_EMPLOYED,46,ananya.3167@example.test,+917222217506,MEDIUM,N
C003169,Nisha,Sara Sharma,Kolkata,SELF_EMPLOYED,21,sara.3168@example.test,+919386853967,MEDIUM,N
C003170,Kabir,Arjun Patel,Delhi,RETIRED,70,meera.3169@example.test,+919754676646,HIGH,N
C003171,Rohan,Nisha Das,Chennai,RETIRED,39,sara.3170@example.test,+919340004750,MEDIUM,Y
C003172,Meera,Arjun Das,Bengaluru,RETIRED,31,meera.3171@example.test,+918522857202,HIGH,N
C003173,Arjun,Meera Patel,Ahmedabad,RETIRED,41,kabir.3172@example.test,+917168541972,HIGH,N
C003174,Ananya,Diya Sharma,Ahmedabad,NRI,59,rohan.3173@example.test,+917532196496,MEDIUM,N
C003175,Meera,Ananya Khan,Jaipur,SALARIED,25,nisha.3174@example.test,+917602346162,MEDIUM,Y
C003176,Sara,Dev Khan,Ahmedabad,RETIRED,53,diya.3175@example.test,+919652484615,UNKNOWN,N
C003177,Sara,Nisha Patel,Kolkata,SELF_EMPLOYED,46,nisha.3176@example.test,+919548005188,LOW,N
C003178,Diya,Rohan Patel,Kochi,SME,53,arjun.3177@example.test,+918580006655,MEDIUM,N
C003179,Dev,Meera Das,Bengaluru,SME,60,ishita.3178@example.test,+919899572286,HIGH,N
C003180,Rohan,Kabir Das,Kolkata,SME,40,diya.3179@example.test,+917527322835,MEDIUM,Y
C003181,Arjun,Dev Khan,Hyderabad,SALARIED,46,arjun.3180@example.test,+917452786667,LOW,Y
C003182,Nisha,Sara Nair,Kochi,NRI,40,meera.3181@example.test,+917833797961,HIGH,N
C003183,Nisha,Rohan Patel,Jaipur,SALARIED,56,vikram.3182@example.test,+917526064175,MEDIUM,Y
C003184,Kabir,Sara Nair,Mumbai,RETIRED,70,diya.3183@example.test,+917526900188,MEDIUM,N
C003185,Meera,Ishita Nair,Ahmedabad,RETIRED,68,rohan.3184@example.test,+918554035112,UNKNOWN,Y
C003186,Nisha,Meera Das,Bengaluru,SALARIED,47,kabir.3185@example.test,+918805815803,MEDIUM,Y
C003187,Aarav,Meera Das,Kochi,SALARIED,61,vikram.3186@example.test,+918941809693,MEDIUM,N
C003188,Meera,Arjun Nair,Pune,SALARIED,77,vikram.3187@example.test,+919849042604,HIGH,N
C003189,Sara,Ananya Das,Mumbai,NRI,44,ishita.3188@example.test,+917993442202,MEDIUM,N
C003190,Nisha,Ananya Das,Chennai,NRI,53,kabir.3189@example.test,+918524750957,LOW,N
C003191,Arjun,Meera Das,Ahmedabad,SALARIED,24,sara.3190@example.test,+918734633151,LOW,N
C003192,Arjun,Diya Nair,Ahmedabad,NRI,56,arjun.3191@example.test,+919696649257,MEDIUM,N
C003193,Ishita,Diya Nair,Hyderabad,SALARIED,62,aarav.3192@example.test,+917195942913,MEDIUM,N
C003194,Nisha,Kabir Patel,Chennai,SALARIED,72,vikram.3193@example.test,+919729835022,UNKNOWN,Y
C003195,Arjun,Aarav Patel,Chennai,SME,44,dev.3194@example.test,+918371458501,MEDIUM,Y
C003196,Rohan,Dev Khan,Mumbai,NRI,44,meera.3195@example.test,+918180735139,UNKNOWN,N
C003197,Aarav,Aarav Das,Kochi,SME,75,meera.3196@example.test,+919040390287,LOW,N
C003198,Arjun,Nisha Nair,Delhi,SME,47,rohan.3197@example.test,+918152559854,MEDIUM,N
C003199,Dev,Ishita Nair,Mumbai,SME,23,ishita.3198@example.test,+917961296724,LOW,Y
C003200,Aarav,Dev Patel,Hyderabad,RETIRED,40,aarav.3199@example.test,+917011587979,MEDIUM,N
C003201,Ananya,Arjun Khan,Kochi,SELF_EMPLOYED,71,vikram.3200@example.test,+919111437175,LOW,N
C003202,Vikram,Diya Nair,Delhi,RETIRED,49,ishita.3201@example.test,+918805826958,LOW,N
C003203,Ishita,Rohan Iyer,Ahmedabad,SME,54,ishita.3202@example.test,+917241395398,LOW,N
C003204,Aarav,Aarav Iyer,Jaipur,SALARIED,43,vikram.3203@example.test,+919864648190,UNKNOWN,N
C003205,Rohan,Kabir Nair,Ahmedabad,SALARIED,63,rohan.3204@example.test,+918527072763,HIGH,Y
C003206,Diya,Ananya Khan,Kolkata,NRI,60,vikram.3205@example.test,+918494067633,LOW,N
C003207,Dev,Ananya Iyer,Hyderabad,SALARIED,72,kabir.3206@example.test,+917476783588,UNKNOWN,Y
C003208,Nisha,Arjun Patel,Delhi,RETIRED,77,ananya.3207@example.test,+918475915292,UNKNOWN,N
C003209,Nisha,Sara Patel,Bengaluru,SME,77,dev.3208@example.test,+917810806347,HIGH,N
C003210,Aarav,Nisha Nair,Kolkata,SME,38,nisha.3209@example.test,+919765138467,UNKNOWN,Y
C003211,Arjun,Ishita Khan,Pune,SME,42,dev.3210@example.test,+917635437060,UNKNOWN,N
C003212,Kabir,Ananya Khan,Kolkata,SALARIED,42,,+919011887694,HIGH,N
C003213,Diya,Nisha Khan,Delhi,SELF_EMPLOYED,58,diya.3212@example.test,+918779771283,MEDIUM,N
C003214,Sara,Rohan Patel,Bengaluru,SELF_EMPLOYED,46,arjun.3213@example.test,+919135522812,HIGH,Y
C003215,Nisha,Arjun Khan,Chennai,SME,34,rohan.3214@example.test,+917179906015,MEDIUM,N
C003216,Dev,Ishita Patel,Chennai,SME,62,ananya.3215@example.test,+919754406182,MEDIUM,N
C003217,Ananya,Dev Nair,Bengaluru,RETIRED,57,rohan.3216@example.test,+918187856936,LOW,N
C003218,Arjun,Arjun Iyer,Bengaluru,SALARIED,35,rohan.3217@example.test,+918247979518,UNKNOWN,Y
C003219,Sara,Meera Nair,Delhi,SALARIED,70,kabir.3218@example.test,+917441147133,HIGH,N
C003220,Nisha,Vikram Das,Mumbai,SELF_EMPLOYED,69,ananya.3219@example.test,+917259234453,HIGH,N
C003221,Vikram,Vikram Patel,Mumbai,SALARIED,65,ishita.3220@example.test,+917970753539,UNKNOWN,N
C003222,Arjun,Ishita Khan,Bengaluru,SELF_EMPLOYED,32,ananya.3221@example.test,+919787709788,UNKNOWN,Y
C003223,Ananya,Ishita Khan,Ahmedabad,SELF_EMPLOYED,40,arjun.3222@example.test,+918315769614,HIGH,Y
C003224,Meera,Meera Iyer,Delhi,NRI,31,meera.3223@example.test,+918977734278,UNKNOWN,N
C003225,Sara,Ishita Patel,Chennai,RETIRED,22,kabir.3224@example.test,+919350333533,UNKNOWN,N
C003226,Aarav,Kabir Patel,Kochi,SELF_EMPLOYED,38,vikram.3225@example.test,+917914996748,MEDIUM,N
C003227,Rohan,Rohan Das,Pune,RETIRED,40,nisha.3226@example.test,+918640688783,HIGH,Y
C003228,Sara,Meera Nair,Delhi,SME,45,meera.3227@example.test,+919986842402,HIGH,N
C003229,Dev,Arjun Khan,Chennai,SALARIED,50,dev.3228@example.test,+917976598836,LOW,N
C003230,Rohan,Ananya Khan,Pune,SALARIED,43,ananya.3229@example.test,+919068465052,MEDIUM,N
C003231,Sara,Arjun Khan,Jaipur,RETIRED,26,diya.3230@example.test,+919015098695,MEDIUM,Y
C003232,Kabir,Sara Khan,Mumbai,SME,45,kabir.3231@example.test,+918054218928,HIGH,Y
C003233,Nisha,Ananya Sharma,Hyderabad,SME,31,nisha.3232@example.test,+919080395832,HIGH,N
C003234,Ishita,Vikram Khan,Bengaluru,SALARIED,73,aarav.3233@example.test,+918776912255,MEDIUM,N
C003235,Diya,Kabir Khan,Hyderabad,SME,58,meera.3234@example.test,+918435920555,HIGH,Y
C003236,Rohan,Ishita Das,Ahmedabad,SALARIED,66,arjun.3235@example.test,+917635964433,MEDIUM,N
C003237,Ishita,Vikram Khan,Ahmedabad,SALARIED,42,ananya.3236@example.test,+919625656544,MEDIUM,N
C003238,Aarav,Sara Das,Ahmedabad,SME,72,nisha.3237@example.test,+919571481541,UNKNOWN,N
C003239,Rohan,Ishita Iyer,Bengaluru,RETIRED,31,sara.3238@example.test,+919839842352,UNKNOWN,Y
C003240,Sara,Ishita Sharma,Bengaluru,NRI,41,ananya.3239@example.test,+919825584388,MEDIUM,N
C003241,Meera,Kabir Sharma,Kochi,SELF_EMPLOYED,56,meera.3240@example.test,+918950870088,LOW,N
C003242,Kabir,Ishita Nair,Hyderabad,SALARIED,44,sara.3241@example.test,+919559355282,UNKNOWN,Y
C003243,Arjun,Dev Khan,Kochi,SALARIED,21,vikram.3242@example.test,+917305082659,HIGH,N
C003244,Kabir,Nisha Das,Jaipur,SME,53,arjun.3243@example.test,+917686869419,UNKNOWN,Y
C003245,Diya,Rohan Khan,Kochi,NRI,63,rohan.3244@example.test,+919914293735,HIGH,Y
C003246,Sara,Aarav Nair,Hyderabad,RETIRED,28,ishita.3245@example.test,+917113797921,HIGH,N
C003247,Arjun,Dev Sharma,Kochi,RETIRED,53,rohan.3246@example.test,+917905646874,LOW,N
C003248,Sara,Ananya Iyer,Chennai,SELF_EMPLOYED,59,arjun.3247@example.test,+919514754740,UNKNOWN,N
C003249,Vikram,Kabir Patel,Bengaluru,RETIRED,47,kabir.3248@example.test,+917689341968,HIGH,Y
C003250,Sara,Dev Patel,Bengaluru,NRI,75,meera.3249@example.test,+917037040396,LOW,N
C003251,Meera,Rohan Sharma,Kolkata,SELF_EMPLOYED,44,dev.3250@example.test,+919946659322,MEDIUM,N
C003252,Diya,Aarav Sharma,Mumbai,SELF_EMPLOYED,68,sara.3251@example.test,+918276137145,UNKNOWN,N
C003253,Dev,Ishita Iyer,Mumbai,SME,54,kabir.3252@example.test,+917798018001,MEDIUM,Y
C003254,Meera,Ananya Nair,Mumbai,RETIRED,29,ishita.3253@example.test,+918539264122,MEDIUM,N
C003255,Sara,Aarav Patel,Delhi,SALARIED,61,meera.3254@example.test,+918270051369,MEDIUM,N
C003256,Meera,Sara Nair,Mumbai,RETIRED,49,dev.3255@example.test,+918301436477,HIGH,N
C003257,Diya,Ananya Khan,Hyderabad,SALARIED,69,meera.3256@example.test,+918131662137,LOW,N
C003258,Vikram,Rohan Nair,Kochi,SELF_EMPLOYED,52,aarav.3257@example.test,+918275845686,MEDIUM,N
C003259,Aarav,Vikram Das,Delhi,SALARIED,77,ananya.3258@example.test,+917615451020,LOW,N
C003260,Meera,Dev Iyer,Mumbai,SALARIED,29,aarav.3259@example.test,+918576454599,UNKNOWN,Y
C003261,Sara,Ananya Nair,Delhi,NRI,51,meera.3260@example.test,+918538853688,UNKNOWN,Y
C003262,Rohan,Vikram Khan,Kolkata,SALARIED,45,dev.3261@example.test,+918093797712,UNKNOWN,N
C003263,Rohan,Kabir Nair,Ahmedabad,SALARIED,44,diya.3262@example.test,+918184818994,HIGH,N
C003264,Rohan,Dev Iyer,Delhi,SALARIED,61,ishita.3263@example.test,+919787367635,LOW,N
C003265,Meera,Kabir Das,Ahmedabad,SME,66,vikram.3264@example.test,+917756077712,MEDIUM,N
C003266,Arjun,Nisha Iyer,Hyderabad,SME,31,ananya.3265@example.test,+918207290155,MEDIUM,N
C003267,Arjun,Arjun Nair,Hyderabad,SALARIED,48,dev.3266@example.test,+919906093798,UNKNOWN,N
C003268,Aarav,Dev Sharma,Delhi,SME,53,dev.3267@example.test,+919271404491,HIGH,Y
C003269,Ishita,Aarav Das,Mumbai,SALARIED,28,nisha.3268@example.test,+918081948239,MEDIUM,N
C003270,Kabir,Ishita Patel,Delhi,RETIRED,71,dev.3269@example.test,+917686590842,MEDIUM,N
C003271,Meera,Arjun Nair,Chennai,SME,63,aarav.3270@example.test,+917381227057,UNKNOWN,Y
C003272,Ishita,Sara Patel,Kolkata,SELF_EMPLOYED,24,nisha.3271@example.test,+919917084905,LOW,N
C003273,Arjun,Vikram Das,Chennai,RETIRED,48,ishita.3272@example.test,+917683223867,HIGH,N
C003274,Meera,Diya Iyer,Kochi,SME,34,aarav.3273@example.test,+919481515235,HIGH,N
C003275,Diya,Kabir Sharma,Pune,SELF_EMPLOYED,60,diya.3274@example.test,+918711253373,MEDIUM,N
C003276,Sara,Ishita Khan,Kolkata,SME,29,rohan.3275@example.test,+918533115640,LOW,N
C003277,Sara,Dev Patel,Pune,SELF_EMPLOYED,65,arjun.3276@example.test,+918963873997,MEDIUM,N
C003278,Sara,Ananya Patel,Pune,RETIRED,24,kabir.3277@example.test,+919479567832,UNKNOWN,N
C003279,Aarav,Vikram Iyer,Delhi,RETIRED,60,kabir.3278@example.test,+917200907468,LOW,N
C003280,Ananya,Ananya Sharma,Bengaluru,RETIRED,45,dev.3279@example.test,+918452773362,UNKNOWN,N
C003281,Vikram,Arjun Khan,Kolkata,RETIRED,25,ananya.3280@example.test,+918495053645,MEDIUM,N
C003282,Rohan,Meera Khan,Bengaluru,SME,52,kabir.3281@example.test,+919371467724,UNKNOWN,Y
C003283,Vikram,Diya Nair,Delhi,SELF_EMPLOYED,75,ananya.3282@example.test,+918293393837,HIGH,N
C003284,Ananya,Arjun Sharma,Kolkata,NRI,23,meera.3283@example.test,+917829611389,LOW,N
C003285,Sara,Arjun Iyer,Bengaluru,SALARIED,44,aarav.3284@example.test,+917402020826,LOW,N
C003286,Kabir,Rohan Nair,Pune,SELF_EMPLOYED,29,diya.3285@example.test,+919499957384,MEDIUM,N
C003287,Dev,Kabir Das,Jaipur,SME,52,vikram.3286@example.test,+919133477775,MEDIUM,N
C003288,Vikram,Ananya Das,Kochi,SELF_EMPLOYED,53,ishita.3287@example.test,+917078076911,UNKNOWN,Y
C003289,Aarav,Arjun Khan,Bengaluru,RETIRED,75,arjun.3288@example.test,+918303167507,HIGH,N
C003290,Arjun,Aarav Das,Hyderabad,NRI,30,kabir.3289@example.test,+919666330657,HIGH,N
C003291,Sara,Arjun Patel,Bengaluru,SELF_EMPLOYED,56,kabir.3290@example.test,+919253553613,LOW,Y
C003292,Kabir,Ishita Patel,Kolkata,SALARIED,57,dev.3291@example.test,+917695936313,UNKNOWN,N
C003293,Sara,Arjun Sharma,Kolkata,SME,73,diya.3292@example.test,+918422241371,HIGH,N
C003294,Meera,Nisha Khan,Kolkata,SME,32,meera.3293@example.test,+919678934301,LOW,Y
C003295,Kabir,Nisha Patel,Delhi,SELF_EMPLOYED,47,sara.3294@example.test,+919993114208,LOW,Y
C003296,Nisha,Meera Nair,Mumbai,SME,32,rohan.3295@example.test,+919274560006,UNKNOWN,Y
C003297,Sara,Meera Nair,Delhi,SME,51,ananya.3296@example.test,+917041085738,HIGH,N
C003298,Meera,Diya Das,Jaipur,SME,27,dev.3297@example.test,+919283752059,MEDIUM,Y
C003299,Dev,Vikram Das,Jaipur,RETIRED,74,vikram.3298@example.test,+917284806046,HIGH,N
C003300,Diya,Aarav Iyer,Kochi,RETIRED,59,ananya.3299@example.test,+918437368334,MEDIUM,N
C003301,Rohan,Diya Nair,Bengaluru,NRI,39,ananya.3300@example.test,+919521161789,MEDIUM,N
C003302,Ishita,Diya Patel,Bengaluru,RETIRED,33,ishita.3301@example.test,+919868064431,HIGH,N
C003303,Aarav,Sara Das,Delhi,SME,22,diya.3302@example.test,+918658631811,MEDIUM,N
C003304,Sara,Kabir Patel,Hyderabad,SALARIED,28,nisha.3303@example.test,+918091019969,LOW,N
C003305,Ananya,Meera Sharma,Chennai,SME,27,kabir.3304@example.test,+917326125719,HIGH,N
C003306,Nisha,Dev Nair,Hyderabad,NRI,48,,+917714471440,MEDIUM,Y
C003307,Kabir,Sara Nair,Chennai,SME,38,kabir.3306@example.test,+917363942004,HIGH,N
C003308,Sara,Diya Nair,Delhi,SALARIED,62,diya.3307@example.test,+919067222183,LOW,N
C003309,Ishita,Dev Das,Hyderabad,RETIRED,68,sara.3308@example.test,+917186878472,LOW,N
C003310,Meera,Meera Sharma,Bengaluru,SME,21,sara.3309@example.test,+918385434276,LOW,N
C003311,Ishita,Sara Khan,Jaipur,RETIRED,68,sara.3310@example.test,+919445858046,HIGH,N
C003312,Aarav,Arjun Khan,Hyderabad,SME,32,nisha.3311@example.test,+919704181032,MEDIUM,N
C003313,Meera,Dev Patel,Chennai,SALARIED,24,meera.3312@example.test,+918999713643,MEDIUM,N
C003314,Arjun,Ananya Nair,Chennai,SALARIED,33,nisha.3313@example.test,+919418143815,UNKNOWN,N
C003315,Kabir,Aarav Patel,Kolkata,NRI,76,sara.3314@example.test,+917250815504,UNKNOWN,Y
C003316,Nisha,Kabir Sharma,Jaipur,SELF_EMPLOYED,29,ishita.3315@example.test,+917960897344,HIGH,N
C003317,Kabir,Meera Iyer,Kochi,SELF_EMPLOYED,51,meera.3316@example.test,+919778182986,UNKNOWN,Y
C003318,Vikram,Dev Patel,Hyderabad,RETIRED,39,,+918905201116,MEDIUM,Y
C003319,Dev,Vikram Khan,Kochi,SME,75,meera.3318@example.test,+918002046961,LOW,N
C003320,Aarav,Vikram Sharma,Ahmedabad,SELF_EMPLOYED,68,diya.3319@example.test,+917987904861,MEDIUM,N
C003321,Sara,Kabir Iyer,Ahmedabad,NRI,29,dev.3320@example.test,+918814304421,HIGH,Y
C003322,Aarav,Nisha Khan,Hyderabad,NRI,52,rohan.3321@example.test,+918490894663,HIGH,N
C003323,Diya,Meera Nair,Kolkata,NRI,50,nisha.3322@example.test,+918002572373,MEDIUM,N
C003324,Meera,Aarav Sharma,Pune,SME,21,arjun.3323@example.test,+918942886978,UNKNOWN,N
C003325,Rohan,Rohan Das,Ahmedabad,RETIRED,57,ananya.3324@example.test,+919712420738,MEDIUM,N
C003326,Ananya,Arjun Nair,Bengaluru,NRI,40,aarav.3325@example.test,+917604769571,HIGH,N
C003327,Aarav,Nisha Nair,Chennai,NRI,30,aarav.3326@example.test,+918107542952,HIGH,N
C003328,Arjun,Sara Sharma,Bengaluru,SALARIED,47,vikram.3327@example.test,+919473394551,HIGH,Y
C003329,Arjun,Ananya Das,Bengaluru,SME,48,dev.3328@example.test,+918179672340,HIGH,N
C003330,Vikram,Ananya Nair,Ahmedabad,SME,53,nisha.3329@example.test,+917159274984,HIGH,N
C003331,Aarav,Dev Sharma,Jaipur,NRI,66,nisha.3330@example.test,+918568379257,LOW,N
C003332,Diya,Aarav Iyer,Kochi,SELF_EMPLOYED,72,rohan.3331@example.test,+918104541649,LOW,Y
C003333,Kabir,Meera Patel,Kolkata,NRI,31,arjun.3332@example.test,+919160260541,UNKNOWN,N
C003334,Sara,Nisha Iyer,Delhi,SALARIED,35,vikram.3333@example.test,+917748606245,UNKNOWN,N
C003335,Diya,Nisha Nair,Kolkata,RETIRED,55,rohan.3334@example.test,+918682108005,UNKNOWN,N
C003336,Vikram,Ananya Iyer,Kolkata,SALARIED,32,arjun.3335@example.test,+917546325575,LOW,Y
C003337,Ananya,Nisha Patel,Jaipur,SALARIED,32,kabir.3336@example.test,+918840237243,LOW,N
C003338,Dev,Dev Iyer,Chennai,NRI,39,ananya.3337@example.test,+918984214831,UNKNOWN,Y
C003339,Diya,Rohan Iyer,Jaipur,SELF_EMPLOYED,55,meera.3338@example.test,+918642210880,HIGH,N
C003340,Diya,Diya Sharma,Bengaluru,SME,26,vikram.3339@example.test,+918524760635,UNKNOWN,Y
C003341,Sara,Diya Patel,Kochi,SELF_EMPLOYED,66,meera.3340@example.test,+917507434942,LOW,Y
C003342,Diya,Nisha Khan,Mumbai,SELF_EMPLOYED,34,bad-email,+917153710749,HIGH,N
C003343,Ishita,Ishita Iyer,Pune,RETIRED,37,aarav.3342@example.test,+919230970047,MEDIUM,Y
C003344,Kabir,Vikram Iyer,Hyderabad,NRI,70,sara.3343@example.test,+919424383497,UNKNOWN,N
C003345,Meera,Dev Das,Jaipur,RETIRED,64,ishita.3344@example.test,+919262538977,HIGH,Y
C003346,Meera,Sara Khan,Mumbai,NRI,68,dev.3345@example.test,+918317635256,MEDIUM,N
C003347,Meera,Diya Patel,Chennai,SALARIED,26,sara.3346@example.test,+919320300617,MEDIUM,N
C003348,Kabir,Arjun Nair,Pune,NRI,34,sara.3347@example.test,+917242121730,UNKNOWN,N
C003349,Meera,Aarav Das,Ahmedabad,SELF_EMPLOYED,59,rohan.3348@example.test,+918148733525,LOW,N
C003350,Diya,Nisha Nair,Jaipur,NRI,74,meera.3349@example.test,+919719663923,HIGH,N
C003351,Kabir,Rohan Patel,Chennai,SALARIED,74,aarav.3350@example.test,+919505760590,UNKNOWN,N
C003352,Arjun,Meera Nair,Ahmedabad,NRI,41,aarav.3351@example.test,+917909296215,LOW,N
C003353,Diya,Kabir Das,Kochi,RETIRED,74,aarav.3352@example.test,+917415082150,LOW,N
C003354,Arjun,Aarav Sharma,Hyderabad,RETIRED,27,meera.3353@example.test,+919433580869,HIGH,N
C003355,Kabir,Sara Iyer,Chennai,RETIRED,57,meera.3354@example.test,+919876509666,LOW,Y
C003356,Kabir,Rohan Patel,Delhi,SME,71,ananya.3355@example.test,+919240096243,UNKNOWN,N
C003357,Meera,Aarav Das,Kochi,SALARIED,35,nisha.3356@example.test,+918546397436,MEDIUM,N
C003358,Sara,Aarav Sharma,Delhi,SELF_EMPLOYED,38,dev.3357@example.test,+918760909280,HIGH,N
C003359,Rohan,Aarav Iyer,Pune,NRI,63,sara.3358@example.test,+917120054784,HIGH,N
C003360,Ananya,Rohan Sharma,Hyderabad,SALARIED,62,vikram.3359@example.test,+919049672386,LOW,N
C003361,Vikram,Kabir Iyer,Ahmedabad,SME,29,kabir.3360@example.test,+919546661678,UNKNOWN,N
C003362,Aarav,Meera Khan,Jaipur,RETIRED,34,diya.3361@example.test,+917704654022,MEDIUM,Y
C003363,Aarav,Rohan Nair,Chennai,SALARIED,46,aarav.3362@example.test,+917480676911,MEDIUM,Y
C003364,Sara,Nisha Das,Pune,NRI,37,nisha.3363@example.test,+917717036611,LOW,Y
C003365,Ishita,Rohan Iyer,Hyderabad,SME,45,rohan.3364@example.test,+919070666456,HIGH,N
C003366,Ishita,Aarav Khan,Bengaluru,SME,24,dev.3365@example.test,+917052091334,UNKNOWN,N
C003367,Ishita,Ananya Nair,Mumbai,NRI,71,ishita.3366@example.test,+917147728390,UNKNOWN,Y
C003368,Arjun,Sara Das,Chennai,SELF_EMPLOYED,25,arjun.3367@example.test,+918362042417,LOW,Y
C003369,Meera,Nisha Nair,Kochi,SELF_EMPLOYED,25,kabir.3368@example.test,+919292209617,HIGH,N
C003370,Arjun,Vikram Nair,Bengaluru,RETIRED,28,kabir.3369@example.test,+919459702975,LOW,N
C003371,Ishita,Vikram Khan,Mumbai,RETIRED,31,sara.3370@example.test,+919386557334,HIGH,N
C003372,Diya,Arjun Patel,Kolkata,RETIRED,65,meera.3371@example.test,+917591318964,HIGH,Y
C003373,Dev,Sara Khan,Ahmedabad,NRI,72,ishita.3372@example.test,+918606896324,HIGH,Y
C003374,Aarav,Diya Patel,Pune,SALARIED,27,dev.3373@example.test,+919768167936,LOW,N
C003375,Nisha,Aarav Sharma,Chennai,RETIRED,53,dev.3374@example.test,+919664382824,UNKNOWN,N
C003376,Ishita,Sara Nair,Kochi,SME,65,dev.3375@example.test,+917588516877,UNKNOWN,N
C003377,Sara,Aarav Sharma,Pune,RETIRED,47,vikram.3376@example.test,+917781347616,LOW,N
C003378,Kabir,Diya Khan,Jaipur,NRI,26,ananya.3377@example.test,+917608921058,UNKNOWN,N
C003379,Vikram,Ishita Patel,Ahmedabad,RETIRED,61,ananya.3378@example.test,+918621717106,UNKNOWN,N
C003380,Diya,Ananya Sharma,Hyderabad,NRI,76,diya.3379@example.test,+917986693008,UNKNOWN,N
C003381,Ishita,Kabir Nair,Jaipur,SALARIED,41,rohan.3380@example.test,+918799625314,UNKNOWN,Y
C003382,Vikram,Ishita Das,Pune,SALARIED,31,rohan.3381@example.test,+919351005956,HIGH,Y
C003383,Arjun,Dev Nair,Kolkata,SME,55,vikram.3382@example.test,+917574331846,UNKNOWN,N
C003384,Dev,Sara Nair,Kolkata,RETIRED,47,arjun.3383@example.test,+917330819360,UNKNOWN,N
C003385,Dev,Dev Das,Mumbai,SELF_EMPLOYED,59,ishita.3384@example.test,+919697251937,HIGH,N
C003386,Kabir,Diya Nair,Jaipur,SELF_EMPLOYED,77,arjun.3385@example.test,+917195328855,UNKNOWN,Y
C003387,Arjun,Nisha Khan,Kochi,SME,50,diya.3386@example.test,+919810729732,UNKNOWN,N
C003388,Sara,Meera Nair,Ahmedabad,RETIRED,55,diya.3387@example.test,+918607651895,UNKNOWN,N
C003389,Vikram,Ananya Iyer,Bengaluru,RETIRED,35,ananya.3388@example.test,+919255839139,LOW,N
C003390,Nisha,Ishita Khan,Chennai,RETIRED,22,diya.3389@example.test,+918046492466,MEDIUM,N
C003391,Dev,Dev Das,Ahmedabad,SALARIED,62,sara.3390@example.test,+919880770572,HIGH,N
C003392,Arjun,Arjun Khan,Ahmedabad,SME,35,ishita.3391@example.test,+918285251285,UNKNOWN,N
C003393,Arjun,Dev Iyer,Mumbai,RETIRED,21,dev.3392@example.test,+917562646597,HIGH,N
C003394,Dev,Nisha Nair,Chennai,SME,66,rohan.3393@example.test,+917144840718,HIGH,N
C003395,Nisha,Meera Nair,Mumbai,SALARIED,66,dev.3394@example.test,+919869648058,MEDIUM,N
C003396,Diya,Dev Nair,Kolkata,NRI,71,ishita.3395@example.test,+917920537489,UNKNOWN,N
C003397,Vikram,Aarav Nair,Pune,SALARIED,45,kabir.3396@example.test,+917357264038,UNKNOWN,Y
C003398,Aarav,Rohan Patel,Pune,SME,57,kabir.3397@example.test,+917481805902,HIGH,N
C003399,Sara,Arjun Nair,Bengaluru,NRI,74,rohan.3398@example.test,+919380469119,HIGH,N
C003400,Aarav,Dev Sharma,Bengaluru,SALARIED,67,kabir.3399@example.test,+919295326223,HIGH,Y
C003401,Diya,Kabir Nair,Chennai,RETIRED,49,vikram.3400@example.test,+917929971602,HIGH,N
C003402,Kabir,Diya Das,Delhi,SME,43,rohan.3401@example.test,+918005642302,MEDIUM,N
C003403,Ananya,Diya Patel,Bengaluru,SELF_EMPLOYED,70,kabir.3402@example.test,+917623528640,UNKNOWN,Y
C003404,Dev,Sara Khan,Hyderabad,SME,28,ananya.3403@example.test,+917643952920,UNKNOWN,N
C003405,Kabir,Arjun Patel,Mumbai,RETIRED,46,sara.3404@example.test,+919962535107,MEDIUM,N
C003406,Nisha,Meera Patel,Pune,NRI,44,rohan.3405@example.test,+918402273506,MEDIUM,N
C003407,Rohan,Nisha Sharma,Kochi,SELF_EMPLOYED,36,dev.3406@example.test,+918995013545,HIGH,N
C003408,Rohan,Sara Nair,Delhi,SME,30,ishita.3407@example.test,+918123698527,LOW,N
C003409,Aarav,Dev Sharma,Chennai,SALARIED,33,rohan.3408@example.test,+918878437039,MEDIUM,N
C003410,Meera,Rohan Sharma,Bengaluru,SME,60,kabir.3409@example.test,+919360794426,MEDIUM,N
C003411,Sara,Vikram Patel,Jaipur,RETIRED,34,aarav.3410@example.test,+919292661249,MEDIUM,N
C003412,Nisha,Kabir Khan,Delhi,RETIRED,36,kabir.3411@example.test,+917558244503,LOW,Y
C003413,Aarav,Ishita Patel,Delhi,SELF_EMPLOYED,49,arjun.3412@example.test,+919482579116,UNKNOWN,N
C003414,Kabir,Vikram Khan,Jaipur,SALARIED,64,diya.3413@example.test,+918643194254,LOW,N
C003415,Sara,Dev Nair,Ahmedabad,NRI,47,vikram.3414@example.test,+919317490930,MEDIUM,N
C003416,Meera,Aarav Iyer,Jaipur,SALARIED,33,kabir.3415@example.test,+917800122282,UNKNOWN,N
C003417,Kabir,Nisha Iyer,Bengaluru,NRI,59,dev.3416@example.test,+919219511798,MEDIUM,N
C003418,Rohan,Ishita Iyer,Pune,SALARIED,70,dev.3417@example.test,+919975983599,LOW,N
C003419,Vikram,Diya Khan,Kolkata,SME,68,kabir.3418@example.test,+917690387692,UNKNOWN,N
C003420,Arjun,Dev Nair,Kolkata,RETIRED,32,dev.3419@example.test,+917526495973,MEDIUM,N
C003421,Nisha,Diya Patel,Pune,NRI,48,dev.3420@example.test,+917429505886,HIGH,N
C003422,Rohan,Diya Iyer,Kolkata,RETIRED,57,ananya.3421@example.test,,UNKNOWN,N
C003423,Nisha,Vikram Sharma,Delhi,SME,36,meera.3422@example.test,+917824657172,HIGH,N
C003424,Meera,Arjun Das,Pune,NRI,22,vikram.3423@example.test,+918562225505,MEDIUM,Y
C003425,Vikram,Kabir Khan,Kolkata,SME,44,vikram.3424@example.test,+919429048182,MEDIUM,N
C003426,Sara,Arjun Iyer,Hyderabad,SELF_EMPLOYED,38,rohan.3425@example.test,+917439752199,UNKNOWN,N
C003427,Aarav,Dev Sharma,Jaipur,SALARIED,56,sara.3426@example.test,+917018384561,UNKNOWN,N
C003428,Kabir,Kabir Iyer,Kolkata,SME,47,aarav.3427@example.test,+917344148197,MEDIUM,N
C003429,Ishita,Rohan Nair,Jaipur,SME,21,ananya.3428@example.test,+918138828720,LOW,N
C003430,Meera,Vikram Iyer,Hyderabad,SALARIED,30,vikram.3429@example.test,+919212194455,LOW,N
C003431,Kabir,Ishita Nair,Chennai,SALARIED,55,aarav.3430@example.test,+917421607313,HIGH,N
C003432,Rohan,Rohan Nair,Jaipur,SELF_EMPLOYED,22,sara.3431@example.test,+917692198872,UNKNOWN,Y
C003433,Dev,Aarav Nair,Jaipur,SALARIED,37,,+917388716416,UNKNOWN,N
C003434,Diya,Dev Khan,Jaipur,SME,67,dev.3433@example.test,+919872743056,LOW,N
C003435,Meera,Arjun Iyer,Delhi,RETIRED,40,ishita.3434@example.test,+919067072515,UNKNOWN,N
C003436,Nisha,Meera Iyer,Mumbai,SME,60,sara.3435@example.test,+918815332768,MEDIUM,N
C003437,Kabir,Ishita Nair,Kochi,SELF_EMPLOYED,26,diya.3436@example.test,+918577481463,HIGH,N
C003438,Kabir,Meera Patel,Kochi,SALARIED,70,nisha.3437@example.test,+918359138202,MEDIUM,Y
C003439,Vikram,Vikram Nair,Mumbai,SME,27,nisha.3438@example.test,+919602019775,MEDIUM,Y
C003440,Dev,Ananya Das,Ahmedabad,NRI,72,aarav.3439@example.test,+919169446834,LOW,Y
C003441,Kabir,Ananya Das,Hyderabad,NRI,34,diya.3440@example.test,+919384082653,LOW,N
C003442,Ananya,Ishita Sharma,Kolkata,NRI,67,ananya.3441@example.test,+919619587107,UNKNOWN,Y
C003443,Ananya,Diya Nair,Chennai,RETIRED,44,rohan.3442@example.test,+917079473871,LOW,Y
C003444,Sara,Rohan Das,Mumbai,SALARIED,22,ishita.3443@example.test,+919049933667,UNKNOWN,N
C003445,Kabir,Ananya Das,Hyderabad,NRI,77,kabir.3444@example.test,+919136211548,LOW,N
C003446,Aarav,Aarav Nair,Kolkata,SELF_EMPLOYED,62,dev.3445@example.test,+918131584401,MEDIUM,N
C003447,Aarav,Kabir Nair,Bengaluru,SELF_EMPLOYED,32,kabir.3446@example.test,+918302223722,MEDIUM,N
C003448,Sara,Vikram Iyer,Bengaluru,SME,60,aarav.3447@example.test,+918994439677,MEDIUM,Y
C003449,Ishita,Kabir Das,Pune,SALARIED,34,kabir.3448@example.test,+917736959069,HIGH,Y
C003450,Vikram,Arjun Das,Pune,NRI,56,diya.3449@example.test,+919136227069,UNKNOWN,N
C003451,Meera,Nisha Das,Pune,RETIRED,64,kabir.3450@example.test,+917588362782,MEDIUM,N
C003452,Ishita,Ishita Sharma,Kochi,SALARIED,31,ananya.3451@example.test,+918814090038,MEDIUM,N
C003453,Nisha,Meera Iyer,Kolkata,RETIRED,55,nisha.3452@example.test,+919524497565,HIGH,N
C003454,Vikram,Nisha Sharma,Mumbai,SELF_EMPLOYED,67,ishita.3453@example.test,+919422706118,LOW,Y
C003455,Sara,Aarav Das,Ahmedabad,RETIRED,56,arjun.3454@example.test,+918987601952,LOW,N
C003456,Dev,Vikram Patel,Jaipur,NRI,65,dev.3455@example.test,+919052753403,LOW,N
C003457,Kabir,Vikram Iyer,Jaipur,SME,41,arjun.3456@example.test,+919371402981,LOW,Y
C003458,Ishita,Meera Iyer,Hyderabad,RETIRED,61,vikram.3457@example.test,+917444920872,LOW,N
C003459,Diya,Ananya Das,Delhi,RETIRED,44,dev.3458@example.test,+917318001509,HIGH,Y
C003460,Meera,Meera Khan,Bengaluru,NRI,77,meera.3459@example.test,+918912946938,LOW,Y
C003461,Sara,Rohan Patel,Delhi,SME,66,diya.3460@example.test,+918796227700,LOW,N
C003462,Ananya,Nisha Patel,Kochi,NRI,69,ananya.3461@example.test,+919500428445,LOW,N
C003463,Sara,Ananya Khan,Ahmedabad,SELF_EMPLOYED,75,rohan.3462@example.test,+918378097482,MEDIUM,N
C003464,Aarav,Nisha Patel,Kolkata,RETIRED,42,sara.3463@example.test,+918615228446,MEDIUM,Y
C003465,Ishita,Kabir Das,Mumbai,RETIRED,61,meera.3464@example.test,+918502168687,UNKNOWN,N
C003466,Aarav,Arjun Sharma,Jaipur,SALARIED,73,diya.3465@example.test,+919478289386,MEDIUM,N
C003467,Arjun,Nisha Khan,Mumbai,RETIRED,53,rohan.3466@example.test,+917572970664,LOW,Y
C003468,Arjun,Vikram Nair,Hyderabad,RETIRED,66,nisha.3467@example.test,+919154941858,LOW,N
C003469,Dev,Sara Iyer,Hyderabad,RETIRED,58,aarav.3468@example.test,+917626895273,MEDIUM,N
C003470,Dev,Arjun Nair,Pune,RETIRED,41,rohan.3469@example.test,+919840945870,LOW,Y
C003471,Meera,Nisha Nair,Chennai,NRI,38,kabir.3470@example.test,+917773933220,MEDIUM,N
C003472,Arjun,Kabir Iyer,Ahmedabad,SALARIED,71,meera.3471@example.test,+918330262172,UNKNOWN,N
C003473,Aarav,Ishita Iyer,Bengaluru,NRI,73,ananya.3472@example.test,+919788229773,HIGH,N
C003474,Nisha,Ananya Khan,Ahmedabad,SALARIED,21,diya.3473@example.test,+917292948860,UNKNOWN,N
C003475,Vikram,Diya Patel,Hyderabad,SALARIED,69,nisha.3474@example.test,+918047334145,HIGH,N
C003476,Arjun,Aarav Das,Delhi,SALARIED,50,kabir.3475@example.test,+917685228761,HIGH,N
C003477,Aarav,Aarav Khan,Delhi,SELF_EMPLOYED,31,dev.3476@example.test,+917786420033,MEDIUM,N
C003478,Arjun,Aarav Iyer,Ahmedabad,RETIRED,38,meera.3477@example.test,+919429615480,HIGH,N
C003479,Ishita,Diya Khan,Ahmedabad,SELF_EMPLOYED,48,dev.3478@example.test,+918279965523,UNKNOWN,Y
C003480,Diya,Aarav Iyer,Bengaluru,RETIRED,75,dev.3479@example.test,+919409671556,LOW,N
C003481,Arjun,Aarav Patel,Ahmedabad,SME,23,ananya.3480@example.test,+917254657052,LOW,N
C003482,Vikram,Meera Patel,Delhi,SME,73,diya.3481@example.test,+918006467842,LOW,N
C003483,Vikram,Arjun Patel,Ahmedabad,SME,70,ananya.3482@example.test,+917743804969,MEDIUM,N
C003484,Kabir,Meera Iyer,Ahmedabad,SALARIED,67,aarav.3483@example.test,+919028231207,MEDIUM,N
C003485,Dev,Ishita Sharma,Ahmedabad,SALARIED,61,nisha.3484@example.test,+919930073835,MEDIUM,N
C003486,Diya,Vikram Patel,Hyderabad,RETIRED,38,diya.3485@example.test,+919993338119,HIGH,Y
C003487,Arjun,Aarav Khan,Kochi,SALARIED,38,kabir.3486@example.test,+917578414635,MEDIUM,N
C003488,Nisha,Arjun Sharma,Bengaluru,SME,57,rohan.3487@example.test,+918775398151,UNKNOWN,Y
C003489,Kabir,Vikram Patel,Kolkata,RETIRED,72,rohan.3488@example.test,+918254474996,LOW,N
C003490,Diya,Sara Nair,Hyderabad,RETIRED,44,aarav.3489@example.test,+918632967303,UNKNOWN,N
C003491,Meera,Vikram Iyer,Delhi,SALARIED,72,diya.3490@example.test,+918460352614,MEDIUM,N
C003492,Nisha,Ishita Iyer,Chennai,RETIRED,48,sara.3491@example.test,+919370125862,LOW,N
C003493,Rohan,Vikram Khan,Bengaluru,SME,32,vikram.3492@example.test,+918842494242,UNKNOWN,N
C003494,Arjun,Ishita Nair,Delhi,SELF_EMPLOYED,71,ananya.3493@example.test,+918650570145,MEDIUM,N
C003495,Sara,Kabir Das,Kochi,NRI,68,ananya.3494@example.test,+917119012750,UNKNOWN,N
C003496,Arjun,Ananya Das,Bengaluru,NRI,60,ishita.3495@example.test,+917051200448,LOW,N
C003497,Meera,Rohan Sharma,Mumbai,NRI,32,sara.3496@example.test,+917111590861,LOW,N
C003498,Dev,Arjun Nair,Delhi,NRI,47,rohan.3497@example.test,+918998177852,HIGH,N
C003499,Meera,Sara Sharma,Jaipur,SALARIED,42,ananya.3498@example.test,+917655074560,MEDIUM,N
C003500,Ananya,Arjun Sharma,Kochi,SALARIED,40,ishita.3499@example.test,+918302854386,LOW,N
