repayment_id,application_id,customer_id,amount,status,days_past_due
R0000001,A0004437,C001855,50039.12,DUE,60
R0000002,A0002678,C000571,111653.11,DUE,92
R0000003,A0000290,C002554,20294.94,PARTIAL,15
R0000004,A0000141,C000514,27889.38,DUE,1
R0000005,A0003827,C002505,106682.46,PARTIAL,115
R0000006,A0000569,C003453,106468.24,PAID,108
R0000007,A0003712,C003481,75660.03,PARTIAL,72
R0000008,A0004350,C000783,20596.95,PARTIAL,23
R0000009,A0003891,C001314,3896.89,DUE,11
R0000010,A0003195,C002460,91549.15,BOUNCED,52
R0000011,A0003095,C001759,2376.82,BOUNCED,0
R0000012,A0004696,C000004,11554.61,PARTIAL,24
R0000013,A0001199,C001428,28356.28,DUE,8
R0000014,A0003239,C000106,53916.88,PAID,72
R0000015,A0003402,C000079,93929.26,PARTIAL,54
R0000016,A0004499,C002125,73329.41,BOUNCED,116
R0000017,A0000129,C002448,32919.24,DUE,143
R0000018,A0004340,C002233,52831.65,BOUNCED,174
R0000019,A0004909,C000700,89955.04,BOUNCED,61
R0000020,A0001017,C001739,74226.98,DUE,133
R0000021,A0000997,C001473,58605.21,DUE,146
R0000022,A0003869,C001804,66090.61,DUE,162
R0000023,A0004359,C002981,58615.33,PAID,179
R0000024,A0003443,C002857,12693.71,BOUNCED,91
R0000025,A0002287,C002731,41196.84,PARTIAL,96
R0000026,A0001780,C003408,133290.41,BOUNCED,116
R0000027,A0000211,C000854,27356.98,PAID,142
R0000028,A0002826,C002351,16718.29,BOUNCED,29
R0000029,A0001058,C001506,126548.38,PAID,122
R0000030,A0001219,C000986,7990.22,DUE,11
R0000031,A0003699,C001155,85282.21,DUE,30
R0000032,A0001327,C002398,63829.59,PARTIAL,141
R0000033,A0000944,C001469,94534.78,DUE,117
R0000034,A0003211,C001532,85536.33,DUE,43
R0000035,A0000151,C001885,133770.17,DUE,125
R0000036,A0001600,C001000,2412.89,PARTIAL,5
R0000037,A0003378,C003418,46616.48,PARTIAL,64
R0000038,A0001092,C001649,2731.7,PAID,157
R0000039,A0002016,C000414,16471.8,BOUNCED,101
R0000040,A0003221,C001242,27053.86,BOUNCED,142
R0000041,A0000819,C001653,14699.95,BOUNCED,134
R0000042,A0000107,C003289,67405.76,PARTIAL,126
R0000043,A0004970,C000887,30271.4,PARTIAL,74
R0000044,A0001487,C001282,75155.49,PAID,82
R0000045,A0000339,C001934,97306.68,DUE,158
R0000046,A0003910,C003211,34122.05,DUE,59
R0000047,A0004216,C000019,95273.12,BOUNCED,96
R0000048,A0002292,C000389,103218.33,BOUNCED,154
R0000049,A0002724,C000743,145036.38,BOUNCED,32
R0000050,A0000114,C000102,104393.94,PAID,106
R0000051,A0000946,C000298,46906.82,PAID,28
R0000052,A0000722,C002806,131754.85,PAID,22
R0000053,A0000613,C001225,26930.23,PARTIAL,12
R0000054,A0001666,C002621,45268.43,PAID,149
R0000055,A0001972,C003025,50561.96,PARTIAL,52
R0000056,A0000010,C000767,11666.22,BOUNCED,144
R0000057,A0004705,C002024,20663.99,PAID,164
R0000058,A0004336,C003403,70016.01,PARTIAL,22
R0000059,A0002258,C000735,91799.58,BOUNCED,58
R0000060,A0003599,C002783,93118.26,PAID,44
R0000061,A0001190,C000053,1075.62,PAID,62
R0000062,A0001195,C000245,7090.22,BOUNCED,75
R0000063,A0003693,C001097,72729.7,PARTIAL,1
R0000064,A0004111,C002576,90707.1,PARTIAL,160
R0000065,A0001860,C003380,142453.17,PARTIAL,120
R0000066,A0002744,C002494,58193.28,BOUNCED,16
R0000067,A0000576,C001099,62887.49,PARTIAL,171
R0000068,A0001383,C002442,125481.01,BOUNCED,71
R0000069,A0002014,C003337,77815.77,PARTIAL,145
R0000070,A0002250,C000055,121636.22,PAID,154
R0000071,A0002235,C002095,91513.54,PARTIAL,44
R0000072,A0004294,C001774,47716.04,BOUNCED,146
R0000073,A0003308,C001748,123252.75,DUE,34
R0000074,A0002045,C000727,40765.49,PAID,151
R0000075,A0001586,C002225,131453.25,BOUNCED,171
R0000076,A0003632,C002988,102268.59,PAID,87
R0000077,A0003379,C000297,10043.44,PAID,171
R0000078,A0003540,C001025,145005.97,DUE,77
R0000079,A0003436,C000582,5163.03,PAID,12
R0000080,A0002402,C001673,38682.47,BOUNCED,107
R0000081,A0003201,C003493,109946.5,PARTIAL,168
R0000082,A0002744,C002494,8430.09,DUE,151
R0000083,A0004668,C001235,91086.7,PARTIAL,60
R0000084,A0004913,C000885,71554.96,PAID,20
R0000085,A0001299,C001619,12391.32,BOUNCED,9
R0000086,A0004578,C000536,685.5,DUE,38
R0000087,A0001916,C001086,9454.41,BOUNCED,116
R0000088,A0004779,C001264,122185.75,BOUNCED,143
R0000089,A0003224,C002535,32876.12,PAID,17
R0000090,A0001871,C000125,73897.34,PARTIAL,154
R0000091,A0002901,C003081,118961.43,PARTIAL,3
R0000092,A0001692,C003387,117747.04,BOUNCED,36
R0000093,A0000613,C001291,93799.73,PARTIAL,178
R0000094,A0002162,C001537,55188.0,BOUNCED,133
R0000095,A0003788,C003135,91782.08,DUE,123
R0000096,A0001001,C000783,8908.28,DUE,48
R0000097,A0004726,C000270,43327.32,PAID,148
R0000098,A0000251,C001632,68456.74,DUE,26
R0000099,A0000010,C000767,102871.46,DUE,42
R0000100,A0003263,C001924,95178.32,PARTIAL,104
R0000101,A0001972,C003025,135980.29,PAID,103
R0000102,A0000544,C002898,6289.53,PARTIAL,12
R0000103,A0001443,C003233,110782.42,DUE,55
R0000104,A0003494,C001126,14360.76,PAID,99
R0000105,A0001704,C002937,20342.46,PAID,111
R0000106,A0000510,C002259,141292.15,PARTIAL,129
R0000107,A0003432,C000289,37864.96,BOUNCED,82
R0000108,A0004403,C003269,147611.39,DUE,128
R0000109,A0003213,C000957,62646.98,PAID,93
R0000110,A0001838,C001772,53711.48,BOUNCED,93
R0000111,A0003586,C003196,126778.03,PAID,128
R0000112,A0002467,C000801,30135.11,PARTIAL,145
R0000113,A0004718,C002451,128118.59,PARTIAL,138
R0000114,A0004958,C001529,9933.03,PARTIAL,146
R0000115,A0001091,C001167,148845.73,PAID,49
R0000116,A0003375,C002532,104035.43,BOUNCED,61
R0000117,A0003386,C001310,92483.99,BOUNCED,180
R0000118,A0003245,C002153,17282.71,PARTIAL,126
R0000119,A0000254,C001739,64712.33,BOUNCED,136
R0000120,A0003869,C001804,64729.68,PARTIAL,6
R0000121,A0000490,C001225,34460.92,DUE,129
R0000122,A0001096,C001879,12757.54,DUE,9
R0000123,A0004859,C002217,31617.66,PAID,137
R0000124,A0003568,C002430,22111.7,BOUNCED,98
R0000125,A0001943,C000436,79899.96,BOUNCED,65
R0000126,A0004460,C001354,105069.54,PARTIAL,136
R0000127,A0004261,C003027,144134.1,BOUNCED,171
R0000128,A0002803,C002702,82541.54,BOUNCED,103
R0000129,A0004995,C001661,120832.09,BOUNCED,16
R0000130,A0000988,C000740,49783.2,PAID,116
R0000131,A0004548,C001247,62328.46,PAID,35
R0000132,A0004247,C003329,25530.84,BOUNCED,173
R0000133,A0002505,C002286,37981.9,PARTIAL,54
R0000134,A0003396,C000608,46092.48,DUE,31
R0000135,A0001296,C002101,86354.73,PAID,3
R0000136,A0001416,C000307,87052.95,PARTIAL,87
R0000137,A0002920,C001792,15543.15,BOUNCED,159
R0000138,A0004544,C001309,115746.41,PARTIAL,112
R0000139,A0003509,C002701,121817.99,DUE,147
R0000140,A0001036,C000333,105765.61,PARTIAL,63
R0000141,A0003358,C002877,13088.77,PARTIAL,165
R0000142,A0003357,C001387,116912.01,DUE,16
R0000143,A0002951,C002296,50438.56,DUE,161
R0000144,A0000326,C001078,47244.2,PAID,70
R0000145,A0002365,C002266,111151.78,DUE,174
R0000146,A0001318,C002002,6379.44,PARTIAL,175
R0000147,A0001800,C000750,6682.82,PARTIAL,114
R0000148,A0002007,C001925,72375.33,BOUNCED,59
R0000149,A0001576,C002798,76967.84,BOUNCED,40
R0000150,A0004137,C002464,62973.13,PAID,18
R0000151,A0003033,C003471,85689.91,PAID,41
R0000152,A0001540,C002783,116318.15,DUE,165
R0000153,A0001829,C001081,34162.06,DUE,144
R0000154,A0001666,C002621,143336.14,PAID,0
R0000155,A0004590,C002408,121701.78,DUE,118
R0000156,A0000158,C001285,77870.69,PAID,30
R0000157,A0002051,C002985,149979.84,BOUNCED,47
R0000158,A0003617,C001643,142861.06,PAID,62
R0000159,A0001880,C002892,119459.16,PAID,26
R0000160,A0000823,C000196,147764.32,DUE,108
R0000161,A0000523,C000636,115511.71,PAID,167
R0000162,A0000180,C000491,41884.68,BOUNCED,97
R0000163,A0002308,C000603,90021.27,DUE,130
R0000164,A0004701,C002262,113571.87,PAID,141
R0000165,A0003951,C002115,141888.78,PARTIAL,17
R0000166,A0001712,C000987,122963.87,BOUNCED,168
R0000167,A0002740,C002312,58983.24,PARTIAL,16
R0000168,A0003684,C003416,99572.63,PAID,129
R0000169,A0001424,C001331,84681.33,PAID,173
R0000170,A0000659,C003028,37803.21,PAID,149
R0000171,A0003789,C002084,137218.44,PARTIAL,106
R0000172,A0002215,C003281,42498.5,PAID,65
R0000173,A0001312,C000594,32898.6,PARTIAL,83
R0000174,A0000033,C002171,36818.04,DUE,163
R0000175,A0004434,C000011,3883.17,BOUNCED,82
R0000176,A0004522,C003295,47964.71,BOUNCED,170
R0000177,A0004437,C001281,137078.3,DUE,37
R0000178,A0003590,C001798,91125.17,DUE,55
R0000179,A0003613,C002374,52453.25,BOUNCED,12
R0000180,A0004678,C001069,16835.12,PAID,49
R0000181,A0001848,C001446,122671.75,BOUNCED,68
R0000182,A0003681,C001896,9081.46,PAID,111
R0000183,A0004168,C001661,135790.89,BOUNCED,79
R0000184,A0000885,C001721,87452.1,BOUNCED,180
R0000185,A0004801,C002496,85135.01,PARTIAL,81
R0000186,A0003555,C000103,67344.85,PARTIAL,6
R0000187,A0001929,C002894,7249.22,PAID,141
R0000188,A0001072,C002881,132301.86,PAID,65
R0000189,A0000015,C000933,52329.0,PARTIAL,89
R0000190,A0004845,C003224,149110.85,PAID,41
R0000191,A0003794,C002313,30503.27,BOUNCED,42
R0000192,A0000830,C000146,142645.35,PARTIAL,149
R0000193,A0003854,C000372,15704.38,PAID,156
R0000194,A0003235,C000933,72274.41,PAID,150
R0000195,A0000883,C000956,135482.57,BOUNCED,53
R0000196,A0000803,C000873,48603.08,PARTIAL,60
R0000197,A0002707,C001063,81071.97,PARTIAL,52
R0000198,A0003694,C003011,59101.65,PARTIAL,79
R0000199,A0001993,C000474,38555.15,PAID,96
R0000200,A0004044,C000546,139288.04,BOUNCED,174
R0000201,A0002809,C002117,103564.8,PARTIAL,159
R0000202,A0003742,C000587,96066.49,DUE,31
R0000203,A0001095,C001591,147956.89,DUE,82
R0000204,A0004375,C000964,112512.56,BOUNCED,159
R0000205,A0002579,C002551,103474.94,DUE,82
R0000206,A0001002,C001728,48315.17,PAID,103
R0000207,A0002712,C000378,133209.59,DUE,156
R0000208,A0004397,C003486,21442.38,PAID,46
R0000209,A0000218,C001889,68613.77,PAID,163
R0000210,A0002089,C002973,85853.08,BOUNCED,139
R0000211,A0002203,C002707,45216.99,BOUNCED,44
R0000212,A0001476,C001688,31194.58,PAID,126
R0000213,A0000690,C001537,38696.85,DUE,132
R0000214,A0001640,C001613,80361.47,BOUNCED,16
R0000215,A0000391,C001656,91597.69,DUE,155
R0000216,A0003776,C002584,73123.99,BOUNCED,106
R0000217,A0000661,C002267,95796.76,BOUNCED,105
R0000218,A0003201,C003493,134438.65,DUE,106
R0000219,A0003241,C001048,1885.37,BOUNCED,22
R0000220,A0000883,C000956,118531.95,PARTIAL,134
R0000221,A0000978,C001462,117125.81,PARTIAL,131
R0000222,A0000090,C000761,48435.26,PAID,49
R0000223,A0000955,C002622,51277.62,BOUNCED,96
R0000224,A0001372,C003002,101620.64,PAID,174
R0000225,A0002256,C003118,14894.46,DUE,51
R0000226,A0004595,C000803,143049.55,BOUNCED,175
R0000227,A0002337,C003330,23945.43,BOUNCED,81
R0000228,A0003271,C002548,94847.62,PARTIAL,107
R0000229,A0004347,C002165,92138.6,DUE,20
R0000230,A0001387,C001675,11024.57,DUE,136
R0000231,A0002511,C003289,36043.76,BOUNCED,41
R0000232,A0000455,C001761,62568.62,BOUNCED,4
R0000233,A0000768,C000622,27941.07,PAID,126
R0000234,A0001285,C000542,120844.31,PAID,2
R0000235,A0003369,C000244,31927.8,PARTIAL,113
R0000236,A0003882,C002861,56384.68,BOUNCED,163
R0000237,A0001397,C003315,6914.23,PAID,153
R0000238,A0002368,C000842,103650.15,DUE,25
R0000239,A0000874,C002079,138515.91,PARTIAL,144
R0000240,A0002403,C003321,3277.23,PARTIAL,159
R0000241,A0004005,C002733,95856.8,PAID,86
R0000242,A0000201,C002346,71645.71,PAID,164
R0000243,A0003905,C003334,81159.94,DUE,117
R0000244,A0002260,C003243,142355.93,PAID,152
R0000245,A0004215,C000569,145784.3,PAID,76
R0000246,A0001799,C002357,147095.1,PARTIAL,47
R0000247,A0001470,C003283,89954.78,BOUNCED,157
R0000248,A0000507,C001758,133522.98,DUE,169
R0000249,A0004732,C002491,27915.44,PAID,135
R0000250,A0001138,C002736,3646.42,BOUNCED,27
R0000251,A0004360,C001168,106649.32,BOUNCED,124
R0000252,A0000795,C002970,63136.41,DUE,18
R0000253,A0001097,C001355,72829.44,PAID,143
R0000254,A0004428,C001996,63077.51,PARTIAL,19
R0000255,A0002662,C003396,116540.41,PARTIAL,104
R0000256,A0002426,C001635,90496.59,DUE,5
R0000257,A0003833,C002607,124657.06,PAID,82
R0000258,A0004644,C003491,80841.29,DUE,89
R0000259,A0003580,C001411,110459.36,BOUNCED,71
R0000260,A0003473,C003079,138760.57,BOUNCED,120
R0000261,A0004634,C000922,10319.22,DUE,176
R0000262,A0004614,C002515,104680.6,BOUNCED,64
R0000263,A0003505,C002562,90723.15,PAID,146
R0000264,A0000218,C001889,14266.99,PARTIAL,139
R0000265,A0004644,C003491,111539.0,BOUNCED,152
R0000266,A0004536,C002497,98870.41,BOUNCED,100
R0000267,A0003733,C001001,17461.35,PAID,84
R0000268,A0004145,C000723,82029.77,DUE,46
R0000269,A0001967,C001431,100233.13,PARTIAL,33
R0000270,A0002125,C003187,115997.48,BOUNCED,54
R0000271,A0000279,C002844,115558.81,BOUNCED,135
R0000272,A0004613,C002520,11463.33,PARTIAL,139
R0000273,A0000169,C002108,129699.61,PAID,169
R0000274,A0003361,C001068,32641.4,PARTIAL,131
R0000275,A0004742,C002255,58430.6,PARTIAL,98
R0000276,A0003671,C003271,54172.98,PAID,21
R0000277,A0000717,C002292,100255.21,DUE,116
R0000278,A0001634,C000651,124751.07,PARTIAL,62
R0000279,A0003296,C000803,86196.52,BOUNCED,133
R0000280,A0003831,C003399,138516.54,DUE,82
R0000281,A0000769,C002670,75815.54,PAID,159
R0000282,A0002641,C001510,36417.59,PARTIAL,20
R0000283,A0002185,C000814,25740.47,BOUNCED,176
R0000284,A0003280,C001506,82767.75,PAID,98
R0000285,A0001200,C002144,13968.01,PAID,13
R0000286,A0000056,C002525,99174.32,DUE,1
R0000287,A0002595,C001766,21264.44,PAID,152
R0000288,A0004621,C001363,89700.68,BOUNCED,9
R0000289,A0001220,C000534,127418.52,BOUNCED,139
R0000290,A0001135,C000079,1124.17,BOUNCED,114
R0000291,A0003177,C001931,27891.14,PARTIAL,147
R0000292,A0004717,C001935,64704.71,DUE,3
R0000293,A0000056,C002525,132368.88,BOUNCED,46
R0000294,A0004390,C000484,42993.3,DUE,107
R0000295,A0004148,C001890,111933.98,PAID,17
R0000296,A0004449,C001801,107526.24,DUE,140
R0000297,A0004762,C003166,53387.45,DUE,77
R0000298,A0003764,C001596,134231.65,PARTIAL,113
R0000299,A0004983,C001857,115727.53,BOUNCED,177
R0000300,A0004952,C001072,45559.5,PAID,159
R0000301,A0002317,C003428,79636.24,PARTIAL,154
R0000302,A0002428,C000217,117269.58,PARTIAL,62
R0000303,A0003093,C001440,10458.47,BOUNCED,130
R0000304,A0001810,C000214,22949.33,PARTIAL,167
R0000305,A0000848,C003405,92316.54,PAID,147
R0000306,A0000310,C002184,77214.28,PAID,51
R0000307,A0003488,C002271,133451.89,PARTIAL,158
R0000308,A0001625,C001290,27854.81,BOUNCED,132
R0000309,A0001628,C002736,8454.65,BOUNCED,44
R0000310,A0004013,C001302,97313.75,PARTIAL,138
R0000311,A0000840,C002943,120619.44,DUE,163
R0000312,A0001643,C002472,78865.02,DUE,59
R0000313,A0000625,C002648,45697.5,PARTIAL,126
R0000314,A0001660,C003274,61529.02,PARTIAL,103
R0000315,A0000737,C003322,72525.89,PARTIAL,58
R0000316,A0000691,C000245,114299.17,PARTIAL,8
R0000317,A0000246,C002819,122253.66,PAID,149
R0000318,A0002214,C001037,52388.2,PAID,137
R0000319,A0000659,C003028,99639.81,DUE,138
R0000320,A0001163,C000477,51473.32,BOUNCED,26
R0000321,A0000622,C000296,121167.41,DUE,166
R0000322,A0000847,C002534,5929.44,PAID,34
R0000323,A0002430,C003190,128675.55,PAID,95
R0000324,A0003035,C003361,143095.68,PARTIAL,100
R0000325,A0001914,C003172,132690.2,DUE,46
R0000326,A0001252,C001302,145752.1,DUE,8
R0000327,A0003195,C002460,35937.26,DUE,89
R0000328,A0003699,C001155,63405.22,BOUNCED,151
R0000329,A0003818,C003274,85497.37,PAID,22
R0000330,A0000368,C000446,65602.26,PARTIAL,76
R0000331,A0001729,C002144,74770.25,PAID,128
R0000332,A0003873,C002263,37750.45,PARTIAL,104
R0000333,A0000579,C000263,26151.95,DUE,37
R0000334,A0001403,C000311,37369.06,PARTIAL,65
R0000335,A0004600,C000029,83629.13,DUE,29
R0000336,A0003698,C002056,23163.38,PAID,138
R0000337,A0000586,C000621,86674.79,DUE,175
R0000338,A0004141,C003461,46185.16,DUE,174
R0000339,A0002660,C001763,139468.01,PARTIAL,65
R0000340,A0001252,C001302,7501.29,PAID,101
R0000341,A0004132,C000622,8941.06,DUE,163
R0000342,A0002327,C001820,77819.36,BOUNCED,75
R0000343,A0003353,C001667,73031.92,PARTIAL,116
R0000344,A0001306,C000466,27976.36,PAID,0
R0000345,A0004199,C002892,35222.27,PARTIAL,77
R0000346,A0003673,C003103,35757.26,PARTIAL,119
R0000347,A0003491,C001346,77911.23,DUE,154
R0000348,A0004160,C000508,72005.26,PARTIAL,154
R0000349,A0002812,C002773,42540.1,PARTIAL,130
R0000350,A0004290,C001469,31898.79,DUE,150
R0000351,A0003123,C001693,30907.89,BOUNCED,132
R0000352,A0002496,C001624,127055.66,DUE,10
R0000353,A0000378,C000689,19655.13,DUE,171
R0000354,A0000667,C003297,11093.23,DUE,15
R0000355,A0004171,C000014,100859.12,PARTIAL,63
R0000356,A0004284,C000751,98919.99,BOUNCED,3
R0000357,A0001454,C003226,79043.25,PARTIAL,92
R0000358,A0002817,C000511,37251.79,PARTIAL,132
R0000359,A0001859,C003235,65046.43,BOUNCED,158
R0000360,A0000418,C000707,36534.38,PARTIAL,70
R0000361,A0003028,C002601,89467.41,DUE,158
R0000362,A0002904,C002504,10765.45,DUE,122
R0000363,A0001625,C001290,39861.26,BOUNCED,136
R0000364,A0001861,C001700,10585.56,PAID,120
R0000365,A0002283,C000123,18093.21,PAID,19
R0000366,A0003827,C002505,78489.26,BOUNCED,65
R0000367,A0004307,C002924,106934.65,BOUNCED,149
R0000368,A0001405,C002651,137789.95,BOUNCED,176
R0000369,A0004906,C001780,90836.29,BOUNCED,111
R0000370,A0001621,C002328,125354.22,DUE,132
R0000371,A0001272,C003133,93163.5,BOUNCED,176
R0000372,A0002740,C002312,17559.23,DUE,8
R0000373,A0001058,C001506,57140.55,PAID,21
R0000374,A0001248,C000139,67036.97,DUE,7
R0000375,A0002434,C000837,71165.43,PARTIAL,112
R0000376,A0000428,C003053,6115.1,PAID,71
R0000377,A0001315,C000919,144870.0,PAID,75
R0000378,A0004822,C001667,141053.3,DUE,68
R0000379,A0000626,C002521,8686.83,PARTIAL,154
R0000380,A0003384,C002500,77821.94,BOUNCED,149
R0000381,A0003296,C000803,147180.33,PAID,34
R0000382,A0003352,C003395,32208.29,PAID,29
R0000383,A0001470,C003283,65313.93,BOUNCED,166
R0000384,A0004279,C000337,63609.95,PARTIAL,26
R0000385,A0004493,C002928,31619.54,PAID,140
R0000386,A0000063,C002691,3517.0,BOUNCED,11
R0000387,A0002603,C000304,43434.65,BOUNCED,61
R0000388,A0003523,C000606,136256.62,PAID,28
R0000389,A0003607,C001428,80440.85,PARTIAL,88
R0000390,A0003365,C002526,127620.75,DUE,109
R0000391,A0001718,C002130,58764.28,PARTIAL,70
R0000392,A0000004,C000318,121176.88,PAID,47
R0000393,A0002873,C001493,66382.06,BOUNCED,146
R0000394,A0004619,C000691,97635.91,PARTIAL,108
R0000395,A0000317,C000096,138765.42,PAID,102
R0000396,A0001144,C002113,42817.69,DUE,51
R0000397,A0002406,C001202,72725.59,PAID,56
R0000398,A0002462,C000253,119175.82,PAID,52
R0000399,A0001349,C003196,105336.79,DUE,112
R0000400,A0000653,C000377,113588.43,PAID,107
R0000401,A0003356,C001833,10413.67,PAID,152
R0000402,A0000206,C002797,38249.59,PARTIAL,145
R0000403,A0004723,C001819,12829.74,PARTIAL,16
R0000404,A0002310,C001907,97468.33,BOUNCED,151
R0000405,A0002173,C002289,7685.76,BOUNCED,54
R0000406,A0002874,C001832,12026.87,BOUNCED,109
R0000407,A0002915,C000232,10046.73,PARTIAL,122
R0000408,A0000771,C000649,101817.56,PAID,114
R0000409,A0003107,C002810,128966.24,PARTIAL,128
R0000410,A0004155,C001589,85489.61,BOUNCED,142
R0000411,A0004615,C003439,24063.92,PARTIAL,76
R0000412,A0000863,C000061,33678.49,BOUNCED,166
R0000413,A0002115,C000926,126061.54,DUE,88
R0000414,A0000047,C000032,55268.61,PAID,96
R0000415,A0003808,C001363,38156.03,PARTIAL,92
R0000416,A0002800,C001395,98856.28,PARTIAL,88
R0000417,A0001138,C002736,137463.82,DUE,101
R0000418,A0004665,C002054,44083.47,BOUNCED,40
R0000419,A0004770,C002389,123584.19,PAID,117
R0000420,A0000202,C002463,129203.46,PAID,160
R0000421,A0003288,C002028,5645.76,PAID,55
R0000422,A0002058,C000297,51541.29,DUE,43
R0000423,A0000758,C002260,115117.44,BOUNCED,128
R0000424,A0002392,C003019,35806.68,PAID,148
R0000425,A0000938,C002012,76958.95,PARTIAL,110
R0000426,A0002745,C001234,119799.72,PAID,158
R0000427,A0000680,C003005,127226.95,DUE,177
R0000428,A0004999,C000787,48142.66,BOUNCED,105
R0000429,A0003254,C003046,6694.48,PAID,135
R0000430,A0000198,C001537,20649.39,BOUNCED,157
R0000431,A0004540,C001526,32346.58,PAID,80
R0000432,A0001367,C003339,101698.43,PARTIAL,94
R0000433,A0000172,C000667,116604.43,PAID,1
R0000434,A0002030,C003147,9051.61,BOUNCED,137
R0000435,A0003342,C003210,142319.44,DUE,128
R0000436,A0002964,C002035,15007.53,PAID,118
R0000437,A0002027,C001886,84265.56,PARTIAL,0
R0000438,A0002003,C002408,84693.68,PARTIAL,51
R0000439,A0001227,C001808,89781.19,BOUNCED,60
R0000440,A0002698,C000806,11598.84,PARTIAL,152
R0000441,A0002481,C003197,77942.61,DUE,145
R0000442,A0004842,C001857,140949.35,DUE,167
R0000443,A0003525,C000334,105769.72,PARTIAL,113
R0000444,A0004040,C002006,49412.65,DUE,101
R0000445,A0004479,C000806,16403.07,DUE,45
R0000446,A0002010,C001604,22620.1,PAID,112
R0000447,A0004899,C002189,129987.35,PARTIAL,8
R0000448,A0001123,C002669,14130.42,PARTIAL,42
R0000449,A0002585,C001071,128621.91,PARTIAL,67
R0000450,A0004237,C000890,67383.61,PAID,48
R0000451,A0003158,C001228,42315.64,DUE,84
R0000452,A0004239,C002204,104978.77,DUE,122
R0000453,A0001113,C002313,30389.26,DUE,68
R0000454,A0003776,C002584,5098.21,BOUNCED,4
R0000455,A0004315,C002121,58012.18,BOUNCED,106
R0000456,A0003914,C000322,76787.08,PAID,102
R0000457,A0000904,C002043,99274.39,DUE,105
R0000458,A0004255,C001645,46928.92,PARTIAL,76
R0000459,A0001212,C002791,102292.78,PAID,96
R0000460,A0003269,C000882,60363.77,PARTIAL,66
R0000461,A0003824,C000612,71435.89,PARTIAL,117
R0000462,A0004894,C000721,148837.97,DUE,109
R0000463,A0004136,C001189,78515.58,DUE,32
R0000464,A0000561,C002858,87538.34,BOUNCED,73
R0000465,A0004653,C001425,6711.33,PAID,150
R0000466,A0001083,C000928,59532.89,DUE,85
R0000467,A0000585,C002938,130687.85,DUE,45
R0000468,A0003743,C001784,124078.28,PAID,56
R0000469,A0001126,C002366,29181.61,PARTIAL,108
R0000470,A0001377,C001425,58973.61,PARTIAL,168
R0000471,A0001628,C002736,617.39,DUE,167
R0000472,A0001894,C001436,17273.0,BOUNCED,77
R0000473,A0003969,C003445,146192.46,PARTIAL,91
R0000474,A0002530,C000317,95103.65,BOUNCED,129
R0000475,A0003048,C002478,35130.15,DUE,90
R0000476,A0001850,C002724,66467.99,BOUNCED,138
R0000477,A0001445,C003499,29958.88,PARTIAL,48
R0000478,A0004467,C002327,73130.78,PARTIAL,33
R0000479,A0000817,C001817,48089.76,DUE,69
R0000480,A0001048,C002947,137504.69,DUE,143
R0000481,A0002851,C001304,119234.32,BOUNCED,174
R0000482,A0001832,C002941,90874.68,PARTIAL,178
R0000483,A0001336,C001404,101972.29,PARTIAL,132
R0000484,A0003647,C001259,85950.85,PAID,84
R0000485,A0000076,C001302,143652.88,PARTIAL,160
R0000486,A0002751,C000943,5396.0,PAID,77
R0000487,A0001486,C002883,78282.15,PAID,47
R0000488,A0003880,C001350,146197.61,PAID,57
R0000489,A0003199,C000323,101086.45,BOUNCED,116
R0000490,A0003827,C002505,5783.88,BOUNCED,59
R0000491,A0002540,C002720,139377.15,BOUNCED,60
R0000492,A0000882,C000509,140992.65,PARTIAL,5
R0000493,A0000793,C002626,42925.88,PARTIAL,1
R0000494,A0002139,C003073,132706.02,PAID,131
R0000495,A0002079,C000211,83025.39,PARTIAL,108
R0000496,A0004404,C000852,39319.09,DUE,2
R0000497,A0004102,C000645,99924.83,PARTIAL,72
R0000498,A0002788,C000713,34115.06,PARTIAL,166
R0000499,A0002663,C001052,144561.56,BOUNCED,110
R0000500,A0004546,C001771,41746.26,BOUNCED,76
R0000501,A0001648,C002739,20213.3,PARTIAL,47
R0000502,A0003428,C003387,56593.52,PAID,27
R0000503,A0000573,C000516,44251.45,PAID,173
R0000504,A0004642,C001260,53074.08,BOUNCED,57
R0000505,A0002547,C001300,33554.43,PARTIAL,102
R0000506,A0001258,C002489,9025.92,DUE,76
R0000507,A0003669,C000859,127008.35,DUE,79
R0000508,A0000219,C001568,117235.73,PAID,11
R0000509,A0000888,C000037,48000.03,BOUNCED,42
R0000510,A0002461,C001727,98216.34,DUE,36
R0000511,A0001564,C002708,37577.17,PAID,37
R0000512,A0004320,C001945,111115.0,PARTIAL,102
R0000513,A0003328,C000568,8383.78,PARTIAL,143
R0000514,A0003450,C000507,132207.4,BOUNCED,114
R0000515,A0002634,C002295,105986.93,PAID,3
R0000516,A0003510,C001143,12590.51,PAID,48
R0000517,A0001640,C001613,142462.08,PAID,173
R0000518,A0002357,C000942,20944.58,DUE,117
R0000519,A0002303,C000651,7459.41,BOUNCED,103
R0000520,A0002514,C003398,88980.42,DUE,50
R0000521,A0004410,C002249,103787.23,PAID,164
R0000522,A0000573,C000516,97565.04,PAID,64
R0000523,A0001937,C000382,114068.56,PARTIAL,126
R0000524,A0004012,C001756,148970.84,PAID,133
R0000525,A0003831,C003399,105412.77,PAID,144
R0000526,A0002230,C001152,70877.98,BOUNCED,20
R0000527,A0002322,C002986,125541.72,PAID,161
R0000528,A0000760,C002475,147478.45,PAID,26
R0000529,A0002213,C000970,129494.22,PAID,56
R0000530,A0004008,C002368,82708.58,PARTIAL,7
R0000531,A0003626,C003069,95234.73,DUE,147
R0000532,A0000198,C001537,71439.26,PARTIAL,10
R0000533,A0001191,C002626,83127.45,PARTIAL,17
R0000534,A0000268,C002042,21778.3,BOUNCED,140
R0000535,A0001358,C000135,142369.18,PARTIAL,164
R0000536,A0000796,C002510,61594.35,BOUNCED,121
R0000537,A0000836,C001444,13429.61,PAID,2
R0000538,A0003203,C000567,93243.23,DUE,112
R0000539,A0003500,C001913,94412.18,PARTIAL,42
R0000540,A0000056,C002525,53084.41,PARTIAL,140
R0000541,A0004212,C000935,137207.6,DUE,80
R0000542,A0004774,C002448,2126.42,PAID,83
R0000543,A0002180,C002541,23993.78,PARTIAL,148
R0000544,A0002162,C001537,129423.44,PARTIAL,39
R0000545,A0001764,C002372,73705.93,PARTIAL,152
R0000546,A0004692,C002823,20168.47,BOUNCED,95
R0000547,A0002931,C002542,99170.83,PARTIAL,141
R0000548,A0002413,C002345,148794.38,PAID,157
R0000549,A0004484,C001681,129414.1,BOUNCED,107
R0000550,A0000902,C002378,80941.57,PARTIAL,16
R0000551,A0004220,C000746,86363.35,PARTIAL,53
R0000552,A0003430,C002242,87561.0,PARTIAL,167
R0000553,A0003814,C000680,33802.23,PAID,30
R0000554,A0004026,C003066,70127.88,BOUNCED,175
R0000555,A0004667,C000281,6315.45,BOUNCED,149
R0000556,A0004916,C001595,97115.55,PAID,117
R0000557,A0000168,C000805,40291.54,PAID,168
R0000558,A0003669,C000939,123726.97,BOUNCED,108
R0000559,A0002329,C000592,6110.38,BOUNCED,148
R0000560,A0001027,C003068,99575.05,BOUNCED,133
R0000561,A0002906,C000081,38547.45,DUE,75
R0000562,A0003990,C002967,106820.46,PARTIAL,152
R0000563,A0004966,C003259,66658.33,BOUNCED,2
R0000564,A0001449,C002118,136340.59,BOUNCED,93
R0000565,A0004820,C000894,16446.92,DUE,36
R0000566,A0001745,C000370,138336.08,PAID,168
R0000567,A0004289,C000207,117789.85,BOUNCED,19
R0000568,A0000633,C002246,125404.78,PARTIAL,83
R0000569,A0003153,C002303,17633.69,PAID,27
R0000570,A0004979,C000127,97161.68,BOUNCED,15
R0000571,A0002342,C001093,23820.55,PARTIAL,157
R0000572,A0003728,C002994,147369.17,PAID,150
R0000573,A0001819,C002412,142080.77,PARTIAL,16
R0000574,A0000008,C001669,29897.45,PARTIAL,0
R0000575,A0004996,C002570,82281.9,DUE,80
R0000576,A0000077,C001138,16909.31,BOUNCED,10
R0000577,A0000470,C002019,9844.21,BOUNCED,0
R0000578,A0004847,C000175,78784.13,PAID,141
R0000579,A0000051,C001211,137030.83,PAID,25
R0000580,A0004089,C000833,147245.02,PARTIAL,114
R0000581,A0003005,C000552,66354.72,PARTIAL,168
R0000582,A0001904,C001728,135259.36,BOUNCED,174
R0000583,A0000794,C003110,110536.03,DUE,54
R0000584,A0000354,C001313,33370.73,PAID,100
R0000585,A0001467,C002277,148799.77,DUE,152
R0000586,A0001130,C001837,105456.24,DUE,44
R0000587,A0002839,C000588,27914.19,PARTIAL,145
R0000588,A0002444,C001717,75912.71,DUE,147
R0000589,A0003386,C001310,137038.22,PAID,17
R0000590,A0004452,C002358,99418.04,BOUNCED,56
R0000591,A0002145,C000438,77414.29,BOUNCED,14
R0000592,A0000899,C001524,96660.53,PARTIAL,49
R0000593,A0004354,C002045,78828.36,BOUNCED,135
R0000594,A0002834,C003369,15357.81,BOUNCED,51
R0000595,A0001532,C002869,114187.97,DUE,38
R0000596,A0004716,C001308,27511.14,PARTIAL,157
R0000597,A0003840,C001723,123452.15,BOUNCED,9
R0000598,A0000461,C001862,95890.83,PARTIAL,169
R0000599,A0004083,C001509,32074.68,BOUNCED,116
R0000600,A0003170,C002003,139802.24,BOUNCED,39
R0000601,A0003057,C001952,138552.64,PAID,173
R0000602,A0000914,C000888,127787.93,BOUNCED,136
R0000603,A0000799,C002927,129644.44,PAID,116
R0000604,A0002036,C001421,76381.61,BOUNCED,65
R0000605,A0003644,C000380,15702.8,PARTIAL,42
R0000606,A0004892,C001726,986.32,BOUNCED,91
R0000607,A0003460,C001066,46839.98,PAID,24
R0000608,A0004225,C001955,24463.83,PARTIAL,36
R0000609,A0004493,C002928,39853.79,DUE,25
R0000610,A0002800,C001395,99198.49,DUE,49
R0000611,A0004854,C001456,48418.54,DUE,21
R0000612,A0001835,C003444,85191.87,PARTIAL,175
R0000613,A0000255,C002493,113815.85,PAID,166
R0000614,A0000745,C002265,85152.5,BOUNCED,88
R0000615,A0004272,C001713,34422.44,PARTIAL,180
R0000616,A0001344,C000596,74838.44,PAID,117
R0000617,A0002748,C001505,115680.22,DUE,145
R0000618,A0003020,C001460,32172.15,PARTIAL,88
R0000619,A0003215,C002780,13794.0,PAID,15
R0000620,A0001684,C002551,76376.6,DUE,131
R0000621,A0000080,C002578,2146.87,PARTIAL,103
R0000622,A0000571,C001899,141855.76,PARTIAL,174
R0000623,A0004467,C002327,109325.93,BOUNCED,150
R0000624,A0003391,C001081,30912.79,BOUNCED,23
R0000625,A0002647,C001923,51105.43,BOUNCED,133
R0000626,A0003155,C001713,118768.44,BOUNCED,25
R0000627,A0004688,C001457,148833.77,PAID,66
R0000628,A0000191,C003296,77007.76,PAID,7
R0000629,A0002533,C001960,104627.66,PAID,12
R0000630,A0002233,C000367,132404.94,PARTIAL,145
R0000631,A0002137,C000088,16077.95,PAID,5
R0000632,A0004904,C001432,33946.44,DUE,170
R0000633,A0004053,C001240,34576.89,DUE,3
R0000634,A0003521,C002535,704.13,BOUNCED,1
R0000635,A0001717,C000314,91785.91,BOUNCED,30
R0000636,A0001977,C003294,30951.2,PARTIAL,158
R0000637,A0002494,C000093,110747.66,PARTIAL,164
R0000638,A0002412,C002288,2480.35,PARTIAL,88
R0000639,A0003939,C000211,114384.81,BOUNCED,138
R0000640,A0002025,C000767,61757.97,PARTIAL,0
R0000641,A0000573,C000516,6506.13,DUE,118
R0000642,A0002373,C001616,118712.5,PAID,24
R0000643,A0003359,C002211,142502.58,DUE,154
R0000644,A0004787,C001381,46661.96,DUE,66
R0000645,A0004437,C003259,94022.45,BOUNCED,176
R0000646,A0003938,C003130,42482.88,PARTIAL,38
R0000647,A0004233,C001661,18014.02,DUE,60
R0000648,A0004751,C001860,102704.02,BOUNCED,7
R0000649,A0002343,C001259,18206.54,PARTIAL,163
R0000650,A0000025,C002085,88787.87,PAID,34
R0000651,A0001734,C002510,144172.2,BOUNCED,156
R0000652,A0002573,C003309,69997.99,PAID,104
R0000653,A0003472,C000630,144643.55,PAID,75
R0000654,A0002404,C001227,105732.26,DUE,14
R0000655,A0004841,C003020,89423.71,DUE,180
R0000656,A0000583,C003119,53713.52,DUE,160
R0000657,A0000952,C002747,14498.98,DUE,180
R0000658,A0003904,C001345,115839.11,PAID,151
R0000659,A0003183,C000807,122573.84,PAID,42
R0000660,A0001527,C001793,36067.21,DUE,30
R0000661,A0004413,C002587,72540.8,DUE,114
R0000662,A0004266,C001286,131078.74,PAID,64
R0000663,A0003378,C003418,98198.93,PARTIAL,162
R0000664,A0002038,C002547,35608.71,DUE,5
R0000665,A0001430,C003304,109439.42,BOUNCED,111
R0000666,A0004980,C002505,82671.11,DUE,17
R0000667,A0001621,C002328,134405.19,PARTIAL,47
R0000668,A0000551,C000998,13116.69,PAID,81
R0000669,A0002101,C002095,129934.91,PARTIAL,119
R0000670,A0000413,C003336,144242.8,DUE,170
R0000671,A0003334,C003284,95481.34,BOUNCED,146
R0000672,A0001523,C001262,124668.58,PAID,168
R0000673,A0004749,C002842,37096.18,PARTIAL,92
R0000674,A0003552,C002084,33259.06,PARTIAL,26
R0000675,A0003713,C000454,67600.91,BOUNCED,112
R0000676,A0003001,C003129,73777.49,BOUNCED,142
R0000677,A0001198,C000145,19139.77,PAID,171
R0000678,A0000062,C002995,140725.22,PARTIAL,149
R0000679,A0000358,C000436,69094.79,PAID,106
R0000680,A0004848,C000121,105370.34,PARTIAL,121
R0000681,A0000529,C003422,121611.58,DUE,28
R0000682,A0001321,C003234,137493.43,PAID,125
R0000683,A0000287,C003342,46057.72,DUE,157
R0000684,A0001176,C003133,75419.36,PARTIAL,82
R0000685,A0002439,C002395,105154.74,PAID,92
R0000686,A0004895,C000679,58809.35,BOUNCED,15
R0000687,A0002480,C001207,139963.08,PARTIAL,43
R0000688,A0000268,C002042,12431.89,PAID,178
R0000689,A0002219,C001916,61752.21,BOUNCED,112
R0000690,A0000247,C000189,63787.09,PARTIAL,59
R0000691,A0004776,C000807,8846.7,DUE,72
R0000692,A0000433,C002670,50344.46,PAID,133
R0000693,A0002805,C002545,94839.14,PAID,110
R0000694,A0003653,C002564,103974.17,PARTIAL,122
R0000695,A0003487,C000431,138165.22,DUE,154
R0000696,A0002869,C001279,89840.6,PAID,56
R0000697,A0001191,C002626,109749.91,PARTIAL,21
R0000698,A0004572,C002707,77009.27,BOUNCED,139
R0000699,A0002104,C000880,98839.56,BOUNCED,152
R0000700,A0003251,C002165,5619.23,PARTIAL,1
R0000701,A0004601,C001016,12005.04,PAID,141
R0000702,A0002112,C001082,104008.08,PARTIAL,60
R0000703,A0004699,C002463,102819.69,PARTIAL,105
R0000704,A0003134,C000565,63667.85,PARTIAL,42
R0000705,A0002261,C000323,100781.27,DUE,47
R0000706,A0004744,C002294,78551.65,DUE,56
R0000707,A0001536,C002433,70606.53,PAID,131
R0000708,A0004217,C002565,122378.63,BOUNCED,0
R0000709,A0004797,C000659,31199.22,BOUNCED,165
R0000710,A0003043,C002596,116453.03,DUE,143
R0000711,A0002891,C001277,79454.07,BOUNCED,0
R0000712,A0000850,C000095,71242.79,PARTIAL,126
R0000713,A0003963,C002608,69450.98,PARTIAL,18
R0000714,A0002353,C001861,69073.22,BOUNCED,65
R0000715,A0001357,C000419,111128.97,DUE,61
R0000716,A0001492,C000885,126262.4,BOUNCED,68
R0000717,A0004371,C002242,124841.34,PARTIAL,41
R0000718,A0003337,C002262,121955.34,PARTIAL,160
R0000719,A0004150,C001453,101663.92,PARTIAL,0
R0000720,A0003511,C001955,67927.83,DUE,138
R0000721,A0004847,C000175,30851.98,PARTIAL,121
R0000722,A0004863,C002411,94285.02,PARTIAL,72
R0000723,A0002069,C001108,47042.73,DUE,68
R0000724,A0004416,C003477,28460.16,BOUNCED,50
R0000725,A0004522,C003295,9543.02,DUE,166
R0000726,A0001800,C000750,47497.07,DUE,7
R0000727,A0001076,C003274,6137.68,BOUNCED,150
R0000728,A0003271,C002548,87799.92,PAID,129
R0000729,A0003938,C003130,36628.47,PAID,66
R0000730,A0004017,C002062,94596.24,DUE,85
R0000731,A0001343,C001418,83403.14,PAID,176
R0000732,A0003049,C003364,72717.9,PAID,7
R0000733,A0002135,C001338,146863.41,PAID,180
R0000734,A0002609,C001056,113949.58,BOUNCED,136
R0000735,A0003124,C001538,93197.53,PARTIAL,56
R0000736,A0000415,C001023,67555.92,BOUNCED,63
R0000737,A0000889,C001411,26581.1,PARTIAL,40
R0000738,A0004462,C002368,138150.06,BOUNCED,163
R0000739,A0003166,C000774,42293.82,PAID,134
R0000740,A0003505,C002562,140102.74,PARTIAL,93
R0000741,A0004283,C002978,35013.34,DUE,154
R0000742,A0003200,C001638,131031.27,PAID,152
R0000743,A0001531,C002608,63967.34,PARTIAL,77
R0000744,A0000720,C001605,97061.4,PARTIAL,134
R0000745,A0004113,C002230,146682.76,BOUNCED,103
R0000746,A0002159,C002098,108944.25,PARTIAL,99
R0000747,A0001312,C000594,117008.64,BOUNCED,144
R0000748,A0004643,C001049,128325.23,DUE,48
R0000749,A0000333,C002419,70884.68,PAID,86
R0000750,A0004716,C001308,70100.56,PARTIAL,19
R0000751,A0004017,C002062,70524.7,PAID,136
R0000752,A0004189,C003399,107774.93,BOUNCED,11
R0000753,A0003498,C000377,11440.01,PAID,29
R0000754,A0003877,C000311,56023.71,BOUNCED,160
R0000755,A0000515,C000245,106066.45,BOUNCED,68
R0000756,A0004139,C000667,87969.68,PARTIAL,103
R0000757,A0002413,C002345,54305.57,DUE,26
R0000758,A0001658,C001167,141998.56,DUE,59
R0000759,A0001873,C002886,69143.84,BOUNCED,152
R0000760,A0004482,C002014,102256.78,BOUNCED,23
R0000761,A0001802,C002535,93270.06,DUE,174
R0000762,A0003624,C002966,137355.71,DUE,155
R0000763,A0003197,C002544,66915.02,DUE,154
R0000764,A0004463,C002444,133109.71,DUE,122
R0000765,A0000999,C000901,15247.66,PARTIAL,151
R0000766,A0003061,C001139,135314.76,PARTIAL,78
R0000767,A0004137,C002464,90521.57,PAID,99
R0000768,A0004079,C000502,113454.97,PAID,81
R0000769,A0003665,C002506,21168.58,PAID,160
R0000770,A0001150,C002590,6841.14,BOUNCED,115
R0000771,A0004124,C000139,73308.81,PAID,147
R0000772,A0000518,C003040,138796.89,BOUNCED,0
R0000773,A0001222,C001369,10858.3,BOUNCED,122
R0000774,A0002928,C002900,29666.49,BOUNCED,47
R0000775,A0000774,C001576,9921.12,PAID,6
R0000776,A0001667,C002484,46892.08,PAID,43
R0000777,A0001405,C002651,116198.45,BOUNCED,165
R0000778,A0000783,C001772,63690.78,DUE,45
R0000779,A0001588,C000407,63461.44,DUE,39
R0000780,A0003230,C001841,34309.92,BOUNCED,82
R0000781,A0004871,C000518,31701.39,DUE,24
R0000782,A0001565,C002309,31376.92,DUE,172
R0000783,A0003201,C002844,68832.45,BOUNCED,4
R0000784,A0002678,C000571,38452.63,BOUNCED,64
R0000785,A0003601,C002890,36692.07,DUE,4
R0000786,A0001519,C000376,101814.68,PAID,15
R0000787,A0003039,C003252,35603.56,BOUNCED,29
R0000788,A0001558,C002744,78108.76,BOUNCED,157
R0000789,A0003572,C003342,139478.53,PARTIAL,72
R0000790,A0004761,C001166,33480.39,BOUNCED,110
R0000791,A0003014,C002089,68915.84,PAID,126
R0000792,A0004885,C001424,83324.97,PARTIAL,165
R0000793,A0003047,C002076,40526.14,BOUNCED,178
R0000794,A0002577,C001272,35559.44,DUE,79
R0000795,A0002709,C000554,113667.58,BOUNCED,137
R0000796,A0002290,C002516,16266.21,BOUNCED,53
R0000797,A0004501,C000897,63561.81,DUE,164
R0000798,A0003323,C002873,106019.12,BOUNCED,128
R0000799,A0001582,C003019,136304.93,DUE,84
R0000800,A0000769,C002670,3222.79,PAID,173
R0000801,A0002636,C002443,145110.86,DUE,157
R0000802,A0004806,C003332,140068.39,PARTIAL,117
R0000803,A0004235,C002084,121112.21,PAID,86
R0000804,A0001532,C002869,111073.57,DUE,80
R0000805,A0003718,C002102,92003.94,PAID,45
R0000806,A0000071,C001470,102632.77,PARTIAL,130
R0000807,A0002156,C001474,27928.38,BOUNCED,72
R0000808,A0000013,C003383,87898.58,PARTIAL,7
R0000809,A0002293,C002282,44166.55,BOUNCED,54
R0000810,A0000643,C002000,60351.78,BOUNCED,93
R0000811,A0002103,C000112,146950.05,PARTIAL,136
R0000812,A0000130,C001394,107349.7,DUE,176
R0000813,A0001730,C001033,46961.16,DUE,151
R0000814,A0000091,C001639,128213.39,PAID,153
R0000815,A0004722,C002572,29168.38,PAID,59
R0000816,A0003789,C002084,37515.42,PARTIAL,99
R0000817,A0003448,C000659,60231.97,DUE,74
R0000818,A0003154,C001104,48608.85,DUE,48
R0000819,A0000052,C001668,139214.44,DUE,91
R0000820,A0003919,C002142,118163.36,PARTIAL,45
R0000821,A0001402,C001704,79716.61,DUE,65
R0000822,A0004419,C001189,121304.95,PAID,164
R0000823,A0004136,C001189,68659.04,PARTIAL,74
R0000824,A0002792,C002807,11543.7,PARTIAL,130
R0000825,A0003641,C000257,47510.12,PARTIAL,46
R0000826,A0003345,C001549,7744.9,DUE,97
R0000827,A0002282,C001627,75478.56,PARTIAL,3
R0000828,A0003166,C000774,79450.42,PARTIAL,142
R0000829,A0002358,C002123,25317.11,BOUNCED,106
R0000830,A0000525,C002632,121423.46,PARTIAL,78
R0000831,A0000468,C003392,1219.53,DUE,57
R0000832,A0002879,C002803,42946.26,PARTIAL,42
R0000833,A0003395,C002798,55193.39,PAID,134
R0000834,A0002319,C002023,4528.62,DUE,23
R0000835,A0000253,C003416,81547.04,PAID,7
R0000836,A0003497,C000759,96516.21,DUE,71
R0000837,A0000101,C003420,66150.14,BOUNCED,49
R0000838,A0001022,C000243,145778.25,DUE,163
R0000839,A0004274,C001959,102505.36,PAID,156
R0000840,A0004912,C001207,108040.15,DUE,103
R0000841,A0000987,C000804,124063.54,BOUNCED,103
R0000842,A0002905,C001031,53953.09,BOUNCED,151
R0000843,A0002926,C002592,72654.64,BOUNCED,53
R0000844,A0004791,C000404,57166.38,PARTIAL,6
R0000845,A0000289,C000904,94461.24,PAID,44
R0000846,A0003822,C000186,17363.31,DUE,129
R0000847,A0002199,C002877,72167.14,DUE,162
R0000848,A0004370,C003187,39980.31,PARTIAL,17
R0000849,A0000641,C001852,73560.14,DUE,151
R0000850,A0001434,C000216,29085.92,PARTIAL,125
R0000851,A0002937,C001785,107707.26,BOUNCED,107
R0000852,A0004452,C000204,35596.51,DUE,3
R0000853,A0003340,C001573,136010.17,BOUNCED,109
R0000854,A0001649,C002995,113021.92,PAID,162
R0000855,A0003785,C001798,79928.1,DUE,138
R0000856,A0003591,C000269,130755.93,BOUNCED,65
R0000857,A0004871,C000518,38626.43,PAID,133
R0000858,A0000169,C002108,147735.27,BOUNCED,159
R0000859,A0004459,C000217,122475.62,PAID,25
R0000860,A0001121,C003483,108871.54,DUE,5
R0000861,A0000955,C002622,63935.02,DUE,126
R0000862,A0003112,C001155,67082.96,BOUNCED,48
R0000863,A0002888,C002874,47571.76,BOUNCED,54
R0000864,A0002722,C001969,74660.63,PAID,154
R0000865,A0002782,C001798,104511.6,BOUNCED,3
R0000866,A0000474,C000597,23352.72,PARTIAL,88
R0000867,A0003623,C001743,136066.59,PARTIAL,88
R0000868,A0004557,C002102,140034.79,PAID,56
R0000869,A0000256,C002386,33215.57,PARTIAL,13
R0000870,A0002644,C001257,101850.02,BOUNCED,75
R0000871,A0003347,C002823,50920.04,DUE,131
R0000872,A0003893,C003118,123529.49,PARTIAL,61
R0000873,A0002188,C002026,123921.01,BOUNCED,75
R0000874,A0002249,C003361,127818.32,PAID,34
R0000875,A0003289,C001285,21770.22,BOUNCED,36
R0000876,A0000842,C002978,15349.8,BOUNCED,118
R0000877,A0000727,C000723,82096.21,PARTIAL,118
R0000878,A0001613,C001572,125011.91,DUE,114
R0000879,A0002080,C002503,63478.71,PARTIAL,69
R0000880,A0001166,C002141,65060.06,PAID,62
R0000881,A0003742,C000587,103061.47,PAID,13
R0000882,A0002226,C000502,26131.46,BOUNCED,49
R0000883,A0002937,C001785,121980.53,BOUNCED,126
R0000884,A0000951,C001904,129273.63,BOUNCED,146
R0000885,A0001854,C002661,129964.41,PARTIAL,22
R0000886,A0004719,C002410,136878.87,PAID,144
R0000887,A0002688,C002083,94861.41,PAID,108
R0000888,A0001586,C002225,52423.12,PARTIAL,137
R0000889,A0001922,C000377,86260.98,PAID,170
R0000890,A0004340,C002233,36407.5,PARTIAL,167
R0000891,A0002200,C002820,46445.34,PAID,150
R0000892,A0001958,C000738,62174.02,PAID,77
R0000893,A0004366,C001197,28607.79,BOUNCED,68
R0000894,A0003896,C000504,129170.76,DUE,146
R0000895,A0001078,C001753,79202.62,PARTIAL,17
R0000896,A0004416,C003477,26368.96,BOUNCED,7
R0000897,A0001231,C000862,134913.87,PARTIAL,133
R0000898,A0003162,C000033,48158.33,BOUNCED,147
R0000899,A0001946,C000476,119571.64,DUE,8
R0000900,A0000849,C003133,101612.99,PARTIAL,101
R0000901,A0002990,C003256,18417.27,PAID,138
R0000902,A0002045,C000727,59548.19,PAID,133
R0000903,A0003685,C002528,13590.27,PARTIAL,99
R0000904,A0001579,C002747,31727.83,BOUNCED,161
R0000905,A0000243,C002081,115647.8,PARTIAL,72
R0000906,A0000159,C001381,6766.0,DUE,112
R0000907,A0000439,C001386,47129.2,PARTIAL,41
R0000908,A0000652,C003139,49710.98,BOUNCED,144
R0000909,A0001595,C001021,67658.72,PAID,113
R0000910,A0002827,C003441,10803.85,DUE,76
R0000911,A0002216,C001078,93864.3,PAID,37
R0000912,A0001218,C001678,130285.7,PARTIAL,177
R0000913,A0000555,C001325,133712.28,BOUNCED,9
R0000914,A0004718,C002451,1549.26,PARTIAL,44
R0000915,A0000478,C001369,114738.32,BOUNCED,29
R0000916,A0003592,C002394,13160.74,DUE,158
R0000917,A0003977,C002734,118825.92,BOUNCED,162
R0000918,A0001962,C000893,100745.96,DUE,139
R0000919,A0003836,C003293,40396.0,DUE,73
R0000920,A0004261,C003027,87471.78,BOUNCED,76
R0000921,A0001185,C001480,111246.91,BOUNCED,65
R0000922,A0003433,C000757,117183.25,PAID,68
R0000923,A0002272,C000215,17498.82,BOUNCED,54
R0000924,A0002182,C003145,114227.47,PARTIAL,164
R0000925,A0003653,C002564,50888.32,PARTIAL,26
R0000926,A0000387,C000925,74395.53,PARTIAL,37
R0000927,A0002432,C003340,41358.96,BOUNCED,135
R0000928,A0003109,C002487,140282.33,BOUNCED,23
R0000929,A0003490,C003470,12512.24,PAID,67
R0000930,A0001922,C000377,10099.86,DUE,11
R0000931,A0004601,C001016,23315.57,PARTIAL,30
R0000932,A0002995,C001236,76250.5,PAID,103
R0000933,A0002304,C003482,89110.04,PARTIAL,145
R0000934,A0003528,C001525,87376.48,PAID,164
R0000935,A0003627,C001084,137104.45,PARTIAL,106
R0000936,A0000672,C002069,73561.23,BOUNCED,77
R0000937,A0001433,C003217,85876.29,PARTIAL,108
R0000938,A0000421,C002382,142185.67,BOUNCED,17
R0000939,A0004381,C000318,112490.99,DUE,24
R0000940,A0001388,C001670,19484.7,PARTIAL,91
R0000941,A0001106,C002833,40400.81,DUE,156
R0000942,A0004370,C003187,14428.75,DUE,11
R0000943,A0004969,C001721,62441.08,DUE,37
R0000944,A0004020,C003344,126009.7,PARTIAL,3
R0000945,A0002223,C002268,134912.42,PARTIAL,7
R0000946,A0002114,C003257,73616.73,PAID,72
R0000947,A0001120,C001230,127741.93,DUE,37
R0000948,A0003620,C003208,147843.25,BOUNCED,100
R0000949,A0000966,C002193,144190.34,DUE,163
R0000950,A0003738,C002503,58083.56,PAID,129
R0000951,A0004457,C000951,77899.73,DUE,22
R0000952,A0003878,C001453,107758.54,PAID,26
R0000953,A0001072,C002881,83096.56,PARTIAL,142
R0000954,A0004191,C001564,45759.78,BOUNCED,173
R0000955,A0002040,C000537,66928.01,PAID,104
R0000956,A0004986,C002172,124311.72,PAID,9
R0000957,A0002453,C002531,28492.47,DUE,107
R0000958,A0003047,C002076,53626.83,BOUNCED,12
R0000959,A0000351,C002305,9651.56,PARTIAL,105
R0000960,A0003908,C000579,101033.68,BOUNCED,98
R0000961,A0001135,C000079,72111.48,DUE,74
R0000962,A0004880,C000103,124724.21,DUE,23
R0000963,A0004080,C000474,80683.77,PARTIAL,161
R0000964,A0004457,C000951,120432.67,BOUNCED,96
R0000965,A0002765,C002517,21176.46,PAID,176
R0000966,A0003677,C002967,134289.11,PARTIAL,173
R0000967,A0004318,C002500,117436.95,BOUNCED,154
R0000968,A0002819,C002970,46904.13,PAID,87
R0000969,A0002101,C002095,39228.95,PARTIAL,66
R0000970,A0004172,C000937,82237.18,PARTIAL,53
R0000971,A0001563,C001097,70434.25,PARTIAL,70
R0000972,A0003517,C000036,137411.24,PARTIAL,141
R0000973,A0000603,C003154,28724.49,PAID,57
R0000974,A0003459,C001308,106963.58,DUE,31
R0000975,A0004508,C003304,103917.8,BOUNCED,29
R0000976,A0000899,C001524,131653.48,PAID,17
R0000977,A0000542,C002564,104079.89,DUE,59
R0000978,A0004710,C000736,92368.67,DUE,131
R0000979,A0002401,C002270,86807.33,BOUNCED,135
R0000980,A0003543,C001614,107047.08,PAID,178
R0000981,A0000108,C002933,16424.32,PARTIAL,28
R0000982,A0004932,C002022,135445.61,DUE,105
R0000983,A0000003,C001194,59579.52,PAID,148
R0000984,A0000519,C000707,88200.97,PAID,103
R0000985,A0004652,C000474,147902.02,PAID,114
R0000986,A0001046,C003247,11780.06,BOUNCED,121
R0000987,A0001850,C002724,54596.95,BOUNCED,38
R0000988,A0004076,C000628,120656.49,PARTIAL,135
R0000989,A0001533,C002841,58674.56,PARTIAL,62
R0000990,A0000886,C001293,109072.3,BOUNCED,150
R0000991,A0004420,C000754,104545.81,DUE,70
R0000992,A0001511,C000391,15505.01,PAID,137
R0000993,A0004355,C000426,77612.96,PARTIAL,2
R0000994,A0004138,C003021,146431.32,PAID,41
R0000995,A0003744,C002367,32446.91,BOUNCED,131
R0000996,A0004229,C000835,6923.73,PAID,78
R0000997,A0000738,C002862,5492.19,BOUNCED,74
R0000998,A0000700,C000791,98336.78,PAID,101
R0000999,A0001227,C001808,57724.58,PARTIAL,80
R0001000,A0003544,C001208,149482.08,BOUNCED,74
R0001001,A0004434,C000011,29100.32,PAID,176
R0001002,A0002235,C002095,12011.81,DUE,172
R0001003,A0003171,C000731,104194.61,PARTIAL,89
R0001004,A0001188,C000569,143438.12,PAID,56
R0001005,A0001526,C003016,45842.04,PAID,87
R0001006,A0003664,C002913,53684.92,PARTIAL,141
R0001007,A0001341,C000674,20535.35,PAID,167
R0001008,A0003232,C002868,44117.87,DUE,73
R0001009,A0004896,C000153,147506.82,PAID,122
R0001010,A0004745,C001710,149316.96,PARTIAL,62
R0001011,A0001710,C000509,29522.3,DUE,136
R0001012,A0002803,C002702,71548.58,DUE,119
R0001013,A0002180,C000042,97160.17,PAID,178
R0001014,A0001848,C001446,50817.91,BOUNCED,123
R0001015,A0004234,C001873,27286.69,PAID,94
R0001016,A0001799,C002357,69853.66,PAID,39
R0001017,A0002422,C001601,63558.48,PAID,131
R0001018,A0004397,C001166,76448.94,PAID,7
R0001019,A0004140,C000205,113487.22,BOUNCED,87
R0001020,A0000364,C003170,50199.86,DUE,52
R0001021,A0002568,C000130,29877.87,DUE,16
R0001022,A0000436,C000433,78996.06,DUE,178
R0001023,A0000800,C001722,138340.38,BOUNCED,127
R0001024,A0000542,C002564,33159.79,PAID,49
R0001025,A0003955,C001099,145902.66,BOUNCED,158
R0001026,A0003173,C002477,82310.49,PAID,164
R0001027,A0000063,C002691,84516.34,DUE,87
R0001028,A0004127,C002336,123490.36,DUE,3
R0001029,A0000333,C002419,77495.29,DUE,101
R0001030,A0001799,C002357,35393.63,DUE,1
R0001031,A0001048,C002947,50425.47,DUE,164
R0001032,A0003456,C001837,80339.36,PAID,119
R0001033,A0004919,C002647,118765.32,DUE,173
R0001034,A0004002,C003287,56659.25,PAID,22
R0001035,A0004147,C003060,105911.16,DUE,170
R0001036,A0004890,C000454,142569.42,BOUNCED,12
R0001037,A0000477,C002578,124152.93,PAID,1
R0001038,A0002673,C002378,10647.17,PARTIAL,102
R0001039,A0000010,C000767,3157.66,PARTIAL,59
R0001040,A0004062,C001645,140444.49,PAID,25
R0001041,A0004792,C001254,141043.45,PARTIAL,117
R0001042,A0001781,C002955,118248.86,BOUNCED,89
R0001043,A0001722,C002721,131434.19,DUE,154
R0001044,A0002623,C001314,62204.16,BOUNCED,122
R0001045,A0004408,C001589,134817.26,BOUNCED,162
R0001046,A0000919,C002309,24249.96,BOUNCED,106
R0001047,A0001608,C001514,57299.65,PARTIAL,83
R0001048,A0003695,C003034,68407.86,PARTIAL,134
R0001049,A0004370,C003187,136342.92,PARTIAL,176
R0001050,A0004359,C002981,113189.25,BOUNCED,150
R0001051,A0001642,C001613,56762.07,PAID,145
R0001052,A0003586,C003196,55721.46,PARTIAL,100
R0001053,A0002038,C002547,131277.81,BOUNCED,167
R0001054,A0004783,C002040,98408.4,PARTIAL,112
R0001055,A0000138,C001568,36513.81,PAID,56
R0001056,A0004123,C001162,138142.56,DUE,178
R0001057,A0001254,C000037,126735.15,BOUNCED,131
R0001058,A0003210,C001067,95537.74,BOUNCED,76
R0001059,A0001573,C000827,145347.71,DUE,130
R0001060,A0001583,C001189,53920.32,PARTIAL,12
R0001061,A0003157,C000614,71222.8,PARTIAL,169
R0001062,A0001778,C000100,92688.34,DUE,28
R0001063,A0004898,C002775,136238.71,BOUNCED,60
R0001064,A0001351,C001366,122881.54,PAID,49
R0001065,A0004879,C001216,93868.82,BOUNCED,140
R0001066,A0003397,C000195,18289.02,PAID,151
R0001067,A0004483,C000998,52162.44,PARTIAL,65
R0001068,A0003250,C000079,76345.94,PARTIAL,90
R0001069,A0004487,C002360,89992.65,PARTIAL,118
R0001070,A0004924,C003373,146677.97,PARTIAL,49
R0001071,A0004551,C003043,52504.3,BOUNCED,42
R0001072,A0002070,C002290,109812.72,DUE,120
R0001073,A0002828,C003258,97253.37,PARTIAL,95
R0001074,A0000093,C000938,29320.8,BOUNCED,138
R0001075,A0004366,C001197,69783.65,BOUNCED,165
R0001076,A0002809,C002117,12531.96,BOUNCED,145
R0001077,A0002464,C001591,92142.52,PAID,179
R0001078,A0003474,C002898,6376.0,BOUNCED,128
R0001079,A0000078,C001837,54046.85,PARTIAL,19
R0001080,A0002255,C002923,87021.9,BOUNCED,49
R0001081,A0002298,C000447,130040.44,PARTIAL,122
R0001082,A0001426,C002879,20421.76,BOUNCED,57
R0001083,A0003878,C001453,98924.42,DUE,107
R0001084,A0000008,C001669,97919.66,PARTIAL,43
R0001085,A0000190,C003039,71251.67,PARTIAL,34
R0001086,A0002660,C001763,83206.18,PARTIAL,18
R0001087,A0001498,C001391,12777.49,PAID,38
R0001088,A0002575,C001658,19608.62,PARTIAL,27
R0001089,A0003749,C002883,41767.21,BOUNCED,81
R0001090,A0001891,C000588,104296.24,PARTIAL,100
R0001091,A0002025,C000767,77895.32,DUE,176
R0001092,A0004202,C000828,2781.53,PAID,78
R0001093,A0000338,C001057,92476.45,BOUNCED,115
R0001094,A0002864,C001447,85021.83,DUE,15
R0001095,A0001951,C001728,145485.36,DUE,48
R0001096,A0004730,C001337,75069.58,PARTIAL,24
R0001097,A0003196,C000847,44950.46,PAID,121
R0001098,A0001269,C003398,141428.02,DUE,176
R0001099,A0000005,C000196,64498.26,DUE,167
R0001100,A0000276,C003415,132167.37,PAID,23
R0001101,A0000201,C002346,92239.96,PAID,79
R0001102,A0001524,C000696,47649.87,BOUNCED,150
R0001103,A0001370,C001519,93888.78,BOUNCED,4
R0001104,A0000354,C001313,77588.52,PARTIAL,13
R0001105,A0003728,C001612,99524.49,PARTIAL,131
R0001106,A0003589,C000091,102128.48,DUE,23
R0001107,A0002266,C002947,112473.66,DUE,97
R0001108,A0000503,C001999,46185.98,PAID,67
R0001109,A0002704,C002896,72529.93,PAID,168
R0001110,A0002194,C000657,107136.28,DUE,5
R0001111,A0003548,C000830,137025.98,PARTIAL,75
R0001112,A0001701,C000830,121613.61,PAID,137
R0001113,A0000023,C001741,143316.77,PAID,11
R0001114,A0004516,C000176,98564.79,BOUNCED,86
R0001115,A0004230,C000130,131441.39,PARTIAL,83
R0001116,A0004122,C000038,11436.04,PARTIAL,14
R0001117,A0004370,C003187,97380.05,DUE,39
R0001118,A0000450,C002541,14908.91,PARTIAL,53
R0001119,A0002574,C001853,137915.14,BOUNCED,65
R0001120,A0000218,C001889,18748.52,BOUNCED,30
R0001121,A0000122,C000308,125220.67,PAID,3
R0001122,A0004874,C001871,19639.96,PAID,44
R0001123,A0002477,C001839,88093.41,PARTIAL,96
R0001124,A0004974,C002629,133955.37,PAID,46
R0001125,A0001850,C002724,50971.65,DUE,119
R0001126,A0001019,C003464,114384.95,DUE,24
R0001127,A0002774,C002179,46161.77,PAID,67
R0001128,A0003651,C002020,106521.61,PAID,134
R0001129,A0001357,C000419,139607.3,PARTIAL,76
R0001130,A0004228,C000159,9059.36,DUE,148
R0001131,A0001716,C002907,27326.32,BOUNCED,140
R0001132,A0001814,C001206,25691.85,DUE,9
R0001133,A0002576,C001081,144633.58,PAID,143
R0001134,A0004146,C002324,70818.61,DUE,91
R0001135,A0000133,C002321,132371.41,PAID,6
R0001136,A0001573,C001741,62548.33,PAID,35
R0001137,A0003194,C001278,117378.83,DUE,14
R0001138,A0000594,C002316,13407.72,BOUNCED,130
R0001139,A0004221,C001155,27648.18,PARTIAL,61
R0001140,A0001333,C002864,37284.43,BOUNCED,67
R0001141,A0003927,C000944,113766.86,PAID,16
R0001142,A0001566,C001387,20619.74,PAID,149
R0001143,A0002352,C002682,41295.1,DUE,102
R0001144,A0003751,C001395,53734.03,PARTIAL,16
R0001145,A0002750,C002909,4514.63,PARTIAL,90
R0001146,A0000391,C001656,49788.53,BOUNCED,23
R0001147,A0002648,C001418,7175.4,BOUNCED,30
R0001148,A0001531,C002608,133209.54,PARTIAL,27
R0001149,A0000681,C000058,135064.27,PAID,133
R0001150,A0002494,C000093,109967.27,PARTIAL,115
R0001151,A0002309,C002786,43295.62,DUE,98
R0001152,A0000425,C000045,75921.9,DUE,36
R0001153,A0001368,C002309,144446.54,DUE,145
R0001154,A0001935,C000207,125439.91,PARTIAL,163
R0001155,A0000662,C001821,41736.57,BOUNCED,69
R0001156,A0003920,C002239,127232.39,PARTIAL,82
R0001157,A0004014,C000823,109258.95,BOUNCED,179
R0001158,A0003242,C001665,89639.26,PAID,80
R0001159,A0000700,C000791,139231.73,BOUNCED,36
R0001160,A0000985,C002764,4733.84,PARTIAL,82
R0001161,A0002174,C001870,131873.58,PAID,99
R0001162,A0000637,C002256,60950.97,PAID,4
R0001163,A0004148,C001890,50825.35,DUE,166
R0001164,A0002463,C002761,113981.77,DUE,92
R0001165,A0002542,C003390,58646.86,PARTIAL,167
R0001166,A0004449,C001801,62025.69,PARTIAL,114
R0001167,A0004011,C002330,133731.17,BOUNCED,116
R0001168,A0004794,C002096,42744.55,DUE,78
R0001169,A0002720,C002077,47038.66,DUE,96
R0001170,A0001726,C002180,67707.37,DUE,133
R0001171,A0004668,C001235,120179.04,DUE,45
R0001172,A0004537,C001693,16305.14,BOUNCED,32
R0001173,A0004773,C002360,59176.37,DUE,164
R0001174,A0003609,C000381,44115.85,PAID,44
R0001175,A0001090,C000525,134061.13,BOUNCED,135
R0001176,A0002847,C002858,102111.87,PARTIAL,134
R0001177,A0000574,C000694,7441.81,PAID,7
R0001178,A0002228,C001157,143996.89,PARTIAL,119
R0001179,A0004197,C001881,58133.95,PARTIAL,4
R0001180,A0001619,C002404,50449.76,PARTIAL,71
R0001181,A0001884,C000573,35466.03,PARTIAL,31
R0001182,A0004034,C003074,113988.44,DUE,119
R0001183,A0001629,C000093,147305.52,DUE,168
R0001184,A0000850,C000095,36310.92,PARTIAL,127
R0001185,A0003964,C001580,32749.0,DUE,173
R0001186,A0002150,C001589,139039.48,PAID,41
R0001187,A0003295,C003493,2294.44,DUE,71
R0001188,A0003851,C002291,39822.56,DUE,77
R0001189,A0003206,C003391,95064.29,PARTIAL,87
R0001190,A0002616,C000560,88305.93,PAID,165
R0001191,A0003425,C001815,149748.3,PAID,29
R0001192,A0004589,C001908,31812.88,DUE,55
R0001193,A0000075,C000896,113424.01,DUE,109
R0001194,A0003758,C000102,53899.91,DUE,42
R0001195,A0002482,C002304,36018.94,PARTIAL,76
R0001196,A0003444,C001762,135636.53,BOUNCED,152
R0001197,A0000068,C000927,33126.69,PAID,167
R0001198,A0001356,C000245,29364.66,PARTIAL,48
R0001199,A0000622,C000296,115548.67,BOUNCED,68
R0001200,A0003939,C000211,137583.68,PARTIAL,54
R0001201,A0000703,C001552,3824.41,PARTIAL,2
R0001202,A0002747,C003372,90225.67,PARTIAL,21
R0001203,A0001295,C001780,1243.07,DUE,86
R0001204,A0000860,C001834,142754.21,DUE,121
R0001205,A0002680,C003455,145894.15,DUE,162
R0001206,A0004898,C002775,95336.37,DUE,88
R0001207,A0004611,C000009,118946.48,PAID,31
R0001208,A0004771,C002997,138815.95,PAID,86
R0001209,A0004545,C002532,32877.96,PAID,141
R0001210,A0001478,C003368,33613.4,PAID,56
R0001211,A0001255,C000705,21403.07,BOUNCED,94
R0001212,A0000701,C000997,124316.61,PAID,159
R0001213,A0002818,C002014,22706.4,PAID,123
R0001214,A0000440,C002556,65863.12,PAID,115
R0001215,A0001969,C003366,108843.15,DUE,5
R0001216,A0002537,C001429,93030.17,DUE,96
R0001217,A0002467,C000801,100199.83,PARTIAL,58
R0001218,A0001181,C002543,32705.8,PARTIAL,17
R0001219,A0000432,C001788,13059.63,BOUNCED,166
R0001220,A0004385,C001740,101237.56,PARTIAL,49
R0001221,A0001361,C002534,119527.18,PARTIAL,10
R0001222,A0000468,C003392,57160.81,DUE,19
R0001223,A0002975,C000070,23349.71,PARTIAL,122
R0001224,A0003495,C000763,3467.54,BOUNCED,177
R0001225,A0001211,C001292,97171.17,PAID,81
R0001226,A0001637,C000067,83312.67,BOUNCED,37
R0001227,A0004498,C000376,146791.26,DUE,40
R0001228,A0004893,C002506,19327.6,PARTIAL,167
R0001229,A0004866,C001084,134226.7,PAID,67
R0001230,A0002912,C002525,129328.03,PARTIAL,82
R0001231,A0004440,C001460,98047.36,PARTIAL,78
R0001232,A0004700,C001064,108702.58,PAID,175
R0001233,A0002157,C002642,18074.59,BOUNCED,142
R0001234,A0002044,C000169,17213.96,PARTIAL,52
R0001235,A0003561,C003218,49439.01,PAID,17
R0001236,A0002036,C001421,38538.3,PAID,153
R0001237,A0002056,C000272,754.1,DUE,141
R0001238,A0002616,C000560,85055.48,BOUNCED,114
R0001239,A0004094,C002056,123548.43,PAID,29
R0001240,A0002905,C001031,116783.4,DUE,131
R0001241,A0004071,C002535,116363.3,PARTIAL,121
R0001242,A0003391,C001081,87951.47,PARTIAL,127
R0001243,A0002677,C002009,44756.23,PARTIAL,113
R0001244,A0000438,C001469,93460.98,PARTIAL,83
R0001245,A0000280,C002385,18774.77,BOUNCED,111
R0001246,A0004398,C003381,44429.13,DUE,58
R0001247,A0000639,C001171,44110.77,DUE,116
R0001248,A0002140,C000633,7294.08,DUE,10
R0001249,A0000144,C003025,126009.03,PARTIAL,141
R0001250,A0002544,C002861,32779.52,PAID,36
R0001251,A0002719,C000243,149506.44,BOUNCED,123
R0001252,A0002096,C002303,52557.5,PARTIAL,64
R0001253,A0003654,C001915,15876.36,DUE,134
R0001254,A0001524,C000696,51862.16,DUE,98
R0001255,A0000635,C003229,36731.63,BOUNCED,140
R0001256,A0000895,C003428,48666.27,PARTIAL,22
R0001257,A0001994,C000252,126291.6,PARTIAL,107
R0001258,A0004650,C002060,127559.32,BOUNCED,148
R0001259,A0003931,C000967,7551.04,BOUNCED,28
R0001260,A0002852,C003182,148614.45,PAID,32
R0001261,A0004404,C000852,6395.12,PAID,18
R0001262,A0000881,C002277,81572.83,PAID,29
R0001263,A0002410,C002715,117284.01,PARTIAL,135
R0001264,A0004885,C001424,47290.28,BOUNCED,24
R0001265,A0002183,C001480,81172.87,DUE,15
R0001266,A0004891,C001437,88399.35,PARTIAL,136
R0001267,A0000962,C000261,114052.46,PARTIAL,155
R0001268,A0003749,C002883,103138.02,BOUNCED,170
R0001269,A0003209,C001978,100399.18,PAID,171
R0001270,A0002755,C002074,102232.94,DUE,97
R0001271,A0003859,C001976,12014.81,DUE,127
R0001272,A0000531,C000470,8676.55,BOUNCED,23
R0001273,A0000661,C002267,90918.41,BOUNCED,49
R0001274,A0000665,C003140,116040.21,DUE,6
R0001275,A0001333,C002864,121471.83,DUE,167
R0001276,A0000792,C000037,54774.11,PARTIAL,110
R0001277,A0000527,C002046,66961.8,BOUNCED,38
R0001278,A0004004,C002488,89151.08,BOUNCED,129
R0001279,A0000730,C001385,21052.37,DUE,176
R0001280,A0004931,C000469,117939.71,BOUNCED,63
R0001281,A0001444,C003102,73176.32,BOUNCED,141
R0001282,A0002631,C000513,125702.54,DUE,110
R0001283,A0003740,C000224,131181.76,PAID,25
R0001284,A0001853,C000222,53068.35,BOUNCED,37
R0001285,A0001056,C001701,96529.76,PARTIAL,55
R0001286,A0004324,C001177,62943.5,PAID,88
R0001287,A0001316,C002144,67922.24,DUE,132
R0001288,A0000362,C002870,123317.75,PARTIAL,95
R0001289,A0000110,C002417,7256.2,PAID,8
R0001290,A0004495,C002288,138031.22,PARTIAL,170
R0001291,A0002133,C001994,139913.74,PAID,74
R0001292,A0001946,C000476,86376.08,PARTIAL,83
R0001293,A0001530,C003197,113078.9,DUE,162
R0001294,A0001659,C000482,96605.71,PARTIAL,40
R0001295,A0001356,C000245,43374.94,BOUNCED,163
R0001296,A0000846,C001665,57838.81,PAID,99
R0001297,A0002900,C001349,127664.72,DUE,35
R0001298,A0002163,C001666,116529.02,PAID,33
R0001299,A0001888,C000879,84600.66,PARTIAL,64
R0001300,A0003398,C000283,110126.33,DUE,126
R0001301,A0004947,C001247,109207.03,DUE,119
R0001302,A0004094,C002056,97358.62,BOUNCED,138
R0001303,A0002364,C003421,110475.87,PARTIAL,120
R0001304,A0002034,C002134,139443.61,PAID,161
R0001305,A0004178,C003102,146833.71,BOUNCED,80
R0001306,A0004609,C000337,119599.66,BOUNCED,169
R0001307,A0002956,C001309,58230.53,BOUNCED,20
R0001308,A0004673,C001886,89572.15,DUE,174
R0001309,A0002539,C000328,102631.42,PARTIAL,39
R0001310,A0000074,C002529,7919.85,BOUNCED,23
R0001311,A0002058,C000297,12706.99,PAID,92
R0001312,A0004587,C003298,148042.05,DUE,159
R0001313,A0002474,C000769,19734.73,BOUNCED,74
R0001314,A0001750,C001513,141336.01,PARTIAL,79
R0001315,A0000993,C002977,125723.28,PARTIAL,119
R0001316,A0002858,C002844,140122.42,DUE,78
R0001317,A0003894,C000294,89348.28,PARTIAL,94
R0001318,A0003859,C001976,110139.47,DUE,57
R0001319,A0004781,C002891,55714.23,BOUNCED,121
R0001320,A0000760,C002475,17263.38,PAID,152
R0001321,A0004798,C003421,33169.73,DUE,159
R0001322,A0001878,C002277,144540.87,PARTIAL,148
R0001323,A0002966,C002063,1994.68,BOUNCED,84
R0001324,A0004191,C001564,77595.2,BOUNCED,170
R0001325,A0002610,C001397,10562.06,DUE,94
R0001326,A0004458,C001664,136042.22,DUE,8
R0001327,A0003711,C003474,90324.28,PAID,28
R0001328,A0003216,C002192,40218.18,DUE,7
R0001329,A0000820,C001401,46673.78,DUE,99
R0001330,A0004398,C003381,51286.23,DUE,84
R0001331,A0000153,C000426,91483.74,DUE,66
R0001332,A0001269,C003398,146718.29,PARTIAL,117
R0001333,A0002015,C000034,132237.13,BOUNCED,42
R0001334,A0001456,C002714,14447.62,PAID,90
R0001335,A0002821,C003265,44907.19,BOUNCED,37
R0001336,A0004443,C001212,7506.61,PAID,22
R0001337,A0004029,C001347,17131.0,DUE,121
R0001338,A0003087,C001313,139809.39,BOUNCED,48
R0001339,A0002586,C000172,8818.6,PAID,114
R0001340,A0000552,C000334,79694.07,BOUNCED,85
R0001341,A0001351,C001366,107604.63,DUE,84
R0001342,A0002940,C002547,102493.78,BOUNCED,130
R0001343,A0004240,C000145,55108.62,BOUNCED,107
R0001344,A0000664,C002338,139945.79,BOUNCED,122
R0001345,A0001456,C002714,2581.87,PAID,105
R0001346,A0004407,C003070,5120.08,PAID,124
R0001347,A0003225,C000159,117439.2,DUE,152
R0001348,A0001633,C001358,37624.05,PAID,91
R0001349,A0002007,C001925,2123.48,PAID,134
R0001350,A0000610,C001773,74300.78,DUE,170
R0001351,A0002074,C000444,95786.2,PARTIAL,74
R0001352,A0003065,C001323,58488.87,PARTIAL,119
R0001353,A0002226,C000502,22228.75,PARTIAL,143
R0001354,A0002647,C001923,138308.03,DUE,71
R0001355,A0001547,C003445,99020.25,PARTIAL,153
R0001356,A0002507,C001168,43870.53,BOUNCED,63
R0001357,A0001048,C002947,123998.0,DUE,39
R0001358,A0002831,C000212,120322.51,DUE,121
R0001359,A0001378,C002952,39555.4,PARTIAL,65
R0001360,A0002743,C002491,16052.06,PAID,92
R0001361,A0002905,C001031,116310.35,DUE,91
R0001362,A0004014,C000823,34546.95,PAID,17
R0001363,A0002312,C000332,18931.69,PAID,7
R0001364,A0000654,C000295,96557.01,PAID,23
R0001365,A0004573,C000037,92074.36,DUE,6
R0001366,A0001104,C002408,89788.47,PARTIAL,174
R0001367,A0004175,C001578,149470.28,BOUNCED,142
R0001368,A0002256,C003118,134634.38,PAID,122
R0001369,A0003825,C002061,22011.5,BOUNCED,102
R0001370,A0002053,C001587,124800.92,DUE,155
R0001371,A0000918,C003216,33282.34,PAID,156
R0001372,A0003730,C000713,29638.58,PARTIAL,163
R0001373,A0003719,C002080,13019.02,PAID,80
R0001374,A0002283,C000123,34750.73,PAID,87
R0001375,A0003096,C000945,106466.57,DUE,62
R0001376,A0004541,C002125,132677.54,PAID,120
R0001377,A0004977,C001426,87064.3,DUE,107
R0001378,A0001486,C002883,108958.88,PAID,39
R0001379,A0001838,C001772,32602.21,BOUNCED,142
R0001380,A0000164,C002109,34685.53,BOUNCED,134
R0001381,A0002017,C000435,38444.16,PARTIAL,106
R0001382,A0002116,C001076,78694.77,PAID,73
R0001383,A0002868,C000710,87703.08,PAID,40
R0001384,A0001078,C001753,13550.06,PARTIAL,14
R0001385,A0001258,C002489,68938.28,PAID,104
R0001386,A0003472,C000630,82403.86,PARTIAL,75
R0001387,A0001599,C002040,102765.53,PARTIAL,88
R0001388,A0004712,C003255,121778.94,BOUNCED,47
R0001389,A0001114,C002668,90169.03,DUE,138
R0001390,A0003261,C000924,43220.06,PAID,93
R0001391,A0001627,C002829,105913.61,PAID,87
R0001392,A0003739,C002995,96892.1,DUE,82
R0001393,A0001975,C001192,118123.04,BOUNCED,123
R0001394,A0000537,C002090,60916.2,PAID,36
R0001395,A0004219,C002539,124659.46,PAID,50
R0001396,A0003753,C001120,92144.84,DUE,130
R0001397,A0002029,C002134,87387.82,DUE,161
R0001398,A0004663,C001479,68594.04,PARTIAL,40
R0001399,A0004324,C001177,837.12,PAID,123
R0001400,A0002234,C000189,39910.47,DUE,39
R0001401,A0002368,C000842,128996.85,PARTIAL,81
R0001402,A0001725,C001218,78270.56,PAID,103
R0001403,A0001877,C002448,40261.17,PARTIAL,103
R0001404,A0003294,C000110,148919.7,PAID,18
R0001405,A0002098,C002609,107771.88,BOUNCED,73
R0001406,A0002656,C000766,147691.44,PARTIAL,103
R0001407,A0000052,C001668,56502.32,PAID,166
R0001408,A0000530,C003380,104701.44,DUE,101
R0001409,A0004894,C000721,148394.02,PARTIAL,5
R0001410,A0000672,C002069,34963.47,DUE,2
R0001411,A0004712,C003255,56992.43,DUE,83
R0001412,A0000268,C002042,88121.21,PAID,150
R0001413,A0001671,C002494,3322.95,PAID,37
R0001414,A0002437,C000917,62403.24,BOUNCED,29
R0001415,A0001825,C000745,95500.6,PARTIAL,71
R0001416,A0001690,C001262,124093.17,PAID,70
R0001417,A0002732,C003108,91971.08,PAID,3
R0001418,A0002148,C000141,48703.52,PAID,126
R0001419,A0004999,C000787,131390.77,BOUNCED,46
R0001420,A0000769,C002670,109761.29,BOUNCED,30
R0001421,A0001880,C002892,25410.75,PARTIAL,92
R0001422,A0004366,C001197,146862.65,DUE,169
R0001423,A0003952,C003188,17904.82,DUE,138
R0001424,A0001380,C002553,14372.38,PARTIAL,5
R0001425,A0004693,C001401,20761.42,DUE,53
R0001426,A0003546,C000356,143051.72,PAID,44
R0001427,A0000105,C000686,54805.93,BOUNCED,5
R0001428,A0003132,C002831,94961.25,PAID,99
R0001429,A0002204,C002362,109334.88,PAID,139
R0001430,A0004658,C000411,102457.24,PARTIAL,97
R0001431,A0003016,C001175,42260.7,PARTIAL,15
R0001432,A0003393,C001223,26893.49,DUE,33
R0001433,A0004742,C002255,99138.4,PARTIAL,43
R0001434,A0002452,C003379,124020.35,PAID,19
R0001435,A0003250,C000079,21135.24,DUE,68
R0001436,A0002006,C001732,133147.75,PARTIAL,17
R0001437,A0002897,C001638,119112.77,PARTIAL,139
R0001438,A0001163,C000477,121565.75,DUE,97
R0001439,A0004215,C000569,95887.64,PAID,7
R0001440,A0000214,C000237,15848.29,DUE,120
R0001441,A0003365,C002526,14311.63,BOUNCED,0
R0001442,A0000871,C000910,76341.3,PAID,81
R0001443,A0004407,C003070,139713.91,BOUNCED,135
R0001444,A0000631,C000349,53294.44,PARTIAL,19
R0001445,A0003058,C000893,105781.05,PAID,17
R0001446,A0000057,C000333,81353.3,DUE,85
R0001447,A0001430,C003304,81022.2,PAID,167
R0001448,A0001685,C002519,4307.18,BOUNCED,141
R0001449,A0002163,C001666,48326.64,PAID,83
R0001450,A0003218,C001764,112337.26,PAID,166
R0001451,A0003675,C000685,62333.87,PAID,65
R0001452,A0004073,C002649,42612.64,PAID,103
R0001453,A0003860,C001890,7142.15,BOUNCED,15
R0001454,A0001296,C002101,148813.68,DUE,49
R0001455,A0003636,C000402,79391.97,BOUNCED,105
R0001456,A0001311,C000487,36433.07,PARTIAL,71
R0001457,A0002347,C001087,144922.18,PARTIAL,116
R0001458,A0003635,C000138,17461.47,BOUNCED,144
R0001459,A0001067,C002369,123112.93,DUE,46
R0001460,A0004553,C000477,88096.67,DUE,68
R0001461,A0002278,C002753,101404.71,PARTIAL,65
R0001462,A0000093,C000938,86522.51,BOUNCED,155
R0001463,A0004278,C001590,77170.38,DUE,135
R0001464,A0000959,C003371,33027.77,PAID,121
R0001465,A0001917,C000044,93188.86,PARTIAL,61
R0001466,A0002096,C002303,142327.69,DUE,121
R0001467,A0000761,C000100,64300.65,PARTIAL,137
R0001468,A0000987,C000804,104823.08,BOUNCED,135
R0001469,A0000873,C001980,57268.45,BOUNCED,97
R0001470,A0000171,C000628,67604.22,PARTIAL,96
R0001471,A0001735,C003025,109005.48,PARTIAL,66
R0001472,A0002059,C003247,21809.59,PAID,54
R0001473,A0004367,C002130,129804.64,PARTIAL,74
R0001474,A0001451,C000530,140325.02,PARTIAL,48
R0001475,A0004187,C001404,73276.28,BOUNCED,43
R0001476,A0003747,C000650,109803.52,PAID,13
R0001477,A0001690,C001262,59688.5,PARTIAL,152
R0001478,A0001310,C002091,18736.78,DUE,35
R0001479,A0002120,C001411,105225.18,PARTIAL,84
R0001480,A0002403,C003321,44449.9,BOUNCED,7
R0001481,A0000532,C003232,111909.68,PAID,177
R0001482,A0003137,C003322,27815.6,DUE,17
R0001483,A0002077,C000285,43630.89,PARTIAL,179
R0001484,A0000304,C002144,26876.53,DUE,134
R0001485,A0003489,C000076,27011.71,BOUNCED,66
R0001486,A0000156,C000803,56155.55,BOUNCED,28
R0001487,A0002021,C003448,2176.54,DUE,52
R0001488,A0004552,C001065,37820.47,PAID,25
R0001489,A0004988,C002327,124030.32,BOUNCED,158
R0001490,A0002474,C000769,112399.42,PAID,72
R0001491,A0003542,C000265,23474.92,DUE,38
R0001492,A0002132,C002014,18807.25,BOUNCED,7
R0001493,A0001321,C003234,90776.87,BOUNCED,79
R0001494,A0002392,C003019,117783.31,PAID,140
R0001495,A0001366,C002949,50528.22,DUE,11
R0001496,A0001999,C000273,38494.4,PAID,1
R0001497,A0002597,C001015,28684.41,DUE,52
R0001498,A0004763,C000821,134508.37,DUE,120
R0001499,A0002571,C000643,47042.56,PARTIAL,61
R0001500,A0002603,C000304,3311.68,DUE,165
R0001501,A0002505,C002286,79000.57,DUE,15
R0001502,A0000471,C001124,20191.64,BOUNCED,173
R0001503,A0000295,C002466,131650.5,PAID,129
R0001504,A0002961,C000642,92642.6,PAID,104
R0001505,A0003971,C002850,36342.29,BOUNCED,103
R0001506,A0004151,C001805,7922.68,PAID,32
R0001507,A0000607,C000285,35751.09,PAID,60
R0001508,A0002153,C003250,104318.86,PARTIAL,4
R0001509,A0003734,C000435,35728.74,PAID,152
R0001510,A0003213,C000957,73010.74,PAID,63
R0001511,A0002076,C000194,122402.1,PARTIAL,170
R0001512,A0004262,C000052,67162.83,DUE,100
R0001513,A0003748,C001633,109245.77,PARTIAL,168
R0001514,A0002607,C002501,63044.88,DUE,127
R0001515,A0004825,C002477,64774.92,PAID,17
R0001516,A0002713,C002069,37492.11,BOUNCED,155
R0001517,A0003180,C003143,141560.65,BOUNCED,130
R0001518,A0003781,C002050,130002.58,DUE,64
R0001519,A0001995,C001434,114010.67,PARTIAL,162
R0001520,A0002824,C003265,114936.05,PARTIAL,17
R0001521,A0004601,C001016,60836.32,PAID,162
R0001522,A0004189,C003399,101850.76,DUE,103
R0001523,A0001288,C001964,138129.78,PAID,83
R0001524,A0004685,C000725,97891.29,PARTIAL,118
R0001525,A0003279,C000162,101065.99,PARTIAL,89
R0001526,A0002065,C000803,121526.03,DUE,77
R0001527,A0000053,C002635,100587.59,DUE,113
R0001528,A0004328,C002648,149315.26,DUE,69
R0001529,A0000812,C002836,79103.69,BOUNCED,15
R0001530,A0004281,C001685,92327.23,DUE,118
R0001531,A0004809,C000011,130890.46,DUE,26
R0001532,A0002153,C003250,21944.1,PAID,92
R0001533,A0003188,C001632,78051.69,PARTIAL,17
R0001534,A0000695,C002858,147490.38,PAID,25
R0001535,A0000484,C000436,125314.26,PAID,160
R0001536,A0001898,C001485,32614.19,PARTIAL,81
R0001537,A0001066,C002149,136524.8,PAID,16
R0001538,A0000999,C000901,113009.37,PAID,78
R0001539,A0000748,C001013,117005.5,PARTIAL,120
R0001540,A0004811,C000673,130130.08,PARTIAL,107
R0001541,A0004257,C000200,146118.92,DUE,6
R0001542,A0003431,C000201,73000.67,PAID,54
R0001543,A0004077,C001784,139213.21,PAID,148
R0001544,A0004626,C002681,55960.63,PAID,152
R0001545,A0001236,C002259,84018.79,PARTIAL,117
R0001546,A0002589,C002154,148854.31,BOUNCED,55
R0001547,A0001257,C002030,10318.43,BOUNCED,126
R0001548,A0004965,C002584,147536.75,PAID,26
R0001549,A0001823,C001993,107604.3,BOUNCED,162
R0001550,A0002742,C000104,48492.17,PARTIAL,134
R0001551,A0001374,C000794,121177.36,PAID,180
R0001552,A0003324,C000632,117901.16,PARTIAL,125
R0001553,A0004876,C001269,114435.84,DUE,40
R0001554,A0000498,C002482,134309.72,PAID,90
R0001555,A0001438,C003392,86602.98,BOUNCED,28
R0001556,A0004406,C000012,130562.9,PAID,95
R0001557,A0004229,C000835,66945.08,PARTIAL,69
R0001558,A0003284,C003470,68508.88,PAID,97
R0001559,A0002834,C003369,129108.61,PARTIAL,103
R0001560,A0004722,C002572,25362.41,PARTIAL,54
R0001561,A0003885,C002731,23490.69,PARTIAL,75
R0001562,A0004138,C003021,25628.76,DUE,15
R0001563,A0002925,C003246,43865.47,PAID,94
R0001564,A0004139,C000667,142257.04,PAID,140
R0001565,A0004358,C000124,99045.03,PAID,155
R0001566,A0002500,C000221,4765.17,PARTIAL,34
R0001567,A0001600,C001000,2032.08,DUE,5
R0001568,A0003726,C002745,78339.65,PAID,140
R0001569,A0002072,C002591,20889.73,PAID,83
R0001570,A0000521,C001237,132442.87,PAID,86
R0001571,A0001881,C002689,79514.21,PARTIAL,83
R0001572,A0002016,C000414,64126.6,DUE,140
R0001573,A0003189,C001109,8871.59,DUE,85
R0001574,A0002102,C002136,115496.06,PARTIAL,79
R0001575,A0003428,C003387,84205.59,PAID,88
R0001576,A0004622,C001578,44354.12,BOUNCED,31
R0001577,A0001736,C000130,21929.46,DUE,178
R0001578,A0002181,C001953,24734.84,BOUNCED,20
R0001579,A0002073,C001636,41544.06,DUE,167
R0001580,A0004762,C003166,57466.18,PAID,98
R0001581,A0001139,C003410,92998.78,DUE,123
R0001582,A0003513,C000884,36467.05,PAID,159
R0001583,A0003508,C000705,87208.8,BOUNCED,163
R0001584,A0004635,C001498,95152.75,PARTIAL,49
R0001585,A0004486,C001331,84355.66,PAID,163
R0001586,A0004708,C000781,76946.4,PARTIAL,177
R0001587,A0000410,C001073,16449.04,PAID,25
R0001588,A0000817,C000019,74843.12,BOUNCED,130
R0001589,A0004041,C000647,94888.14,PAID,81
R0001590,A0000346,C003227,131461.76,PAID,53
R0001591,A0000817,C001817,87104.23,BOUNCED,88
R0001592,A0001071,C003160,84494.08,PAID,14
R0001593,A0000071,C001258,44531.17,DUE,23
R0001594,A0001187,C001383,143691.64,BOUNCED,68
R0001595,A0002750,C002909,118198.39,BOUNCED,42
R0001596,A0002805,C002545,10305.42,PARTIAL,178
R0001597,A0001043,C002084,144078.51,PARTIAL,4
R0001598,A0003144,C001485,127395.45,DUE,172
R0001599,A0001922,C000377,3680.54,PARTIAL,112
R0001600,A0002744,C002494,44155.53,PARTIAL,132
R0001601,A0002829,C002641,99451.62,BOUNCED,32
R0001602,A0002215,C003281,111508.41,DUE,83
R0001603,A0000474,C000597,16162.18,BOUNCED,59
R0001604,A0003716,C002691,88633.2,PAID,161
R0001605,A0002519,C002707,78818.19,PAID,121
R0001606,A0000721,C003012,33190.08,DUE,110
R0001607,A0004699,C002463,13720.62,BOUNCED,71
R0001608,A0004697,C000916,39372.6,BOUNCED,112
R0001609,A0003143,C003158,145370.73,PARTIAL,111
R0001610,A0002042,C002106,136450.35,PARTIAL,22
R0001611,A0000432,C002480,96563.85,PARTIAL,121
R0001612,A0005000,C003373,34203.16,DUE,113
R0001613,A0004979,C000127,81248.26,BOUNCED,174
R0001614,A0003340,C001573,96274.52,PAID,143
R0001615,A0004081,C000286,97313.69,PARTIAL,125
R0001616,A0002111,C001844,112403.76,PAID,63
R0001617,A0001288,C001964,35558.61,PARTIAL,61
R0001618,A0003320,C000907,71950.59,PARTIAL,136
R0001619,A0000329,C003253,47810.8,DUE,32
R0001620,A0001232,C001841,77414.82,PAID,174
R0001621,A0004703,C002245,102794.67,PAID,119
R0001622,A0000752,C001411,11425.33,PARTIAL,103
R0001623,A0003203,C000567,62040.28,PARTIAL,101
R0001624,A0002763,C002737,85017.88,BOUNCED,96
R0001625,A0000755,C003252,85010.47,BOUNCED,150
R0001626,A0002583,C001297,98736.77,BOUNCED,154
R0001627,A0003043,C002596,138552.28,BOUNCED,78
R0001628,A0003275,C002831,138128.2,BOUNCED,132
R0001629,A0002096,C002303,135887.71,PARTIAL,174
R0001630,A0003135,C001619,144538.41,DUE,25
R0001631,A0004333,C002023,109511.26,PARTIAL,114
R0001632,A0002391,C003274,69793.82,PAID,100
R0001633,A0001641,C002301,62618.87,PAID,11
R0001634,A0003641,C003328,117426.54,PARTIAL,94
R0001635,A0002579,C002551,148511.91,PARTIAL,178
R0001636,A0002606,C001292,67795.45,PAID,3
R0001637,A0000750,C000875,12461.86,PAID,54
R0001638,A0003281,C003442,101994.1,PAID,86
R0001639,A0001454,C003226,26693.66,BOUNCED,108
R0001640,A0000727,C000723,125578.13,PARTIAL,20
R0001641,A0002811,C002613,122313.57,BOUNCED,113
R0001642,A0002235,C002095,140276.24,PAID,40
R0001643,A0002479,C001255,40844.15,BOUNCED,98
R0001644,A0003124,C001538,102347.16,DUE,166
R0001645,A0002260,C003243,107661.89,PARTIAL,14
R0001646,A0001450,C001071,29003.44,BOUNCED,16
R0001647,A0004931,C000469,128956.65,BOUNCED,48
R0001648,A0004475,C002596,50268.82,PAID,156
R0001649,A0000581,C000684,27703.91,DUE,101
R0001650,A0001567,C000156,41325.45,PAID,173
R0001651,A0002797,C000729,124353.2,BOUNCED,116
R0001652,A0004805,C001602,149685.16,DUE,19
R0001653,A0001623,C002092,35634.35,PAID,107
R0001654,A0003719,C002080,89586.57,BOUNCED,144
R0001655,A0002433,C000749,13296.94,DUE,13
R0001656,A0000452,C000659,68825.88,PAID,148
R0001657,A0001356,C000633,137677.89,PAID,8
R0001658,A0001080,C003499,78184.28,PARTIAL,16
R0001659,A0002804,C001070,2665.06,PARTIAL,130
R0001660,A0003108,C001625,59962.72,DUE,127
R0001661,A0001106,C002833,16292.79,BOUNCED,100
R0001662,A0003200,C001638,99542.46,PAID,20
R0001663,A0001894,C001436,109037.61,PAID,96
R0001664,A0002609,C001056,13625.16,PARTIAL,171
R0001665,A0000080,C002578,39874.89,BOUNCED,153
R0001666,A0003961,C001053,108659.52,BOUNCED,64
R0001667,A0000543,C000017,59116.03,PARTIAL,50
R0001668,A0002376,C000010,103170.24,BOUNCED,104
R0001669,A0004438,C003132,19095.04,DUE,95
R0001670,A0003996,C001017,2410.12,BOUNCED,104
R0001671,A0003519,C001618,25148.18,PARTIAL,44
R0001672,A0000812,C002836,140741.85,DUE,135
R0001673,A0001141,C001834,51276.05,PARTIAL,34
R0001674,A0002739,C001266,26669.45,PARTIAL,158
R0001675,A0002868,C000710,11955.06,PAID,95
R0001676,A0001454,C003226,148468.71,DUE,99
R0001677,A0000152,C000234,125953.16,PAID,120
R0001678,A0002556,C002582,143474.14,DUE,41
R0001679,A0002324,C002515,80255.93,PAID,167
R0001680,A0000391,C002985,99900.51,PAID,42
R0001681,A0000238,C000529,141081.09,BOUNCED,112
R0001682,A0002741,C000540,7837.07,PAID,23
R0001683,A0001538,C000151,23065.94,DUE,171
R0001684,A0003985,C001570,6301.21,DUE,156
R0001685,A0000284,C003182,87793.87,BOUNCED,149
R0001686,A0002328,C003361,63493.54,PARTIAL,88
R0001687,A0003442,C000072,50997.85,PARTIAL,37
R0001688,A0001508,C000182,55998.02,PAID,146
R0001689,A0001147,C003424,77877.75,DUE,78
R0001690,A0004738,C002380,89415.52,PAID,67
R0001691,A0003894,C000294,37906.96,DUE,149
R0001692,A0000479,C000265,134263.84,BOUNCED,125
R0001693,A0003346,C001324,50068.91,PARTIAL,47
R0001694,A0000991,C000783,122063.94,PAID,25
R0001695,A0001483,C002559,147001.77,PARTIAL,142
R0001696,A0002717,C000754,27635.37,DUE,27
R0001697,A0000967,C001500,21598.15,BOUNCED,10
R0001698,A0002238,C002323,35683.99,BOUNCED,176
R0001699,A0002085,C000464,1795.09,PARTIAL,170
R0001700,A0001660,C003274,117006.33,DUE,11
R0001701,A0000128,C002260,50451.88,DUE,112
R0001702,A0000845,C000773,11787.59,BOUNCED,99
R0001703,A0003588,C002083,74217.89,BOUNCED,19
R0001704,A0004648,C000868,102593.44,BOUNCED,21
R0001705,A0000677,C002409,73717.39,PARTIAL,132
R0001706,A0004014,C000823,36131.65,BOUNCED,148
R0001707,A0002045,C000727,133220.01,DUE,68
R0001708,A0000361,C000091,69485.71,BOUNCED,22
R0001709,A0002954,C000022,40771.06,BOUNCED,36
R0001710,A0001366,C002949,86448.98,DUE,1
R0001711,A0000958,C000452,132724.06,PAID,49
R0001712,A0000031,C002567,38766.35,PAID,94
R0001713,A0003680,C000974,101429.75,PARTIAL,116
R0001714,A0004947,C001247,125309.52,DUE,151
R0001715,A0004173,C000986,70085.09,PAID,47
R0001716,A0001992,C000954,16714.76,BOUNCED,66
R0001717,A0000950,C003259,103475.02,BOUNCED,128
R0001718,A0000163,C001546,32102.91,DUE,104
R0001719,A0004940,C002870,106540.64,BOUNCED,107
R0001720,A0000361,C000091,37896.88,DUE,95
R0001721,A0002519,C002707,125031.83,BOUNCED,156
R0001722,A0000661,C002267,72781.07,BOUNCED,68
R0001723,A0003715,C002105,107311.85,DUE,82
R0001724,A0002499,C000621,92377.78,DUE,79
R0001725,A0002997,C000875,95272.94,PAID,109
R0001726,A0000707,C002519,74481.91,BOUNCED,103
R0001727,A0003326,C000959,95898.71,PAID,172
R0001728,A0000372,C000879,65241.98,PARTIAL,8
R0001729,A0000140,C001822,90013.76,PARTIAL,32
R0001730,A0000410,C001073,54579.79,DUE,19
R0001731,A0003925,C001986,139865.69,DUE,17
R0001732,A0000760,C002475,34298.19,PARTIAL,128
R0001733,A0001202,C002428,30929.04,DUE,29
R0001734,A0001899,C002503,120848.95,DUE,35
R0001735,A0002325,C000840,82092.38,PARTIAL,37
R0001736,A0004901,C000837,110236.58,PARTIAL,74
R0001737,A0004281,C001685,30995.62,BOUNCED,166
R0001738,A0003048,C002478,129903.37,DUE,129
R0001739,A0002926,C002592,123038.11,PAID,59
R0001740,A0002830,C000297,102235.81,PAID,175
R0001741,A0004600,C000029,55541.98,DUE,139
R0001742,A0002689,C001759,135046.13,PAID,5
R0001743,A0003482,C001290,146375.43,PARTIAL,153
R0001744,A0003334,C003284,68072.51,BOUNCED,26
R0001745,A0001065,C000730,122622.56,DUE,69
R0001746,A0003430,C002242,127301.86,DUE,14
R0001747,A0003540,C001025,111321.9,PARTIAL,31
R0001748,A0002773,C002273,94740.23,PARTIAL,85
R0001749,A0000598,C002889,114241.2,BOUNCED,21
R0001750,A0001240,C003487,1283.01,BOUNCED,71
R0001751,A0003829,C000382,20848.27,DUE,144
R0001752,A0003474,C002898,103389.03,BOUNCED,163
R0001753,A0004654,C003422,48012.22,PAID,42
R0001754,A0001807,C003044,90891.3,BOUNCED,35
R0001755,A0003035,C003361,118470.31,PARTIAL,4
R0001756,A0003584,C001488,24220.24,PARTIAL,66
R0001757,A0003596,C000690,2671.09,PARTIAL,153
R0001758,A0000112,C001784,24184.0,DUE,55
R0001759,A0002313,C001453,129241.48,PAID,117
R0001760,A0004942,C001268,11271.21,BOUNCED,37
R0001761,A0002429,C002322,3291.23,PAID,180
R0001762,A0001355,C002464,51568.85,DUE,135
R0001763,A0001839,C001794,41248.11,PARTIAL,86
R0001764,A0002696,C000573,6663.8,DUE,108
R0001765,A0000468,C003392,75910.57,DUE,156
R0001766,A0000531,C000470,8043.26,BOUNCED,71
R0001767,A0004290,C001469,98998.53,DUE,44
R0001768,A0003363,C003327,57297.95,PARTIAL,60
R0001769,A0004631,C003439,147980.85,DUE,125
R0001770,A0004827,C002064,122907.5,BOUNCED,63
R0001771,A0000080,C002578,142529.06,BOUNCED,116
R0001772,A0002872,C002111,145979.09,DUE,136
R0001773,A0004575,C001150,25464.08,PAID,115
R0001774,A0002142,C001919,68865.84,DUE,65
R0001775,A0002946,C001746,83917.96,PAID,54
R0001776,A0000100,C000207,93552.62,PAID,44
R0001777,A0004524,C002782,130146.54,PARTIAL,137
R0001778,A0002875,C000406,146588.13,PARTIAL,134
R0001779,A0002523,C001615,16485.89,DUE,120
R0001780,A0000061,C002033,104091.87,DUE,16
R0001781,A0004564,C002884,130071.39,PARTIAL,20
R0001782,A0002682,C002425,71202.83,PAID,141
R0001783,A0002946,C001746,6283.14,DUE,104
R0001784,A0000046,C002856,50479.78,BOUNCED,178
R0001785,A0003475,C000980,94490.77,DUE,180
R0001786,A0004253,C000957,127642.46,DUE,13
R0001787,A0004215,C000569,147958.63,PAID,166
R0001788,A0004283,C002978,102777.93,BOUNCED,157
R0001789,A0002325,C000840,26625.33,BOUNCED,86
R0001790,A0002971,C002013,136827.02,DUE,142
R0001791,A0003355,C003295,5483.2,PAID,41
R0001792,A0004315,C002121,15875.54,PARTIAL,174
R0001793,A0000506,C002335,130169.51,PAID,11
R0001794,A0000683,C000837,120617.36,PAID,177
R0001795,A0002024,C001716,125664.17,BOUNCED,144
R0001796,A0002867,C002109,48632.6,DUE,105
R0001797,A0001595,C001021,32222.86,PARTIAL,83
R0001798,A0004944,C003197,141645.39,DUE,136
R0001799,A0002649,C001158,49160.73,PARTIAL,80
R0001800,A0004746,C001913,77307.83,BOUNCED,64
R0001801,A0003852,C000084,37439.12,PAID,82
R0001802,A0001877,C002448,114560.05,PAID,61
R0001803,A0004809,C000011,47114.99,PAID,134
R0001804,A0004269,C000639,144256.54,DUE,137
R0001805,A0000488,C000786,134754.96,PARTIAL,154
R0001806,A0002898,C002949,86729.0,PARTIAL,28
R0001807,A0000669,C002867,104509.4,PARTIAL,131
R0001808,A0000821,C000204,4978.53,DUE,115
R0001809,A0003098,C001044,44580.85,PAID,88
R0001810,A0003268,C000341,41998.31,PARTIAL,63
R0001811,A0002215,C003281,3267.9,PARTIAL,22
R0001812,A0004947,C001247,24281.81,PARTIAL,46
R0001813,A0003065,C001323,118326.54,PARTIAL,88
R0001814,A0004718,C002451,133850.26,PARTIAL,169
R0001815,A0000310,C002184,43238.82,DUE,128
R0001816,A0000049,C002257,8488.62,PARTIAL,169
R0001817,A0000340,C001540,42110.11,DUE,144
R0001818,A0004221,C003323,62934.75,BOUNCED,15
R0001819,A0004651,C001249,6707.65,PAID,32
R0001820,A0001112,C002833,64573.95,PARTIAL,112
R0001821,A0001263,C001387,22887.21,PAID,93
R0001822,A0004304,C002848,32122.71,PARTIAL,131
R0001823,A0000112,C001784,133134.58,DUE,95
R0001824,A0004202,C000828,133536.93,DUE,0
R0001825,A0002818,C002014,3807.12,PARTIAL,50
R0001826,A0000501,C000684,62943.95,DUE,67
R0001827,A0004440,C001460,62347.87,BOUNCED,147
R0001828,A0000145,C002069,9122.85,DUE,35
R0001829,A0004000,C001833,134524.08,DUE,170
R0001830,A0001657,C002908,72491.47,BOUNCED,155
R0001831,A0003573,C001220,7571.79,PARTIAL,129
R0001832,A0003087,C001313,4241.54,PAID,4
R0001833,A0000861,C000423,54179.05,DUE,34
R0001834,A0000191,C003296,9584.81,DUE,173
R0001835,A0001760,C000160,146247.43,PAID,127
R0001836,A0002154,C000500,50521.47,PAID,34
R0001837,A0001420,C002421,43730.58,PARTIAL,148
R0001838,A0001916,C001086,142649.17,BOUNCED,95
R0001839,A0004413,C002587,34548.62,PAID,153
R0001840,A0000284,C003182,66698.13,BOUNCED,10
R0001841,A0000653,C000309,14843.39,BOUNCED,82
R0001842,A0001771,C000757,113453.42,PAID,78
R0001843,A0000217,C003130,26980.66,PAID,17
R0001844,A0002949,C001843,73105.58,DUE,14
R0001845,A0001507,C003373,37862.18,BOUNCED,86
R0001846,A0001106,C002833,149757.49,PARTIAL,91
R0001847,A0004673,C001886,53481.12,PARTIAL,66
R0001848,A0004021,C000470,114988.67,PARTIAL,92
R0001849,A0001774,C002559,121089.88,BOUNCED,12
R0001850,A0000452,C000659,148414.01,PAID,25
R0001851,A0000095,C001962,114303.79,PAID,89
R0001852,A0003123,C001693,98803.63,BOUNCED,14
R0001853,A0000886,C002468,102579.4,PAID,86
R0001854,A0004552,C001065,39531.63,PARTIAL,15
R0001855,A0002162,C001537,53199.4,DUE,38
R0001856,A0003935,C001867,103397.76,DUE,145
R0001857,A0003990,C002967,59719.54,PARTIAL,101
R0001858,A0003713,C000454,99787.12,PARTIAL,84
R0001859,A0003198,C002531,24765.8,PARTIAL,128
R0001860,A0000197,C000791,85628.77,DUE,27
R0001861,A0003207,C003469,18545.36,BOUNCED,40
R0001862,A0002764,C001793,142964.27,DUE,117
R0001863,A0002211,C000056,112739.39,BOUNCED,5
R0001864,A0001633,C000276,94094.44,PARTIAL,24
R0001865,A0001722,C002721,68593.78,DUE,161
R0001866,A0000251,C001632,144625.09,PARTIAL,87
R0001867,A0004096,C003406,124245.42,PAID,107
R0001868,A0002035,C002857,17081.72,BOUNCED,179
R0001869,A0004372,C001318,137998.79,BOUNCED,168
R0001870,A0002310,C001907,38394.68,PARTIAL,166
R0001871,A0001718,C002130,67409.66,DUE,94
R0001872,A0003341,C000151,7508.69,PARTIAL,124
R0001873,A0004236,C001906,121662.12,PAID,158
R0001874,A0001855,C000831,72280.66,DUE,148
R0001875,A0001587,C002944,73335.11,BOUNCED,49
R0001876,A0004689,C002797,87160.1,PAID,143
R0001877,A0000719,C002573,138987.82,BOUNCED,145
R0001878,A0004320,C001945,35550.57,DUE,136
R0001879,A0003193,C000695,50799.73,BOUNCED,55
R0001880,A0003451,C000027,32524.38,BOUNCED,64
R0001881,A0001418,C000602,24614.11,PARTIAL,130
R0001882,A0004648,C000868,125841.94,PARTIAL,1
R0001883,A0000550,C001486,51434.97,DUE,147
R0001884,A0003483,C002488,134854.22,PARTIAL,45
R0001885,A0003663,C002071,115980.61,BOUNCED,12
R0001886,A0003881,C001960,36255.32,PAID,95
R0001887,A0001837,C003333,25266.41,BOUNCED,22
R0001888,A0003003,C000482,128345.14,BOUNCED,3
R0001889,A0004629,C002771,95700.16,PAID,44
R0001890,A0002335,C000302,84850.51,PAID,42
R0001891,A0000359,C003409,119102.28,PARTIAL,51
R0001892,A0004638,C001631,80513.24,PARTIAL,7
R0001893,A0000886,C002468,86513.39,PARTIAL,29
R0001894,A0001300,C000863,99164.22,BOUNCED,134
R0001895,A0004187,C001404,72058.72,PARTIAL,97
R0001896,A0004163,C001294,74640.82,PAID,23
R0001897,A0004129,C003176,79058.33,DUE,78
R0001898,A0000933,C003290,44696.37,BOUNCED,75
R0001899,A0001994,C000252,132601.16,DUE,88
R0001900,A0003956,C001030,104407.41,BOUNCED,126
R0001901,A0003916,C002620,20615.46,BOUNCED,113
R0001902,A0003364,C000491,135916.55,PAID,16
R0001903,A0001530,C003197,66317.79,DUE,111
R0001904,A0004513,C000054,64559.88,DUE,90
R0001905,A0002583,C001297,7163.34,DUE,142
R0001906,A0000639,C001171,118808.61,DUE,140
R0001907,A0002696,C000573,104649.73,BOUNCED,37
R0001908,A0003269,C000882,127379.61,BOUNCED,102
R0001909,A0002523,C001615,131786.96,PAID,103
R0001910,A0003366,C001574,22030.89,PAID,35
R0001911,A0003298,C000417,3692.4,PARTIAL,67
R0001912,A0001345,C003014,36240.29,PARTIAL,140
R0001913,A0000330,C001707,84256.05,PAID,156
R0001914,A0004067,C002836,16395.73,BOUNCED,126
R0001915,A0000231,C003009,13661.76,DUE,158
R0001916,A0000075,C000896,136875.4,PARTIAL,123
R0001917,A0004660,C002456,34146.5,BOUNCED,3
R0001918,A0000865,C001549,35568.3,BOUNCED,15
R0001919,A0003849,C000540,6473.45,PAID,64
R0001920,A0002200,C002820,28906.26,PAID,29
R0001921,A0000804,C000149,8074.25,DUE,126
R0001922,A0000568,C003095,9499.64,DUE,24
R0001923,A0000894,C002364,104751.2,DUE,167
R0001924,A0002595,C001766,59043.44,PARTIAL,76
R0001925,A0001067,C002369,9878.48,PARTIAL,51
R0001926,A0004261,C003027,18566.82,PAID,134
R0001927,A0001675,C003382,38418.88,DUE,61
R0001928,A0004252,C001349,83679.12,PARTIAL,29
R0001929,A0002024,C002462,89945.24,PAID,96
R0001930,A0004947,C001247,10256.24,DUE,132
R0001931,A0003270,C001690,142175.51,DUE,154
R0001932,A0004305,C002540,90004.89,BOUNCED,6
R0001933,A0004309,C001712,113084.97,DUE,137
R0001934,A0002919,C001175,61135.62,DUE,112
R0001935,A0003530,C000272,78494.99,DUE,117
R0001936,A0000901,C001257,81392.99,BOUNCED,152
R0001937,A0004908,C000863,87062.11,PARTIAL,84
R0001938,A0004714,C001509,46875.23,DUE,38
R0001939,A0004568,C001562,13711.48,PAID,165
R0001940,A0004710,C000736,61788.46,PAID,92
R0001941,A0001892,C001203,80255.23,DUE,55
R0001942,A0003239,C000106,13824.25,BOUNCED,21
R0001943,A0004740,C003444,147995.02,PAID,20
R0001944,A0002643,C001626,74712.8,BOUNCED,45
R0001945,A0004654,C003422,139361.55,PAID,4
R0001946,A0000393,C001331,56633.6,PAID,83
R0001947,A0001107,C002918,110674.29,PARTIAL,159
R0001948,A0004021,C000470,74135.67,BOUNCED,140
R0001949,A0001141,C001834,99136.59,BOUNCED,14
R0001950,A0000719,C002573,114425.28,PAID,8
R0001951,A0001235,C000339,64576.21,DUE,40
R0001952,A0002266,C002947,37504.69,PARTIAL,42
R0001953,A0004495,C002288,111479.1,BOUNCED,140
R0001954,A0001469,C002149,54342.83,PAID,114
R0001955,A0003634,C003251,113546.49,PAID,149
R0001956,A0004539,C003390,126044.76,DUE,92
R0001957,A0001733,C000088,1934.14,PARTIAL,3
R0001958,A0003957,C001995,97736.9,PARTIAL,105
R0001959,A0001878,C002277,56954.76,PARTIAL,15
R0001960,A0004810,C001672,62681.2,DUE,166
R0001961,A0004962,C000476,147626.59,BOUNCED,122
R0001962,A0002113,C000439,14157.05,BOUNCED,158
R0001963,A0003414,C000039,115887.94,PAID,82
R0001964,A0002456,C001512,11465.11,PARTIAL,13
R0001965,A0003806,C002983,23342.98,PARTIAL,177
R0001966,A0004646,C001146,34870.93,BOUNCED,28
R0001967,A0002002,C001730,40954.78,BOUNCED,168
R0001968,A0001041,C000622,108947.94,BOUNCED,92
R0001969,A0002335,C000302,55716.24,DUE,92
R0001970,A0001763,C000408,100800.32,DUE,39
R0001971,A0000986,C002735,14340.93,PAID,164
R0001972,A0002258,C000735,50771.53,DUE,45
R0001973,A0003720,C001559,98290.22,PAID,60
R0001974,A0001378,C002952,94940.96,DUE,81
R0001975,A0004558,C003001,71222.42,PAID,38
R0001976,A0000341,C000979,148886.23,PARTIAL,115
R0001977,A0004413,C002587,109273.56,PARTIAL,151
R0001978,A0001953,C000688,106083.41,DUE,83
R0001979,A0004374,C003385,113503.93,DUE,12
R0001980,A0004144,C002719,85622.27,PARTIAL,105
R0001981,A0001503,C003277,143066.13,BOUNCED,163
R0001982,A0001926,C002217,112334.64,DUE,160
R0001983,A0002280,C002606,59346.8,DUE,60
R0001984,A0003196,C000847,107850.59,BOUNCED,20
R0001985,A0002247,C003379,71718.59,BOUNCED,96
R0001986,A0002708,C000899,141152.49,PAID,21
R0001987,A0001241,C001935,54239.97,BOUNCED,136
R0001988,A0001992,C000954,106548.28,PAID,42
R0001989,A0003613,C002374,10818.73,PARTIAL,10
R0001990,A0002211,C000056,52883.12,BOUNCED,74
R0001991,A0002387,C000285,128576.5,PARTIAL,176
R0001992,A0001080,C003499,47129.69,PAID,25
R0001993,A0003704,C002867,74134.03,PAID,71
R0001994,A0004142,C003158,26582.63,BOUNCED,114
R0001995,A0000958,C000452,146018.75,PARTIAL,169
R0001996,A0001194,C003294,40741.41,BOUNCED,83
R0001997,A0002380,C002325,21012.9,PAID,174
R0001998,A0002194,C000657,142920.51,PARTIAL,27
R0001999,A0000891,C001886,28412.14,BOUNCED,57
R0002000,A0003840,C001723,64676.24,BOUNCED,151
R0002001,A0004765,C003169,97972.66,PARTIAL,173
R0002002,A0004409,C000052,19661.4,PAID,18
R0002003,A0001032,C001006,52862.6,PARTIAL,68
R0002004,A0001046,C003247,49370.44,PARTIAL,11
R0002005,A0002197,C003140,48818.34,PARTIAL,128
R0002006,A0000920,C000767,87411.73,PARTIAL,59
R0002007,A0002932,C002762,74227.0,PARTIAL,26
R0002008,A0001395,C001787,148823.37,PARTIAL,128
R0002009,A0002115,C000926,31803.6,DUE,28
R0002010,A0001685,C002519,47462.5,PAID,65
R0002011,A0003436,C000582,76679.36,BOUNCED,13
R0002012,A0004400,C000640,17763.57,DUE,3
R0002013,A0000395,C003275,147701.03,BOUNCED,120
R0002014,A0000038,C002840,110815.9,BOUNCED,69
R0002015,A0002133,C001994,114055.14,BOUNCED,174
R0002016,A0002967,C001560,71675.64,DUE,178
R0002017,A0004365,C002991,119354.91,PAID,100
R0002018,A0002764,C001793,32105.25,PARTIAL,114
R0002019,A0000077,C002544,12223.54,DUE,23
R0002020,A0003044,C002644,138060.28,BOUNCED,0
R0002021,A0002793,C001136,100664.15,DUE,34
R0002022,A0003280,C001506,118328.73,DUE,172
R0002023,A0004179,C000615,77718.47,PARTIAL,157
R0002024,A0003695,C003034,120524.07,BOUNCED,68
R0002025,A0004872,C003499,73737.43,BOUNCED,109
R0002026,A0003936,C001935,66363.48,PAID,43
R0002027,A0004564,C002884,145827.27,PAID,176
R0002028,A0004041,C000647,43933.83,DUE,144
R0002029,A0003187,C001886,137611.86,BOUNCED,38
R0002030,A0001861,C001700,44043.62,PARTIAL,160
R0002031,A0004337,C000540,73827.09,DUE,66
R0002032,A0002002,C001730,14200.35,PARTIAL,103
R0002033,A0003638,C003404,38921.32,PAID,164
R0002034,A0003238,C001743,97006.91,PAID,24
R0002035,A0001596,C001013,58734.8,PARTIAL,83
R0002036,A0001055,C001634,78533.07,DUE,54
R0002037,A0004480,C001651,48474.36,BOUNCED,167
R0002038,A0002875,C000406,61695.61,PARTIAL,110
R0002039,A0002955,C000480,12421.8,BOUNCED,132
R0002040,A0000248,C000403,20191.18,PAID,122
R0002041,A0003388,C000537,82867.49,BOUNCED,97
R0002042,A0002045,C000727,133170.48,DUE,172
R0002043,A0002287,C002731,74747.16,PAID,164
R0002044,A0004305,C002540,56612.93,BOUNCED,121
R0002045,A0002739,C001266,49878.12,BOUNCED,25
R0002046,A0003443,C000207,103066.7,BOUNCED,49
R0002047,A0001077,C002750,73795.42,PAID,138
R0002048,A0004509,C000368,120677.74,DUE,108
R0002049,A0000789,C000794,16964.66,PARTIAL,75
R0002050,A0003655,C000069,94024.22,PARTIAL,134
R0002051,A0001176,C003133,43045.32,DUE,137
R0002052,A0003298,C000417,131406.33,PARTIAL,167
R0002053,A0001083,C000928,25953.69,PAID,12
R0002054,A0003444,C001762,135285.92,PARTIAL,15
R0002055,A0003827,C002505,63951.27,BOUNCED,3
R0002056,A0002601,C000153,7798.89,BOUNCED,102
R0002057,A0002126,C003055,3632.44,PARTIAL,99
R0002058,A0002929,C001401,87370.14,PARTIAL,25
R0002059,A0002953,C002590,137873.65,PAID,65
R0002060,A0000408,C001800,134680.56,PAID,121
R0002061,A0002032,C002928,45363.01,DUE,149
R0002062,A0003847,C001853,140254.79,BOUNCED,139
R0002063,A0002850,C000007,33193.58,PAID,140
R0002064,A0003502,C000801,90902.97,DUE,48
R0002065,A0000528,C001163,29769.0,DUE,122
R0002066,A0003886,C000746,134924.71,PAID,77
R0002067,A0000672,C002069,137879.22,DUE,27
R0002068,A0004237,C000890,21083.14,PARTIAL,8
R0002069,A0001033,C001452,144656.6,BOUNCED,16
R0002070,A0000463,C000452,41961.68,DUE,103
R0002071,A0003668,C001899,138376.98,PARTIAL,89
R0002072,A0001091,C001167,88963.95,PARTIAL,13
R0002073,A0000311,C002813,58604.51,PARTIAL,59
R0002074,A0003577,C002444,23435.13,BOUNCED,24
R0002075,A0000495,C001236,8771.0,PAID,111
R0002076,A0004397,C001166,72413.01,PARTIAL,44
R0002077,A0001980,C003033,28715.58,BOUNCED,108
R0002078,A0000469,C002202,2974.02,BOUNCED,133
R0002079,A0002760,C002437,77207.1,BOUNCED,93
R0002080,A0000927,C001116,105211.36,DUE,39
R0002081,A0004756,C001701,25923.38,BOUNCED,48
R0002082,A0000069,C000979,25438.43,BOUNCED,120
R0002083,A0003831,C003399,117519.26,PARTIAL,62
R0002084,A0001294,C000992,39538.59,PAID,0
R0002085,A0002058,C000297,96246.66,BOUNCED,141
R0002086,A0002264,C001906,37474.52,DUE,101
R0002087,A0002705,C002004,49110.73,PARTIAL,180
R0002088,A0003579,C001494,62343.04,PARTIAL,77
R0002089,A0001971,C000411,68383.58,DUE,176
R0002090,A0003075,C002651,133862.09,PAID,61
R0002091,A0000997,C001473,141659.48,DUE,110
R0002092,A0002051,C002985,44724.26,DUE,95
R0002093,A0002256,C003118,149365.32,DUE,49
R0002094,A0001872,C002151,63169.16,BOUNCED,94
R0002095,A0000607,C000285,107493.4,PAID,31
R0002096,A0002661,C002911,117256.08,PARTIAL,31
R0002097,A0004250,C003011,100652.97,PAID,105
R0002098,A0004077,C001784,101815.98,PARTIAL,36
R0002099,A0004192,C003431,100545.66,PARTIAL,71
R0002100,A0001337,C000947,54559.46,DUE,20
R0002101,A0001585,C002057,21409.91,DUE,51
R0002102,A0001150,C002590,22585.66,DUE,164
R0002103,A0001968,C001922,111215.36,PAID,35
R0002104,A0000561,C002858,104751.68,PARTIAL,147
R0002105,A0003081,C002462,99569.8,PAID,131
R0002106,A0004820,C000894,35826.21,PAID,5
R0002107,A0001539,C002490,126884.62,PARTIAL,55
R0002108,A0001223,C000315,74368.38,PAID,97
R0002109,A0001328,C000830,144749.64,DUE,22
R0002110,A0001831,C001715,83185.94,BOUNCED,98
R0002111,A0000658,C002019,126967.96,PARTIAL,122
R0002112,A0003961,C001053,13787.6,PARTIAL,100
R0002113,A0002281,C000346,64133.62,BOUNCED,77
R0002114,A0000345,C000424,103769.87,PAID,14
R0002115,A0001333,C002864,148113.9,BOUNCED,68
R0002116,A0003909,C000667,55842.29,PARTIAL,127
R0002117,A0001620,C001706,4712.69,PAID,91
R0002118,A0004250,C003011,85377.79,PARTIAL,175
R0002119,A0002794,C000014,122906.52,PARTIAL,76
R0002120,A0001705,C002726,22812.26,BOUNCED,34
R0002121,A0001029,C001381,52324.29,DUE,53
R0002122,A0000004,C000970,62173.51,PARTIAL,71
R0002123,A0004966,C003259,84323.44,PAID,138
R0002124,A0000796,C002510,97761.88,DUE,174
R0002125,A0001334,C001097,85853.59,PAID,155
R0002126,A0002979,C001864,98893.31,PAID,58
R0002127,A0001739,C000847,33962.61,BOUNCED,103
R0002128,A0003066,C002568,39535.03,BOUNCED,142
R0002129,A0003562,C000870,66753.93,DUE,174
R0002130,A0001427,C003457,136411.05,DUE,56
R0002131,A0002747,C003372,75018.66,BOUNCED,15
R0002132,A0004422,C001108,83504.14,DUE,32
R0002133,A0000160,C003423,84788.76,BOUNCED,74
R0002134,A0002844,C003310,139534.43,DUE,143
R0002135,A0004862,C000171,15846.64,PARTIAL,40
R0002136,A0004443,C001212,88278.91,BOUNCED,45
R0002137,A0002122,C001749,109705.86,BOUNCED,32
R0002138,A0003744,C002367,42285.88,PAID,21
R0002139,A0000126,C002820,51457.92,PARTIAL,50
R0002140,A0002794,C000514,126034.85,PARTIAL,53
R0002141,A0003177,C001931,15876.76,PARTIAL,108
R0002142,A0002538,C000019,21948.02,DUE,138
R0002143,A0001799,C002357,31069.5,PARTIAL,92
R0002144,A0001715,C000183,91073.41,BOUNCED,48
R0002145,A0004125,C002570,23966.92,PARTIAL,160
R0002146,A0000368,C000446,69622.68,DUE,176
R0002147,A0000402,C001793,68600.85,PAID,104
R0002148,A0000336,C002691,55694.06,PAID,92
R0002149,A0001719,C000898,85574.38,PAID,32
R0002150,A0002417,C002095,61441.2,DUE,16
R0002151,A0003958,C000593,76447.52,PAID,142
R0002152,A0004223,C000125,100435.81,PAID,16
R0002153,A0004681,C002239,74091.69,DUE,144
R0002154,A0004848,C000121,139202.18,PARTIAL,50
R0002155,A0000923,C002746,100336.62,PAID,68
R0002156,A0002742,C000104,127750.7,PARTIAL,27
R0002157,A0002851,C001304,60146.74,DUE,147
R0002158,A0002944,C000004,114583.18,BOUNCED,98
R0002159,A0000499,C001808,10977.54,PARTIAL,10
R0002160,A0002926,C002592,39553.46,DUE,47
R0002161,A0000449,C003123,131399.13,DUE,71
R0002162,A0000945,C003067,10511.18,PARTIAL,8
R0002163,A0003615,C000339,17328.97,PAID,40
R0002164,A0000447,C002668,10537.69,PARTIAL,177
R0002165,A0002553,C000665,108085.11,PARTIAL,39
R0002166,A0002289,C002669,90858.1,BOUNCED,141
R0002167,A0000269,C001483,142614.01,BOUNCED,122
R0002168,A0000911,C002943,31742.36,BOUNCED,78
R0002169,A0003428,C003387,34535.1,PAID,52
R0002170,A0000755,C003252,16115.19,PAID,72
R0002171,A0002583,C001297,57038.05,DUE,17
R0002172,A0002619,C001640,50318.7,BOUNCED,88
R0002173,A0001293,C001276,120953.15,BOUNCED,37
R0002174,A0003987,C000865,40418.09,PARTIAL,7
R0002175,A0004360,C001168,100880.37,PAID,151
R0002176,A0004359,C002981,135327.15,PARTIAL,69
R0002177,A0001655,C002966,68827.16,PARTIAL,44
R0002178,A0001223,C000315,53745.19,PAID,39
R0002179,A0001657,C002908,137753.93,DUE,151
R0002180,A0004338,C001935,44068.47,BOUNCED,165
R0002181,A0002471,C002866,74680.15,BOUNCED,152
R0002182,A0004007,C001620,65782.99,DUE,146
R0002183,A0000406,C002078,11984.86,BOUNCED,103
R0002184,A0001466,C000389,84638.55,PARTIAL,50
R0002185,A0000634,C000518,21173.08,BOUNCED,31
R0002186,A0002850,C003179,26057.69,DUE,6
R0002187,A0004835,C003231,88284.67,BOUNCED,168
R0002188,A0000167,C001334,109020.96,DUE,144
R0002189,A0002379,C000628,39199.67,DUE,46
R0002190,A0004053,C001240,118204.41,BOUNCED,163
R0002191,A0002570,C002527,135803.76,PARTIAL,176
R0002192,A0004753,C002902,104403.89,PAID,25
R0002193,A0000582,C001282,42881.44,DUE,25
R0002194,A0004313,C002708,130036.86,DUE,134
R0002195,A0001205,C000153,43164.68,PAID,32
R0002196,A0000203,C002539,147801.31,PARTIAL,18
R0002197,A0001720,C003112,123440.87,PARTIAL,28
R0002198,A0004436,C001079,139308.78,PARTIAL,111
R0002199,A0003295,C003493,52283.4,DUE,96
R0002200,A0004679,C001078,116425.56,PAID,172
R0002201,A0002284,C000899,72326.77,PARTIAL,31
R0002202,A0001767,C000030,40086.55,PARTIAL,152
R0002203,A0003169,C001868,139591.72,PAID,138
R0002204,A0001477,C001675,22305.43,BOUNCED,122
R0002205,A0003266,C002232,73851.06,BOUNCED,122
R0002206,A0001854,C002661,59227.7,PAID,143
R0002207,A0004068,C001428,101465.0,PARTIAL,77
R0002208,A0004198,C003381,7807.77,PAID,113
R0002209,A0003971,C002578,91058.65,PAID,124
R0002210,A0002857,C001723,74186.89,BOUNCED,180
R0002211,A0004004,C002488,51549.6,PARTIAL,7
R0002212,A0003663,C002071,111278.42,PARTIAL,179
R0002213,A0002856,C000342,102687.61,PAID,154
R0002214,A0003889,C001495,29919.96,DUE,156
R0002215,A0003376,C002307,9375.15,BOUNCED,106
R0002216,A0002887,C002747,55464.22,DUE,82
R0002217,A0004107,C001931,90568.16,PARTIAL,59
R0002218,A0000321,C002825,105244.92,PARTIAL,4
R0002219,A0003900,C000647,48338.56,PAID,98
R0002220,A0003210,C001067,38671.48,BOUNCED,150
R0002221,A0000052,C001668,663.72,PAID,179
R0002222,A0004122,C000038,91512.07,BOUNCED,99
R0002223,A0004770,C002389,123301.37,DUE,38
R0002224,A0004876,C001269,42179.13,DUE,75
R0002225,A0002489,C001215,100080.8,DUE,119
R0002226,A0003824,C000069,112536.17,BOUNCED,161
R0002227,A0003735,C002300,15130.95,PARTIAL,129
R0002228,A0004147,C003060,134490.75,PAID,174
R0002229,A0001725,C001218,79044.03,PARTIAL,5
R0002230,A0001644,C003282,127413.76,BOUNCED,69
R0002231,A0002566,C000535,55305.39,DUE,95
R0002232,A0002833,C002256,90153.9,DUE,90
R0002233,A0000298,C003371,138843.16,PARTIAL,170
R0002234,A0000162,C001447,138218.02,BOUNCED,30
R0002235,A0004558,C003001,71481.12,DUE,6
R0002236,A0004061,C000741,10704.82,PAID,0
R0002237,A0003686,C003199,104817.32,BOUNCED,146
R0002238,A0004912,C001207,95323.36,PARTIAL,91
R0002239,A0000313,C000132,133886.56,PARTIAL,29
R0002240,A0003629,C001582,81913.63,PARTIAL,15
R0002241,A0004695,C000647,120852.24,PARTIAL,28
R0002242,A0002103,C000112,103448.82,BOUNCED,14
R0002243,A0004056,C002307,102347.56,BOUNCED,57
R0002244,A0002064,C002021,130993.28,PAID,88
R0002245,A0003147,C000898,99363.33,DUE,27
R0002246,A0000662,C001821,21657.45,BOUNCED,130
R0002247,A0002833,C001851,97424.27,PAID,70
R0002248,A0003299,C000962,37913.1,DUE,98
R0002249,A0002666,C003416,118652.07,DUE,110
R0002250,A0001742,C000920,111763.32,BOUNCED,57
R0002251,A0004993,C002893,99652.99,BOUNCED,173
R0002252,A0001997,C001638,82760.75,BOUNCED,123
R0002253,A0000572,C001360,1900.45,BOUNCED,105
R0002254,A0003949,C001694,95361.71,PAID,145
R0002255,A0002761,C003049,41099.52,DUE,4
R0002256,A0004560,C001354,118577.5,PAID,3
R0002257,A0001991,C000670,127204.99,PARTIAL,71
R0002258,A0001547,C003445,13828.41,PAID,176
R0002259,A0002978,C001868,63713.22,PAID,5
R0002260,A0003425,C001815,136687.43,BOUNCED,25
R0002261,A0004216,C001675,11467.71,PARTIAL,137
R0002262,A0000408,C001800,107288.29,PARTIAL,137
R0002263,A0004194,C002788,96916.9,PAID,145
R0002264,A0001916,C001086,90064.78,BOUNCED,166
R0002265,A0003500,C001913,12142.84,PAID,0
R0002266,A0003406,C000096,21658.93,PARTIAL,111
R0002267,A0002713,C002069,44185.89,PARTIAL,139
R0002268,A0003691,C001898,148707.66,DUE,107
R0002269,A0002056,C000272,82447.24,DUE,56
R0002270,A0003623,C001743,109471.24,DUE,101
R0002271,A0004032,C002345,1085.26,BOUNCED,121
R0002272,A0001929,C002894,18309.99,DUE,169
R0002273,A0000923,C002746,86679.8,PAID,105
R0002274,A0001100,C003146,136463.29,BOUNCED,169
R0002275,A0004438,C003132,81530.88,PAID,124
R0002276,A0001794,C003071,130478.7,DUE,104
R0002277,A0004797,C000659,113596.12,PAID,40
R0002278,A0003426,C003029,127704.06,BOUNCED,75
R0002279,A0001684,C002551,104717.95,BOUNCED,11
R0002280,A0003821,C003420,90224.2,DUE,95
R0002281,A0004852,C001461,110118.1,DUE,164
R0002282,A0000271,C000486,106974.9,PARTIAL,161
R0002283,A0003993,C001671,100556.96,DUE,28
R0002284,A0004814,C002109,120288.38,PAID,175
R0002285,A0002907,C001768,128416.37,PARTIAL,84
R0002286,A0002669,C000963,66534.48,DUE,128
R0002287,A0004301,C001688,86672.83,PAID,98
R0002288,A0003164,C001398,77559.15,DUE,114
R0002289,A0001543,C001415,129555.58,PARTIAL,52
R0002290,A0003349,C002585,45605.75,DUE,95
R0002291,A0000044,C000670,49276.83,PARTIAL,162
R0002292,A0000058,C002020,148368.38,DUE,102
R0002293,A0003471,C002781,97318.87,BOUNCED,31
R0002294,A0001093,C002198,33762.15,PARTIAL,145
R0002295,A0002550,C003295,148118.82,DUE,87
R0002296,A0001245,C000789,104334.38,PAID,91
R0002297,A0003029,C001083,114605.97,PARTIAL,9
R0002298,A0002679,C000883,67003.9,BOUNCED,114
R0002299,A0002586,C000172,40716.95,BOUNCED,123
R0002300,A0000418,C000707,3242.56,PARTIAL,24
R0002301,A0003557,C001325,70331.32,PARTIAL,150
R0002302,A0000045,C001832,7574.89,BOUNCED,153
R0002303,A0000891,C001886,12930.53,BOUNCED,42
R0002304,A0003051,C003025,23191.08,PARTIAL,142
R0002305,A0000678,C001283,99420.07,PAID,180
R0002306,A0000774,C001576,27198.61,BOUNCED,7
R0002307,A0000059,C000667,131416.41,PARTIAL,56
R0002308,A0003636,C000402,83192.27,BOUNCED,155
R0002309,A0004798,C003421,145865.76,DUE,169
R0002310,A0004692,C002823,70980.75,PARTIAL,23
R0002311,A0001433,C003217,122935.67,PAID,164
R0002312,A0001266,C000673,116163.44,PAID,88
R0002313,A0004530,C003047,23279.43,DUE,87
R0002314,A0003933,C003374,110155.66,DUE,72
R0002315,A0003078,C000555,111357.86,BOUNCED,127
R0002316,A0000494,C001012,85049.72,DUE,46
R0002317,A0000116,C003080,144062.05,PARTIAL,77
R0002318,A0001050,C002314,72041.21,BOUNCED,157
R0002319,A0004549,C003238,31953.07,PAID,129
R0002320,A0004217,C002565,128239.36,BOUNCED,72
R0002321,A0002310,C001907,145958.02,BOUNCED,142
R0002322,A0003663,C002071,115765.95,DUE,17
R0002323,A0004602,C000353,19872.88,DUE,76
R0002324,A0002806,C001166,78152.39,PARTIAL,9
R0002325,A0003244,C000499,18796.25,BOUNCED,30
R0002326,A0002357,C000942,144350.21,PARTIAL,114
R0002327,A0003326,C000959,140221.23,DUE,133
R0002328,A0002624,C000385,40136.13,PARTIAL,6
R0002329,A0001383,C002442,16347.37,PARTIAL,3
R0002330,A0004871,C000518,2664.37,BOUNCED,124
R0002331,A0001703,C001030,149043.15,PAID,83
R0002332,A0002776,C000619,46648.88,PAID,166
R0002333,A0004243,C000220,128783.93,BOUNCED,91
R0002334,A0001877,C002448,130642.15,PARTIAL,68
R0002335,A0004976,C002250,45373.13,BOUNCED,27
R0002336,A0001309,C001397,24862.15,PARTIAL,173
R0002337,A0000955,C002622,4032.91,DUE,87
R0002338,A0002851,C001304,60427.02,DUE,28
R0002339,A0003737,C002958,94413.53,DUE,170
R0002340,A0004238,C001559,45946.49,PARTIAL,24
R0002341,A0003484,C001508,35859.62,PARTIAL,147
R0002342,A0004192,C003431,133753.06,DUE,4
R0002343,A0004890,C000829,124908.66,DUE,1
R0002344,A0004158,C001515,69988.22,BOUNCED,167
R0002345,A0002670,C002684,31581.73,BOUNCED,48
R0002346,A0004903,C002071,103855.88,BOUNCED,163
R0002347,A0000069,C002263,145483.55,PARTIAL,99
R0002348,A0000177,C000354,2862.31,PARTIAL,145
R0002349,A0004028,C001333,42261.41,PARTIAL,11
R0002350,A0003980,C000179,128217.8,PARTIAL,117
R0002351,A0000533,C003160,76491.41,DUE,51
R0002352,A0004253,C000957,7342.12,PARTIAL,108
R0002353,A0004364,C000277,48242.29,PAID,29
R0002354,A0002834,C003369,24589.27,DUE,12
R0002355,A0003868,C003367,33137.0,DUE,75
R0002356,A0000729,C002465,121734.34,DUE,144
R0002357,A0001311,C000487,6343.38,PARTIAL,131
R0002358,A0004327,C002974,117869.09,DUE,92
R0002359,A0002435,C003274,6677.86,PAID,6
R0002360,A0003506,C001563,129897.04,DUE,11
R0002361,A0001806,C000902,139592.93,BOUNCED,180
R0002362,A0004487,C002360,80508.11,DUE,118
R0002363,A0002909,C001193,4408.63,BOUNCED,161
R0002364,A0000079,C002155,96234.34,DUE,123
R0002365,A0004662,C001874,41479.02,DUE,88
R0002366,A0000297,C003431,28839.52,PAID,133
R0002367,A0000983,C003368,56698.65,PAID,48
R0002368,A0001148,C000577,102227.35,DUE,113
R0002369,A0001973,C003363,138668.31,DUE,47
R0002370,A0003400,C002865,30685.26,PAID,167
R0002371,A0000596,C003327,71472.78,DUE,93
R0002372,A0004887,C001762,24456.61,BOUNCED,40
R0002373,A0002804,C001070,48616.4,BOUNCED,75
R0002374,A0004047,C000116,115593.41,BOUNCED,162
R0002375,A0002229,C001260,130320.29,PARTIAL,163
R0002376,A0003223,C000004,149206.45,PARTIAL,60
R0002377,A0001485,C000061,129584.93,PAID,42
R0002378,A0002860,C000066,139877.79,DUE,118
R0002379,A0003136,C002984,70103.58,DUE,141
R0002380,A0004194,C002788,95897.12,DUE,86
R0002381,A0002321,C002575,44584.09,DUE,34
R0002382,A0003578,C001844,62608.25,BOUNCED,134
R0002383,A0001860,C003380,13134.66,PAID,2
R0002384,A0000336,C002691,44043.03,DUE,114
R0002385,A0004815,C003260,102114.39,DUE,9
R0002386,A0004211,C000491,75846.32,PAID,19
R0002387,A0002107,C002841,5742.78,BOUNCED,166
R0002388,A0003677,C002967,111627.08,PAID,134
R0002389,A0003728,C002994,37099.45,PARTIAL,122
R0002390,A0002915,C000232,111976.38,BOUNCED,67
R0002391,A0001802,C002535,112995.62,DUE,117
R0002392,A0000892,C001106,88742.35,PARTIAL,133
R0002393,A0002740,C002914,105105.19,PAID,44
R0002394,A0002097,C002758,64861.53,DUE,3
R0002395,A0004240,C000145,68053.06,PAID,40
R0002396,A0003048,C002478,12723.99,DUE,157
R0002397,A0002382,C001258,30405.27,PARTIAL,48
R0002398,A0000773,C000134,25548.93,PAID,52
R0002399,A0001158,C003037,64085.08,BOUNCED,6
R0002400,A0001214,C003384,57047.89,PARTIAL,160
R0002401,A0002931,C002542,71471.06,PAID,8
R0002402,A0004670,C001626,68509.24,PARTIAL,146
R0002403,A0002782,C001798,92748.75,PAID,32
R0002404,A0003945,C001280,96487.75,BOUNCED,141
R0002405,A0000385,C002921,64247.51,DUE,18
R0002406,A0002053,C001587,10619.3,PARTIAL,128
R0002407,A0002112,C001082,113820.79,PARTIAL,148
R0002408,A0003978,C001176,42183.16,BOUNCED,95
R0002409,A0002978,C001868,102463.59,DUE,39
R0002410,A0001921,C002983,12309.16,DUE,73
R0002411,A0001493,C000081,78829.49,PARTIAL,165
R0002412,A0004579,C002537,143241.05,BOUNCED,136
R0002413,A0004948,C001533,81674.08,PAID,146
R0002414,A0003384,C002500,119430.52,PARTIAL,141
R0002415,A0002352,C002682,47773.03,BOUNCED,8
R0002416,A0001701,C001396,15416.62,PAID,48
R0002417,A0003658,C003163,136150.31,PARTIAL,16
R0002418,A0002419,C001699,20106.65,BOUNCED,29
R0002419,A0001985,C002209,90988.24,PAID,20
R0002420,A0003587,C000675,62919.2,DUE,38
R0002421,A0000443,C000850,1065.23,DUE,147
R0002422,A0002432,C003340,52051.44,BOUNCED,69
R0002423,A0004310,C000216,141170.94,PAID,120
R0002424,A0004269,C000639,91599.5,PARTIAL,137
R0002425,A0004392,C000109,33337.97,BOUNCED,166
R0002426,A0002131,C000778,123993.42,DUE,141
R0002427,A0000416,C000184,149615.35,BOUNCED,54
R0002428,A0003565,C002334,73264.29,PARTIAL,118
R0002429,A0002667,C000980,78427.56,PARTIAL,160
R0002430,A0001272,C003133,124633.27,PARTIAL,123
R0002431,A0001163,C000477,139792.5,BOUNCED,167
R0002432,A0003305,C003062,32261.77,PARTIAL,4
R0002433,A0003439,C002038,96191.83,PARTIAL,153
R0002434,A0003669,C000939,93074.78,PAID,16
R0002435,A0001065,C000730,123023.81,PAID,44
R0002436,A0002837,C002518,122028.13,DUE,125
R0002437,A0004857,C001781,1854.33,PAID,91
R0002438,A0002428,C000217,38147.29,PARTIAL,153
R0002439,A0004509,C001120,145398.22,PAID,43
R0002440,A0000827,C001246,84872.33,BOUNCED,118
R0002441,A0001028,C001139,8940.9,PARTIAL,53
R0002442,A0004155,C001589,72108.75,PAID,50
R0002443,A0001577,C001351,118393.66,PARTIAL,101
R0002444,A0000889,C001657,75108.97,DUE,154
R0002445,A0003487,C000431,94639.88,DUE,1
R0002446,A0004625,C003359,19322.3,PAID,170
R0002447,A0000679,C000756,110791.31,PAID,101
R0002448,A0001837,C002774,112690.92,PARTIAL,178
R0002449,A0002979,C001864,139089.68,PARTIAL,158
R0002450,A0001407,C003339,101282.26,PAID,177
R0002451,A0003556,C001989,80549.43,BOUNCED,99
R0002452,A0002448,C001242,62177.76,PARTIAL,157
R0002453,A0000297,C003431,19870.19,BOUNCED,71
R0002454,A0000314,C002669,22023.58,PAID,47
R0002455,A0004993,C002893,4995.74,PARTIAL,52
R0002456,A0003712,C003481,101835.34,PARTIAL,13
R0002457,A0001942,C002356,71216.23,PARTIAL,58
R0002458,A0002076,C000194,111441.87,DUE,79
R0002459,A0003298,C000417,82120.62,PARTIAL,146
R0002460,A0000089,C002261,83825.75,PAID,135
R0002461,A0003270,C001690,2984.03,PAID,58
R0002462,A0002069,C001335,14651.53,PARTIAL,161
R0002463,A0000384,C003051,36326.7,PARTIAL,97
R0002464,A0002564,C002448,90389.69,PARTIAL,92
R0002465,A0000751,C001812,74821.8,PARTIAL,94
R0002466,A0004864,C000168,127260.92,BOUNCED,168
R0002467,A0004465,C001602,58324.91,PARTIAL,152
R0002468,A0001136,C000278,2043.65,PARTIAL,22
R0002469,A0002974,C002056,4322.89,PAID,34
R0002470,A0004568,C001562,47710.84,DUE,17
R0002471,A0004398,C003381,91869.62,BOUNCED,126
R0002472,A0003388,C000537,123668.83,PARTIAL,105
R0002473,A0003492,C001472,89173.94,PARTIAL,145
R0002474,A0002102,C002136,14852.35,DUE,82
R0002475,A0002573,C003309,109155.15,PARTIAL,59
R0002476,A0004367,C002628,121720.73,PARTIAL,44
R0002477,A0003897,C000587,120159.65,BOUNCED,156
R0002478,A0004277,C001127,4653.18,PAID,33
R0002479,A0000899,C001524,41193.73,BOUNCED,20
R0002480,A0000828,C001774,18310.26,DUE,85
R0002481,A0003458,C001957,43755.23,PAID,123
R0002482,A0002904,C002504,95644.65,PARTIAL,54
R0002483,A0004982,C001231,50612.08,DUE,55
R0002484,A0003637,C000408,140379.78,BOUNCED,132
R0002485,A0002366,C003415,101986.02,PAID,50
R0002486,A0002272,C000215,44446.34,PAID,126
R0002487,A0002558,C002986,75126.18,PARTIAL,160
R0002488,A0001232,C001841,13297.89,BOUNCED,167
R0002489,A0001437,C003055,8357.19,PARTIAL,83
R0002490,A0004561,C003199,143981.07,PAID,179
R0002491,A0000489,C001039,100587.07,DUE,82
R0002492,A0002540,C002720,135377.09,DUE,10
R0002493,A0001161,C001668,52719.66,BOUNCED,59
R0002494,A0003681,C001896,93580.9,BOUNCED,177
R0002495,A0002633,C002144,125750.1,DUE,84
R0002496,A0001517,C000900,33979.54,BOUNCED,87
R0002497,A0001733,C000088,148099.4,BOUNCED,84
R0002498,A0002470,C002213,42437.3,PARTIAL,133
R0002499,A0004343,C003465,107399.79,BOUNCED,80
R0002500,A0001600,C001000,80020.5,PAID,61
R0002501,A0002083,C001525,140769.28,PAID,122
R0002502,A0003304,C002091,128011.33,PAID,80
R0002503,A0004050,C000613,85355.37,PAID,160
R0002504,A0004961,C000738,2727.01,BOUNCED,90
R0002505,A0003007,C001023,95754.18,DUE,179
R0002506,A0002892,C000013,37692.6,PAID,140
R0002507,A0001764,C002372,12110.15,PAID,98
R0002508,A0001205,C002277,106819.75,BOUNCED,124
R0002509,A0000558,C001019,31720.13,PAID,105
R0002510,A0002864,C001447,100296.67,BOUNCED,135
R0002511,A0000864,C001799,135924.84,PARTIAL,170
R0002512,A0004126,C003194,69515.92,DUE,140
R0002513,A0001341,C000674,108304.97,BOUNCED,123
R0002514,A0001506,C001688,85055.95,PAID,37
R0002515,A0004407,C003070,98499.61,PAID,11
R0002516,A0000157,C002915,78432.56,DUE,103
R0002517,A0001533,C002841,74186.01,BOUNCED,139
R0002518,A0004084,C001960,147627.01,PARTIAL,1
R0002519,A0003047,C002076,77325.82,DUE,130
R0002520,A0003078,C000555,117271.16,PARTIAL,64
R0002521,A0001961,C001721,49354.6,BOUNCED,142
R0002522,A0001283,C001984,31283.24,DUE,83
R0002523,A0003082,C003329,16651.09,PARTIAL,113
R0002524,A0003812,C000125,71837.86,PARTIAL,161
R0002525,A0004937,C001956,60454.5,BOUNCED,146
R0002526,A0003916,C002620,10333.39,DUE,111
R0002527,A0001398,C000101,111537.82,BOUNCED,52
R0002528,A0000528,C001163,143918.87,DUE,152
R0002529,A0000041,C002021,127446.31,BOUNCED,118
R0002530,A0002150,C001589,80177.31,PARTIAL,74
R0002531,A0002677,C000362,46409.14,PAID,48
R0002532,A0000537,C002090,101412.51,PARTIAL,158
R0002533,A0002853,C002929,20697.9,PAID,43
R0002534,A0003345,C001549,68139.3,PAID,138
R0002535,A0002405,C002824,88992.71,PARTIAL,22
R0002536,A0004354,C002045,112635.12,PARTIAL,166
R0002537,A0001831,C001715,59441.24,BOUNCED,124
R0002538,A0001559,C003326,44876.18,DUE,133
R0002539,A0002840,C001728,118982.08,PAID,18
R0002540,A0004058,C001501,144513.03,PAID,81
R0002541,A0002509,C001291,144790.17,PARTIAL,51
R0002542,A0000936,C003222,96699.0,DUE,130
R0002543,A0000946,C000298,132000.08,PARTIAL,114
R0002544,A0001950,C000860,9495.0,PAID,74
R0002545,A0001105,C003040,144988.79,BOUNCED,23
R0002546,A0000267,C002180,64858.48,PARTIAL,129
R0002547,A0003210,C001067,97468.18,PARTIAL,19
R0002548,A0004419,C001189,21630.27,PARTIAL,115
R0002549,A0000422,C003171,6591.3,DUE,18
R0002550,A0002292,C000389,133193.49,PARTIAL,36
R0002551,A0001896,C001303,59593.55,BOUNCED,77
R0002552,A0001235,C000339,51946.94,PARTIAL,154
R0002553,A0002906,C000081,96528.42,PAID,152
R0002554,A0000653,C000657,123472.11,BOUNCED,146
R0002555,A0003490,C003470,24659.8,PAID,81
R0002556,A0004597,C002819,140195.73,DUE,161
R0002557,A0004345,C000561,28358.57,DUE,54
R0002558,A0003822,C000186,25629.63,BOUNCED,77
R0002559,A0002513,C000095,39035.65,PARTIAL,16
R0002560,A0000184,C001591,63353.01,PAID,94
R0002561,A0000116,C003080,139753.21,DUE,9
R0002562,A0001180,C000478,90689.49,BOUNCED,3
R0002563,A0002240,C000531,144610.47,BOUNCED,136
R0002564,A0000404,C000442,60521.34,DUE,180
R0002565,A0003994,C003178,49331.01,BOUNCED,72
R0002566,A0004124,C000139,40138.98,DUE,55
R0002567,A0001626,C000402,27538.31,BOUNCED,6
R0002568,A0002260,C003243,70045.3,DUE,77
R0002569,A0002102,C002136,127343.8,BOUNCED,142
R0002570,A0001587,C002944,38094.63,PARTIAL,59
R0002571,A0004733,C002093,107443.39,PARTIAL,135
R0002572,A0000031,C002567,88405.31,DUE,69
R0002573,A0003148,C001312,97530.08,PARTIAL,69
R0002574,A0000877,C002898,14732.04,PAID,64
R0002575,A0002493,C002526,74200.7,DUE,92
R0002576,A0004844,C000267,50892.65,DUE,177
R0002577,A0001248,C002847,96756.0,PARTIAL,126
R0002578,A0003993,C001671,15553.0,PARTIAL,20
R0002579,A0003190,C001413,56992.49,PAID,105
R0002580,A0003246,C003434,29096.79,BOUNCED,143
R0002581,A0000975,C000220,18420.42,PARTIAL,59
R0002582,A0002545,C001448,15926.35,DUE,116
R0002583,A0004738,C002380,97752.64,DUE,133
R0002584,A0000688,C003430,21496.28,PARTIAL,137
R0002585,A0002889,C002567,41672.8,BOUNCED,148
R0002586,A0002399,C000774,112179.6,PAID,150
R0002587,A0002660,C001763,31315.5,PARTIAL,3
R0002588,A0001129,C000061,93631.47,PARTIAL,92
R0002589,A0001273,C000133,79388.66,PAID,91
R0002590,A0002915,C000232,127009.09,DUE,158
R0002591,A0003183,C000807,51595.05,BOUNCED,37
R0002592,A0003540,C001025,40069.67,PARTIAL,76
R0002593,A0000009,C003298,10126.39,PARTIAL,10
R0002594,A0000094,C000166,84825.8,DUE,28
R0002595,A0002733,C002637,18237.57,PARTIAL,20
R0002596,A0000439,C001386,140195.32,PARTIAL,53
R0002597,A0000387,C000925,44887.25,BOUNCED,145
R0002598,A0003588,C002454,77559.43,PARTIAL,37
R0002599,A0003812,C000125,117148.23,BOUNCED,24
R0002600,A0002389,C000223,39430.79,BOUNCED,48
R0002601,A0003247,C001326,104474.56,PAID,90
R0002602,A0002821,C001013,45917.52,PARTIAL,165
R0002603,A0000981,C002363,93918.52,BOUNCED,177
R0002604,A0004476,C001676,62682.04,PARTIAL,6
R0002605,A0003307,C002478,97858.48,PARTIAL,11
R0002606,A0003143,C003158,96710.97,BOUNCED,49
R0002607,A0003706,C002757,18428.68,PAID,129
R0002608,A0002763,C002737,16241.42,BOUNCED,159
R0002609,A0002944,C000004,118140.59,PARTIAL,151
R0002610,A0002826,C002351,31302.13,BOUNCED,89
R0002611,A0004434,C000011,123827.03,PAID,134
R0002612,A0000141,C000514,13001.69,DUE,170
R0002613,A0004976,C002250,41527.11,PAID,53
R0002614,A0002765,C002517,104520.95,PARTIAL,71
R0002615,A0004289,C000207,110015.98,DUE,32
R0002616,A0002314,C001759,134934.45,PARTIAL,164
R0002617,A0000516,C000351,37097.85,DUE,6
R0002618,A0004563,C001368,24510.59,PARTIAL,26
R0002619,A0002640,C003426,72648.78,BOUNCED,85
R0002620,A0002881,C003378,88686.89,DUE,87
R0002621,A0002553,C000665,91990.35,BOUNCED,60
R0002622,A0004721,C003170,56629.13,DUE,96
R0002623,A0000604,C002032,86138.89,PAID,135
R0002624,A0002580,C001707,57971.54,DUE,98
R0002625,A0000470,C002019,94582.62,PARTIAL,137
R0002626,A0000936,C003222,49273.21,BOUNCED,77
R0002627,A0003526,C000227,130690.4,BOUNCED,133
R0002628,A0003959,C000271,80298.88,BOUNCED,89
R0002629,A0004415,C001692,57292.98,PAID,119
R0002630,A0001712,C000987,87209.18,BOUNCED,122
R0002631,A0003776,C002584,107461.0,DUE,1
R0002632,A0001072,C002881,143375.54,PARTIAL,176
R0002633,A0004866,C001084,56410.44,DUE,96
R0002634,A0001164,C000913,105226.74,PAID,1
R0002635,A0001227,C001808,128746.25,PARTIAL,70
R0002636,A0003407,C000668,124992.01,PARTIAL,51
R0002637,A0003699,C001155,3640.5,PAID,71
R0002638,A0000021,C000678,119134.24,BOUNCED,1
R0002639,A0001211,C001292,147281.17,BOUNCED,48
R0002640,A0001087,C002331,35318.62,BOUNCED,19
R0002641,A0002546,C000716,108918.45,PARTIAL,83
R0002642,A0004790,C002213,41458.81,BOUNCED,68
R0002643,A0002861,C002490,22800.93,PARTIAL,160
R0002644,A0001595,C001021,129413.68,BOUNCED,99
R0002645,A0000940,C002785,46366.01,BOUNCED,124
R0002646,A0003453,C001889,94435.75,BOUNCED,173
R0002647,A0004151,C001805,67579.24,PAID,99
R0002648,A0002700,C001511,121774.54,PARTIAL,8
R0002649,A0003921,C000280,141218.2,PAID,71
R0002650,A0004183,C003449,14521.38,PAID,91
R0002651,A0002904,C002504,94105.13,BOUNCED,91
R0002652,A0004087,C001355,124880.31,PAID,168
R0002653,A0000503,C001999,137536.7,PAID,20
R0002654,A0001463,C001003,87737.1,BOUNCED,120
R0002655,A0000144,C003025,24707.33,PARTIAL,126
R0002656,A0003117,C000476,34023.89,BOUNCED,8
R0002657,A0002374,C000322,101732.4,DUE,109
R0002658,A0000757,C002658,19563.47,PAID,15
R0002659,A0001616,C001864,109602.02,DUE,167
R0002660,A0003370,C001751,26266.92,DUE,92
R0002661,A0000530,C003380,139485.57,PAID,41
R0002662,A0001697,C002580,123341.8,DUE,16
R0002663,A0004840,C000440,48517.51,PARTIAL,74
R0002664,A0000872,C002410,75722.34,BOUNCED,152
R0002665,A0002436,C002773,61851.92,PAID,13
R0002666,A0000837,C000562,29299.79,PARTIAL,55
R0002667,A0000942,C000219,24511.94,PARTIAL,6
R0002668,A0001178,C001751,40389.06,DUE,35
R0002669,A0001628,C002368,108502.34,PARTIAL,163
R0002670,A0000268,C002042,80043.79,DUE,63
R0002671,A0004475,C002596,23292.29,PARTIAL,153
R0002672,A0001936,C000383,43891.68,DUE,27
R0002673,A0001619,C002404,712.06,PAID,171
R0002674,A0004940,C002870,60212.96,DUE,40
R0002675,A0002258,C000735,101150.24,PARTIAL,147
R0002676,A0002306,C000707,123896.94,PAID,162
R0002677,A0002902,C001007,77915.31,PAID,166
R0002678,A0004689,C002797,123023.63,PAID,118
R0002679,A0003718,C002102,128703.11,PARTIAL,97
R0002680,A0003500,C001913,125462.82,BOUNCED,72
R0002681,A0003698,C002056,42284.96,BOUNCED,12
R0002682,A0003619,C002451,140450.69,DUE,69
R0002683,A0002880,C001765,22244.84,BOUNCED,92
R0002684,A0003120,C003101,12683.59,PARTIAL,5
R0002685,A0002748,C001505,90288.32,PARTIAL,119
R0002686,A0000897,C002143,94599.2,PARTIAL,114
R0002687,A0002187,C001895,119413.18,DUE,12
R0002688,A0000235,C002424,23094.76,BOUNCED,39
R0002689,A0003149,C001713,58842.15,PAID,62
R0002690,A0002993,C002913,135135.92,BOUNCED,135
R0002691,A0002861,C002490,82491.03,BOUNCED,54
R0002692,A0003226,C003401,64644.04,DUE,107
R0002693,A0004229,C000835,33305.15,PARTIAL,110
R0002694,A0002751,C000943,56515.48,DUE,144
R0002695,A0002876,C003215,111922.22,PARTIAL,151
R0002696,A0003307,C002478,110596.15,BOUNCED,177
R0002697,A0000573,C000516,80418.84,BOUNCED,50
R0002698,A0004407,C003070,140596.74,PAID,86
R0002699,A0002919,C001175,122442.21,PAID,44
R0002700,A0003176,C001677,79146.13,BOUNCED,106
R0002701,A0001523,C001262,86556.03,DUE,10
R0002702,A0000082,C002451,133715.46,BOUNCED,33
R0002703,A0004946,C001461,48407.2,BOUNCED,49
R0002704,A0001924,C000077,24230.21,DUE,27
R0002705,A0000700,C000791,82367.75,PAID,97
R0002706,A0000704,C000837,29442.58,PAID,180
R0002707,A0003464,C000778,68606.18,PARTIAL,119
R0002708,A0002716,C003409,50025.77,PARTIAL,77
R0002709,A0004210,C001386,24302.13,BOUNCED,54
R0002710,A0004488,C002006,109610.87,PARTIAL,101
R0002711,A0000751,C001812,35372.54,BOUNCED,37
R0002712,A0002256,C003118,3572.72,BOUNCED,7
R0002713,A0001559,C003326,21540.37,BOUNCED,167
R0002714,A0000201,C002346,111873.13,PARTIAL,137
R0002715,A0002737,C001333,133455.76,PARTIAL,156
R0002716,A0003038,C002924,14856.04,BOUNCED,11
R0002717,A0004356,C001762,130323.48,BOUNCED,13
R0002718,A0000740,C000897,142959.97,PAID,49
R0002719,A0004017,C002062,17776.17,BOUNCED,123
R0002720,A0003719,C002080,32014.87,PARTIAL,97
R0002721,A0003316,C002034,120172.93,PARTIAL,157
R0002722,A0001252,C001302,96906.58,PAID,35
R0002723,A0001664,C003205,94252.97,PAID,162
R0002724,A0001731,C002890,24545.47,BOUNCED,58
R0002725,A0004718,C002451,14411.24,PARTIAL,41
R0002726,A0001398,C000101,77752.34,DUE,55
R0002727,A0001425,C002475,148451.53,DUE,154
R0002728,A0004454,C003015,83233.06,PAID,59
R0002729,A0003529,C001722,49359.7,BOUNCED,54
R0002730,A0003686,C003199,27769.14,PARTIAL,34
R0002731,A0004305,C002540,20637.26,BOUNCED,1
R0002732,A0002084,C003227,149600.49,DUE,104
R0002733,A0000250,C003111,43852.62,DUE,173
R0002734,A0000317,C000096,95891.67,PARTIAL,156
R0002735,A0000268,C002042,118185.62,BOUNCED,71
R0002736,A0004745,C001710,29231.44,PAID,153
R0002737,A0003404,C001880,84609.66,PAID,95
R0002738,A0004290,C002437,148087.23,PARTIAL,91
R0002739,A0001100,C003146,35041.82,PAID,123
R0002740,A0001426,C000717,24073.33,PAID,58
R0002741,A0002209,C000314,137678.14,BOUNCED,92
R0002742,A0001844,C000619,119898.45,PAID,70
R0002743,A0002011,C002230,12400.71,PARTIAL,103
R0002744,A0001274,C001232,77073.58,DUE,178
R0002745,A0003347,C002823,124788.91,PARTIAL,90
R0002746,A0001531,C002608,56981.24,PARTIAL,127
R0002747,A0000836,C001444,64421.42,DUE,44
R0002748,A0002077,C000285,69601.77,PARTIAL,34
R0002749,A0000060,C002823,110605.78,PARTIAL,110
R0002750,A0003599,C002783,94100.36,BOUNCED,22
R0002751,A0003849,C000540,3112.08,PAID,127
R0002752,A0004193,C002465,17504.86,PARTIAL,81
R0002753,A0000321,C002825,113745.13,BOUNCED,38
R0002754,A0001651,C000068,37088.92,BOUNCED,176
R0002755,A0000162,C001447,10714.61,DUE,118
R0002756,A0003503,C003032,70114.78,BOUNCED,46
R0002757,A0002538,C000019,148715.9,PAID,176
R0002758,A0002921,C002918,143865.9,PARTIAL,47
R0002759,A0000386,C001322,72968.83,BOUNCED,61
R0002760,A0002922,C001894,43501.73,DUE,99
R0002761,A0004374,C001050,141415.44,PAID,118
R0002762,A0000794,C003110,11714.89,PAID,35
R0002763,A0002769,C000735,102034.43,PARTIAL,16
R0002764,A0002118,C002679,102160.85,BOUNCED,108
R0002765,A0004816,C001336,120577.87,PAID,78
R0002766,A0000198,C001537,57408.27,PAID,34
R0002767,A0004626,C002681,98224.27,PARTIAL,152
R0002768,A0004938,C000395,40919.66,BOUNCED,2
R0002769,A0000649,C000431,90560.1,BOUNCED,33
R0002770,A0003634,C003251,55351.34,PARTIAL,113
R0002771,A0004309,C001808,123085.15,DUE,68
R0002772,A0003010,C002289,24754.06,PAID,59
R0002773,A0004692,C002823,43129.25,PAID,83
R0002774,A0001311,C000487,62169.2,DUE,72
R0002775,A0004535,C000002,146866.23,PAID,11
R0002776,A0004308,C002100,141254.75,PAID,64
R0002777,A0003255,C001585,71246.39,BOUNCED,28
R0002778,A0002422,C001601,136681.54,BOUNCED,147
R0002779,A0002302,C002200,125519.53,DUE,132
R0002780,A0004637,C001324,121731.84,PAID,166
R0002781,A0003965,C001424,89487.9,PAID,131
R0002782,A0003686,C003199,140882.03,PAID,41
R0002783,A0002133,C001994,9478.81,PAID,98
R0002784,A0004401,C001154,55733.72,PARTIAL,9
R0002785,A0001674,C003328,148483.97,BOUNCED,15
R0002786,A0000721,C003012,149474.94,PAID,79
R0002787,A0001718,C002130,3745.68,PARTIAL,163
R0002788,A0002543,C000928,105233.43,PARTIAL,113
R0002789,A0001020,C003080,58212.64,PARTIAL,130
R0002790,A0001984,C000053,147086.52,PAID,112
R0002791,A0003896,C000504,24500.01,PAID,73
R0002792,A0002597,C001015,85368.95,PAID,176
R0002793,A0001384,C001913,38472.01,DUE,0
R0002794,A0002273,C003121,10528.45,DUE,172
R0002795,A0003639,C002297,111296.81,DUE,38
R0002796,A0001439,C002039,96411.46,PARTIAL,37
R0002797,A0003231,C000486,48123.54,PARTIAL,147
R0002798,A0002775,C002701,12026.45,BOUNCED,147
R0002799,A0000922,C001535,16501.86,PAID,7
R0002800,A0002599,C002814,109971.91,PAID,78
R0002801,A0001846,C003393,71688.59,PARTIAL,119
R0002802,A0002560,C001058,10633.32,BOUNCED,42
R0002803,A0001772,C000595,68882.4,PAID,122
R0002804,A0004548,C001247,94554.91,PAID,173
R0002805,A0002423,C002785,129298.37,BOUNCED,108
R0002806,A0000108,C002933,102216.72,BOUNCED,68
R0002807,A0001491,C003300,92663.34,PAID,26
R0002808,A0004790,C002213,28047.63,DUE,33
R0002809,A0002393,C001429,102191.05,PARTIAL,56
R0002810,A0000549,C001308,148154.57,PARTIAL,105
R0002811,A0000731,C002494,73407.62,BOUNCED,122
R0002812,A0002901,C003081,123631.4,PARTIAL,134
R0002813,A0004801,C002561,100320.49,PAID,40
R0002814,A0000161,C003294,136193.94,BOUNCED,146
R0002815,A0004424,C002871,142440.31,DUE,120
R0002816,A0003481,C000780,98465.73,BOUNCED,58
R0002817,A0001709,C003297,19061.3,BOUNCED,76
R0002818,A0000583,C003119,2654.85,BOUNCED,18
R0002819,A0000051,C001211,3352.33,PARTIAL,18
R0002820,A0003702,C002399,60191.71,PARTIAL,94
R0002821,A0004357,C002680,66912.19,PAID,87
R0002822,A0001981,C001625,30292.57,BOUNCED,154
R0002823,A0004283,C002978,18062.13,PAID,115
R0002824,A0003807,C000794,44454.91,PAID,5
R0002825,A0001664,C003205,35587.57,PAID,153
R0002826,A0002297,C000149,116210.12,DUE,177
R0002827,A0003729,C001599,130502.13,DUE,60
R0002828,A0000399,C002562,95185.91,DUE,80
R0002829,A0002754,C001280,4593.5,PARTIAL,158
R0002830,A0003243,C001184,104716.2,PAID,169
R0002831,A0000142,C001691,35135.01,BOUNCED,102
R0002832,A0001043,C002084,8069.07,BOUNCED,35
R0002833,A0002538,C000019,3229.04,BOUNCED,25
R0002834,A0001545,C000254,75664.35,PARTIAL,166
R0002835,A0003004,C002197,8473.06,PARTIAL,176
R0002836,A0000377,C002068,133431.43,PAID,94
R0002837,A0001556,C000264,125133.09,PAID,86
R0002838,A0004642,C001260,51241.51,PAID,57
R0002839,A0002707,C001063,145875.91,DUE,12
R0002840,A0000401,C002905,101261.58,DUE,115
R0002841,A0001503,C003277,80517.49,BOUNCED,63
R0002842,A0002529,C001185,44240.47,DUE,176
R0002843,A0002845,C000424,113438.61,BOUNCED,15
R0002844,A0003718,C002102,15958.66,PARTIAL,77
R0002845,A0002106,C001237,104849.24,BOUNCED,131
R0002846,A0003387,C002050,79302.82,DUE,76
R0002847,A0004701,C002262,104407.2,PARTIAL,18
R0002848,A0001241,C001935,123371.13,PARTIAL,55
R0002849,A0002199,C002877,37448.53,PAID,54
R0002850,A0004960,C000434,35292.98,BOUNCED,46
R0002851,A0003357,C001387,114846.25,BOUNCED,179
R0002852,A0002131,C000778,44499.67,PARTIAL,86
R0002853,A0001966,C002327,55724.97,BOUNCED,144
R0002854,A0003058,C000893,106762.89,PAID,171
R0002855,A0001139,C003410,111982.66,DUE,83
R0002856,A0003341,C000151,37225.41,DUE,82
R0002857,A0004771,C002997,54178.3,DUE,26
R0002858,A0004913,C000885,74667.87,PAID,140
R0002859,A0004365,C002991,18889.35,DUE,67
R0002860,A0004153,C002412,95236.54,PAID,99
R0002861,A0004357,C002680,83401.81,DUE,165
R0002862,A0002484,C001659,15566.89,PAID,109
R0002863,A0001357,C000419,146785.91,DUE,52
R0002864,A0003271,C002548,114510.51,PAID,120
R0002865,A0003268,C000341,137799.72,DUE,67
R0002866,A0003204,C000459,14491.86,PARTIAL,71
R0002867,A0000410,C001073,130988.74,PAID,89
R0002868,A0001442,C001347,10600.99,BOUNCED,10
R0002869,A0002242,C003163,54046.13,DUE,44
R0002870,A0003081,C002462,41505.95,PARTIAL,149
R0002871,A0001700,C003327,100143.47,PARTIAL,115
R0002872,A0001146,C002052,45384.29,DUE,76
R0002873,A0001100,C003146,120023.14,BOUNCED,80
R0002874,A0000330,C001707,104400.28,DUE,28
R0002875,A0000091,C001639,60974.37,PAID,122
R0002876,A0002199,C001864,112461.77,PARTIAL,107
R0002877,A0002711,C000024,96683.23,PARTIAL,132
R0002878,A0001779,C000628,91041.39,DUE,148
R0002879,A0000308,C002249,109608.82,DUE,38
R0002880,A0000167,C001334,106868.16,DUE,116
R0002881,A0002466,C000509,67061.54,PAID,67
R0002882,A0003392,C002415,123772.14,PAID,145
R0002883,A0004939,C000443,84078.57,BOUNCED,41
R0002884,A0000329,C003253,143944.0,BOUNCED,72
R0002885,A0003195,C002460,42886.43,PARTIAL,105
R0002886,A0004888,C002240,29562.69,PARTIAL,65
R0002887,A0003960,C003249,4583.73,PAID,95
R0002888,A0003655,C000069,83962.77,PAID,176
R0002889,A0004841,C003020,19976.92,BOUNCED,106
R0002890,A0004310,C000216,25327.87,BOUNCED,157
R0002891,A0002314,C001759,6542.01,DUE,54
R0002892,A0004690,C001630,13750.15,PAID,46
R0002893,A0003206,C003391,101460.88,PARTIAL,138
R0002894,A0001840,C002355,81801.73,PAID,146
R0002895,A0001754,C002882,28410.78,PAID,16
R0002896,A0003075,C002651,102847.65,BOUNCED,93
R0002897,A0003800,C002269,27663.39,PAID,162
R0002898,A0002280,C002606,93201.6,DUE,27
R0002899,A0003315,C001153,35549.65,PAID,60
R0002900,A0003813,C000889,60118.47,BOUNCED,127
R0002901,A0001099,C002487,82327.28,DUE,111
R0002902,A0000504,C000862,137155.83,DUE,170
R0002903,A0004592,C000218,9910.98,DUE,132
R0002904,A0000825,C001508,94249.17,BOUNCED,7
R0002905,A0001521,C003063,130367.24,PAID,49
R0002906,A0003974,C000214,49355.3,PAID,170
R0002907,A0003517,C000036,106433.68,PAID,51
R0002908,A0003752,C002935,24729.2,DUE,63
R0002909,A0004487,C002360,79420.2,BOUNCED,100
R0002910,A0002351,C000661,97611.31,PAID,64
R0002911,A0003095,C001759,101838.41,DUE,79
R0002912,A0004248,C000838,115885.64,BOUNCED,57
R0002913,A0004717,C001935,140540.13,DUE,92
R0002914,A0002622,C002336,71958.37,PAID,23
R0002915,A0001756,C002954,38663.48,BOUNCED,92
R0002916,A0002788,C000713,70775.19,BOUNCED,108
R0002917,A0001511,C000391,15884.68,PAID,123
R0002918,A0000292,C003322,138729.41,PARTIAL,175
R0002919,A0001648,C002739,58180.53,PARTIAL,97
R0002920,A0001202,C002428,1194.3,PAID,109
R0002921,A0004053,C001240,148021.79,PAID,42
R0002922,A0001504,C000605,82513.5,PARTIAL,48
R0002923,A0001814,C001206,139852.19,PAID,109
R0002924,A0001871,C000125,24382.2,PAID,49
R0002925,A0004244,C002180,53325.78,PAID,115
R0002926,A0000666,C003470,55950.05,PAID,94
R0002927,A0000207,C003206,62017.52,BOUNCED,73
R0002928,A0001661,C000851,85755.48,BOUNCED,42
R0002929,A0004243,C000220,38602.09,BOUNCED,124
R0002930,A0001434,C000216,30891.13,DUE,31
R0002931,A0003971,C002850,5699.22,DUE,38
R0002932,A0000798,C002131,69158.11,PAID,128
R0002933,A0000657,C000291,25420.68,PAID,75
R0002934,A0004268,C001060,16188.49,DUE,81
R0002935,A0001958,C000738,144370.09,PARTIAL,73
R0002936,A0002954,C000022,61527.47,DUE,59
R0002937,A0001491,C002956,36685.67,DUE,8
R0002938,A0001400,C000035,56288.62,DUE,77
R0002939,A0002295,C001064,81853.51,BOUNCED,91
R0002940,A0004063,C000460,119100.75,PAID,82
R0002941,A0000357,C002631,17102.83,BOUNCED,38
R0002942,A0001804,C001638,103074.93,PARTIAL,48
R0002943,A0000536,C003151,43995.28,BOUNCED,129
R0002944,A0003564,C002446,93472.57,PARTIAL,32
R0002945,A0002785,C002681,6290.19,DUE,72
R0002946,A0003853,C001767,118146.91,PARTIAL,56
R0002947,A0002568,C000130,19389.31,DUE,133
R0002948,A0002467,C000801,43012.05,DUE,115
R0002949,A0000026,C002209,108526.09,PARTIAL,124
R0002950,A0002117,C002308,124089.04,BOUNCED,84
R0002951,A0003378,C003418,80885.47,PARTIAL,156
R0002952,A0003253,C001720,109104.46,PAID,34
R0002953,A0003111,C000937,129121.23,PAID,76
R0002954,A0001678,C001316,45416.08,PAID,109
R0002955,A0004259,C000958,86310.93,PAID,86
R0002956,A0000229,C001404,92355.75,DUE,133
R0002957,A0002475,C001905,46169.97,BOUNCED,31
R0002958,A0001716,C002907,146964.71,PARTIAL,119
R0002959,A0000166,C002870,78179.87,DUE,6
R0002960,A0001911,C001714,65213.32,PAID,178
R0002961,A0002114,C003257,13569.87,DUE,164
R0002962,A0004246,C000184,77377.61,DUE,164
R0002963,A0003033,C003471,50522.32,DUE,2
R0002964,A0000446,C003407,113887.05,BOUNCED,30
R0002965,A0002899,C001052,112608.58,DUE,81
R0002966,A0003726,C002745,78635.46,BOUNCED,60
R0002967,A0000277,C001906,93162.24,PAID,44
R0002968,A0004234,C002427,83487.25,DUE,96
R0002969,A0000470,C002019,76358.55,DUE,166
R0002970,A0001019,C003464,131868.85,PAID,151
R0002971,A0003028,C002601,126376.99,PAID,67
R0002972,A0000911,C002943,39478.32,PARTIAL,171
R0002973,A0003444,C001762,27636.98,BOUNCED,10
R0002974,A0000876,C001154,101705.52,BOUNCED,169
R0002975,A0002437,C000917,835.85,PARTIAL,55
R0002976,A0001058,C001506,21072.57,PARTIAL,168
R0002977,A0003706,C002757,63300.01,PARTIAL,82
R0002978,A0000073,C000232,23339.79,PAID,148
R0002979,A0000940,C002785,20612.56,DUE,162
R0002980,A0003086,C002856,16987.58,DUE,38
R0002981,A0001214,C003384,67891.65,DUE,24
R0002982,A0004311,C002828,94635.15,DUE,37
R0002983,A0001623,C002092,45365.47,BOUNCED,17
R0002984,A0000680,C003005,67002.0,PARTIAL,140
R0002985,A0001846,C003393,100863.31,PARTIAL,112
R0002986,A0001344,C000596,123185.33,BOUNCED,11
R0002987,A0000850,C000095,46127.11,PAID,110
R0002988,A0002257,C000360,128357.86,PAID,1
R0002989,A0001450,C001071,39002.39,PARTIAL,140
R0002990,A0002688,C002083,24252.72,PAID,94
R0002991,A0000089,C002738,63182.73,DUE,175
R0002992,A0002646,C000991,1912.7,PAID,111
R0002993,A0000025,C002085,88285.76,PAID,28
R0002994,A0003115,C002478,140780.05,DUE,99
R0002995,A0004238,C001559,100771.62,BOUNCED,130
R0002996,A0004172,C000937,63037.41,PAID,1
R0002997,A0000423,C002659,118054.24,BOUNCED,38
R0002998,A0001317,C001343,136922.99,PARTIAL,142
R0002999,A0002554,C000770,123947.32,PAID,135
R0003000,A0001628,C002736,138401.41,BOUNCED,3
R0003001,A0003462,C003434,46086.02,PAID,48
R0003002,A0001921,C002983,68820.74,BOUNCED,68
R0003003,A0001368,C002309,14056.82,DUE,72
R0003004,A0004843,C000587,90543.02,BOUNCED,16
R0003005,A0001020,C003080,78970.98,PAID,158
R0003006,A0003767,C002582,113368.78,PARTIAL,165
R0003007,A0001735,C003025,54168.38,DUE,105
R0003008,A0004159,C003333,40978.79,PARTIAL,157
R0003009,A0003919,C002142,88246.75,PARTIAL,66
R0003010,A0002424,C000732,46345.35,PAID,51
R0003011,A0004679,C001078,59029.03,BOUNCED,73
R0003012,A0004082,C000069,102796.33,BOUNCED,165
R0003013,A0001955,C003216,113635.48,PARTIAL,110
R0003014,A0000310,C001661,105108.73,DUE,89
R0003015,A0001952,C000796,114008.48,PARTIAL,40
R0003016,A0001188,C000569,85958.12,PAID,35
R0003017,A0002709,C000554,149089.31,PAID,76
R0003018,A0003103,C003411,49331.74,DUE,155
R0003019,A0003874,C001480,66474.38,PAID,120
R0003020,A0001149,C003304,34227.52,PARTIAL,92
R0003021,A0003756,C003031,12408.84,PARTIAL,78
R0003022,A0000545,C001049,35105.09,PARTIAL,64
R0003023,A0001287,C001616,122264.41,PARTIAL,117
R0003024,A0000669,C002867,61049.36,PARTIAL,156
R0003025,A0001714,C000926,51259.3,DUE,156
R0003026,A0002292,C000389,140192.89,DUE,0
R0003027,A0002795,C000920,37071.4,BOUNCED,175
R0003028,A0001606,C002752,105563.95,PAID,92
R0003029,A0003870,C000020,33376.06,PARTIAL,9
R0003030,A0002025,C000767,45666.26,BOUNCED,42
R0003031,A0003627,C001084,86512.35,BOUNCED,22
R0003032,A0004157,C001148,46012.64,PARTIAL,67
R0003033,A0002010,C001604,128920.95,DUE,119
R0003034,A0004403,C003269,92618.09,BOUNCED,80
R0003035,A0004832,C001129,2281.31,BOUNCED,38
R0003036,A0003994,C003178,51592.36,PARTIAL,67
R0003037,A0000372,C002488,25826.53,PAID,26
R0003038,A0003846,C003010,44361.19,PAID,76
R0003039,A0002900,C001349,57194.76,DUE,64
R0003040,A0004554,C001319,123354.9,PARTIAL,45
R0003041,A0000502,C000077,137965.0,DUE,21
R0003042,A0004431,C000044,81918.04,BOUNCED,22
R0003043,A0003750,C002933,25075.81,BOUNCED,51
R0003044,A0001325,C002002,58612.66,PAID,155
R0003045,A0000300,C000147,39839.33,DUE,35
R0003046,A0004503,C000536,53292.63,DUE,126
R0003047,A0001919,C000864,74081.52,PARTIAL,49
R0003048,A0002975,C000070,123284.27,DUE,20
R0003049,A0000555,C001325,6439.22,BOUNCED,164
R0003050,A0000905,C001392,35262.35,PARTIAL,108
R0003051,A0004652,C000474,32069.99,PARTIAL,78
R0003052,A0002140,C000633,75312.98,PARTIAL,97
R0003053,A0002943,C003426,144321.86,BOUNCED,133
R0003054,A0001660,C003274,40284.28,DUE,125
R0003055,A0003525,C000334,5655.65,PAID,33
R0003056,A0002863,C003262,14496.4,DUE,111
R0003057,A0000799,C002927,87231.97,BOUNCED,118
R0003058,A0001475,C001262,127961.27,DUE,44
R0003059,A0001870,C000266,139454.54,DUE,153
R0003060,A0000667,C003177,31277.76,DUE,96
R0003061,A0004077,C001784,142469.51,DUE,119
R0003062,A0002152,C000617,30895.22,PAID,53
R0003063,A0000341,C000979,39665.87,PAID,35
R0003064,A0003999,C001470,23696.99,PARTIAL,3
R0003065,A0003708,C002446,145289.26,BOUNCED,175
R0003066,A0003591,C000269,61440.6,DUE,21
R0003067,A0000503,C001999,125863.3,PARTIAL,56
R0003068,A0002836,C001170,144362.8,DUE,159
R0003069,A0000465,C001141,29509.59,PARTIAL,79
R0003070,A0002745,C001234,78248.52,DUE,139
R0003071,A0002929,C001401,58277.04,DUE,40
R0003072,A0002902,C001007,83166.34,PAID,75
R0003073,A0000518,C003040,77098.96,PARTIAL,171
R0003074,A0000705,C000115,148523.93,DUE,93
R0003075,A0002819,C002970,120244.78,PAID,152
R0003076,A0000372,C000879,112584.05,PAID,83
R0003077,A0002436,C002773,15459.39,PAID,20
R0003078,A0001676,C003223,121138.11,PARTIAL,94
R0003079,A0000048,C002339,18085.4,DUE,110
R0003080,A0004082,C000069,86542.24,DUE,8
R0003081,A0000905,C001392,42492.41,DUE,73
R0003082,A0004040,C002006,85093.37,PAID,34
R0003083,A0003433,C002502,135502.81,PAID,64
R0003084,A0004687,C002809,32305.58,DUE,172
R0003085,A0002551,C002143,105313.24,DUE,8
R0003086,A0004067,C002836,68676.83,PAID,95
R0003087,A0001703,C001030,114372.55,PARTIAL,157
R0003088,A0003738,C002503,16268.22,PAID,130
R0003089,A0003429,C002430,133043.65,PAID,167
R0003090,A0002706,C001655,112179.32,PARTIAL,68
R0003091,A0003305,C003062,3243.59,BOUNCED,101
R0003092,A0001773,C003315,51175.47,PAID,166
R0003093,A0001054,C000166,51824.6,PARTIAL,16
R0003094,A0004338,C001935,91336.13,DUE,168
R0003095,A0000137,C000507,47213.15,PAID,75
R0003096,A0003844,C000141,97913.68,DUE,123
R0003097,A0002839,C000588,39149.45,BOUNCED,77
R0003098,A0002790,C002222,116960.6,PARTIAL,8
R0003099,A0002473,C002873,136569.25,PAID,13
R0003100,A0001208,C000628,118131.34,PAID,84
R0003101,A0001243,C002124,92327.89,PAID,127
R0003102,A0002504,C000830,34934.46,DUE,43
R0003103,A0002743,C002491,146246.69,PARTIAL,97
R0003104,A0001107,C002918,20974.77,DUE,164
R0003105,A0002036,C001421,116759.51,DUE,171
R0003106,A0000043,C001140,126748.69,PAID,0
R0003107,A0001131,C000120,83927.25,PARTIAL,52
R0003108,A0001537,C001535,50559.64,PAID,60
R0003109,A0003989,C002824,14591.13,BOUNCED,40
R0003110,A0003973,C001525,96306.24,BOUNCED,158
R0003111,A0001076,C003274,100088.98,BOUNCED,12
R0003112,A0003197,C002544,44939.11,BOUNCED,132
R0003113,A0002628,C003342,123837.99,BOUNCED,107
R0003114,A0004473,C002160,27360.51,PAID,110
R0003115,A0004081,C000286,106888.35,PAID,30
R0003116,A0002774,C002179,33561.01,PARTIAL,108
R0003117,A0003587,C000675,52197.49,BOUNCED,86
R0003118,A0004213,C003369,51287.88,PAID,125
R0003119,A0004283,C002978,135880.14,DUE,51
R0003120,A0004343,C003465,134211.1,PARTIAL,34
R0003121,A0003747,C000650,13383.47,BOUNCED,89
R0003122,A0004630,C000006,28993.72,PAID,40
R0003123,A0000775,C001600,84926.41,DUE,176
R0003124,A0003806,C002983,33926.55,PARTIAL,6
R0003125,A0004973,C000184,80773.5,BOUNCED,62
R0003126,A0002795,C000920,39443.1,PARTIAL,130
R0003127,A0001230,C003429,4328.82,BOUNCED,142
R0003128,A0003044,C002644,6373.6,DUE,148
R0003129,A0004319,C002027,38325.28,BOUNCED,36
R0003130,A0000576,C001099,136412.94,BOUNCED,6
R0003131,A0001100,C003146,117939.02,BOUNCED,4
R0003132,A0001402,C001704,103306.21,PAID,131
R0003133,A0004936,C001927,64839.2,PAID,20
R0003134,A0001584,C001912,104620.33,BOUNCED,4
R0003135,A0004778,C002334,108780.67,BOUNCED,32
R0003136,A0004697,C000916,135782.05,BOUNCED,2
R0003137,A0002678,C000571,82652.71,BOUNCED,36
R0003138,A0002488,C002744,94750.49,PARTIAL,72
R0003139,A0002059,C003247,127723.13,PARTIAL,154
R0003140,A0001208,C000628,81386.34,PARTIAL,20
R0003141,A0000114,C000102,101590.48,DUE,113
R0003142,A0001576,C002798,23260.87,DUE,151
R0003143,A0002676,C000616,73191.15,DUE,31
R0003144,A0000813,C001657,129531.01,DUE,86
R0003145,A0003724,C002806,70321.01,PAID,125
R0003146,A0001114,C002668,114412.81,BOUNCED,61
R0003147,A0001002,C001728,80174.01,PAID,98
R0003148,A0003115,C002478,131203.66,PAID,105
R0003149,A0000456,C001151,39181.42,DUE,152
R0003150,A0002966,C002063,45186.56,DUE,105
R0003151,A0004698,C002125,80777.48,DUE,173
R0003152,A0000280,C000360,119587.55,PARTIAL,27
R0003153,A0002839,C000588,69675.13,PAID,133
R0003154,A0000092,C000523,24890.44,PARTIAL,148
R0003155,A0001187,C001383,46863.15,BOUNCED,146
R0003156,A0001510,C001476,5908.11,DUE,66
R0003157,A0001122,C001230,117731.73,BOUNCED,53
R0003158,A0002792,C002807,55800.96,PAID,111
R0003159,A0002208,C000145,74988.36,DUE,47
R0003160,A0003576,C001255,34809.72,PARTIAL,48
R0003161,A0004693,C001401,109685.52,PARTIAL,19
R0003162,A0004694,C000334,113095.68,PARTIAL,7
R0003163,A0003808,C000038,23858.48,PARTIAL,98
R0003164,A0003906,C000851,45968.15,DUE,56
R0003165,A0002216,C001078,90361.33,PAID,84
R0003166,A0004575,C001150,7543.6,BOUNCED,45
R0003167,A0002259,C002733,130036.4,PARTIAL,19
R0003168,A0002070,C002290,108311.9,BOUNCED,161
R0003169,A0002212,C002692,81852.4,PARTIAL,0
R0003170,A0002162,C001537,107502.9,DUE,165
R0003171,A0004064,C000336,58274.27,BOUNCED,77
R0003172,A0004769,C002275,73827.23,BOUNCED,28
R0003173,A0002871,C001962,62730.62,PAID,154
R0003174,A0001448,C000354,40578.6,DUE,83
R0003175,A0002088,C001884,50826.94,PARTIAL,108
R0003176,A0000876,C001154,60510.29,BOUNCED,28
R0003177,A0001075,C001139,140127.75,DUE,170
R0003178,A0003842,C001170,45421.5,PAID,147
R0003179,A0000260,C002334,78946.75,PARTIAL,48
R0003180,A0000545,C001049,105583.95,PAID,133
R0003181,A0003804,C002187,12387.79,DUE,129
R0003182,A0003579,C001494,29659.13,PAID,108
R0003183,A0001351,C001366,79339.17,BOUNCED,20
R0003184,A0001493,C000081,109831.61,BOUNCED,98
R0003185,A0003263,C001924,13185.36,DUE,57
R0003186,A0004477,C000394,18022.26,PAID,127
R0003187,A0000854,C000700,95930.16,PAID,125
R0003188,A0004838,C000520,1510.13,DUE,76
R0003189,A0003198,C002531,91840.24,PARTIAL,92
R0003190,A0004348,C002046,69720.67,BOUNCED,103
R0003191,A0004358,C000543,129930.02,PAID,73
R0003192,A0003365,C002526,12035.45,DUE,134
R0003193,A0004276,C000274,62345.69,BOUNCED,143
R0003194,A0003975,C003186,48138.61,PARTIAL,120
R0003195,A0002172,C003177,146053.36,DUE,4
R0003196,A0004770,C002389,14058.84,PAID,147
R0003197,A0001753,C001246,108770.37,BOUNCED,60
R0003198,A0003355,C001683,94878.12,BOUNCED,135
R0003199,A0001203,C001109,39884.15,BOUNCED,1
R0003200,A0004188,C001487,12463.8,BOUNCED,128
R0003201,A0004036,C000519,19075.34,DUE,111
R0003202,A0004295,C002538,18118.3,BOUNCED,40
R0003203,A0001351,C001366,20832.19,PAID,11
R0003204,A0001260,C000896,33221.08,BOUNCED,133
R0003205,A0000893,C002835,72167.69,BOUNCED,139
R0003206,A0003075,C002651,87860.19,DUE,76
R0003207,A0004873,C000027,43558.97,PAID,99
R0003208,A0003539,C000773,127758.25,PARTIAL,180
R0003209,A0004490,C002450,104480.7,PAID,64
R0003210,A0004575,C001150,148448.73,BOUNCED,103
R0003211,A0002112,C001082,58478.45,PAID,48
R0003212,A0004218,C002176,107201.27,DUE,108
R0003213,A0003079,C000295,72888.95,PAID,154
R0003214,A0001689,C002703,54227.2,PAID,132
R0003215,A0004923,C001233,28391.52,BOUNCED,178
R0003216,A0004942,C001268,118691.7,PARTIAL,93
R0003217,A0002073,C001636,131557.86,DUE,105
R0003218,A0000250,C003111,91224.02,DUE,143
R0003219,A0002857,C001723,8427.71,PARTIAL,65
R0003220,A0004650,C002060,120434.91,DUE,101
R0003221,A0004256,C002343,106827.42,PAID,175
R0003222,A0000546,C001041,31734.94,DUE,15
R0003223,A0003988,C000504,121814.06,PARTIAL,3
R0003224,A0001932,C000423,79468.59,PAID,134
R0003225,A0003837,C000896,87120.78,PARTIAL,97
R0003226,A0000416,C000184,66347.92,DUE,162
R0003227,A0000830,C000146,127741.97,PARTIAL,32
R0003228,A0004543,C000868,55562.73,PARTIAL,164
R0003229,A0000254,C001739,87299.2,BOUNCED,118
R0003230,A0003027,C003374,35177.35,PARTIAL,28
R0003231,A0000419,C001039,9823.36,DUE,51
R0003232,A0003123,C001693,129017.23,DUE,158
R0003233,A0001465,C002524,25588.27,DUE,105
R0003234,A0002821,C001013,141015.79,DUE,49
R0003235,A0004219,C002539,41089.25,PARTIAL,87
R0003236,A0000443,C000850,101934.35,DUE,14
R0003237,A0004326,C001280,79296.99,PAID,2
R0003238,A0001962,C000893,138146.41,BOUNCED,11
R0003239,A0000546,C001041,32852.55,PAID,132
R0003240,A0002842,C000833,148824.11,PAID,116
R0003241,A0000672,C002069,45823.77,PAID,100
R0003242,A0003707,C002572,127997.75,DUE,151
R0003243,A0003199,C000323,89173.9,PARTIAL,30
R0003244,A0003335,C001838,82907.57,DUE,148
R0003245,A0002228,C001157,108951.8,BOUNCED,158
R0003246,A0003492,C001472,112994.13,PARTIAL,168
R0003247,A0004065,C003314,114773.77,DUE,145
R0003248,A0004710,C000736,101258.69,PARTIAL,145
R0003249,A0003081,C002462,87275.05,BOUNCED,152
R0003250,A0003623,C001743,80709.66,DUE,116
R0003251,A0000569,C003453,124491.05,PARTIAL,123
R0003252,A0001834,C003223,27446.35,PARTIAL,11
R0003253,A0000289,C000904,66942.71,BOUNCED,97
R0003254,A0002479,C001255,2705.03,DUE,45
R0003255,A0002283,C000123,35969.78,PARTIAL,93
R0003256,A0004570,C000253,105496.8,PAID,152
R0003257,A0003734,C000435,19112.24,PAID,127
R0003258,A0004600,C000029,53655.38,PARTIAL,20
R0003259,A0000192,C002298,92004.87,PARTIAL,106
R0003260,A0000923,C002746,123453.85,DUE,88
R0003261,A0002894,C001212,26902.21,BOUNCED,153
R0003262,A0001967,C001431,32319.5,BOUNCED,73
R0003263,A0003764,C001596,108601.57,DUE,102
R0003264,A0001489,C002460,61186.0,DUE,88
R0003265,A0003905,C003334,17423.02,PAID,150
R0003266,A0002569,C002423,38418.22,PAID,166
R0003267,A0004756,C002105,148035.81,BOUNCED,162
R0003268,A0003797,C003038,120247.76,DUE,22
R0003269,A0001821,C001152,74647.83,BOUNCED,172
R0003270,A0001300,C000863,71759.02,BOUNCED,40
R0003271,A0004897,C001922,14518.23,BOUNCED,130
R0003272,A0002029,C002134,130286.17,PARTIAL,170
R0003273,A0001808,C000278,123604.57,PAID,96
R0003274,A0003895,C002372,110306.19,BOUNCED,49
R0003275,A0003512,C000019,89923.61,PAID,138
R0003276,A0003222,C001014,86833.42,PAID,149
R0003277,A0004427,C000263,84812.74,DUE,11
R0003278,A0004808,C000909,28847.3,BOUNCED,117
R0003279,A0003135,C001619,133067.29,PAID,37
R0003280,A0004449,C001801,47744.79,PARTIAL,86
R0003281,A0003482,C001290,136050.47,DUE,118
R0003282,A0003196,C000847,101749.24,DUE,19
R0003283,A0001143,C000629,50194.6,DUE,84
R0003284,A0000230,C000125,34135.06,PARTIAL,41
R0003285,A0001102,C002232,60028.77,BOUNCED,90
R0003286,A0002184,C002563,1431.98,BOUNCED,19
R0003287,A0003167,C001948,67203.86,PARTIAL,59
R0003288,A0004120,C000529,106357.23,PAID,176
R0003289,A0003423,C000770,111428.58,BOUNCED,159
R0003290,A0003406,C002750,26503.29,BOUNCED,77
R0003291,A0001688,C001566,13892.4,DUE,175
R0003292,A0004015,C002347,120007.04,BOUNCED,113
R0003293,A0002108,C002647,41000.19,BOUNCED,148
R0003294,A0003217,C000271,94597.97,PAID,114
R0003295,A0003954,C001964,72059.52,BOUNCED,29
R0003296,A0000262,C000767,73606.65,BOUNCED,57
R0003297,A0003764,C001596,65465.6,BOUNCED,154
R0003298,A0000827,C001246,144814.22,PAID,22
R0003299,A0002549,C000140,11541.51,BOUNCED,83
R0003300,A0002484,C001659,32785.0,PARTIAL,96
R0003301,A0001638,C001973,21238.02,DUE,111
R0003302,A0000197,C000791,65155.95,DUE,1
R0003303,A0002685,C002663,115476.64,DUE,172
R0003304,A0004172,C000937,16765.35,DUE,101
R0003305,A0004715,C000391,136685.73,PARTIAL,60
R0003306,A0003836,C003293,132820.7,PARTIAL,165
R0003307,A0002237,C001707,24314.82,BOUNCED,71
R0003308,A0004076,C000628,115109.1,DUE,81
R0003309,A0003279,C000162,89786.3,PARTIAL,36
R0003310,A0004874,C001871,71350.76,PAID,74
R0003311,A0004339,C000390,99840.79,PAID,94
R0003312,A0002838,C000781,77382.65,BOUNCED,69
R0003313,A0004224,C001691,92171.48,BOUNCED,59
R0003314,A0002320,C002998,26036.5,DUE,50
R0003315,A0001075,C001139,90232.24,BOUNCED,49
R0003316,A0001945,C000663,33037.85,DUE,14
R0003317,A0000119,C000998,74963.87,DUE,49
R0003318,A0000847,C002534,55025.7,PAID,55
R0003319,A0001645,C001050,112179.96,PARTIAL,134
R0003320,A0004587,C002343,143896.41,PARTIAL,14
R0003321,A0001377,C001425,129437.88,DUE,137
R0003322,A0003398,C000283,27524.32,PAID,18
R0003323,A0002399,C000774,49734.85,DUE,64
R0003324,A0003987,C000865,104348.59,PARTIAL,177
R0003325,A0001485,C000061,37620.57,PARTIAL,22
R0003326,A0000360,C000967,107718.74,PARTIAL,64
R0003327,A0003003,C000482,50125.56,BOUNCED,75
R0003328,A0002455,C002676,18034.39,PARTIAL,138
R0003329,A0003188,C001632,55150.65,BOUNCED,61
R0003330,A0002205,C001965,13407.03,BOUNCED,175
R0003331,A0004109,C000411,44152.59,DUE,120
R0003332,A0000119,C000998,118134.79,DUE,22
R0003333,A0000753,C002663,107241.82,PARTIAL,67
R0003334,A0004425,C000022,42543.83,DUE,50
R0003335,A0002083,C001525,27027.11,PARTIAL,180
R0003336,A0001933,C001321,88549.7,PARTIAL,11
R0003337,A0003090,C000846,51474.17,DUE,140
R0003338,A0000014,C001256,10340.58,DUE,45
R0003339,A0003033,C003471,3243.23,BOUNCED,119
R0003340,A0002293,C002282,129740.8,PARTIAL,30
R0003341,A0002030,C003147,14871.48,PARTIAL,118
R0003342,A0004022,C001220,103351.82,PARTIAL,147
R0003343,A0001637,C000067,70142.58,DUE,77
R0003344,A0001786,C003038,40348.95,BOUNCED,149
R0003345,A0004835,C003231,58221.87,DUE,140
R0003346,A0000113,C000610,48692.94,PARTIAL,141
R0003347,A0001803,C003359,65467.65,BOUNCED,71
R0003348,A0002067,C003358,90439.59,BOUNCED,130
R0003349,A0002501,C000853,114303.6,DUE,137
R0003350,A0004887,C001762,88824.42,PAID,121
R0003351,A0001934,C002206,94477.12,PARTIAL,143
R0003352,A0004964,C002973,148459.79,PAID,13
R0003353,A0001867,C000847,79737.02,PAID,152
R0003354,A0001761,C001366,25781.44,PAID,60
R0003355,A0000152,C000234,26297.68,BOUNCED,15
R0003356,A0003182,C001996,138489.41,BOUNCED,54
R0003357,A0000292,C003322,88234.57,PARTIAL,84
R0003358,A0000994,C001820,13751.83,BOUNCED,141
R0003359,A0003234,C001394,5327.24,PARTIAL,141
R0003360,A0000179,C002408,107160.93,PAID,147
R0003361,A0004694,C000334,134128.69,PAID,91
R0003362,A0000387,C000925,20055.38,BOUNCED,11
R0003363,A0004868,C002721,43006.01,BOUNCED,155
R0003364,A0002124,C002018,71249.26,BOUNCED,47
R0003365,A0003796,C001270,97570.49,PARTIAL,82
R0003366,A0000681,C000058,78851.23,DUE,150
R0003367,A0002085,C000464,29938.13,DUE,60
R0003368,A0000546,C001041,133136.51,DUE,145
R0003369,A0001659,C000482,101569.06,PAID,57
R0003370,A0000747,C003070,28967.5,BOUNCED,144
R0003371,A0001678,C001316,74024.6,PAID,176
R0003372,A0001414,C001726,112176.01,BOUNCED,148
R0003373,A0001322,C003388,129830.65,PARTIAL,88
R0003374,A0001871,C000125,50798.97,BOUNCED,136
R0003375,A0000222,C000133,72452.86,DUE,74
R0003376,A0001103,C002591,19335.64,PAID,149
R0003377,A0002084,C003227,27739.93,PARTIAL,149
R0003378,A0004500,C001476,52876.92,PARTIAL,102
R0003379,A0000061,C002033,920.41,DUE,54
R0003380,A0004312,C002829,77311.6,DUE,23
R0003381,A0000537,C002090,115664.01,PAID,95
R0003382,A0000932,C001985,44321.84,PARTIAL,159
R0003383,A0002769,C000735,132286.53,DUE,176
R0003384,A0003594,C000641,40136.38,BOUNCED,53
R0003385,A0002662,C003396,76272.64,BOUNCED,17
R0003386,A0004596,C001652,19996.73,BOUNCED,3
R0003387,A0000986,C002735,16355.69,DUE,106
R0003388,A0004375,C000964,15440.09,PARTIAL,30
R0003389,A0000498,C002482,42834.74,DUE,87
R0003390,A0003802,C003058,54996.82,BOUNCED,85
R0003391,A0004380,C003229,3947.79,PAID,145
R0003392,A0004129,C003176,8393.01,PAID,73
R0003393,A0001316,C002144,96588.98,DUE,101
R0003394,A0003081,C002462,97580.96,PARTIAL,16
R0003395,A0002256,C003118,74612.53,BOUNCED,4
R0003396,A0002950,C000908,29618.15,BOUNCED,112
R0003397,A0000986,C002735,46681.41,DUE,133
R0003398,A0000934,C001654,110681.77,PARTIAL,140
R0003399,A0003849,C000540,134059.37,PAID,12
R0003400,A0003832,C002602,110381.39,BOUNCED,93
R0003401,A0000379,C001026,4344.77,PAID,54
R0003402,A0004511,C001130,72526.78,DUE,129
R0003403,A0003517,C000036,54892.19,BOUNCED,157
R0003404,A0001653,C003192,128093.83,DUE,107
R0003405,A0001226,C000622,143746.41,PAID,116
R0003406,A0001287,C001616,9987.43,BOUNCED,175
R0003407,A0002481,C003197,76168.75,DUE,95
R0003408,A0003792,C002144,37902.99,PARTIAL,96
R0003409,A0000566,C002229,81310.03,BOUNCED,29
R0003410,A0002462,C000253,87173.15,DUE,103
R0003411,A0003153,C002303,141231.29,DUE,150
R0003412,A0000322,C002026,16389.39,PAID,61
R0003413,A0003205,C000464,107748.95,DUE,69
R0003414,A0004717,C001935,48059.65,BOUNCED,145
R0003415,A0000634,C000518,121219.96,PAID,22
R0003416,A0003927,C000944,25842.2,BOUNCED,158
R0003417,A0001793,C002656,31866.78,DUE,116
R0003418,A0002434,C000837,133111.41,DUE,116
R0003419,A0002269,C000109,83152.95,PAID,22
R0003420,A0001986,C001194,56329.72,PARTIAL,170
R0003421,A0000877,C002898,49623.59,DUE,149
R0003422,A0002990,C003256,19073.07,PAID,14
R0003423,A0004850,C001749,146656.67,BOUNCED,180
R0003424,A0003326,C000959,46471.58,PARTIAL,35
R0003425,A0004360,C001168,33213.67,PARTIAL,168
R0003426,A0004933,C002594,51997.17,PAID,146
R0003427,A0004149,C002425,23597.83,BOUNCED,29
R0003428,A0000696,C003246,60360.47,PARTIAL,176
R0003429,A0003317,C000301,53554.51,PARTIAL,15
R0003430,A0003696,C002619,124268.14,DUE,144
R0003431,A0002031,C001215,142519.26,PAID,68
R0003432,A0000947,C002289,82465.9,PARTIAL,132
R0003433,A0003545,C000273,106211.53,PARTIAL,62
R0003434,A0001916,C001086,126852.89,BOUNCED,79
R0003435,A0001498,C001391,100095.26,DUE,26
R0003436,A0000199,C000672,51596.25,PAID,152
R0003437,A0002833,C001851,93446.68,DUE,129
R0003438,A0002785,C000151,130049.0,PAID,171
R0003439,A0002465,C001865,141782.57,PARTIAL,9
R0003440,A0000938,C002012,59603.47,DUE,54
R0003441,A0004941,C000164,53692.36,PARTIAL,144
R0003442,A0002926,C002592,17825.47,PARTIAL,154
R0003443,A0000975,C000220,102769.8,DUE,103
R0003444,A0000549,C001308,104164.1,BOUNCED,87
R0003445,A0000811,C001345,102074.48,BOUNCED,25
R0003446,A0002909,C001193,30342.44,BOUNCED,140
R0003447,A0000203,C002539,30958.54,BOUNCED,137
R0003448,A0003218,C002340,47254.72,DUE,109
R0003449,A0001985,C002209,52835.45,PAID,126
R0003450,A0003519,C001618,87343.27,PARTIAL,137
R0003451,A0003422,C001019,117884.83,DUE,133
R0003452,A0002681,C002536,43363.95,PAID,37
R0003453,A0000667,C003297,54423.85,PARTIAL,82
R0003454,A0004043,C000859,26317.58,PAID,70
R0003455,A0003211,C001532,149197.73,BOUNCED,105
R0003456,A0002866,C001613,94755.02,PAID,53
R0003457,A0001664,C003205,48608.41,PARTIAL,141
R0003458,A0000324,C002655,26543.91,DUE,153
R0003459,A0004038,C001827,72250.44,PARTIAL,174
R0003460,A0003418,C003101,88681.26,BOUNCED,154
R0003461,A0000003,C001194,106540.83,PAID,90
R0003462,A0004314,C002555,57978.36,DUE,55
R0003463,A0003919,C002142,117093.28,PARTIAL,62
R0003464,A0002600,C002225,113890.44,DUE,92
R0003465,A0003934,C002690,6284.8,BOUNCED,114
R0003466,A0000573,C000516,41161.99,PARTIAL,178
R0003467,A0000658,C002019,41160.67,PARTIAL,103
R0003468,A0003293,C001923,75536.35,BOUNCED,107
R0003469,A0000404,C000442,49986.23,PARTIAL,49
R0003470,A0003467,C001231,121520.51,DUE,19
R0003471,A0004780,C001647,20165.62,PAID,123
R0003472,A0000919,C002309,10997.0,PARTIAL,149
R0003473,A0004842,C001857,76356.18,PAID,33
R0003474,A0000239,C001890,80380.93,DUE,144
R0003475,A0003723,C002990,145607.58,BOUNCED,96
R0003476,A0003543,C001614,9756.4,BOUNCED,5
R0003477,A0002754,C001280,36222.12,PARTIAL,128
R0003478,A0002114,C003257,111286.17,PARTIAL,1
R0003479,A0000333,C002419,22903.71,PAID,95
R0003480,A0004416,C003477,141784.72,BOUNCED,29
R0003481,A0004581,C002029,124018.78,DUE,110
R0003482,A0003487,C000431,107491.48,BOUNCED,11
R0003483,A0004858,C000462,57044.17,BOUNCED,75
R0003484,A0000783,C001772,24891.63,DUE,65
R0003485,A0004033,C001688,22049.19,BOUNCED,141
R0003486,A0001689,C002703,93326.07,DUE,37
R0003487,A0002367,C003182,139927.76,DUE,156
R0003488,A0002403,C003321,110222.71,PARTIAL,134
R0003489,A0000127,C001300,148806.21,DUE,110
R0003490,A0004630,C000006,5156.49,PARTIAL,56
R0003491,A0001292,C002071,103035.16,DUE,71
R0003492,A0000423,C002659,71440.59,PARTIAL,125
R0003493,A0000418,C000707,91512.41,BOUNCED,164
R0003494,A0003520,C000012,132066.51,DUE,85
R0003495,A0003295,C003493,68477.66,BOUNCED,168
R0003496,A0000156,C000803,81275.46,BOUNCED,140
R0003497,A0004383,C002183,9569.56,BOUNCED,73
R0003498,A0002650,C000510,63525.61,PARTIAL,73
R0003499,A0000303,C003478,147976.91,PARTIAL,77
R0003500,A0002868,C000710,43862.08,BOUNCED,173
R0003501,A0000699,C000708,147425.45,BOUNCED,53
R0003502,A0004068,C001428,116945.5,PAID,53
R0003503,A0002510,C002287,70223.62,PARTIAL,42
R0003504,A0000704,C000837,131658.92,DUE,160
R0003505,A0000711,C000171,70092.3,PAID,36
R0003506,A0002422,C001601,21254.81,BOUNCED,127
R0003507,A0002207,C000553,3855.06,PAID,51
R0003508,A0002748,C001505,28035.16,BOUNCED,45
R0003509,A0004081,C000286,75769.6,BOUNCED,0
R0003510,A0001415,C001524,10749.36,PARTIAL,67
R0003511,A0003261,C000924,33507.75,PARTIAL,30
R0003512,A0004654,C003422,118448.91,BOUNCED,71
R0003513,A0002866,C001613,2083.4,BOUNCED,173
R0003514,A0004543,C000868,6562.83,PAID,53
R0003515,A0000568,C003095,27496.13,BOUNCED,9
R0003516,A0000379,C001026,40178.67,PAID,47
R0003517,A0004925,C001641,28507.56,PARTIAL,103
R0003518,A0002087,C000839,113736.85,PARTIAL,33
R0003519,A0004141,C003461,134872.08,BOUNCED,94
R0003520,A0003548,C001475,13100.24,PAID,114
R0003521,A0004579,C002537,89972.45,PAID,121
R0003522,A0004136,C001189,17107.17,DUE,40
R0003523,A0001661,C000851,99778.97,DUE,118
R0003524,A0004311,C002828,140692.06,PARTIAL,17
R0003525,A0001550,C001342,101430.06,DUE,143
R0003526,A0000888,C000037,55060.8,PARTIAL,128
R0003527,A0000538,C003405,2581.23,BOUNCED,82
R0003528,A0001782,C002128,39951.57,PAID,13
R0003529,A0004270,C000085,123016.53,BOUNCED,107
R0003530,A0002172,C003177,78148.69,PARTIAL,16
R0003531,A0001905,C001644,131212.86,BOUNCED,131
R0003532,A0000222,C000133,52862.3,PAID,19
R0003533,A0001333,C002864,83462.55,DUE,66
R0003534,A0001502,C002607,50223.73,PAID,113
R0003535,A0004457,C000951,18519.6,DUE,28
R0003536,A0000759,C000552,145502.32,DUE,155
R0003537,A0002577,C001272,147402.27,PARTIAL,160
R0003538,A0000285,C002458,130271.63,DUE,69
R0003539,A0000966,C002193,79955.07,PAID,82
R0003540,A0004157,C001148,144306.59,PARTIAL,163
R0003541,A0003124,C001538,35230.83,PARTIAL,111
R0003542,A0003310,C000955,71627.94,BOUNCED,43
R0003543,A0003545,C001979,63961.27,DUE,155
R0003544,A0001279,C002736,58622.12,DUE,136
R0003545,A0002126,C003055,3944.28,BOUNCED,62
R0003546,A0002400,C001897,1317.67,PAID,132
R0003547,A0000519,C000707,84979.71,PARTIAL,65
R0003548,A0001564,C002708,73014.42,DUE,172
R0003549,A0000273,C000655,42706.49,PAID,43
R0003550,A0004362,C003306,11495.54,DUE,91
R0003551,A0001603,C001088,28852.87,BOUNCED,146
R0003552,A0004491,C001057,103884.17,DUE,155
R0003553,A0004164,C000773,100163.25,PARTIAL,60
R0003554,A0003732,C002308,100713.57,BOUNCED,112
R0003555,A0002679,C000883,56497.24,BOUNCED,172
R0003556,A0001445,C003499,39176.58,DUE,44
R0003557,A0003694,C003011,146185.66,PAID,171
R0003558,A0004255,C001645,30956.95,DUE,132
R0003559,A0004246,C000184,43029.51,DUE,173
R0003560,A0003941,C001727,63085.79,PAID,27
R0003561,A0000221,C001952,64619.23,PAID,68
R0003562,A0004169,C002094,45055.93,BOUNCED,150
R0003563,A0002035,C002857,135379.95,BOUNCED,37
R0003564,A0004291,C001857,137227.84,BOUNCED,156
R0003565,A0003463,C002440,19665.66,BOUNCED,20
R0003566,A0000888,C000586,56559.48,PAID,72
R0003567,A0002949,C001843,69883.97,BOUNCED,54
R0003568,A0000973,C002726,146868.92,DUE,127
R0003569,A0000710,C001587,66598.92,BOUNCED,165
R0003570,A0004929,C002018,47691.35,DUE,0
R0003571,A0003461,C000600,79176.91,PARTIAL,105
R0003572,A0003266,C002232,3231.09,DUE,88
R0003573,A0000239,C001828,96561.42,BOUNCED,148
R0003574,A0004570,C000253,29695.37,PARTIAL,161
R0003575,A0001973,C003363,53080.35,DUE,79
R0003576,A0003724,C002806,149564.19,BOUNCED,168
R0003577,A0003532,C001867,147413.99,BOUNCED,108
R0003578,A0000805,C001908,115833.41,PARTIAL,56
R0003579,A0003209,C001978,12898.34,BOUNCED,166
R0003580,A0002401,C002270,41841.76,PARTIAL,86
R0003581,A0001792,C003331,121952.79,PARTIAL,132
R0003582,A0001963,C003057,57186.77,PARTIAL,80
R0003583,A0004704,C001960,7955.6,PAID,50
R0003584,A0004674,C001027,116268.32,DUE,62
R0003585,A0004691,C002305,85637.61,BOUNCED,171
R0003586,A0002054,C001890,122789.15,DUE,74
R0003587,A0000261,C000804,35765.86,PARTIAL,161
R0003588,A0003651,C003231,34712.31,PAID,89
R0003589,A0003766,C001197,16708.43,DUE,124
R0003590,A0004637,C001324,85905.05,BOUNCED,64
R0003591,A0002091,C001972,137994.38,DUE,38
R0003592,A0002457,C002186,52996.8,BOUNCED,60
R0003593,A0001694,C003452,135753.45,PAID,78
R0003594,A0003126,C000022,3914.3,PARTIAL,159
R0003595,A0004224,C000508,569.71,PAID,18
R0003596,A0003890,C001157,98014.27,BOUNCED,88
R0003597,A0000858,C000229,6205.33,BOUNCED,23
R0003598,A0002262,C002619,7603.12,PARTIAL,38
R0003599,A0000959,C003371,40984.02,PAID,69
R0003600,A0002491,C000146,52095.16,DUE,135
R0003601,A0003872,C000121,139457.42,PAID,69
R0003602,A0001603,C001088,32887.5,PARTIAL,30
R0003603,A0002071,C003345,2432.04,PAID,55
R0003604,A0003128,C001012,108519.72,PARTIAL,79
R0003605,A0003780,C003226,58806.74,DUE,167
R0003606,A0004902,C001213,59350.44,BOUNCED,165
R0003607,A0002158,C001139,142755.79,DUE,167
R0003608,A0001614,C001805,136248.67,PAID,100
R0003609,A0000004,C000970,5960.33,PAID,179
R0003610,A0001446,C001119,71226.12,PARTIAL,87
R0003611,A0001905,C001644,82319.17,DUE,88
R0003612,A0001461,C002030,87991.2,PARTIAL,131
R0003613,A0004841,C003020,62278.85,DUE,147
R0003614,A0000978,C001462,70823.72,PAID,116
R0003615,A0004873,C000027,93390.52,PARTIAL,177
R0003616,A0001967,C001431,141329.06,BOUNCED,95
R0003617,A0000442,C000022,126167.22,BOUNCED,148
R0003618,A0000293,C002005,126775.58,PAID,113
R0003619,A0003411,C003307,121376.68,DUE,15
R0003620,A0003349,C002585,130177.89,PAID,121
R0003621,A0004561,C003199,62122.75,DUE,124
R0003622,A0003434,C002272,60360.48,PARTIAL,117
R0003623,A0001215,C002435,118177.89,PARTIAL,18
R0003624,A0000992,C002143,92586.27,BOUNCED,44
R0003625,A0003562,C000870,25324.25,DUE,144
R0003626,A0003102,C001273,34446.45,PARTIAL,92
R0003627,A0004683,C001927,138650.62,PARTIAL,103
R0003628,A0001557,C001248,50840.25,PAID,75
R0003629,A0000727,C000723,49673.9,PARTIAL,10
R0003630,A0000173,C000701,143468.23,BOUNCED,3
R0003631,A0002552,C000851,146652.64,BOUNCED,127
R0003632,A0000639,C001171,33490.86,PAID,27
R0003633,A0002392,C003019,16222.26,DUE,171
R0003634,A0001573,C001741,111736.93,PARTIAL,44
R0003635,A0002181,C002601,77201.12,BOUNCED,68
R0003636,A0002234,C000189,48676.05,PAID,72
R0003637,A0000711,C000171,141960.05,BOUNCED,20
R0003638,A0003561,C003218,3360.52,PARTIAL,166
R0003639,A0002032,C002928,142983.85,PARTIAL,120
R0003640,A0000025,C002085,134636.21,PARTIAL,15
R0003641,A0003758,C000102,113786.15,PAID,15
R0003642,A0004096,C003406,79604.29,DUE,109
R0003643,A0003799,C001567,116115.29,PARTIAL,157
R0003644,A0004266,C001286,71792.0,PAID,2
R0003645,A0001258,C002489,65756.04,BOUNCED,9
R0003646,A0000580,C000466,18809.59,BOUNCED,134
R0003647,A0004043,C000859,111980.83,PAID,53
R0003648,A0001819,C002412,12139.12,DUE,30
R0003649,A0000750,C000875,56322.52,BOUNCED,116
R0003650,A0001815,C000610,38674.42,BOUNCED,29
R0003651,A0004948,C001533,44763.77,PAID,75
R0003652,A0002193,C003113,132203.26,PARTIAL,6
R0003653,A0004586,C001968,4885.23,PARTIAL,164
R0003654,A0003236,C002575,60555.87,PARTIAL,126
R0003655,A0002820,C001809,50292.95,BOUNCED,13
R0003656,A0000917,C001753,65444.32,PARTIAL,149
R0003657,A0000742,C001906,94241.59,BOUNCED,36
R0003658,A0000617,C000398,32435.45,PAID,70
R0003659,A0000335,C001874,63047.43,PARTIAL,5
R0003660,A0001973,C003363,66931.06,BOUNCED,73
R0003661,A0001192,C001502,11903.31,PAID,38
R0003662,A0003815,C003226,132652.43,PARTIAL,118
R0003663,A0002166,C002814,139797.73,BOUNCED,127
R0003664,A0003166,C000774,6134.83,BOUNCED,167
R0003665,A0002852,C003182,14619.76,DUE,164
R0003666,A0003446,C001552,42887.69,PAID,26
R0003667,A0002659,C000977,128225.64,BOUNCED,137
R0003668,A0002401,C002270,43535.26,PARTIAL,15
R0003669,A0004787,C001381,140619.74,BOUNCED,71
R0003670,A0001180,C000478,75462.41,PAID,115
R0003671,A0004297,C002211,142929.92,PAID,64
R0003672,A0001720,C003112,91414.98,PARTIAL,164
R0003673,A0001118,C002305,147537.61,BOUNCED,133
R0003674,A0002994,C001820,69035.98,BOUNCED,106
R0003675,A0000587,C001190,146145.47,BOUNCED,34
R0003676,A0002670,C002684,63654.77,PARTIAL,112
R0003677,A0002328,C003361,2200.2,PAID,99
R0003678,A0000655,C001083,91493.95,DUE,52
R0003679,A0001159,C003344,87613.07,PARTIAL,174
R0003680,A0004417,C003129,103333.75,BOUNCED,10
R0003681,A0004381,C000356,780.77,DUE,35
R0003682,A0004432,C000478,77098.17,PAID,56
R0003683,A0003573,C001220,16328.55,DUE,135
R0003684,A0000847,C002534,41734.13,PAID,51
R0003685,A0002310,C001907,113420.41,BOUNCED,46
R0003686,A0001829,C001081,113370.46,DUE,3
R0003687,A0000327,C000782,104937.92,PAID,1
R0003688,A0000591,C000005,68321.02,DUE,1
R0003689,A0004851,C002444,110421.3,BOUNCED,179
R0003690,A0002087,C000839,64377.54,BOUNCED,147
R0003691,A0001615,C000770,90069.68,PARTIAL,91
R0003692,A0001915,C001690,64599.03,PAID,79
R0003693,A0002103,C000112,102656.16,DUE,47
R0003694,A0001634,C000651,103412.99,PARTIAL,27
R0003695,A0002118,C002679,133442.83,BOUNCED,111
R0003696,A0000711,C000171,124689.98,PARTIAL,149
R0003697,A0002946,C001746,79543.02,PARTIAL,39
R0003698,A0004039,C001570,37071.33,BOUNCED,71
R0003699,A0002196,C001383,149330.12,PARTIAL,103
R0003700,A0000383,C002278,51059.1,PAID,162
R0003701,A0004366,C001197,91103.55,BOUNCED,4
R0003702,A0003034,C003204,139060.93,PARTIAL,71
R0003703,A0001331,C001028,136425.53,PAID,0
R0003704,A0003682,C001088,95787.08,DUE,3
R0003705,A0004266,C001286,29386.83,PARTIAL,7
R0003706,A0001365,C001830,98555.08,DUE,74
R0003707,A0002530,C000317,50914.45,PARTIAL,12
R0003708,A0002490,C003072,54874.06,BOUNCED,142
R0003709,A0000607,C000285,14946.26,PARTIAL,91
R0003710,A0004602,C000353,144237.99,PARTIAL,159
R0003711,A0002908,C000642,34384.48,PARTIAL,161
R0003712,A0002336,C000841,111248.04,BOUNCED,21
R0003713,A0004273,C003186,53961.89,BOUNCED,53
R0003714,A0004532,C001500,85676.33,DUE,63
R0003715,A0003314,C000540,127897.48,DUE,89
R0003716,A0004338,C001935,60530.53,PARTIAL,81
R0003717,A0001940,C001782,12586.08,PAID,119
R0003718,A0003607,C001428,31704.0,DUE,79
R0003719,A0001490,C001978,79218.41,PARTIAL,134
R0003720,A0003807,C000794,91128.79,DUE,137
R0003721,A0001764,C002372,7155.77,DUE,26
R0003722,A0001505,C003102,70837.33,DUE,164
R0003723,A0003372,C002920,121798.3,BOUNCED,26
R0003724,A0000781,C002363,123467.12,DUE,135
R0003725,A0001419,C000897,145495.48,DUE,180
R0003726,A0004553,C000477,64694.4,PAID,160
R0003727,A0000300,C001111,67513.22,PARTIAL,168
R0003728,A0004024,C002802,136114.5,PARTIAL,148
R0003729,A0000900,C003076,68411.92,PAID,155
R0003730,A0002207,C000553,94971.89,DUE,136
R0003731,A0000722,C002806,84643.26,DUE,177
R0003732,A0001822,C001612,113067.76,PAID,96
R0003733,A0002855,C000818,37851.06,PARTIAL,24
R0003734,A0002976,C001863,66359.79,PAID,7
R0003735,A0000796,C002510,39039.56,PAID,62
R0003736,A0002749,C002632,144690.38,BOUNCED,128
R0003737,A0002967,C001560,68151.1,PAID,65
R0003738,A0003236,C002575,75197.28,DUE,169
R0003739,A0002103,C000112,25002.78,PARTIAL,43
R0003740,A0003721,C001441,135022.07,PARTIAL,136
R0003741,A0003969,C003445,146304.75,PAID,92
R0003742,A0004776,C002722,9981.61,PARTIAL,66
R0003743,A0002676,C000616,42881.31,BOUNCED,166
R0003744,A0003865,C002141,78572.96,BOUNCED,146
R0003745,A0002400,C001897,32985.74,PAID,117
R0003746,A0003610,C002869,113165.21,PAID,110
R0003747,A0001456,C002714,89245.17,BOUNCED,94
R0003748,A0004555,C003057,126232.14,PARTIAL,24
R0003749,A0002608,C003238,27868.2,PAID,48
R0003750,A0000433,C001885,56184.01,PAID,111
R0003751,A0002410,C002715,47059.51,PAID,63
R0003752,A0003592,C002394,53722.57,DUE,31
R0003753,A0002407,C003447,147760.89,DUE,152
R0003754,A0002102,C002136,114944.43,PARTIAL,64
R0003755,A0002385,C000180,25165.04,DUE,38
R0003756,A0002972,C000082,7531.46,PAID,57
R0003757,A0002405,C002824,109403.74,PARTIAL,70
R0003758,A0003678,C003047,67086.81,DUE,173
R0003759,A0000202,C002463,34928.58,DUE,166
R0003760,A0002700,C001511,69991.44,BOUNCED,48
R0003761,A0001491,C002956,56905.05,PARTIAL,8
R0003762,A0003998,C002503,67101.67,BOUNCED,37
R0003763,A0003623,C001743,31623.07,PAID,88
R0003764,A0002886,C001065,73285.31,PAID,51
R0003765,A0002336,C000841,122938.66,PAID,103
R0003766,A0000699,C000708,56235.62,BOUNCED,32
R0003767,A0004972,C003383,133872.6,PAID,48
R0003768,A0004635,C001498,45688.75,BOUNCED,117
R0003769,A0001284,C002564,135853.17,DUE,158
R0003770,A0003919,C002142,80152.01,DUE,132
R0003771,A0002458,C000853,38343.2,DUE,162
R0003772,A0003555,C000103,42389.47,PARTIAL,25
R0003773,A0002734,C002970,73605.66,BOUNCED,129
R0003774,A0004301,C001688,120866.88,PAID,142
R0003775,A0001939,C002222,33536.1,PARTIAL,9
R0003776,A0004984,C002477,149745.85,PAID,34
R0003777,A0004095,C001053,130754.33,DUE,63
R0003778,A0001174,C002611,131791.43,BOUNCED,36
R0003779,A0004699,C002463,147289.73,BOUNCED,175
R0003780,A0003237,C001174,71892.77,PARTIAL,158
R0003781,A0002210,C000738,84479.78,PAID,18
R0003782,A0001931,C000172,149559.12,DUE,116
R0003783,A0003270,C001690,91191.7,PAID,157
R0003784,A0000980,C000804,115692.16,PAID,127
R0003785,A0001595,C001021,108699.54,BOUNCED,82
R0003786,A0004489,C000932,57227.93,PARTIAL,82
R0003787,A0000839,C002812,115309.95,DUE,53
R0003788,A0004514,C001806,62429.47,PAID,43
R0003789,A0002530,C000317,91197.64,DUE,55
R0003790,A0004779,C001264,43295.46,PARTIAL,103
R0003791,A0002380,C002325,113419.1,PAID,150
R0003792,A0002208,C000145,92192.88,PARTIAL,24
R0003793,A0004860,C001769,71649.93,PAID,153
R0003794,A0002064,C002021,119604.4,PARTIAL,40
R0003795,A0003198,C002531,30304.29,DUE,96
R0003796,A0004210,C003426,34351.8,PAID,64
R0003797,A0001085,C001826,90218.28,PAID,65
R0003798,A0000075,C000896,108091.4,BOUNCED,161
R0003799,A0000329,C003253,121918.76,PAID,114
R0003800,A0002160,C002240,136308.71,PAID,125
R0003801,A0004458,C001664,145606.52,DUE,61
R0003802,A0000130,C001394,77582.23,PAID,160
R0003803,A0001421,C003295,60833.38,DUE,98
R0003804,A0002692,C003092,1367.59,PAID,79
R0003805,A0000046,C002856,69829.25,PARTIAL,23
R0003806,A0002920,C001792,91551.18,PARTIAL,3
R0003807,A0001797,C002483,143460.08,DUE,149
R0003808,A0002219,C001916,141549.69,PAID,33
R0003809,A0003669,C000939,35052.64,PARTIAL,49
R0003810,A0001206,C000612,59517.52,DUE,18
R0003811,A0002829,C002641,136338.03,PAID,131
R0003812,A0001238,C000044,77714.55,PARTIAL,49
R0003813,A0000863,C000061,86986.27,DUE,95
R0003814,A0003448,C000659,7967.38,PAID,58
R0003815,A0004295,C002538,103713.48,DUE,102
R0003816,A0000664,C002338,15236.42,BOUNCED,171
R0003817,A0000259,C001737,87885.2,BOUNCED,29
R0003818,A0002282,C001627,110627.69,DUE,158
R0003819,A0000087,C002951,5996.1,PARTIAL,147
R0003820,A0000528,C001163,39965.06,PARTIAL,80
R0003821,A0000245,C001689,55388.18,PARTIAL,148
R0003822,A0002721,C000404,9757.42,PARTIAL,9
R0003823,A0004244,C002180,99392.29,DUE,124
R0003824,A0001777,C001543,18277.42,BOUNCED,121
R0003825,A0004324,C001177,63477.16,PARTIAL,41
R0003826,A0001885,C000850,80185.4,PARTIAL,20
R0003827,A0004525,C001610,116540.1,PARTIAL,174
R0003828,A0004900,C003008,21463.71,BOUNCED,63
R0003829,A0003573,C001220,20731.34,PARTIAL,51
R0003830,A0004776,C002722,1707.47,BOUNCED,115
R0003831,A0002992,C002572,129387.61,BOUNCED,83
R0003832,A0003459,C001308,107912.33,DUE,169
R0003833,A0002657,C002812,96254.54,PARTIAL,150
R0003834,A0000684,C001034,44141.43,BOUNCED,60
R0003835,A0000656,C001561,84341.61,DUE,167
R0003836,A0003152,C002514,140316.63,PAID,116
R0003837,A0003133,C000312,144498.2,PAID,38
R0003838,A0004422,C001108,15282.03,PARTIAL,23
R0003839,A0001838,C001772,111435.38,PARTIAL,143
R0003840,A0002520,C001167,66676.71,PARTIAL,106
R0003841,A0004948,C001533,23081.6,DUE,109
R0003842,A0003410,C002254,82120.86,BOUNCED,135
R0003843,A0004101,C001912,78921.51,BOUNCED,102
R0003844,A0000888,C000037,61148.24,PAID,22
R0003845,A0004860,C001769,18883.01,BOUNCED,168
R0003846,A0004766,C001709,116346.4,BOUNCED,176
R0003847,A0002906,C000081,27583.02,BOUNCED,92
R0003848,A0002664,C000232,109241.11,PARTIAL,24
R0003849,A0004456,C001218,84905.27,PAID,23
R0003850,A0000046,C002856,109547.42,PAID,40
R0003851,A0000488,C000786,92136.73,BOUNCED,50
R0003852,A0004545,C002532,110513.83,PAID,50
R0003853,A0001399,C003217,134804.0,DUE,34
R0003854,A0003952,C003188,140193.86,PARTIAL,71
R0003855,A0001572,C003121,127622.69,DUE,1
R0003856,A0002711,C000024,131947.28,PARTIAL,48
R0003857,A0001585,C002057,99777.69,PAID,148
R0003858,A0001370,C001519,33765.89,DUE,51
R0003859,A0002181,C001953,56473.55,DUE,20
R0003860,A0003839,C000799,147199.88,PAID,134
R0003861,A0000417,C002439,113762.94,DUE,149
R0003862,A0001720,C003112,87313.51,BOUNCED,67
R0003863,A0004868,C002721,9871.42,DUE,62
R0003864,A0004937,C001956,93611.57,PARTIAL,54
R0003865,A0000112,C000443,8308.9,PAID,75
R0003866,A0001869,C002488,62975.65,BOUNCED,77
R0003867,A0004979,C000127,14661.11,DUE,80
R0003868,A0001111,C001179,114839.51,PARTIAL,22
R0003869,A0003804,C002187,144885.04,PARTIAL,48
R0003870,A0004120,C000529,38196.23,BOUNCED,179
R0003871,A0000406,C002078,30853.53,DUE,30
R0003872,A0003112,C001155,90886.47,BOUNCED,24
R0003873,A0002372,C002586,62579.48,PARTIAL,131
R0003874,A0001251,C000859,26128.33,BOUNCED,143
R0003875,A0000242,C003140,4226.28,PAID,16
R0003876,A0000807,C003275,76299.7,BOUNCED,40
R0003877,A0000861,C000423,84187.57,PAID,41
R0003878,A0003677,C002967,147823.82,BOUNCED,53
R0003879,A0004683,C001927,143013.63,DUE,104
R0003880,A0000832,C002227,80236.44,PAID,113
R0003881,A0002844,C003310,29911.69,PARTIAL,115
R0003882,A0002466,C000509,14876.53,PARTIAL,67
R0003883,A0001023,C002716,93065.64,DUE,44
R0003884,A0002321,C002575,79928.7,PAID,45
R0003885,A0000095,C001962,121987.23,BOUNCED,141
R0003886,A0002983,C002279,64798.3,DUE,119
R0003887,A0002979,C001864,52704.92,DUE,53
R0003888,A0000543,C002281,110155.33,BOUNCED,42
R0003889,A0003789,C002084,39446.99,BOUNCED,125
R0003890,A0002947,C001141,10115.86,PARTIAL,73
R0003891,A0002525,C002065,84688.99,DUE,49
R0003892,A0002248,C000230,123180.78,BOUNCED,47
R0003893,A0000242,C003140,17266.16,PARTIAL,102
R0003894,A0001379,C000785,57352.03,PAID,33
R0003895,A0001703,C001030,29545.51,PARTIAL,138
R0003896,A0003079,C000295,49329.88,PARTIAL,134
R0003897,A0001998,C002863,25006.83,BOUNCED,147
R0003898,A0000401,C002905,37183.06,PARTIAL,151
R0003899,A0002560,C001058,16036.24,BOUNCED,108
R0003900,A0001634,C000651,62430.72,PARTIAL,82
R0003901,A0000079,C002155,1189.47,PARTIAL,133
R0003902,A0004758,C002065,102478.58,PAID,21
R0003903,A0000925,C000535,8411.57,BOUNCED,63
R0003904,A0003828,C000364,149781.69,BOUNCED,45
R0003905,A0004549,C003238,4952.78,BOUNCED,16
R0003906,A0002810,C001536,76091.55,BOUNCED,175
R0003907,A0004594,C002391,142235.35,PAID,34
R0003908,A0003159,C000199,108543.15,DUE,25
R0003909,A0001296,C002101,142348.09,BOUNCED,158
R0003910,A0000380,C001901,136693.79,BOUNCED,161
R0003911,A0004763,C002725,20524.62,DUE,156
R0003912,A0002042,C002106,77208.55,PAID,156
R0003913,A0002007,C001925,56126.7,DUE,173
R0003914,A0000438,C001469,58092.7,PAID,139
R0003915,A0000670,C000511,103408.16,DUE,178
R0003916,A0002508,C002428,98759.66,PARTIAL,103
R0003917,A0001554,C002497,32464.9,DUE,58
R0003918,A0001416,C000307,42350.46,PARTIAL,20
R0003919,A0004944,C003197,104404.4,DUE,35
R0003920,A0000598,C003043,96552.32,PARTIAL,10
R0003921,A0004527,C003071,104889.46,BOUNCED,118
R0003922,A0004472,C001472,11873.67,PAID,29
R0003923,A0002328,C003361,40869.36,PARTIAL,16
R0003924,A0004267,C002143,138584.44,DUE,176
R0003925,A0001058,C001506,44400.3,PARTIAL,41
R0003926,A0004507,C002136,144342.9,PARTIAL,130
R0003927,A0001026,C001599,42216.76,DUE,111
R0003928,A0003841,C002947,68142.32,PAID,46
R0003929,A0000317,C000096,64688.71,BOUNCED,60
R0003930,A0000712,C001205,47386.62,PAID,106
R0003931,A0002993,C002913,98293.63,PARTIAL,7
R0003932,A0000181,C001252,106437.66,BOUNCED,177
R0003933,A0000849,C003133,9114.27,BOUNCED,169
R0003934,A0002805,C002869,137018.16,PARTIAL,43
R0003935,A0000934,C001654,57654.43,BOUNCED,78
R0003936,A0000709,C001717,28665.21,PAID,32
R0003937,A0002301,C001634,6054.59,DUE,84
R0003938,A0001063,C001429,68985.74,DUE,35
R0003939,A0003812,C000125,143383.49,BOUNCED,105
R0003940,A0003093,C001440,5522.86,BOUNCED,7
R0003941,A0002485,C002956,52217.49,BOUNCED,180
R0003942,A0004732,C002491,6628.06,BOUNCED,89
R0003943,A0004689,C002797,137430.12,BOUNCED,100
R0003944,A0002382,C001258,108236.92,PAID,83
R0003945,A0002164,C001690,79254.48,PAID,22
R0003946,A0004922,C002888,103720.28,PAID,71
R0003947,A0003952,C003188,45883.75,BOUNCED,6
R0003948,A0002486,C001271,5134.46,PAID,82
R0003949,A0003104,C003288,99621.49,PAID,114
R0003950,A0002637,C001077,11886.69,PARTIAL,13
R0003951,A0002812,C002773,120403.81,PAID,106
R0003952,A0004373,C001876,38667.05,DUE,9
R0003953,A0004809,C000011,49825.29,DUE,23
R0003954,A0002783,C000400,75276.97,PAID,122
R0003955,A0003138,C000533,1960.88,PAID,2
R0003956,A0001581,C001598,34703.62,DUE,1
R0003957,A0000752,C002665,84856.57,BOUNCED,74
R0003958,A0002085,C000464,72361.15,BOUNCED,106
R0003959,A0001408,C001405,85816.71,DUE,104
R0003960,A0002547,C001300,71870.67,PAID,105
R0003961,A0003762,C001599,83101.92,BOUNCED,26
R0003962,A0003368,C000488,127227.3,PAID,132
R0003963,A0003814,C002608,94083.62,PARTIAL,85
R0003964,A0003835,C000442,7858.47,BOUNCED,46
R0003965,A0001512,C000179,57505.43,BOUNCED,16
R0003966,A0002840,C001728,89213.98,PARTIAL,175
R0003967,A0003934,C002690,59267.83,PAID,130
R0003968,A0000313,C000132,84259.82,PAID,65
R0003969,A0003245,C002153,70611.65,PAID,160
R0003970,A0003163,C000658,68421.48,PARTIAL,26
R0003971,A0001485,C000061,121119.95,PAID,8
R0003972,A0003870,C000020,80571.72,PARTIAL,144
R0003973,A0002612,C001371,113351.4,PAID,165
R0003974,A0000975,C000220,72952.95,PARTIAL,129
R0003975,A0003528,C001525,44282.07,BOUNCED,116
R0003976,A0002747,C003372,91774.62,BOUNCED,11
R0003977,A0000055,C000855,128416.91,PARTIAL,155
R0003978,A0000427,C000110,46100.96,DUE,131
R0003979,A0004174,C002270,148091.46,PARTIAL,86
R0003980,A0004656,C003152,127873.11,BOUNCED,124
R0003981,A0003657,C002273,75144.68,BOUNCED,82
R0003982,A0004786,C002208,52484.69,BOUNCED,76
R0003983,A0003458,C001957,97618.98,DUE,132
R0003984,A0001847,C002926,113443.4,PAID,95
R0003985,A0004059,C002555,122363.56,DUE,160
R0003986,A0003293,C001923,12669.25,DUE,48
R0003987,A0000900,C003076,90322.43,PAID,27
R0003988,A0002134,C002416,16805.53,PARTIAL,6
R0003989,A0001864,C000384,102993.58,PARTIAL,14
R0003990,A0000481,C000692,137216.91,DUE,113
R0003991,A0003238,C001743,79041.56,DUE,80
R0003992,A0000630,C002382,83025.12,DUE,36
R0003993,A0004272,C001713,9922.97,BOUNCED,95
R0003994,A0001315,C000919,108043.88,PARTIAL,129
R0003995,A0002752,C000172,69022.48,PAID,91
R0003996,A0002812,C002773,47573.98,DUE,112
R0003997,A0000778,C002504,34851.58,BOUNCED,2
R0003998,A0004549,C003238,40775.21,PAID,15
R0003999,A0001168,C002377,11196.34,DUE,158
R0004000,A0001158,C003037,69952.0,DUE,119
R0004001,A0001002,C001728,82599.5,BOUNCED,98
R0004002,A0001199,C001428,101261.75,PAID,165
R0004003,A0000386,C000824,86626.8,BOUNCED,96
R0004004,A0004175,C001578,30399.76,DUE,123
R0004005,A0002458,C000853,71901.55,BOUNCED,38
R0004006,A0003526,C000227,144142.18,DUE,155
R0004007,A0001037,C000489,48736.38,PAID,168
R0004008,A0002090,C001634,48764.8,PAID,116
R0004009,A0004026,C003066,63334.76,PARTIAL,58
R0004010,A0000689,C002504,4357.42,DUE,162
R0004011,A0003705,C003398,140333.64,BOUNCED,107
R0004012,A0000490,C001225,13116.6,PARTIAL,22
R0004013,A0002015,C000034,145263.57,BOUNCED,132
R0004014,A0002741,C000540,148418.18,DUE,52
R0004015,A0000903,C000910,41634.4,BOUNCED,165
R0004016,A0000732,C002148,57468.4,DUE,35
R0004017,A0001398,C000101,102857.91,PAID,55
R0004018,A0001880,C002892,98959.48,DUE,39
R0004019,A0000356,C003407,6682.02,PAID,129
R0004020,A0001014,C001402,39500.78,PAID,142
R0004021,A0000188,C001538,10128.21,PAID,65
R0004022,A0002098,C002609,110711.92,PARTIAL,103
R0004023,A0004571,C002929,9627.15,PARTIAL,140
R0004024,A0001217,C001244,30690.2,PARTIAL,59
R0004025,A0001385,C000477,137215.22,PAID,69
R0004026,A0004863,C001379,104414.44,PAID,52
R0004027,A0004996,C002570,133455.37,BOUNCED,156
R0004028,A0002393,C001429,63080.49,DUE,162
R0004029,A0002736,C000307,81321.89,PAID,0
R0004030,A0002610,C001397,17966.2,DUE,122
R0004031,A0002723,C000850,120706.19,PARTIAL,24
R0004032,A0004676,C000953,60732.91,DUE,111
R0004033,A0000796,C002510,128367.37,PAID,147
R0004034,A0001479,C002551,85335.87,BOUNCED,130
R0004035,A0003964,C001580,70165.45,PARTIAL,71
R0004036,A0004450,C002682,147931.91,BOUNCED,46
R0004037,A0001577,C001351,43277.52,PARTIAL,18
R0004038,A0002561,C003148,144110.01,PARTIAL,71
R0004039,A0004861,C001657,22634.22,DUE,162
R0004040,A0001191,C002626,121865.25,PAID,88
R0004041,A0003005,C000552,34682.1,PAID,0
R0004042,A0002862,C000489,91580.18,PAID,134
R0004043,A0004417,C003129,101184.38,PARTIAL,52
R0004044,A0000010,C000767,129135.5,BOUNCED,154
R0004045,A0002833,C001851,6263.31,PARTIAL,72
R0004046,A0003218,C002340,6545.21,DUE,26
R0004047,A0003215,C002780,130974.09,PARTIAL,162
R0004048,A0000511,C003399,73572.43,PAID,54
R0004049,A0001701,C002517,100666.04,PAID,47
R0004050,A0000230,C000125,95993.49,BOUNCED,107
R0004051,A0000814,C001898,144341.26,PAID,28
R0004052,A0004772,C001898,94502.88,DUE,133
R0004053,A0003839,C000799,79051.92,PAID,22
R0004054,A0004291,C001857,82415.91,BOUNCED,100
R0004055,A0002005,C000812,75559.19,PARTIAL,73
R0004056,A0004638,C001631,69801.16,DUE,136
R0004057,A0000727,C000723,6844.9,PARTIAL,139
R0004058,A0000282,C001814,132926.44,PARTIAL,82
R0004059,A0001829,C001081,131242.18,PAID,15
R0004060,A0003066,C002568,47254.14,DUE,47
R0004061,A0004243,C000220,63945.79,PARTIAL,69
R0004062,A0001852,C000588,48460.51,BOUNCED,93
R0004063,A0001570,C000666,45074.74,PAID,5
R0004064,A0002655,C000283,22436.46,BOUNCED,86
R0004065,A0004529,C002581,26941.61,PAID,53
R0004066,A0002693,C001896,128781.03,BOUNCED,137
R0004067,A0004741,C003450,122830.56,PARTIAL,126
R0004068,A0004624,C000285,55397.69,PAID,174
R0004069,A0004538,C000988,16217.93,PARTIAL,34
R0004070,A0004683,C001927,26921.18,DUE,15
R0004071,A0001947,C000856,41733.05,PAID,93
R0004072,A0003233,C001331,123542.14,BOUNCED,83
R0004073,A0004283,C002978,148975.6,BOUNCED,56
R0004074,A0004771,C002997,59600.36,BOUNCED,118
R0004075,A0002163,C001666,133384.17,DUE,90
R0004076,A0001713,C003075,55895.65,DUE,34
R0004077,A0000387,C000925,18659.21,BOUNCED,90
R0004078,A0001901,C001760,115509.82,BOUNCED,46
R0004079,A0002101,C002095,33418.16,DUE,44
R0004080,A0003503,C003032,12792.87,BOUNCED,68
R0004081,A0002425,C003190,63595.03,PARTIAL,111
R0004082,A0004063,C000460,94741.43,PAID,169
R0004083,A0002637,C001077,13707.84,PAID,70
R0004084,A0000815,C000439,131091.45,PARTIAL,84
R0004085,A0003605,C000994,70111.5,PARTIAL,46
R0004086,A0001062,C002777,133249.03,PAID,84
R0004087,A0002023,C002572,36053.53,PAID,177
R0004088,A0000149,C000297,118279.52,PAID,99
R0004089,A0002251,C001884,9414.08,DUE,52
R0004090,A0000899,C001524,137478.3,DUE,136
R0004091,A0000558,C001019,129406.97,PARTIAL,25
R0004092,A0002481,C003197,121098.22,DUE,63
R0004093,A0000389,C001953,75798.12,BOUNCED,9
R0004094,A0003147,C000898,10759.23,DUE,73
R0004095,A0002414,C002232,77815.86,PAID,86
R0004096,A0004106,C000378,16155.2,PAID,84
R0004097,A0000877,C002898,42697.69,BOUNCED,118
R0004098,A0003708,C002446,127032.58,PAID,89
R0004099,A0002175,C002022,89256.85,BOUNCED,124
R0004100,A0003752,C002935,124290.51,PARTIAL,155
R0004101,A0001643,C002472,90472.11,BOUNCED,90
R0004102,A0004982,C001231,125516.27,PARTIAL,156
R0004103,A0004344,C002160,134181.52,PARTIAL,151
R0004104,A0003555,C000103,3631.97,BOUNCED,12
R0004105,A0002506,C001754,116894.97,DUE,93
R0004106,A0002778,C001994,61635.52,BOUNCED,22
R0004107,A0002153,C003250,145267.93,DUE,82
R0004108,A0002238,C002323,98363.05,PAID,77
R0004109,A0000565,C001882,11257.52,DUE,29
R0004110,A0004608,C000379,99063.46,PAID,144
R0004111,A0003796,C001270,107430.06,DUE,100
R0004112,A0003085,C002046,108834.24,DUE,91
R0004113,A0000164,C002109,82516.42,PARTIAL,112
R0004114,A0002656,C000766,118638.86,BOUNCED,113
R0004115,A0004907,C000703,89204.18,PAID,52
R0004116,A0002552,C000851,19924.14,PAID,21
R0004117,A0003258,C003411,62941.99,DUE,86
R0004118,A0001374,C003148,53291.4,DUE,138
R0004119,A0003556,C001989,21045.4,BOUNCED,172
R0004120,A0000007,C001955,62052.58,BOUNCED,40
R0004121,A0000266,C002926,14251.07,BOUNCED,17
R0004122,A0004488,C002006,138296.68,DUE,49
R0004123,A0002992,C002572,85240.0,BOUNCED,1
R0004124,A0000387,C000925,126961.16,PARTIAL,7
R0004125,A0003792,C002144,127680.93,PARTIAL,167
R0004126,A0001359,C002174,81874.65,BOUNCED,53
R0004127,A0000977,C002154,57915.01,PAID,111
R0004128,A0000536,C003151,56334.14,DUE,5
R0004129,A0003317,C000301,110922.73,PAID,25
R0004130,A0000296,C002921,94536.94,PAID,160
R0004131,A0004632,C002607,51802.03,BOUNCED,16
R0004132,A0003033,C003471,51772.05,PAID,15
R0004133,A0001962,C000893,74435.12,PARTIAL,166
R0004134,A0000743,C001554,29488.1,BOUNCED,100
R0004135,A0002465,C001865,148678.72,DUE,64
R0004136,A0000631,C000349,14172.68,BOUNCED,19
R0004137,A0000357,C002631,98054.7,DUE,95
R0004138,A0001099,C002487,111685.63,BOUNCED,142
R0004139,A0004492,C003180,14328.06,PAID,123
R0004140,A0004156,C002199,131208.74,DUE,114
R0004141,A0003137,C003196,24931.93,DUE,60
R0004142,A0002456,C001512,55155.82,PARTIAL,38
R0004143,A0004781,C002891,3084.35,DUE,134
R0004144,A0001224,C002229,36572.61,DUE,32
R0004145,A0003103,C003411,59177.97,BOUNCED,91
R0004146,A0004187,C001404,27977.96,PAID,67
R0004147,A0000448,C002857,134045.53,PAID,105
R0004148,A0000225,C000086,104725.62,DUE,93
R0004149,A0002776,C000619,51958.91,BOUNCED,71
R0004150,A0003769,C003457,55239.94,PARTIAL,129
R0004151,A0003596,C000690,106494.97,BOUNCED,83
R0004152,A0004165,C001720,32851.2,BOUNCED,138
R0004153,A0003613,C002374,43110.56,PAID,9
R0004154,A0004330,C003279,72613.71,DUE,70
R0004155,A0000404,C000442,13704.64,PARTIAL,138
R0004156,A0003526,C000227,146918.9,BOUNCED,10
R0004157,A0001846,C003393,33293.05,PARTIAL,161
R0004158,A0004628,C000693,48093.13,DUE,16
R0004159,A0002876,C003215,64541.78,PARTIAL,136
R0004160,A0003135,C001619,5851.36,DUE,116
R0004161,A0000837,C000562,81164.68,PARTIAL,57
R0004162,A0003567,C002516,74087.25,BOUNCED,169
R0004163,A0004501,C000897,18318.22,BOUNCED,173
R0004164,A0001165,C001594,118284.02,DUE,162
R0004165,A0003792,C002144,95286.88,PARTIAL,5
R0004166,A0001825,C000745,82014.55,DUE,58
R0004167,A0004815,C003260,4385.56,BOUNCED,173
R0004168,A0000426,C001842,72845.38,PARTIAL,64
R0004169,A0003470,C000723,29764.75,PARTIAL,72
R0004170,A0003502,C000801,50734.43,PAID,145
R0004171,A0001961,C001721,120859.08,BOUNCED,75
R0004172,A0000391,C001656,144019.02,PAID,76
R0004173,A0003346,C001324,91249.02,BOUNCED,137
R0004174,A0000664,C002338,87194.54,BOUNCED,144
R0004175,A0004857,C001781,115501.23,PAID,35
R0004176,A0004197,C001881,34254.63,DUE,153
R0004177,A0002148,C000141,111513.48,DUE,59
R0004178,A0002368,C000842,45755.9,DUE,155
R0004179,A0003039,C003252,121484.2,DUE,136
R0004180,A0002030,C003147,148446.94,BOUNCED,173
R0004181,A0000267,C002180,18265.69,PAID,33
R0004182,A0003825,C002061,99955.31,PAID,109
R0004183,A0001680,C003343,130015.77,BOUNCED,58
R0004184,A0004990,C000902,14103.13,DUE,45
R0004185,A0002447,C003006,117970.22,DUE,73
R0004186,A0003738,C002503,72712.05,DUE,61
R0004187,A0003354,C000776,29693.91,PAID,51
R0004188,A0000269,C001483,82666.13,PARTIAL,47
R0004189,A0004270,C000085,126819.14,PARTIAL,133
R0004190,A0004327,C002974,25040.24,PAID,27
R0004191,A0002947,C001141,66718.94,DUE,41
R0004192,A0000194,C000402,4997.86,PAID,155
R0004193,A0004939,C000443,27696.64,PAID,179
R0004194,A0000375,C002415,39141.19,PAID,175
R0004195,A0004877,C000180,80363.7,DUE,60
R0004196,A0004221,C001155,136537.31,DUE,171
R0004197,A0000206,C002797,90890.25,BOUNCED,75
R0004198,A0003453,C002106,21373.53,PARTIAL,92
R0004199,A0002024,C002462,109244.62,DUE,146
R0004200,A0000241,C002043,72625.76,BOUNCED,71
R0004201,A0002453,C002531,87955.54,PARTIAL,165
R0004202,A0000587,C001190,119359.72,BOUNCED,18
R0004203,A0003533,C002661,106811.0,BOUNCED,76
R0004204,A0003623,C001743,29385.73,BOUNCED,17
R0004205,A0004471,C002622,102230.54,BOUNCED,179
R0004206,A0003412,C002966,117445.55,BOUNCED,66
R0004207,A0002464,C001591,7551.77,DUE,137
R0004208,A0003623,C001743,37250.89,PAID,85
R0004209,A0001905,C001644,22106.61,PAID,5
R0004210,A0003150,C000256,121807.92,PAID,148
R0004211,A0004060,C002588,144250.74,DUE,63
R0004212,A0003874,C001480,9608.4,PARTIAL,97
R0004213,A0004957,C002581,73982.38,PAID,11
R0004214,A0001256,C000744,17535.62,DUE,98
R0004215,A0004146,C002324,128307.09,PARTIAL,153
R0004216,A0000356,C003407,105777.81,BOUNCED,178
R0004217,A0000811,C001345,16637.47,PARTIAL,177
R0004218,A0000482,C002287,37135.66,BOUNCED,146
R0004219,A0004446,C003220,97639.74,PAID,141
R0004220,A0001888,C000879,32273.69,DUE,173
R0004221,A0001339,C000205,34238.38,PAID,144
R0004222,A0004374,C000519,64489.0,BOUNCED,55
R0004223,A0003479,C000212,144913.44,PAID,4
R0004224,A0004766,C001709,147029.49,DUE,163
R0004225,A0000767,C002714,3544.37,DUE,60
R0004226,A0001792,C003331,12041.3,PARTIAL,33
R0004227,A0003130,C002886,15489.13,PARTIAL,119
R0004228,A0004481,C000093,100281.13,BOUNCED,48
R0004229,A0004733,C002093,71168.86,PAID,26
R0004230,A0000880,C000859,141894.26,DUE,106
R0004231,A0001296,C002101,40351.51,PARTIAL,75
R0004232,A0001851,C002274,118645.3,PAID,15
R0004233,A0000814,C001257,27164.21,PARTIAL,105
R0004234,A0002671,C001151,14980.62,PAID,94
R0004235,A0004402,C001892,120057.35,DUE,35
R0004236,A0000108,C002933,96741.04,DUE,165
R0004237,A0001223,C000315,79236.66,BOUNCED,31
R0004238,A0000343,C000137,35585.81,PARTIAL,19
R0004239,A0000974,C002993,72968.42,PAID,179
R0004240,A0004076,C000628,4803.39,BOUNCED,150
R0004241,A0001390,C002711,19818.12,DUE,154
R0004242,A0000446,C003407,144203.11,PARTIAL,110
R0004243,A0004911,C000574,29419.53,BOUNCED,179
R0004244,A0003067,C000742,44300.48,BOUNCED,104
R0004245,A0002677,C002620,131156.79,DUE,76
R0004246,A0002236,C000081,148092.63,PARTIAL,79
R0004247,A0000658,C002019,18910.94,BOUNCED,148
R0004248,A0001229,C002519,19609.52,PAID,125
R0004249,A0003935,C001867,94735.02,BOUNCED,104
R0004250,A0002513,C000095,140695.72,BOUNCED,143
R0004251,A0003408,C002860,90490.17,BOUNCED,172
R0004252,A0002225,C002687,28035.48,PARTIAL,166
R0004253,A0004715,C000391,111156.66,BOUNCED,88
R0004254,A0002712,C000378,107547.29,PARTIAL,174
R0004255,A0003524,C000859,61785.48,PAID,103
R0004256,A0002514,C001800,123410.49,PARTIAL,70
R0004257,A0004651,C001249,8714.16,DUE,56
R0004258,A0001041,C000622,21769.3,DUE,121
R0004259,A0000024,C003268,137002.33,PAID,48
R0004260,A0002800,C001395,104021.54,PARTIAL,60
R0004261,A0001026,C001599,118957.37,DUE,39
R0004262,A0004863,C002411,107095.61,BOUNCED,137
R0004263,A0001552,C002982,125653.02,PARTIAL,85
R0004264,A0003134,C000565,130481.65,DUE,133
R0004265,A0000518,C003040,1248.72,DUE,37
R0004266,A0000336,C002691,93877.06,BOUNCED,100
R0004267,A0000818,C003312,145687.66,BOUNCED,138
R0004268,A0001651,C000068,17964.34,BOUNCED,55
R0004269,A0003207,C003469,3664.27,PAID,91
R0004270,A0001286,C000599,28352.19,DUE,92
R0004271,A0001733,C000088,6468.75,DUE,14
R0004272,A0001087,C002331,53429.26,PAID,177
R0004273,A0003350,C001829,48708.25,DUE,20
R0004274,A0000041,C002021,60224.98,PARTIAL,169
R0004275,A0001063,C001429,144767.93,PAID,112
R0004276,A0001342,C001907,49341.6,DUE,124
R0004277,A0000520,C002026,19036.7,PAID,159
R0004278,A0003347,C002823,131659.59,PARTIAL,17
R0004279,A0004004,C002417,25783.37,PAID,115
R0004280,A0004253,C000957,7095.16,PAID,71
R0004281,A0001269,C003398,49496.54,PAID,121
R0004282,A0000695,C002858,93595.06,PAID,19
R0004283,A0002391,C003274,102256.27,DUE,45
R0004284,A0004240,C000145,143286.76,PAID,121
R0004285,A0004695,C000647,20529.84,PAID,20
R0004286,A0004066,C001789,59757.06,DUE,64
R0004287,A0000280,C002385,124502.57,BOUNCED,90
R0004288,A0000406,C002078,114118.0,PAID,83
R0004289,A0002395,C002886,129174.61,DUE,13
R0004290,A0004731,C000686,23180.37,DUE,131
R0004291,A0004212,C000935,114452.32,BOUNCED,112
R0004292,A0000002,C001240,67760.83,BOUNCED,174
R0004293,A0001753,C001246,51057.89,BOUNCED,45
R0004294,A0004316,C001354,57221.18,PAID,123
R0004295,A0004339,C000390,112638.44,PARTIAL,164
R0004296,A0000691,C000245,32574.05,BOUNCED,89
R0004297,A0003692,C002248,15905.63,PARTIAL,162
R0004298,A0000720,C001605,27939.86,DUE,158
R0004299,A0003365,C002526,21181.09,BOUNCED,42
R0004300,A0003765,C001913,121884.29,PARTIAL,115
R0004301,A0004309,C001808,50209.05,PAID,11
R0004302,A0004776,C001359,8693.85,BOUNCED,148
R0004303,A0002627,C000869,6711.03,PARTIAL,3
R0004304,A0003945,C001280,124588.12,PAID,22
R0004305,A0000374,C001304,2775.56,PARTIAL,88
R0004306,A0002491,C000146,62605.92,PARTIAL,14
R0004307,A0000314,C002669,59415.37,PARTIAL,126
R0004308,A0001195,C000245,112514.72,DUE,4
R0004309,A0000371,C000545,38554.73,BOUNCED,82
R0004310,A0002016,C000414,140913.21,PARTIAL,107
R0004311,A0000981,C002363,27227.03,PARTIAL,9
R0004312,A0000722,C002806,49330.45,PARTIAL,152
R0004313,A0004697,C000916,13265.41,BOUNCED,66
R0004314,A0004651,C001249,54209.42,BOUNCED,6
R0004315,A0004853,C001518,98264.61,PARTIAL,44
R0004316,A0001801,C003491,48829.46,DUE,153
R0004317,A0004747,C000280,25959.6,PARTIAL,92
R0004318,A0001987,C002947,131178.37,PAID,78
R0004319,A0001463,C001003,74880.53,DUE,29
R0004320,A0000190,C003039,141224.12,PAID,127
R0004321,A0002303,C000651,53645.68,PAID,123
R0004322,A0001801,C003491,66416.77,PARTIAL,162
R0004323,A0003264,C000806,9841.79,BOUNCED,133
R0004324,A0004529,C002581,74876.66,PAID,121
R0004325,A0003547,C001033,5435.8,PARTIAL,161
R0004326,A0001716,C002907,133760.73,DUE,179
R0004327,A0000072,C002292,76321.27,PAID,112
R0004328,A0003286,C003125,144407.8,BOUNCED,175
R0004329,A0004954,C001529,86588.76,PAID,133
R0004330,A0001106,C002833,22854.95,PAID,89
R0004331,A0003685,C002528,78297.98,PARTIAL,94
R0004332,A0003813,C000889,142054.68,PARTIAL,62
R0004333,A0002428,C000217,106253.19,PARTIAL,145
R0004334,A0000726,C001790,91529.81,DUE,14
R0004335,A0002161,C002893,141810.58,BOUNCED,6
R0004336,A0004925,C001641,61910.18,PARTIAL,150
R0004337,A0003056,C002938,36101.56,DUE,125
R0004338,A0001372,C003002,36078.95,PARTIAL,49
R0004339,A0001413,C000835,73045.66,DUE,59
R0004340,A0003186,C002388,93188.46,PAID,76
R0004341,A0004717,C001935,63588.73,PAID,96
R0004342,A0003058,C000893,69666.85,DUE,128
R0004343,A0004275,C001135,94350.64,PARTIAL,6
R0004344,A0003106,C000984,57846.38,DUE,102
R0004345,A0002270,C002388,22341.37,PARTIAL,135
R0004346,A0003489,C000076,143226.26,PARTIAL,27
R0004347,A0000715,C002606,91460.26,PAID,42
R0004348,A0002712,C003209,60978.68,BOUNCED,155
R0004349,A0003054,C001932,145854.26,DUE,49
R0004350,A0000836,C001444,65562.77,DUE,53
R0004351,A0003819,C002914,73956.23,PARTIAL,56
R0004352,A0004975,C002214,114734.11,PARTIAL,131
R0004353,A0002206,C000343,70126.63,DUE,144
R0004354,A0001192,C001502,135001.44,PARTIAL,15
R0004355,A0001968,C001922,60625.01,DUE,45
R0004356,A0002545,C001448,7555.99,BOUNCED,79
R0004357,A0000552,C000334,39933.77,BOUNCED,47
R0004358,A0001195,C000245,94443.97,DUE,92
R0004359,A0000738,C002862,11027.99,BOUNCED,23
R0004360,A0001047,C000291,104185.57,BOUNCED,31
R0004361,A0004204,C000910,106240.28,BOUNCED,141
R0004362,A0004907,C000703,50755.06,BOUNCED,56
R0004363,A0001086,C000168,33998.86,BOUNCED,44
R0004364,A0000445,C000163,10776.01,PARTIAL,97
R0004365,A0000257,C002205,48535.09,DUE,156
R0004366,A0000562,C001496,89648.68,PAID,11
R0004367,A0003228,C002077,103533.44,DUE,82
R0004368,A0000183,C001438,128674.03,PARTIAL,169
R0004369,A0000227,C001183,106039.65,PARTIAL,145
R0004370,A0004546,C001771,61559.97,BOUNCED,92
R0004371,A0001539,C002101,146707.93,PAID,170
R0004372,A0001934,C002206,57220.74,BOUNCED,145
R0004373,A0003510,C001143,10572.23,DUE,78
R0004374,A0002668,C003434,77329.88,PARTIAL,25
R0004375,A0001834,C003223,134449.39,PARTIAL,180
R0004376,A0000002,C001240,71898.83,PAID,151
R0004377,A0003757,C000028,95594.01,DUE,106
R0004378,A0003622,C000112,98150.05,BOUNCED,0
R0004379,A0001438,C003392,73794.37,PAID,158
R0004380,A0002666,C003416,104905.54,PARTIAL,4
R0004381,A0003376,C002307,45089.35,PAID,36
R0004382,A0000137,C000507,101976.34,PARTIAL,6
R0004383,A0002791,C002128,58614.07,BOUNCED,84
R0004384,A0000616,C003240,92641.38,PARTIAL,26
R0004385,A0004505,C001046,89911.22,PARTIAL,25
R0004386,A0001504,C002587,109696.26,PARTIAL,6
R0004387,A0002518,C002626,11608.61,PAID,48
R0004388,A0000738,C002862,32495.65,BOUNCED,48
R0004389,A0000312,C001369,73562.85,DUE,141
R0004390,A0003180,C003143,89399.27,BOUNCED,80
R0004391,A0002069,C001108,40664.94,BOUNCED,14
R0004392,A0002604,C001434,32604.35,PARTIAL,178
R0004393,A0004974,C002629,27214.73,DUE,118
R0004394,A0000605,C002785,42571.24,PAID,150
R0004395,A0001847,C002926,58557.12,PARTIAL,110
R0004396,A0001956,C001363,45727.73,PAID,86
R0004397,A0002149,C002378,137972.36,BOUNCED,152
R0004398,A0003681,C001896,23551.67,BOUNCED,26
R0004399,A0004358,C000543,100384.99,BOUNCED,55
R0004400,A0000060,C002823,25708.77,PAID,62
R0004401,A0002395,C002886,46555.62,PAID,97
R0004402,A0003528,C001525,90798.63,DUE,40
R0004403,A0001451,C000530,138133.87,PARTIAL,76
R0004404,A0000677,C002409,103050.27,PARTIAL,132
R0004405,A0003739,C002995,50309.83,PAID,141
R0004406,A0003258,C003411,1639.24,BOUNCED,137
R0004407,A0001696,C002304,65618.12,DUE,132
R0004408,A0000870,C003210,136687.9,DUE,97
R0004409,A0000661,C002267,16133.33,PARTIAL,1
R0004410,A0003218,C002340,116764.28,BOUNCED,150
R0004411,A0001298,C001815,77619.42,PARTIAL,4
R0004412,A0004836,C001843,68633.45,PARTIAL,124
R0004413,A0002791,C002128,40768.94,PARTIAL,174
R0004414,A0002218,C000224,87290.57,DUE,131
R0004415,A0001139,C003410,142400.08,BOUNCED,18
R0004416,A0003379,C000297,133069.4,BOUNCED,8
R0004417,A0002150,C002423,54470.81,DUE,124
R0004418,A0003476,C002649,121665.82,DUE,81
R0004419,A0003012,C001363,26350.43,BOUNCED,168
R0004420,A0001708,C001686,122397.53,PARTIAL,97
R0004421,A0001294,C000992,48771.41,DUE,17
R0004422,A0000918,C003216,78339.91,DUE,83
R0004423,A0000444,C001166,88128.94,BOUNCED,120
R0004424,A0001033,C001452,27949.46,PAID,78
R0004425,A0000837,C000562,145494.78,PAID,51
R0004426,A0001090,C000525,88684.96,DUE,53
R0004427,A0000879,C000185,101314.43,PAID,164
R0004428,A0001569,C002534,112522.4,BOUNCED,12
R0004429,A0001836,C000447,102716.21,DUE,39
R0004430,A0003706,C002757,20269.36,PAID,148
R0004431,A0002787,C000192,77727.01,PARTIAL,128
R0004432,A0000869,C002894,138004.32,BOUNCED,69
R0004433,A0004032,C002345,62207.62,DUE,89
R0004434,A0002330,C002450,116000.56,PAID,117
R0004435,A0003802,C003058,22959.21,PARTIAL,47
R0004436,A0002764,C001793,35128.55,PARTIAL,24
R0004437,A0002678,C000571,93995.25,BOUNCED,116
R0004438,A0002503,C003248,68372.3,DUE,103
R0004439,A0000423,C002659,3481.49,BOUNCED,166
R0004440,A0001609,C001449,79395.59,BOUNCED,16
R0004441,A0001829,C001081,28906.07,BOUNCED,111
R0004442,A0003685,C002528,92438.15,PAID,92
R0004443,A0004622,C001578,140545.96,DUE,148
R0004444,A0000799,C002927,20634.84,PARTIAL,167
R0004445,A0000283,C003281,131274.66,PAID,33
R0004446,A0001338,C002694,113928.77,PAID,172
R0004447,A0002444,C001717,37243.9,BOUNCED,172
R0004448,A0000783,C001772,88421.1,BOUNCED,5
R0004449,A0003876,C000286,52462.81,BOUNCED,34
R0004450,A0003124,C001538,79441.93,BOUNCED,62
R0004451,A0004318,C000104,39974.11,PARTIAL,100
R0004452,A0002315,C000827,82124.63,BOUNCED,142
R0004453,A0001020,C003080,66057.05,PAID,144
R0004454,A0004212,C000935,58630.77,PARTIAL,116
R0004455,A0002793,C001136,138281.99,PAID,103
R0004456,A0000272,C000090,59287.93,PAID,170
R0004457,A0004836,C001843,108034.84,PAID,167
R0004458,A0004411,C003090,36074.66,PARTIAL,69
R0004459,A0004451,C003393,133431.24,PAID,20
R0004460,A0001469,C002149,94807.07,DUE,152
R0004461,A0000746,C002901,81032.17,PAID,106
R0004462,A0001838,C001772,111360.13,DUE,4
R0004463,A0000042,C000954,116216.96,DUE,59
R0004464,A0003763,C001468,10896.99,PARTIAL,146
R0004465,A0002803,C002702,109675.63,PARTIAL,64
R0004466,A0004016,C002456,98751.91,PARTIAL,164
R0004467,A0002988,C001553,137549.72,BOUNCED,146
R0004468,A0002737,C002085,42813.01,PARTIAL,144
R0004469,A0003957,C001995,82438.49,PAID,113
R0004470,A0003816,C001567,64565.94,PARTIAL,148
R0004471,A0002518,C002626,105586.45,PAID,90
R0004472,A0003131,C003387,75930.82,PAID,60
R0004473,A0001934,C002206,114379.84,PARTIAL,16
R0004474,A0000569,C003453,112397.14,BOUNCED,82
R0004475,A0003160,C001104,36431.67,PARTIAL,118
R0004476,A0002810,C001536,2311.89,PARTIAL,28
R0004477,A0000169,C002108,109616.55,BOUNCED,146
R0004478,A0001696,C002304,84054.21,BOUNCED,22
R0004479,A0003201,C003493,45795.19,BOUNCED,8
R0004480,A0003809,C002856,59804.97,PAID,125
R0004481,A0000244,C000057,12815.81,PARTIAL,134
R0004482,A0000355,C002189,144716.33,DUE,152
R0004483,A0001301,C002166,76517.22,BOUNCED,150
R0004484,A0000909,C001369,41327.94,BOUNCED,138
R0004485,A0000711,C000171,110104.55,BOUNCED,28
R0004486,A0003714,C003455,82582.54,DUE,160
R0004487,A0003317,C000301,52879.18,PAID,62
R0004488,A0000859,C002264,135804.07,DUE,170
R0004489,A0001004,C000871,74812.9,DUE,110
R0004490,A0002548,C000873,75993.04,BOUNCED,172
R0004491,A0004097,C003059,118914.98,BOUNCED,53
R0004492,A0004297,C002211,129593.59,PAID,60
R0004493,A0001772,C000595,35080.04,BOUNCED,149
R0004494,A0001561,C003084,42272.29,DUE,128
R0004495,A0001420,C002421,15026.3,PARTIAL,180
R0004496,A0002414,C000229,14833.25,BOUNCED,145
R0004497,A0002902,C001007,111330.55,PARTIAL,100
R0004498,A0004529,C002581,53857.21,BOUNCED,49
R0004499,A0001113,C002313,45500.71,DUE,30
R0004500,A0004719,C002410,39139.43,BOUNCED,49
R0004501,A0000974,C002993,40222.52,BOUNCED,141
R0004502,A0004672,C000458,38187.19,DUE,109
R0004503,A0003165,C000404,19231.38,DUE,60
R0004504,A0002726,C000632,94576.31,PARTIAL,143
R0004505,A0002534,C000705,147573.55,PARTIAL,178
R0004506,A0002539,C000328,100084.45,DUE,169
R0004507,A0001721,C003334,23348.6,PARTIAL,30
R0004508,A0003033,C003471,91460.25,PARTIAL,27
R0004509,A0003862,C002651,71623.07,BOUNCED,155
R0004510,A0003288,C002028,119514.94,PARTIAL,32
R0004511,A0000614,C002471,42521.32,PAID,44
R0004512,A0003242,C001665,142820.23,PAID,98
R0004513,A0004015,C002347,73641.21,BOUNCED,57
R0004514,A0002180,C002541,1400.98,DUE,72
R0004515,A0004824,C003325,111732.36,BOUNCED,95
R0004516,A0003894,C000294,145606.5,PARTIAL,102
R0004517,A0004397,C001166,77433.2,DUE,148
R0004518,A0004284,C000751,67385.28,PAID,86
R0004519,A0003649,C000574,66625.58,BOUNCED,151
R0004520,A0000450,C002541,132978.52,DUE,2
R0004521,A0002079,C000211,81045.19,PAID,67
R0004522,A0003827,C002505,135428.33,DUE,168
R0004523,A0004669,C001806,20793.29,DUE,11
R0004524,A0000519,C000707,92190.53,DUE,94
R0004525,A0003903,C002396,41395.04,DUE,37
R0004526,A0004358,C000543,24307.19,PARTIAL,73
R0004527,A0002463,C002761,32335.59,PAID,105
R0004528,A0000172,C000667,68076.08,PAID,85
R0004529,A0000847,C002534,145804.7,BOUNCED,41
R0004530,A0001537,C001535,96827.15,PAID,133
R0004531,A0002805,C002545,94493.19,BOUNCED,86
R0004532,A0002010,C000522,128728.15,PARTIAL,107
R0004533,A0004941,C000164,28270.45,PARTIAL,58
R0004534,A0003240,C000106,38241.36,PAID,144
R0004535,A0000823,C000196,111808.42,DUE,139
R0004536,A0001453,C000794,12795.12,BOUNCED,22
R0004537,A0003892,C003194,41002.88,PAID,125
R0004538,A0002423,C002785,130233.0,DUE,126
R0004539,A0000393,C001331,101933.39,BOUNCED,18
R0004540,A0003555,C000103,756.57,PARTIAL,174
R0004541,A0002582,C002166,115829.81,PARTIAL,39
R0004542,A0000143,C002805,87808.92,BOUNCED,119
R0004543,A0000105,C002559,38586.59,PAID,15
R0004544,A0004779,C001264,32948.15,PARTIAL,20
R0004545,A0000720,C001605,47173.02,PARTIAL,45
R0004546,A0002201,C000623,93057.72,DUE,114
R0004547,A0000386,C001322,105237.06,PAID,121
R0004548,A0002503,C003248,105047.01,DUE,38
R0004549,A0003429,C002430,33286.9,DUE,39
R0004550,A0004141,C003461,107285.68,DUE,40
R0004551,A0003328,C000568,125920.43,DUE,49
R0004552,A0003268,C000341,48201.15,PARTIAL,9
R0004553,A0004389,C000612,5239.87,PAID,146
R0004554,A0001817,C002349,108348.02,BOUNCED,166
R0004555,A0003254,C001025,138604.37,PARTIAL,140
R0004556,A0002276,C001672,28054.07,BOUNCED,122
R0004557,A0001474,C000302,134886.13,PAID,46
R0004558,A0001856,C001665,72188.27,PAID,26
R0004559,A0000459,C001932,12240.74,DUE,162
R0004560,A0003707,C002572,136788.64,BOUNCED,38
R0004561,A0003526,C000227,102345.58,PAID,121
R0004562,A0001351,C001366,7844.34,PARTIAL,11
R0004563,A0002078,C001073,134170.53,PARTIAL,108
R0004564,A0001932,C000423,59688.01,DUE,171
R0004565,A0002725,C000644,29004.57,BOUNCED,139
R0004566,A0000267,C002180,114911.31,PARTIAL,35
R0004567,A0004069,C002816,32896.65,BOUNCED,159
R0004568,A0003400,C000701,96967.61,PAID,122
R0004569,A0002818,C002014,92363.06,PARTIAL,35
R0004570,A0003613,C002374,72023.17,DUE,74
R0004571,A0002090,C001634,57814.59,PAID,93
R0004572,A0002244,C000542,31490.97,PARTIAL,123
R0004573,A0000456,C001151,51823.45,PAID,136
R0004574,A0000628,C002771,3299.64,PARTIAL,139
R0004575,A0003281,C003442,79660.23,BOUNCED,65
R0004576,A0002299,C000214,137065.95,DUE,129
R0004577,A0002264,C001906,44959.28,PARTIAL,168
R0004578,A0001181,C002557,30716.93,BOUNCED,38
R0004579,A0001432,C001437,145324.35,PAID,97
R0004580,A0003864,C000972,31560.81,PAID,115
R0004581,A0000512,C000034,98448.86,PAID,96
R0004582,A0002490,C003072,99411.66,PAID,120
R0004583,A0004559,C002234,86618.6,PAID,149
R0004584,A0004957,C002581,76110.48,PAID,24
R0004585,A0004880,C000103,74144.04,DUE,31
R0004586,A0001847,C002926,122767.24,PARTIAL,122
R0004587,A0003169,C001868,106950.64,PARTIAL,55
R0004588,A0004418,C001379,49062.59,DUE,112
R0004589,A0001845,C000516,117424.64,DUE,35
R0004590,A0004019,C001295,77796.37,DUE,0
R0004591,A0001013,C001862,30296.12,PARTIAL,141
R0004592,A0004973,C000184,78662.68,DUE,86
R0004593,A0000560,C001901,126114.03,PARTIAL,53
R0004594,A0004278,C001590,23306.08,PAID,17
R0004595,A0000663,C001781,133322.94,BOUNCED,38
R0004596,A0000061,C002033,87817.18,PAID,49
R0004597,A0000974,C002993,137628.66,PAID,80
R0004598,A0003762,C001599,12208.84,PARTIAL,109
R0004599,A0002237,C001707,131848.56,DUE,66
R0004600,A0000611,C003043,90503.14,DUE,145
R0004601,A0002967,C002177,101788.04,PAID,129
R0004602,A0000827,C001246,21423.74,PARTIAL,85
R0004603,A0002201,C000623,60180.12,PAID,145
R0004604,A0002286,C001628,128378.99,BOUNCED,131
R0004605,A0001802,C002535,8602.11,DUE,127
R0004606,A0003061,C001139,14175.99,BOUNCED,34
R0004607,A0002063,C001802,86680.79,PARTIAL,17
R0004608,A0003192,C000733,23773.42,BOUNCED,32
R0004609,A0002830,C000297,139875.09,DUE,54
R0004610,A0001045,C000866,97316.97,DUE,91
R0004611,A0001705,C002726,59327.03,DUE,73
R0004612,A0000637,C002256,12219.78,DUE,102
R0004613,A0003090,C000846,134061.87,PARTIAL,176
R0004614,A0001455,C003009,35643.04,PAID,59
R0004615,A0002150,C001589,24765.37,BOUNCED,65
R0004616,A0003224,C002535,141008.69,PAID,38
R0004617,A0004609,C000337,64414.4,PAID,119
R0004618,A0000961,C002871,43065.99,BOUNCED,80
R0004619,A0001052,C000693,72230.65,PAID,106
R0004620,A0000580,C000466,21970.27,DUE,4
R0004621,A0004790,C002213,128336.4,BOUNCED,78
R0004622,A0002177,C001091,110148.48,DUE,107
R0004623,A0000935,C002258,133973.47,PARTIAL,68
R0004624,A0003124,C002614,81695.43,PARTIAL,125
R0004625,A0003114,C001673,125398.25,PAID,32
R0004626,A0002921,C002918,40474.61,BOUNCED,132
R0004627,A0004275,C001135,85771.91,PARTIAL,34
R0004628,A0000875,C000473,147648.84,PARTIAL,115
R0004629,A0004994,C003434,101519.01,DUE,76
R0004630,A0002876,C003215,10581.49,PAID,169
R0004631,A0002826,C002351,50687.49,PAID,100
R0004632,A0002602,C002255,60005.8,BOUNCED,111
R0004633,A0001716,C002907,137508.96,PARTIAL,109
R0004634,A0001267,C002000,129654.61,BOUNCED,141
R0004635,A0004485,C002238,743.31,PARTIAL,105
R0004636,A0000572,C001360,70393.13,BOUNCED,145
R0004637,A0002041,C003120,93293.92,PAID,120
R0004638,A0000705,C000115,48858.19,BOUNCED,10
R0004639,A0002451,C002392,146122.07,PARTIAL,169
R0004640,A0000265,C001008,2575.54,PAID,36
R0004641,A0004593,C001385,65885.16,BOUNCED,46
R0004642,A0004632,C002607,32576.49,PAID,112
R0004643,A0001613,C001572,67781.66,PAID,180
R0004644,A0003753,C001120,94859.61,PARTIAL,110
R0004645,A0003260,C001325,69460.19,DUE,58
R0004646,A0003015,C002934,49141.2,PAID,158
R0004647,A0001131,C000298,74467.53,BOUNCED,124
R0004648,A0004091,C003187,100479.44,PARTIAL,110
R0004649,A0000738,C002862,3853.33,DUE,6
R0004650,A0003211,C001532,133544.65,DUE,97
R0004651,A0004039,C001570,112342.87,BOUNCED,141
R0004652,A0000571,C000122,76418.72,PAID,140
R0004653,A0001760,C000160,121390.39,PARTIAL,143
R0004654,A0002354,C000767,30264.45,PARTIAL,158
R0004655,A0001489,C002460,126957.32,PARTIAL,129
R0004656,A0004802,C003346,103848.46,DUE,20
R0004657,A0002950,C000908,67217.05,BOUNCED,90
R0004658,A0002796,C000286,147558.11,PARTIAL,14
R0004659,A0002369,C001643,47960.57,BOUNCED,151
R0004660,A0000220,C000284,11575.11,DUE,41
R0004661,A0003562,C000870,115109.8,BOUNCED,47
R0004662,A0001701,C000830,65297.41,PAID,35
R0004663,A0000154,C000045,110529.28,PAID,93
R0004664,A0001165,C002220,41884.38,PAID,24
R0004665,A0004934,C002844,22025.82,PARTIAL,72
R0004666,A0004683,C001927,57435.83,BOUNCED,11
R0004667,A0003925,C001986,109900.35,DUE,168
R0004668,A0000231,C003009,1443.53,DUE,14
R0004669,A0001599,C002040,67532.41,BOUNCED,57
R0004670,A0001473,C002616,80291.1,PARTIAL,5
R0004671,A0004410,C002249,58981.7,PARTIAL,130
R0004672,A0002239,C000663,62689.65,PAID,62
R0004673,A0000864,C001799,83479.14,PARTIAL,74
R0004674,A0000549,C001308,110547.34,PAID,160
R0004675,A0004391,C001935,68429.3,PARTIAL,147
R0004676,A0000523,C000636,98916.82,DUE,80
R0004677,A0003165,C000404,60034.72,PARTIAL,148
R0004678,A0003902,C000718,100083.34,PARTIAL,102
R0004679,A0003371,C002158,34333.37,BOUNCED,101
R0004680,A0004327,C002974,48975.5,DUE,79
R0004681,A0001053,C002167,25435.41,PAID,34
R0004682,A0002759,C003494,91983.88,BOUNCED,106
R0004683,A0004561,C003199,56524.05,DUE,39
R0004684,A0001812,C000293,122676.68,PARTIAL,141
R0004685,A0000061,C002033,10390.72,PAID,58
R0004686,A0002460,C000852,76339.73,PAID,142
R0004687,A0003099,C002570,117740.72,PAID,0
R0004688,A0000203,C002539,120517.81,BOUNCED,173
R0004689,A0003140,C002174,2410.83,PARTIAL,145
R0004690,A0002912,C002525,112853.49,PAID,165
R0004691,A0002665,C000330,115094.93,PARTIAL,132
R0004692,A0002716,C003409,78996.14,BOUNCED,142
R0004693,A0004179,C003250,132738.44,PARTIAL,67
R0004694,A0000608,C000348,100459.79,PARTIAL,69
R0004695,A0002205,C001965,61927.49,PAID,160
R0004696,A0004318,C000104,53021.03,PARTIAL,116
R0004697,A0002668,C003434,123787.16,DUE,125
R0004698,A0000200,C003494,106463.4,BOUNCED,73
R0004699,A0002754,C001280,24572.84,PARTIAL,103
R0004700,A0000205,C002851,20221.51,BOUNCED,6
R0004701,A0001027,C003068,39135.79,PARTIAL,5
R0004702,A0000470,C002019,20000.49,PARTIAL,9
R0004703,A0003898,C000380,69185.7,PAID,101
R0004704,A0003797,C003038,125005.71,PARTIAL,106
R0004705,A0001247,C000398,31120.08,PAID,65
R0004706,A0000574,C000694,91829.46,PAID,100
R0004707,A0001032,C001006,134194.42,PARTIAL,56
R0004708,A0003020,C001460,3624.23,PAID,103
R0004709,A0001609,C002611,143102.27,DUE,151
R0004710,A0003778,C003069,79267.85,PARTIAL,49
R0004711,A0001017,C001739,142289.89,DUE,4
R0004712,A0003782,C002923,109262.47,BOUNCED,179
R0004713,A0001422,C003478,63238.5,PAID,35
R0004714,A0003505,C002562,148054.99,BOUNCED,69
R0004715,A0004391,C001935,144543.2,BOUNCED,150
R0004716,A0004854,C000893,147542.7,BOUNCED,149
R0004717,A0004707,C003153,19619.43,BOUNCED,13
R0004718,A0004178,C003102,116965.02,BOUNCED,29
R0004719,A0003289,C001078,26894.48,BOUNCED,169
R0004720,A0002134,C002416,133453.74,BOUNCED,102
R0004721,A0002134,C002416,103529.83,DUE,84
R0004722,A0001054,C000166,20058.2,DUE,144
R0004723,A0004990,C000902,117607.02,DUE,116
R0004724,A0001684,C002551,98396.33,BOUNCED,129
R0004725,A0001829,C001081,118410.1,PARTIAL,20
R0004726,A0001460,C001707,17000.4,PARTIAL,175
R0004727,A0002816,C003481,52628.29,BOUNCED,130
R0004728,A0001302,C003192,107011.15,BOUNCED,114
R0004729,A0000427,C000110,139305.21,DUE,59
R0004730,A0002850,C000007,134823.59,PAID,105
R0004731,A0003436,C000582,90389.22,DUE,76
R0004732,A0001635,C001602,58998.67,DUE,91
R0004733,A0003277,C000044,75124.32,PARTIAL,23
R0004734,A0003932,C000964,91579.88,DUE,35
R0004735,A0002477,C001839,45684.19,BOUNCED,88
R0004736,A0000359,C003409,143814.09,PAID,104
R0004737,A0004011,C002330,120956.59,PAID,108
R0004738,A0002458,C000853,80328.83,PAID,139
R0004739,A0002302,C000438,20006.52,BOUNCED,21
R0004740,A0004862,C000171,6019.19,PARTIAL,150
R0004741,A0001256,C000744,16795.13,BOUNCED,140
R0004742,A0003931,C000967,116249.65,BOUNCED,107
R0004743,A0004871,C000518,90994.1,DUE,99
R0004744,A0003740,C000224,104942.18,BOUNCED,61
R0004745,A0003645,C002047,72961.48,PAID,50
R0004746,A0000759,C000552,24569.97,PARTIAL,10
R0004747,A0001625,C001290,119868.12,BOUNCED,64
R0004748,A0002542,C003390,131753.7,BOUNCED,143
R0004749,A0000778,C002504,16412.39,PARTIAL,125
R0004750,A0001202,C002428,116096.58,PAID,151
R0004751,A0003153,C002303,122322.59,PARTIAL,86
R0004752,A0004625,C003359,80841.3,PARTIAL,76
R0004753,A0002568,C000130,49242.17,BOUNCED,121
R0004754,A0004936,C001927,54798.24,BOUNCED,128
R0004755,A0003637,C000408,120646.2,PAID,81
R0004756,A0004196,C002712,136786.63,PAID,81
R0004757,A0003539,C000773,47583.61,PAID,83
R0004758,A0003908,C000579,49836.0,DUE,136
R0004759,A0000713,C003422,141787.62,PAID,169
R0004760,A0000783,C001772,61191.15,DUE,111
R0004761,A0000878,C002977,95738.07,BOUNCED,114
R0004762,A0003026,C000725,102427.28,BOUNCED,122
R0004763,A0000798,C002131,136021.18,DUE,43
R0004764,A0002098,C002609,76975.08,BOUNCED,85
R0004765,A0002272,C000215,112578.17,BOUNCED,168
R0004766,A0001513,C003223,57212.71,PAID,125
R0004767,A0000599,C000702,136517.03,PAID,20
R0004768,A0002457,C002186,24210.03,BOUNCED,113
R0004769,A0000580,C000466,23922.13,PAID,77
R0004770,A0002501,C000853,62039.37,BOUNCED,144
R0004771,A0003936,C001935,118264.08,PAID,76
R0004772,A0004497,C003246,118705.23,DUE,65
R0004773,A0002916,C001566,76744.15,PAID,19
R0004774,A0004527,C003071,36078.53,PARTIAL,37
R0004775,A0004979,C000127,37451.99,PARTIAL,175
R0004776,A0003581,C001364,108052.07,PARTIAL,93
R0004777,A0001427,C003457,40312.65,BOUNCED,156
R0004778,A0004478,C000431,115106.83,DUE,119
R0004779,A0002077,C000285,98387.08,DUE,180
R0004780,A0004720,C001788,17885.28,BOUNCED,100
R0004781,A0003570,C002658,7326.93,DUE,66
R0004782,A0000829,C001556,149584.28,BOUNCED,173
R0004783,A0002656,C000766,64672.5,PARTIAL,52
R0004784,A0001207,C001483,135111.44,DUE,21
R0004785,A0003395,C002823,43865.86,DUE,53
R0004786,A0002627,C000869,146440.88,DUE,151
R0004787,A0001100,C003146,55393.31,PARTIAL,145
R0004788,A0003824,C000069,84159.03,PARTIAL,139
R0004789,A0004244,C002180,149174.08,BOUNCED,150
R0004790,A0000442,C000022,31281.86,PARTIAL,104
R0004791,A0000727,C000723,2395.23,PARTIAL,153
R0004792,A0004404,C000852,44841.53,PAID,128
R0004793,A0003572,C003342,2469.15,PAID,65
R0004794,A0004453,C000392,47822.23,PARTIAL,149
R0004795,A0000367,C003070,4452.02,BOUNCED,172
R0004796,A0003451,C000027,25106.68,DUE,28
R0004797,A0002801,C003136,39775.59,DUE,79
R0004798,A0002313,C001453,132993.12,PAID,150
R0004799,A0002460,C000852,49803.11,DUE,170
R0004800,A0003360,C000321,129059.77,BOUNCED,38
R0004801,A0004158,C001515,125133.57,PAID,120
R0004802,A0000598,C003043,27657.24,DUE,17
R0004803,A0000528,C001163,114012.74,BOUNCED,60
R0004804,A0000915,C001542,83874.87,PARTIAL,56
R0004805,A0000800,C001722,67462.6,DUE,69
R0004806,A0000659,C003028,130166.72,PARTIAL,8
R0004807,A0003816,C001567,140306.51,PARTIAL,157
R0004808,A0004099,C000568,42242.67,BOUNCED,41
R0004809,A0003798,C000826,91146.1,PAID,119
R0004810,A0000585,C002938,67877.9,PARTIAL,65
R0004811,A0003622,C000112,125970.94,PAID,109
R0004812,A0002627,C000869,18309.83,DUE,49
R0004813,A0001783,C001620,28006.78,DUE,135
R0004814,A0003193,C000695,23212.21,BOUNCED,114
R0004815,A0001781,C002955,60875.83,PARTIAL,34
R0004816,A0003149,C001713,55526.59,PARTIAL,106
R0004817,A0000616,C003240,3674.83,BOUNCED,70
R0004818,A0002634,C002295,102104.01,DUE,119
R0004819,A0000496,C000888,48362.23,DUE,27
R0004820,A0003699,C001155,31533.63,PARTIAL,131
R0004821,A0001073,C001091,131534.77,PAID,139
R0004822,A0003039,C003252,44909.3,BOUNCED,160
R0004823,A0002986,C003172,9766.14,DUE,60
R0004824,A0001224,C002229,18963.01,BOUNCED,169
R0004825,A0003411,C003307,110157.57,PARTIAL,136
R0004826,A0000890,C000938,49701.38,PARTIAL,119
R0004827,A0002185,C000814,73201.07,PARTIAL,158
R0004828,A0003826,C002281,112009.27,PAID,15
R0004829,A0000860,C001834,133041.13,BOUNCED,145
R0004830,A0002145,C000438,119316.49,BOUNCED,22
R0004831,A0002680,C000488,96441.79,BOUNCED,145
R0004832,A0000557,C002841,104971.77,PAID,11
R0004833,A0004560,C001354,6980.63,BOUNCED,87
R0004834,A0001488,C002970,131240.97,PAID,62
R0004835,A0000359,C003409,75038.86,BOUNCED,100
R0004836,A0001048,C002947,51271.49,PARTIAL,167
R0004837,A0001108,C002441,130212.02,PAID,105
R0004838,A0004875,C002999,32645.11,PAID,75
R0004839,A0003054,C001932,138916.23,DUE,123
R0004840,A0000763,C002210,122768.02,PAID,61
R0004841,A0004315,C002121,64116.73,PARTIAL,23
R0004842,A0004482,C000005,9608.96,BOUNCED,55
R0004843,A0004082,C000069,91578.8,PAID,167
R0004844,A0002057,C001702,133651.82,BOUNCED,138
R0004845,A0003628,C000353,76091.79,BOUNCED,173
R0004846,A0002239,C000663,48266.7,PARTIAL,124
R0004847,A0001051,C002856,124484.7,BOUNCED,164
R0004848,A0000621,C003289,148828.61,PARTIAL,66
R0004849,A0001153,C002532,50155.11,PARTIAL,101
R0004850,A0004050,C000613,138680.81,BOUNCED,79
R0004851,A0003081,C002462,93334.51,PARTIAL,138
R0004852,A0004560,C001354,149318.95,PARTIAL,153
R0004853,A0002626,C002514,108120.4,BOUNCED,129
R0004854,A0003023,C002395,8544.64,DUE,125
R0004855,A0004403,C003269,127751.64,BOUNCED,135
R0004856,A0000206,C002797,25954.6,BOUNCED,78
R0004857,A0000116,C003080,31930.85,DUE,110
R0004858,A0001788,C001856,81029.19,PARTIAL,55
R0004859,A0001437,C003055,55321.09,PAID,19
R0004860,A0000923,C002746,96722.2,PAID,107
R0004861,A0001259,C000811,129835.54,DUE,118
R0004862,A0004746,C001913,79368.1,PAID,133
R0004863,A0004981,C000729,127202.29,PAID,131
R0004864,A0003394,C000578,22444.04,PARTIAL,28
R0004865,A0002498,C002135,99119.41,PAID,130
R0004866,A0002831,C002811,14686.34,PARTIAL,104
R0004867,A0004178,C003102,86153.06,BOUNCED,122
R0004868,A0002457,C002186,11112.86,PARTIAL,109
R0004869,A0001528,C001943,140674.32,PAID,75
R0004870,A0003743,C001784,31723.47,BOUNCED,141
R0004871,A0003016,C001175,14599.6,BOUNCED,119
R0004872,A0001800,C000750,90995.05,PAID,116
R0004873,A0002881,C003378,80414.29,BOUNCED,26
R0004874,A0002580,C001707,67670.89,PARTIAL,175
R0004875,A0001849,C002165,124577.42,BOUNCED,37
R0004876,A0001437,C003055,45273.25,PAID,139
R0004877,A0000577,C001770,19265.96,DUE,61
R0004878,A0002262,C002619,50799.07,BOUNCED,78
R0004879,A0003808,C000038,128273.4,BOUNCED,73
R0004880,A0003984,C003119,135744.67,PARTIAL,14
R0004881,A0001249,C000259,128960.14,BOUNCED,92
R0004882,A0001235,C000339,673.94,PAID,143
R0004883,A0002009,C002589,67241.68,PARTIAL,65
R0004884,A0004515,C000861,64203.66,PARTIAL,45
R0004885,A0001743,C000785,63630.25,DUE,107
R0004886,A0000295,C002466,12523.67,DUE,39
R0004887,A0000162,C001447,95089.24,DUE,111
R0004888,A0001834,C003223,56338.82,BOUNCED,165
R0004889,A0003687,C003047,96126.79,BOUNCED,156
R0004890,A0000500,C003297,100072.6,DUE,67
R0004891,A0000161,C003294,7953.11,PARTIAL,80
R0004892,A0004384,C000243,2773.92,BOUNCED,139
R0004893,A0004033,C001688,88231.84,DUE,55
R0004894,A0004576,C000408,43270.11,BOUNCED,70
R0004895,A0000918,C003216,118373.52,DUE,49
R0004896,A0002055,C000677,45426.06,BOUNCED,64
R0004897,A0001610,C002366,1473.54,DUE,39
R0004898,A0000617,C000043,71286.85,PAID,140
R0004899,A0002013,C002162,24971.32,PAID,170
R0004900,A0003018,C000357,43364.09,PAID,11
R0004901,A0004630,C000006,38901.3,BOUNCED,134
R0004902,A0003950,C003273,132624.49,BOUNCED,127
R0004903,A0000539,C000160,124604.37,DUE,77
R0004904,A0000368,C000446,109235.6,PARTIAL,97
R0004905,A0004264,C003141,34655.26,BOUNCED,70
R0004906,A0001504,C002587,140698.52,PARTIAL,87
R0004907,A0002190,C002008,993.24,BOUNCED,138
R0004908,A0000368,C000446,135730.55,PAID,112
R0004909,A0003304,C002091,80340.13,DUE,63
R0004910,A0004434,C000011,105767.91,PARTIAL,123
R0004911,A0002010,C001604,12613.76,PARTIAL,57
R0004912,A0003217,C000271,79574.92,PARTIAL,132
R0004913,A0000780,C001934,74257.68,BOUNCED,162
R0004914,A0004223,C000125,598.15,DUE,10
R0004915,A0001465,C002524,126513.01,PAID,4
R0004916,A0001500,C002823,33614.1,DUE,67
R0004917,A0002735,C003348,108300.01,PAID,43
R0004918,A0003539,C000773,9585.69,BOUNCED,76
R0004919,A0003182,C001996,104106.34,BOUNCED,36
R0004920,A0002678,C000571,122352.93,DUE,139
R0004921,A0004910,C001490,58997.58,DUE,76
R0004922,A0004959,C000260,140292.93,PAID,95
R0004923,A0003255,C000861,102704.81,PAID,23
R0004924,A0003005,C000552,63210.91,PAID,109
R0004925,A0002812,C002773,27532.85,BOUNCED,162
R0004926,A0000486,C003238,61581.49,PARTIAL,19
R0004927,A0000691,C000245,123815.82,PARTIAL,24
R0004928,A0002643,C001626,51662.82,PAID,58
R0004929,A0002964,C002035,25522.79,PARTIAL,171
R0004930,A0003309,C001988,51986.1,DUE,71
R0004931,A0003310,C000955,13903.2,DUE,176
R0004932,A0002464,C001591,110875.86,DUE,134
R0004933,A0002973,C002416,7868.54,BOUNCED,3
R0004934,A0003583,C001372,26413.92,BOUNCED,125
R0004935,A0004947,C001247,109959.22,PAID,147
R0004936,A0001059,C001638,138196.05,BOUNCED,178
R0004937,A0003935,C001867,15404.62,DUE,96
R0004938,A0004485,C002238,43283.45,PARTIAL,52
R0004939,A0001596,C001013,58704.22,PARTIAL,166
R0004940,A0001691,C000421,12633.5,PAID,112
R0004941,A0000393,C001331,17275.45,PARTIAL,87
R0004942,A0003861,C002958,139403.08,BOUNCED,149
R0004943,A0002106,C001237,13721.94,PARTIAL,123
R0004944,A0003262,C001229,144446.94,DUE,54
R0004945,A0004010,C001393,94723.4,DUE,125
R0004946,A0004600,C003130,134829.35,DUE,115
R0004947,A0003871,C002765,141377.25,PAID,123
R0004948,A0003826,C002281,129822.86,BOUNCED,99
R0004949,A0000314,C002669,40316.88,DUE,38
R0004950,A0001322,C003388,27911.27,PARTIAL,1
R0004951,A0000514,C001281,107600.95,PARTIAL,54
R0004952,A0001894,C001436,81253.83,DUE,135
R0004953,A0000497,C001001,26183.7,DUE,141
R0004954,A0003258,C003411,72857.84,BOUNCED,149
R0004955,A0002380,C002325,147850.27,DUE,80
R0004956,A0004673,C001886,52323.39,BOUNCED,119
R0004957,A0001427,C003457,84364.2,PARTIAL,80
R0004958,A0003595,C002735,28430.23,BOUNCED,159
R0004959,A0000299,C002761,119339.76,PARTIAL,178
R0004960,A0004127,C002336,101946.26,PAID,42
R0004961,A0000661,C002267,94217.01,DUE,79
R0004962,A0001624,C003010,13139.07,PAID,29
R0004963,A0002653,C002321,70604.17,DUE,73
R0004964,A0001049,C000682,85624.53,PAID,25
R0004965,A0001553,C000457,99443.12,BOUNCED,39
R0004966,A0003776,C002584,58496.03,PARTIAL,160
R0004967,A0003750,C002933,7454.01,BOUNCED,126
R0004968,A0001779,C000628,55069.48,BOUNCED,19
R0004969,A0003811,C001543,59248.42,PAID,173
R0004970,A0003670,C002045,102504.52,DUE,67
R0004971,A0001995,C002869,86721.19,PARTIAL,152
R0004972,A0000380,C001901,75881.71,DUE,54
R0004973,A0001929,C002894,91949.72,DUE,63
R0004974,A0000833,C002493,119476.49,DUE,122
R0004975,A0003132,C002831,68614.01,PARTIAL,88
R0004976,A0004123,C001162,66813.69,PARTIAL,82
R0004977,A0001429,C001190,88189.8,BOUNCED,79
R0004978,A0002836,C001170,38877.26,PARTIAL,68
R0004979,A0003842,C001170,135626.88,BOUNCED,102
R0004980,A0003108,C001625,83737.03,BOUNCED,65
R0004981,A0001246,C002982,113688.82,BOUNCED,113
R0004982,A0003624,C002966,8153.83,BOUNCED,15
R0004983,A0001726,C002180,115303.82,BOUNCED,157
R0004984,A0002323,C000811,117100.34,BOUNCED,75
R0004985,A0000683,C000837,14075.76,DUE,70
R0004986,A0001596,C001013,39470.84,DUE,12
R0004987,A0000342,C002656,35361.91,DUE,30
R0004988,A0001619,C002404,87739.14,DUE,151
R0004989,A0000730,C001385,94164.08,PARTIAL,38
R0004990,A0004569,C000452,64738.81,DUE,16
R0004991,A0001249,C000259,68761.71,PARTIAL,128
R0004992,A0002805,C001002,84372.2,BOUNCED,165
R0004993,A0000115,C001905,70794.71,DUE,79
R0004994,A0004675,C001134,100236.39,DUE,134
R0004995,A0001922,C000377,31551.82,DUE,23
R0004996,A0001239,C000787,136680.11,DUE,104
R0004997,A0000827,C001246,149975.22,PAID,48
R0004998,A0003678,C003047,71082.16,PARTIAL,8
R0004999,A0002999,C000772,88878.84,DUE,133
R0005000,A0001958,C000738,34267.91,BOUNCED,69
