transaction_id,customer_id,amount,currency,direction,rail,status,txn_date
T00000001,C002687,540522.64,USD,DEBIT,CARD,PENDING,2026-09-16
T00000002,C001077,426319.48,USD,CREDIT,UPI,FAILED,2026-06-17
T00000003,C000174,196416.7,USD,CREDIT,IMPS,FAILED,2026-06-16
T00000004,C003346,688504.8,INR,DEBIT,CARD,PENDING,2026-05-09
T00000005,C001305,680988.43,INR,DEBIT,IMPS,SUCCESS,2026-06-01
T00000006,C000558,164653.39,INR,DEBIT,UPI,FAILED,2026-09-22
T00000007,C001243,63300.05,INR,CREDIT,CARD,FAILED,2026-05-05
T00000008,C000847,159831.52,INR,CREDIT,NEFT,FAILED,2026-07-05
T00000009,C002882,9183.23,AED,CREDIT,UPI,PENDING,2026-05-28
T00000010,C003164,306990.35,AED,CREDIT,SWIFT,SUCCESS,2026-02-04
T00000011,C002058,116954.73,AED,DEBIT,CARD,SUCCESS,2026-06-20
T00000012,C000264,477901.77,INR,CREDIT,IMPS,REVERSED,2026-07-06
T00000013,C001549,680862.21,INR,CREDIT,UPI,SUCCESS,2026-07-13
T00000014,C002449,311697.93,INR,DEBIT,UPI,REVERSED,2026-03-15
T00000015,C000339,554591.17,AED,DEBIT,NEFT,REVERSED,2026-09-04
T00000016,C003194,778238.41,INR,DEBIT,SWIFT,SUCCESS,2026-03-12
T00000017,C000756,771982.82,USD,CREDIT,CARD,SUCCESS,2026-01-03
T00000018,C000904,163063.2,INR,DEBIT,UPI,SUCCESS,2026-07-23
T00000019,C001053,180966.69,USD,DEBIT,SWIFT,FAILED,2026-01-08
T00000020,C000269,93606.04,INR,DEBIT,CARD,SUCCESS,2026-06-05
T00000021,C000568,824474.65,AED,DEBIT,SWIFT,REVERSED,2026-07-26
T00000022,C000083,728673.3,INR,DEBIT,IMPS,SUCCESS,2026-01-16
T00000023,C000612,201133.66,AED,DEBIT,IMPS,PENDING,2026-07-21
T00000024,C003276,25245.64,INR,DEBIT,NEFT,FAILED,2026-03-20
T00000025,C001530,95969.45,AED,DEBIT,UPI,SUCCESS,2026-09-25
T00000026,C002298,443613.53,INR,CREDIT,IMPS,REVERSED,2026-02-20
T00000027,C000635,72885.29,INR,DEBIT,NEFT,SUCCESS,2026-02-24
T00000028,C001641,91914.29,USD,CREDIT,IMPS,FAILED,2026-04-22
T00000029,C003273,800315.39,INR,CREDIT,SWIFT,PENDING,2026-09-16
T00000030,C000951,779517.3,INR,CREDIT,UPI,FAILED,2026-07-18
T00000031,C001048,797850.25,USD,DEBIT,NEFT,SUCCESS,2026-06-15
T00000032,C000189,157671.73,USD,DEBIT,NEFT,SUCCESS,2026-09-08
T00000033,C001332,586209.52,INR,DEBIT,NEFT,REVERSED,2026-04-19
T00000034,C002836,782818.3,USD,CREDIT,SWIFT,FAILED,2026-05-15
T00000035,C002915,627295.21,AED,CREDIT,NEFT,REVERSED,2026-02-22
T00000036,C000327,34157.11,AED,CREDIT,CARD,REVERSED,2026-02-07
T00000037,C000879,281425.89,AED,CREDIT,CARD,PENDING,2026-03-26
T00000038,C000306,123278.14,INR,DEBIT,IMPS,FAILED,2026-06-19
T00000039,C001310,366888.55,INR,CREDIT,SWIFT,SUCCESS,2026-07-15
T00000040,C000187,566125.88,AED,CREDIT,NEFT,SUCCESS,2026-01-26
T00000041,C001624,370929.9,INR,DEBIT,NEFT,SUCCESS,2026-06-18
T00000042,C002781,62490.33,USD,CREDIT,SWIFT,SUCCESS,2026-02-16
T00000043,C000136,639243.16,AED,DEBIT,UPI,SUCCESS,2026-06-07
T00000044,C003111,513684.11,INR,DEBIT,UPI,REVERSED,2026-07-22
T00000045,C002050,319374.07,INR,CREDIT,SWIFT,SUCCESS,2026-06-14
T00000046,C002827,106978.57,USD,CREDIT,UPI,SUCCESS,2026-01-21
T00000047,C003347,124056.53,INR,CREDIT,CARD,FAILED,2026-02-19
T00000048,C002772,329761.51,INR,DEBIT,UPI,FAILED,2026-01-06
T00000049,C003380,615416.06,USD,CREDIT,UPI,FAILED,2026-09-16
T00000050,C003424,316932.63,INR,DEBIT,NEFT,PENDING,2026-09-21
T00000051,C000320,506154.11,AED,DEBIT,UPI,REVERSED,2026-02-21
T00000052,C001510,675651.39,INR,CREDIT,IMPS,REVERSED,2026-07-22
T00000053,C000041,231928.89,AED,CREDIT,NEFT,SUCCESS,2026-03-15
T00000054,C002206,8244.78,INR,DEBIT,CARD,REVERSED,2026-01-05
T00000055,C000735,393073.91,INR,CREDIT,UPI,PENDING,2026-09-23
T00000056,C002353,459070.26,AED,CREDIT,SWIFT,PENDING,2026-08-19
T00000057,C003127,430527.78,AED,DEBIT,CARD,SUCCESS,2026-02-22
T00000058,C002299,318585.67,AED,CREDIT,CARD,SUCCESS,2026-04-23
T00000059,C000203,316538.43,INR,DEBIT,SWIFT,REVERSED,2026-09-27
T00000060,C000379,478015.37,INR,DEBIT,UPI,FAILED,2026-02-19
T00000061,C001297,201287.51,AED,CREDIT,UPI,PENDING,2026-02-20
T00000062,C002557,737881.04,INR,DEBIT,CARD,PENDING,2026-06-04
T00000063,C001352,224902.85,INR,CREDIT,SWIFT,FAILED,2026-04-04
T00000064,C001811,215487.1,INR,DEBIT,IMPS,PENDING,2026-05-25
T00000065,C000291,34417.21,INR,DEBIT,CARD,FAILED,2026-04-28
T00000066,C002850,624803.66,USD,CREDIT,SWIFT,SUCCESS,2026-03-21
T00000067,C000443,150773.73,INR,DEBIT,NEFT,SUCCESS,2026-06-17
T00000068,C000590,32450.21,INR,DEBIT,CARD,SUCCESS,2026-01-18
T00000069,C001892,706605.39,INR,DEBIT,UPI,SUCCESS,2026-02-17
T00000070,C003471,438203.44,INR,CREDIT,NEFT,PENDING,2026-09-01
T00000071,C002657,563608.97,USD,DEBIT,CARD,SUCCESS,2026-02-27
T00000072,C001971,361375.6,INR,DEBIT,IMPS,SUCCESS,2026-06-18
T00000073,C002373,760210.38,INR,DEBIT,UPI,REVERSED,2026-02-01
T00000074,C001971,551909.98,INR,CREDIT,UPI,SUCCESS,2026-08-13
T00000075,C002211,53814.77,USD,CREDIT,SWIFT,SUCCESS,2026-07-10
T00000076,C002580,527360.13,INR,CREDIT,CARD,REVERSED,2026-07-02
T00000077,C000658,855246.96,INR,DEBIT,NEFT,FAILED,2026-01-26
T00000078,C003408,775010.85,INR,CREDIT,CARD,PENDING,2026-06-23
T00000079,C000816,180103.55,USD,DEBIT,IMPS,FAILED,2026-06-06
T00000080,C000112,280483.67,USD,CREDIT,IMPS,SUCCESS,2026-02-08
T00000081,C003461,843270.94,INR,CREDIT,UPI,REVERSED,2026-01-07
T00000082,C000299,30729.74,AED,CREDIT,UPI,SUCCESS,2026-07-02
T00000083,C001714,189516.34,INR,DEBIT,CARD,PENDING,2026-05-15
T00000084,C001236,100246.93,USD,DEBIT,CARD,SUCCESS,2026-02-15
T00000085,C002686,891178.88,INR,DEBIT,CARD,FAILED,2026-06-15
T00000086,C001329,536165.91,AED,CREDIT,NEFT,SUCCESS,2026-02-18
T00000087,C001525,302865.25,USD,DEBIT,IMPS,SUCCESS,2026-01-10
T00000088,C002273,748252.7,USD,CREDIT,UPI,PENDING,2026-04-01
T00000089,C000348,221489.82,INR,CREDIT,IMPS,SUCCESS,2026-08-04
T00000090,C000678,379321.23,AED,DEBIT,SWIFT,FAILED,2026-03-17
T00000091,C002651,733209.76,INR,CREDIT,NEFT,FAILED,2026-09-22
T00000092,C002468,621392.07,AED,DEBIT,SWIFT,SUCCESS,2026-06-13
T00000093,C000632,432364.31,USD,DEBIT,NEFT,SUCCESS,2026-06-22
T00000094,C000658,70095.12,INR,CREDIT,IMPS,SUCCESS,2026-02-10
T00000095,C001932,356659.24,INR,DEBIT,SWIFT,SUCCESS,2026-08-18
T00000096,C001045,704108.75,AED,DEBIT,NEFT,SUCCESS,2026-02-10
T00000097,C002397,217659.53,AED,DEBIT,SWIFT,FAILED,2026-09-19
T00000098,C000683,854322.9,USD,DEBIT,IMPS,SUCCESS,2026-05-13
T00000099,C000010,35487.14,INR,DEBIT,UPI,SUCCESS,2026-09-10
T00000100,C002965,684779.67,USD,DEBIT,IMPS,FAILED,2026-09-01
T00000101,C002787,567041.66,USD,DEBIT,CARD,FAILED,2026-06-03
T00000102,C000312,894916.52,USD,DEBIT,CARD,FAILED,2026-03-07
T00000103,C003328,853320.44,INR,DEBIT,UPI,SUCCESS,2026-04-01
T00000104,C001780,404691.06,USD,DEBIT,IMPS,REVERSED,2026-02-18
T00000105,C001983,554716.18,INR,CREDIT,SWIFT,SUCCESS,2026-09-16
T00000106,C001870,197726.06,USD,DEBIT,UPI,PENDING,2026-01-02
T00000107,C000888,341742.99,INR,CREDIT,CARD,PENDING,2026-05-09
T00000108,C000703,141412.08,INR,DEBIT,UPI,SUCCESS,2026-09-17
T00000109,C002151,779045.02,USD,DEBIT,IMPS,PENDING,2026-07-14
T00000110,C002804,202569.14,INR,CREDIT,IMPS,FAILED,2026-04-19
T00000111,C001412,335636.85,INR,CREDIT,SWIFT,REVERSED,2026-06-24
T00000112,C002780,174422.96,AED,DEBIT,SWIFT,SUCCESS,2026-06-28
T00000113,C001910,487095.14,INR,DEBIT,UPI,PENDING,2026-01-15
T00000114,C000345,435897.07,USD,DEBIT,NEFT,SUCCESS,2026-04-08
T00000115,C000800,744713.39,AED,CREDIT,UPI,SUCCESS,2026-03-14
T00000116,C003131,398103.81,USD,CREDIT,CARD,SUCCESS,2026-03-28
T00000117,C000006,323903.03,USD,CREDIT,IMPS,FAILED,2026-02-08
T00000118,C001380,376693.3,USD,CREDIT,UPI,SUCCESS,2026-06-06
T00000119,C000927,735142.31,INR,CREDIT,CARD,FAILED,2026-05-08
T00000120,C001649,171414.18,INR,CREDIT,CARD,PENDING,2026-09-01
T00000121,C002880,597641.88,AED,DEBIT,IMPS,SUCCESS,2026-04-04
T00000122,C000045,204258.81,INR,DEBIT,IMPS,REVERSED,2026-02-11
T00000123,C000644,787620.19,INR,CREDIT,UPI,REVERSED,2026-04-21
T00000124,C001942,813545.64,INR,DEBIT,NEFT,FAILED,2026-03-21
T00000125,C003451,705629.34,USD,DEBIT,SWIFT,SUCCESS,2026-03-05
T00000126,C000831,387755.6,INR,CREDIT,SWIFT,SUCCESS,2026-05-03
T00000127,C002159,461264.25,USD,DEBIT,CARD,SUCCESS,2026-05-17
T00000128,C000160,561208.94,AED,DEBIT,NEFT,FAILED,2026-03-25
T00000129,C002677,634523.25,AED,CREDIT,CARD,SUCCESS,2026-04-16
T00000130,C003413,163523.13,INR,CREDIT,UPI,FAILED,2026-09-17
T00000131,C002548,402279.78,USD,DEBIT,NEFT,REVERSED,2026-04-06
T00000132,C000529,180933.41,INR,DEBIT,SWIFT,PENDING,2026-02-25
T00000133,C000130,389741.8,INR,DEBIT,NEFT,REVERSED,2026-08-28
T00000134,C002939,292178.74,INR,CREDIT,CARD,REVERSED,2026-09-06
T00000135,C003365,581090.91,AED,CREDIT,NEFT,FAILED,2026-08-17
T00000136,C003394,144024.61,USD,CREDIT,IMPS,REVERSED,2026-04-24
T00000137,C003250,826173.28,INR,CREDIT,CARD,PENDING,2026-06-18
T00000138,C002888,627397.71,USD,CREDIT,NEFT,SUCCESS,2026-01-16
T00000139,C000620,874112.82,USD,CREDIT,IMPS,SUCCESS,2026-02-12
T00000140,C001344,316982.48,AED,DEBIT,NEFT,SUCCESS,2026-02-27
T00000141,C000971,297291.15,INR,DEBIT,NEFT,SUCCESS,2026-03-15
T00000142,C003100,675150.52,INR,DEBIT,NEFT,PENDING,2026-04-03
T00000143,C002139,742831.2,INR,DEBIT,SWIFT,SUCCESS,2026-04-28
T00000144,C002767,238074.33,INR,DEBIT,IMPS,SUCCESS,2026-09-25
T00000145,C003418,777380.66,INR,DEBIT,UPI,SUCCESS,2026-02-15
T00000146,C002002,845996.2,INR,DEBIT,UPI,PENDING,2026-08-13
T00000147,C000667,215879.92,AED,DEBIT,SWIFT,PENDING,2026-04-12
T00000148,C003044,296039.75,AED,CREDIT,UPI,FAILED,2026-03-25
T00000149,C000728,228552.07,AED,DEBIT,IMPS,SUCCESS,2026-06-26
T00000150,C001434,759433.98,USD,CREDIT,SWIFT,SUCCESS,2026-01-12
T00000151,C002234,236007.18,INR,DEBIT,IMPS,SUCCESS,2026-07-13
T00000152,C001856,305981.51,INR,DEBIT,SWIFT,SUCCESS,2026-05-19
T00000153,C000968,215476.32,AED,DEBIT,CARD,FAILED,2026-07-16
T00000154,C001303,484410.91,INR,DEBIT,NEFT,SUCCESS,2026-07-08
T00000155,C001429,614854.34,AED,CREDIT,SWIFT,REVERSED,2026-08-16
T00000156,C000060,31315.58,USD,CREDIT,SWIFT,SUCCESS,2026-05-08
T00000157,C002000,869232.83,INR,CREDIT,NEFT,SUCCESS,2026-01-24
T00000158,C001628,60673.57,USD,DEBIT,SWIFT,FAILED,2026-04-09
T00000159,C002255,689907.7,INR,DEBIT,SWIFT,FAILED,2026-08-08
T00000160,C000059,717848.73,INR,DEBIT,NEFT,SUCCESS,2026-05-04
T00000161,C000876,19409.39,USD,CREDIT,CARD,REVERSED,2026-04-05
T00000162,C000825,677800.71,INR,CREDIT,NEFT,FAILED,2026-03-27
T00000163,C001940,316659.41,INR,DEBIT,SWIFT,FAILED,2026-05-20
T00000164,C000911,499718.76,INR,CREDIT,UPI,SUCCESS,2026-04-06
T00000165,C002871,450475.96,INR,DEBIT,IMPS,SUCCESS,2026-05-28
T00000166,C002472,14708.5,INR,DEBIT,IMPS,REVERSED,2026-05-01
T00000167,C003075,634220.72,AED,CREDIT,CARD,REVERSED,2026-07-14
T00000168,C002254,66964.59,AED,DEBIT,CARD,REVERSED,2026-07-24
T00000169,C000671,203468.12,USD,DEBIT,UPI,FAILED,2026-09-13
T00000170,C001022,339839.21,INR,DEBIT,NEFT,SUCCESS,2026-02-15
T00000171,C002485,859240.07,USD,DEBIT,IMPS,SUCCESS,2026-04-22
T00000172,C002042,137550.52,AED,CREDIT,UPI,SUCCESS,2026-02-25
T00000173,C002209,301099.37,USD,DEBIT,SWIFT,FAILED,2026-01-09
T00000174,C000570,143276.83,USD,DEBIT,SWIFT,REVERSED,2026-01-28
T00000175,C000345,10512.14,AED,DEBIT,SWIFT,PENDING,2026-06-20
T00000176,C002922,329626.1,AED,DEBIT,CARD,SUCCESS,2026-02-24
T00000177,C000302,782710.74,INR,DEBIT,NEFT,PENDING,2026-04-07
T00000178,C001711,735522.96,USD,CREDIT,NEFT,SUCCESS,2026-03-15
T00000179,C002306,328688.6,AED,DEBIT,CARD,FAILED,2026-04-19
T00000180,C002286,95013.72,AED,CREDIT,CARD,SUCCESS,2026-03-14
T00000181,C000406,712587.23,AED,CREDIT,NEFT,SUCCESS,2026-03-23
T00000182,C000472,458243.44,INR,DEBIT,CARD,FAILED,2026-01-05
T00000183,C003484,190234.84,AED,CREDIT,IMPS,SUCCESS,2026-09-08
T00000184,C002373,648026.78,AED,CREDIT,IMPS,REVERSED,2026-04-10
T00000185,C001078,315994.44,AED,CREDIT,NEFT,SUCCESS,2026-03-10
T00000186,C000502,190743.45,INR,CREDIT,SWIFT,REVERSED,2026-02-26
T00000187,C002083,504002.85,USD,CREDIT,NEFT,SUCCESS,2026-09-14
T00000188,C001625,85355.2,INR,DEBIT,NEFT,SUCCESS,2026-09-24
T00000189,C003083,600536.87,INR,CREDIT,NEFT,SUCCESS,2026-02-19
T00000190,C001605,57156.12,INR,DEBIT,UPI,FAILED,2026-04-06
T00000191,C001448,17102.12,INR,CREDIT,UPI,SUCCESS,2026-01-08
T00000192,C002562,431692.65,INR,DEBIT,UPI,SUCCESS,2026-07-11
T00000193,C002165,870594.81,USD,CREDIT,CARD,SUCCESS,2026-04-16
T00000194,C001504,39347.98,AED,DEBIT,SWIFT,SUCCESS,2026-07-16
T00000195,C001935,132559.21,INR,DEBIT,UPI,SUCCESS,2026-08-23
T00000196,C003160,35847.11,INR,CREDIT,IMPS,SUCCESS,2026-04-19
T00000197,C000093,96786.93,INR,CREDIT,CARD,SUCCESS,2026-05-02
T00000198,C001486,550110.46,INR,CREDIT,IMPS,PENDING,2026-04-18
T00000199,C003418,797508.21,USD,CREDIT,IMPS,SUCCESS,2026-08-23
T00000200,C001594,77915.04,INR,DEBIT,NEFT,SUCCESS,2026-07-12
T00000201,C002039,842845.82,INR,CREDIT,CARD,FAILED,2026-01-06
T00000202,C003283,663021.49,INR,DEBIT,IMPS,SUCCESS,2026-08-22
T00000203,C000321,660614.33,INR,DEBIT,CARD,PENDING,2026-05-06
T00000204,C003021,463451.51,INR,CREDIT,NEFT,SUCCESS,2026-09-06
T00000205,C001656,177188.57,USD,DEBIT,CARD,FAILED,2026-09-03
T00000206,C002555,238755.24,USD,CREDIT,IMPS,SUCCESS,2026-06-27
T00000207,C000502,511300.13,USD,DEBIT,SWIFT,FAILED,2026-09-19
T00000208,C002470,515484.79,AED,DEBIT,CARD,PENDING,2026-03-21
T00000209,C000013,422926.5,USD,DEBIT,SWIFT,FAILED,2026-06-21
T00000210,C002786,599989.76,INR,CREDIT,UPI,FAILED,2026-08-05
T00000211,C000141,434526.36,USD,CREDIT,IMPS,SUCCESS,2026-03-12
T00000212,C000738,517337.82,AED,DEBIT,SWIFT,SUCCESS,2026-04-07
T00000213,C000316,764191.21,INR,DEBIT,CARD,SUCCESS,2026-07-03
T00000214,C002844,256844.48,AED,DEBIT,IMPS,SUCCESS,2026-04-28
T00000215,C002191,65106.56,AED,CREDIT,SWIFT,REVERSED,2026-09-01
T00000216,C003121,653089.89,INR,DEBIT,NEFT,SUCCESS,2026-04-02
T00000217,C002405,787047.56,USD,DEBIT,UPI,FAILED,2026-05-05
T00000218,C002312,792245.5,INR,DEBIT,IMPS,PENDING,2026-03-15
T00000219,C001028,643778.94,USD,DEBIT,SWIFT,PENDING,2026-08-07
T00000220,C000414,215688.16,INR,DEBIT,SWIFT,SUCCESS,2026-08-14
T00000221,C002999,529561.87,INR,CREDIT,SWIFT,FAILED,2026-02-28
T00000222,C001038,643536.27,AED,DEBIT,SWIFT,SUCCESS,2026-08-10
T00000223,C000471,857020.3,AED,DEBIT,UPI,SUCCESS,2026-05-13
T00000224,C003414,598261.67,AED,DEBIT,UPI,SUCCESS,2026-02-12
T00000225,C000772,819280.77,INR,CREDIT,UPI,PENDING,2026-05-19
T00000226,C001900,414381.53,USD,DEBIT,UPI,SUCCESS,2026-03-20
T00000227,C001127,758446.23,INR,DEBIT,IMPS,SUCCESS,2026-02-12
T00000228,C001705,18711.85,AED,CREDIT,SWIFT,PENDING,2026-08-25
T00000229,C001021,348344.9,INR,CREDIT,UPI,PENDING,2026-09-11
T00000230,C002906,253167.47,INR,DEBIT,NEFT,SUCCESS,2026-06-01
T00000231,C000992,427647.82,INR,CREDIT,IMPS,SUCCESS,2026-01-10
T00000232,C002268,670139.49,INR,CREDIT,UPI,FAILED,2026-08-25
T00000233,C000445,188088.88,AED,CREDIT,NEFT,SUCCESS,2026-04-26
T00000234,C000870,738486.33,INR,DEBIT,CARD,FAILED,2026-03-23
T00000235,C001908,464444.16,INR,DEBIT,IMPS,SUCCESS,2026-03-09
T00000236,C001149,272297.75,INR,DEBIT,IMPS,SUCCESS,2026-07-10
T00000237,C000585,99023.01,INR,CREDIT,SWIFT,FAILED,2026-09-21
T00000238,C001952,39739.13,INR,CREDIT,SWIFT,FAILED,2026-01-20
T00000239,C001513,765068.88,AED,CREDIT,CARD,SUCCESS,2026-01-20
T00000240,C001715,311122.82,INR,CREDIT,CARD,REVERSED,2026-01-20
T00000241,C000807,647427.32,USD,CREDIT,UPI,SUCCESS,2026-04-04
T00000242,C003017,24033.08,AED,CREDIT,UPI,REVERSED,2026-02-23
T00000243,C003409,396635.04,INR,CREDIT,IMPS,REVERSED,2026-09-05
T00000244,C001965,484896.19,AED,CREDIT,UPI,FAILED,2026-05-16
T00000245,C002135,629808.86,AED,CREDIT,IMPS,SUCCESS,2026-05-09
T00000246,C002292,359203.9,INR,DEBIT,UPI,SUCCESS,2026-04-20
T00000247,C001302,857189.88,AED,CREDIT,NEFT,SUCCESS,2026-05-17
T00000248,C000079,368505.48,INR,DEBIT,NEFT,FAILED,2026-08-01
T00000249,C003035,186247.03,INR,CREDIT,IMPS,SUCCESS,2026-09-10
T00000250,C000806,760000.89,AED,CREDIT,CARD,REVERSED,2026-02-05
T00000251,C002654,737792.07,USD,CREDIT,IMPS,SUCCESS,2026-04-17
T00000252,C002612,105447.85,AED,DEBIT,CARD,SUCCESS,2026-07-12
T00000253,C000595,644069.28,AED,CREDIT,UPI,PENDING,2026-02-24
T00000254,C002079,869119.3,INR,DEBIT,CARD,PENDING,2026-03-18
T00000255,C002903,526434.0,AED,DEBIT,SWIFT,PENDING,2026-07-12
T00000256,C000865,161617.99,AED,DEBIT,SWIFT,SUCCESS,2026-06-02
T00000257,C001057,107566.18,INR,CREDIT,UPI,SUCCESS,2026-04-04
T00000258,C002843,785404.54,INR,DEBIT,IMPS,SUCCESS,2026-05-28
T00000259,C001145,634156.78,AED,DEBIT,IMPS,PENDING,2026-06-22
T00000260,C001493,758621.22,AED,CREDIT,NEFT,FAILED,2026-09-04
T00000261,C001257,335490.91,INR,DEBIT,IMPS,SUCCESS,2026-07-17
T00000262,C000313,503685.5,USD,DEBIT,NEFT,SUCCESS,2026-06-01
T00000263,C002620,422906.15,AED,DEBIT,CARD,SUCCESS,2026-04-21
T00000264,C002237,287384.03,INR,DEBIT,NEFT,PENDING,2026-03-09
T00000265,C000601,520416.58,INR,DEBIT,SWIFT,REVERSED,2026-07-18
T00000266,C000869,852660.38,INR,DEBIT,CARD,SUCCESS,2026-09-26
T00000267,C003053,362107.37,USD,DEBIT,SWIFT,SUCCESS,2026-09-28
T00000268,C001773,835020.46,INR,DEBIT,UPI,SUCCESS,2026-06-16
T00000269,C002433,91919.86,USD,CREDIT,IMPS,PENDING,2026-03-22
T00000270,C001684,378905.38,AED,CREDIT,NEFT,REVERSED,2026-08-07
T00000271,C001043,286846.67,INR,CREDIT,NEFT,REVERSED,2026-04-26
T00000272,C003318,442723.0,INR,CREDIT,NEFT,PENDING,2026-09-25
T00000273,C003226,796795.16,USD,CREDIT,IMPS,SUCCESS,2026-05-23
T00000274,C000377,318294.0,USD,DEBIT,IMPS,SUCCESS,2026-09-19
T00000275,C002384,417428.75,AED,CREDIT,NEFT,SUCCESS,2026-02-09
T00000276,C000023,537585.51,USD,CREDIT,IMPS,PENDING,2026-06-20
T00000277,C002259,510226.93,AED,CREDIT,IMPS,FAILED,2026-02-23
T00000278,C001211,488491.37,AED,DEBIT,UPI,SUCCESS,2026-01-26
T00000279,C002110,78660.23,USD,DEBIT,NEFT,FAILED,2026-01-20
T00000280,C001340,849794.38,INR,DEBIT,IMPS,PENDING,2026-07-10
T00000281,C001167,563863.53,INR,CREDIT,IMPS,SUCCESS,2026-03-12
T00000282,C001808,482843.58,USD,DEBIT,NEFT,SUCCESS,2026-06-25
T00000283,C002695,520566.95,USD,DEBIT,IMPS,FAILED,2026-01-18
T00000284,C003435,405128.1,AED,CREDIT,NEFT,FAILED,2026-04-08
T00000285,C001386,217714.68,AED,DEBIT,IMPS,SUCCESS,2026-08-23
T00000286,C003462,47048.56,USD,DEBIT,CARD,FAILED,2026-07-07
T00000287,C003124,463581.03,INR,DEBIT,NEFT,PENDING,2026-02-26
T00000288,C003341,478237.72,USD,DEBIT,CARD,PENDING,2026-07-21
T00000289,C000030,715590.4,INR,CREDIT,IMPS,REVERSED,2026-02-19
T00000290,C000396,639426.51,INR,DEBIT,UPI,SUCCESS,2026-01-03
T00000291,C001579,329605.15,USD,CREDIT,SWIFT,SUCCESS,2026-05-04
T00000292,C003250,515248.4,INR,DEBIT,UPI,REVERSED,2026-04-15
T00000293,C002974,843742.94,AED,DEBIT,SWIFT,SUCCESS,2026-02-13
T00000294,C001534,335442.47,INR,CREDIT,IMPS,SUCCESS,2026-06-24
T00000295,C001556,395117.47,AED,CREDIT,CARD,FAILED,2026-09-15
T00000296,C002320,733706.48,AED,CREDIT,NEFT,SUCCESS,2026-02-11
T00000297,C001545,595977.62,INR,DEBIT,CARD,REVERSED,2026-06-11
T00000298,C001894,170557.5,INR,CREDIT,UPI,SUCCESS,2026-01-25
T00000299,C001070,714261.28,INR,CREDIT,IMPS,SUCCESS,2026-01-26
T00000300,C001638,263843.82,AED,DEBIT,CARD,PENDING,2026-03-26
T00000301,C000242,639206.39,INR,CREDIT,UPI,SUCCESS,2026-01-07
T00000302,C000282,357631.67,INR,CREDIT,IMPS,REVERSED,2026-01-24
T00000303,C002110,828470.57,AED,DEBIT,UPI,PENDING,2026-05-11
T00000304,C001957,539244.27,INR,DEBIT,SWIFT,SUCCESS,2026-06-18
T00000305,C001718,757586.16,USD,CREDIT,IMPS,FAILED,2026-06-25
T00000306,C000321,300363.22,USD,DEBIT,UPI,FAILED,2026-09-14
T00000307,C003039,217476.86,AED,DEBIT,IMPS,SUCCESS,2026-07-23
T00000308,C000090,535109.99,AED,DEBIT,IMPS,SUCCESS,2026-09-07
T00000309,C000728,810169.41,INR,CREDIT,CARD,PENDING,2026-08-04
T00000310,C000750,881860.88,INR,DEBIT,IMPS,SUCCESS,2026-08-12
T00000311,C000496,716655.93,USD,CREDIT,CARD,PENDING,2026-07-13
T00000312,C002019,894278.7,INR,DEBIT,IMPS,FAILED,2026-03-20
T00000313,C002494,683639.39,INR,CREDIT,CARD,SUCCESS,2026-09-18
T00000314,C002910,541862.8,INR,DEBIT,IMPS,FAILED,2026-01-07
T00000315,C000532,463814.05,AED,CREDIT,IMPS,SUCCESS,2026-05-03
T00000316,C002000,10606.48,INR,DEBIT,IMPS,SUCCESS,2026-06-20
T00000317,C003218,800421.62,INR,DEBIT,CARD,SUCCESS,2026-02-09
T00000318,C001901,438048.71,INR,DEBIT,SWIFT,FAILED,2026-04-01
T00000319,C000005,253693.08,INR,DEBIT,SWIFT,REVERSED,2026-04-14
T00000320,C002053,586506.16,AED,CREDIT,SWIFT,FAILED,2026-07-23
T00000321,C001153,207037.05,INR,CREDIT,NEFT,SUCCESS,2026-07-03
T00000322,C000484,25677.71,INR,DEBIT,UPI,SUCCESS,2026-09-08
T00000323,C000218,531926.45,USD,DEBIT,UPI,PENDING,2026-05-28
T00000324,C003064,758042.03,USD,DEBIT,UPI,SUCCESS,2026-01-16
T00000325,C002205,21729.66,INR,CREDIT,SWIFT,FAILED,2026-09-28
T00000326,C002517,293612.48,INR,CREDIT,IMPS,REVERSED,2026-09-04
T00000327,C001555,20467.79,INR,CREDIT,NEFT,SUCCESS,2026-03-20
T00000328,C002914,65292.24,AED,DEBIT,CARD,SUCCESS,2026-04-12
T00000329,C003162,380579.39,AED,CREDIT,CARD,REVERSED,2026-08-23
T00000330,C001739,692649.48,USD,CREDIT,IMPS,PENDING,2026-03-17
T00000331,C002797,213950.9,INR,DEBIT,NEFT,PENDING,2026-01-18
T00000332,C002907,596284.36,INR,CREDIT,CARD,SUCCESS,2026-01-26
T00000333,C002962,812022.02,INR,DEBIT,NEFT,SUCCESS,2026-02-05
T00000334,C003044,222037.55,INR,CREDIT,NEFT,SUCCESS,2026-09-09
T00000335,C000366,856669.35,USD,CREDIT,IMPS,SUCCESS,2026-08-28
T00000336,C001784,130464.08,INR,CREDIT,NEFT,SUCCESS,2026-03-23
T00000337,C002531,853963.67,INR,CREDIT,CARD,SUCCESS,2026-01-18
T00000338,C002423,558730.2,INR,DEBIT,UPI,REVERSED,2026-06-16
T00000339,C001370,738623.44,INR,CREDIT,UPI,FAILED,2026-04-17
T00000340,C002020,681461.76,AED,DEBIT,CARD,PENDING,2026-08-28
T00000341,C001070,437979.24,AED,DEBIT,CARD,FAILED,2026-06-14
T00000342,C001419,692772.68,AED,CREDIT,CARD,PENDING,2026-09-17
T00000343,C003431,461875.58,INR,CREDIT,CARD,SUCCESS,2026-08-11
T00000344,C002432,579659.12,AED,CREDIT,UPI,FAILED,2026-06-05
T00000345,C003111,574905.89,AED,DEBIT,SWIFT,REVERSED,2026-01-05
T00000346,C001657,498221.62,USD,CREDIT,NEFT,SUCCESS,2026-05-14
T00000347,C001360,293779.87,INR,CREDIT,UPI,SUCCESS,2026-09-11
T00000348,C002776,722949.93,USD,CREDIT,NEFT,PENDING,2026-05-26
T00000349,C003373,857455.51,AED,CREDIT,SWIFT,REVERSED,2026-03-13
T00000350,C002154,166404.45,INR,DEBIT,SWIFT,FAILED,2026-02-09
T00000351,C000227,518977.27,INR,CREDIT,NEFT,REVERSED,2026-05-21
T00000352,C000733,848412.19,INR,DEBIT,IMPS,SUCCESS,2026-04-21
T00000353,C000131,710339.44,INR,DEBIT,CARD,PENDING,2026-09-19
T00000354,C000731,890051.3,INR,DEBIT,CARD,PENDING,2026-04-14
T00000355,C003294,321739.78,INR,DEBIT,UPI,SUCCESS,2026-09-02
T00000356,C000832,891764.32,INR,DEBIT,CARD,PENDING,2026-08-05
T00000357,C000305,58023.85,INR,DEBIT,NEFT,FAILED,2026-02-06
T00000358,C003222,347011.15,INR,DEBIT,CARD,REVERSED,2026-08-16
T00000359,C000789,590062.43,INR,DEBIT,IMPS,REVERSED,2026-02-03
T00000360,C002202,233476.05,INR,CREDIT,UPI,SUCCESS,2026-09-15
T00000361,C003350,307599.62,USD,CREDIT,NEFT,SUCCESS,2026-07-16
T00000362,C001568,538932.28,INR,CREDIT,NEFT,SUCCESS,2026-03-07
T00000363,C001213,68693.17,INR,CREDIT,UPI,REVERSED,2026-03-17
T00000364,C003461,655887.3,INR,CREDIT,SWIFT,FAILED,2026-09-18
T00000365,C003258,267802.7,INR,DEBIT,SWIFT,SUCCESS,2026-09-13
T00000366,C002250,265558.1,USD,CREDIT,IMPS,SUCCESS,2026-04-17
T00000367,C002556,373689.78,AED,CREDIT,UPI,PENDING,2026-01-13
T00000368,C000801,339428.2,USD,CREDIT,UPI,SUCCESS,2026-06-15
T00000369,C002221,229125.18,USD,DEBIT,CARD,SUCCESS,2026-08-26
T00000370,C001332,402123.14,AED,CREDIT,NEFT,SUCCESS,2026-06-25
T00000371,C002803,828211.68,AED,DEBIT,SWIFT,SUCCESS,2026-01-24
T00000372,C001419,429255.07,INR,DEBIT,SWIFT,SUCCESS,2026-09-06
T00000373,C000458,363730.58,AED,CREDIT,CARD,PENDING,2026-02-01
T00000374,C001775,689879.04,INR,CREDIT,CARD,FAILED,2026-04-19
T00000375,C003069,144424.11,USD,CREDIT,NEFT,SUCCESS,2026-04-20
T00000376,C003186,741008.19,INR,CREDIT,UPI,PENDING,2026-05-14
T00000377,C001321,231308.41,AED,CREDIT,UPI,FAILED,2026-07-01
T00000378,C002963,400825.3,INR,CREDIT,NEFT,SUCCESS,2026-04-24
T00000379,C003423,107685.14,INR,CREDIT,SWIFT,SUCCESS,2026-03-07
T00000380,C000749,278094.05,INR,DEBIT,SWIFT,PENDING,2026-06-08
T00000381,C002629,436776.02,INR,DEBIT,UPI,SUCCESS,2026-01-13
T00000382,C001171,713317.48,USD,CREDIT,IMPS,SUCCESS,2026-01-06
T00000383,C000705,101846.16,AED,DEBIT,NEFT,SUCCESS,2026-07-04
T00000384,C003241,656456.32,INR,CREDIT,CARD,PENDING,2026-08-14
T00000385,C002213,161411.8,INR,CREDIT,IMPS,PENDING,2026-02-20
T00000386,C000009,765597.67,AED,DEBIT,SWIFT,REVERSED,2026-04-15
T00000387,C000141,303674.26,AED,DEBIT,UPI,REVERSED,2026-07-12
T00000388,C001730,102668.05,AED,CREDIT,SWIFT,REVERSED,2026-07-14
T00000389,C000937,503304.07,INR,CREDIT,CARD,SUCCESS,2026-02-18
T00000390,C002005,716230.78,INR,DEBIT,CARD,FAILED,2026-06-18
T00000391,C000781,100807.04,INR,CREDIT,CARD,FAILED,2026-06-11
T00000392,C002845,17038.36,INR,DEBIT,IMPS,SUCCESS,2026-08-24
T00000393,C002074,150121.38,AED,CREDIT,CARD,FAILED,2026-01-19
T00000394,C000604,690862.3,AED,CREDIT,UPI,REVERSED,2026-07-05
T00000395,C000585,789650.28,USD,CREDIT,UPI,SUCCESS,2026-05-04
T00000396,C003289,47613.73,INR,DEBIT,NEFT,PENDING,2026-05-11
T00000397,C000530,741523.91,USD,CREDIT,SWIFT,PENDING,2026-09-07
T00000398,C000926,684691.75,USD,DEBIT,CARD,REVERSED,2026-09-04
T00000399,C000365,105550.73,USD,CREDIT,NEFT,PENDING,2026-01-06
T00000400,C000458,854031.05,USD,CREDIT,CARD,SUCCESS,2026-09-15
T00000401,C001718,542537.77,INR,DEBIT,SWIFT,SUCCESS,2026-03-17
T00000402,C002263,705267.43,INR,DEBIT,NEFT,SUCCESS,2026-05-17
T00000403,C002907,126002.03,INR,CREDIT,UPI,SUCCESS,2026-05-09
T00000404,C003377,266584.16,INR,DEBIT,NEFT,SUCCESS,2026-02-25
T00000405,C001715,689325.03,INR,CREDIT,UPI,SUCCESS,2026-02-01
T00000406,C002464,230099.7,INR,CREDIT,SWIFT,SUCCESS,2026-02-16
T00000407,C002374,354800.14,AED,DEBIT,UPI,FAILED,2026-06-24
T00000408,C002418,406816.46,INR,CREDIT,UPI,FAILED,2026-02-11
T00000409,C001090,291536.75,INR,DEBIT,IMPS,SUCCESS,2026-09-23
T00000410,C000364,407317.5,AED,DEBIT,UPI,SUCCESS,2026-08-23
T00000411,C003331,470023.58,AED,DEBIT,SWIFT,REVERSED,2026-03-04
T00000412,C003200,377439.85,USD,CREDIT,IMPS,PENDING,2026-01-25
T00000413,C000320,433893.37,INR,CREDIT,NEFT,SUCCESS,2026-05-24
T00000414,C002874,305039.51,INR,CREDIT,IMPS,REVERSED,2026-05-14
T00000415,C000583,598897.43,AED,CREDIT,SWIFT,SUCCESS,2026-08-05
T00000416,C003053,284388.02,INR,DEBIT,IMPS,REVERSED,2026-03-05
T00000417,C001534,511818.93,AED,DEBIT,CARD,SUCCESS,2026-03-21
T00000418,C003067,371340.53,INR,DEBIT,UPI,SUCCESS,2026-02-13
T00000419,C000630,874070.15,AED,DEBIT,UPI,SUCCESS,2026-06-10
T00000420,C001431,723159.7,AED,DEBIT,SWIFT,SUCCESS,2026-04-28
T00000421,C000397,815874.3,INR,DEBIT,NEFT,SUCCESS,2026-03-18
T00000422,C001314,496093.23,INR,CREDIT,SWIFT,FAILED,2026-04-14
T00000423,C002639,162789.74,USD,CREDIT,SWIFT,SUCCESS,2026-09-06
T00000424,C000927,506634.27,INR,CREDIT,NEFT,REVERSED,2026-02-07
T00000425,C000424,381065.65,INR,DEBIT,SWIFT,FAILED,2026-03-13
T00000426,C001240,863744.23,INR,DEBIT,UPI,PENDING,2026-01-13
T00000427,C001040,496803.56,INR,DEBIT,NEFT,REVERSED,2026-08-28
T00000428,C003144,231582.35,INR,DEBIT,UPI,FAILED,2026-07-16
T00000429,C001076,846691.01,INR,DEBIT,UPI,PENDING,2026-06-11
T00000430,C000452,123682.47,INR,DEBIT,CARD,PENDING,2026-05-13
T00000431,C001604,781462.72,INR,DEBIT,NEFT,REVERSED,2026-06-19
T00000432,C001795,884551.98,INR,DEBIT,SWIFT,SUCCESS,2026-01-24
T00000433,C003117,640491.65,AED,CREDIT,SWIFT,PENDING,2026-07-16
T00000434,C001045,20340.79,INR,CREDIT,SWIFT,REVERSED,2026-04-06
T00000435,C002404,635738.54,AED,CREDIT,SWIFT,REVERSED,2026-06-05
T00000436,C003164,885463.08,INR,DEBIT,SWIFT,SUCCESS,2026-01-01
T00000437,C000741,625554.6,USD,DEBIT,IMPS,SUCCESS,2026-09-12
T00000438,C001504,187216.51,USD,DEBIT,CARD,SUCCESS,2026-07-27
T00000439,C002487,569194.84,AED,CREDIT,NEFT,FAILED,2026-03-12
T00000440,C001199,210438.23,USD,DEBIT,UPI,SUCCESS,2026-02-14
T00000441,C001372,583459.64,INR,CREDIT,UPI,SUCCESS,2026-09-04
T00000442,C000878,825515.05,AED,DEBIT,CARD,REVERSED,2026-05-10
T00000443,C002621,604729.61,AED,CREDIT,IMPS,FAILED,2026-05-08
T00000444,C002941,743952.65,AED,DEBIT,UPI,SUCCESS,2026-07-16
T00000445,C000068,257246.03,USD,DEBIT,CARD,SUCCESS,2026-02-17
T00000446,C002565,45743.46,AED,DEBIT,NEFT,SUCCESS,2026-06-03
T00000447,C000702,125116.13,INR,DEBIT,UPI,SUCCESS,2026-02-08
T00000448,C000082,504391.21,AED,DEBIT,IMPS,REVERSED,2026-07-14
T00000449,C001240,658619.65,AED,DEBIT,UPI,PENDING,2026-08-20
T00000450,C002369,524942.85,USD,CREDIT,UPI,PENDING,2026-09-12
T00000451,C002612,119402.29,USD,CREDIT,SWIFT,SUCCESS,2026-04-25
T00000452,C001910,850285.5,INR,DEBIT,NEFT,SUCCESS,2026-06-25
T00000453,C003254,343307.72,AED,DEBIT,CARD,SUCCESS,2026-09-03
T00000454,C003186,258370.29,INR,CREDIT,UPI,REVERSED,2026-02-11
T00000455,C000916,641135.27,USD,DEBIT,NEFT,FAILED,2026-02-09
T00000456,C000392,865926.69,USD,CREDIT,SWIFT,SUCCESS,2026-04-05
T00000457,C000948,16614.85,INR,CREDIT,UPI,SUCCESS,2026-07-18
T00000458,C002017,890212.61,INR,DEBIT,UPI,SUCCESS,2026-01-12
T00000459,C001250,750664.25,INR,CREDIT,IMPS,REVERSED,2026-01-24
T00000460,C000157,758.34,USD,DEBIT,SWIFT,SUCCESS,2026-04-03
T00000461,C000801,180999.57,USD,DEBIT,NEFT,SUCCESS,2026-09-27
T00000462,C002045,893790.18,INR,CREDIT,NEFT,PENDING,2026-09-15
T00000463,C001743,325623.43,AED,DEBIT,NEFT,REVERSED,2026-02-24
T00000464,C000320,636427.97,USD,DEBIT,SWIFT,SUCCESS,2026-08-25
T00000465,C003352,291981.94,AED,DEBIT,CARD,PENDING,2026-08-28
T00000466,C002138,819696.51,INR,CREDIT,UPI,SUCCESS,2026-05-28
T00000467,C000829,402045.35,INR,DEBIT,NEFT,SUCCESS,2026-06-14
T00000468,C002452,117560.47,USD,CREDIT,UPI,SUCCESS,2026-07-20
T00000469,C000519,446013.88,INR,DEBIT,UPI,REVERSED,2026-02-27
T00000470,C001143,550545.17,USD,DEBIT,UPI,SUCCESS,2026-05-28
T00000471,C001512,577392.03,USD,DEBIT,IMPS,SUCCESS,2026-02-05
T00000472,C001920,733912.7,USD,DEBIT,CARD,SUCCESS,2026-03-09
T00000473,C000746,491117.78,USD,CREDIT,NEFT,SUCCESS,2026-08-13
T00000474,C000102,333903.55,INR,CREDIT,UPI,SUCCESS,2026-06-08
T00000475,C001375,205459.47,USD,CREDIT,CARD,SUCCESS,2026-07-01
T00000476,C002863,301522.68,INR,DEBIT,SWIFT,PENDING,2026-04-02
T00000477,C001332,788158.52,INR,CREDIT,UPI,FAILED,2026-04-03
T00000478,C002886,117705.85,INR,DEBIT,CARD,SUCCESS,2026-03-05
T00000479,C000520,333235.31,USD,CREDIT,NEFT,FAILED,2026-08-08
T00000480,C001206,479454.9,INR,DEBIT,NEFT,SUCCESS,2026-04-05
T00000481,C001403,750975.13,INR,DEBIT,IMPS,FAILED,2026-05-09
T00000482,C002609,861933.6,INR,DEBIT,CARD,SUCCESS,2026-07-01
T00000483,C000854,15302.65,INR,DEBIT,NEFT,SUCCESS,2026-09-22
T00000484,C002406,36984.32,USD,DEBIT,CARD,PENDING,2026-06-02
T00000485,C002208,274159.46,INR,CREDIT,CARD,FAILED,2026-09-06
T00000486,C003180,730045.29,USD,DEBIT,CARD,SUCCESS,2026-09-26
T00000487,C001250,423169.61,INR,DEBIT,UPI,REVERSED,2026-06-15
T00000488,C001575,162717.56,INR,CREDIT,UPI,PENDING,2026-08-09
T00000489,C002769,28590.29,INR,DEBIT,IMPS,REVERSED,2026-08-08
T00000490,C002769,539056.88,INR,DEBIT,NEFT,FAILED,2026-08-22
T00000491,C002099,309669.41,INR,CREDIT,CARD,FAILED,2026-06-06
T00000492,C003093,569105.86,INR,CREDIT,IMPS,REVERSED,2026-04-24
T00000493,C001167,277115.13,USD,DEBIT,UPI,SUCCESS,2026-07-28
T00000494,C002461,353114.51,USD,CREDIT,CARD,SUCCESS,2026-01-03
T00000495,C001254,234770.48,USD,CREDIT,UPI,SUCCESS,2026-08-10
T00000496,C003106,818841.2,USD,CREDIT,UPI,PENDING,2026-05-12
T00000497,C000974,589395.02,INR,DEBIT,SWIFT,PENDING,2026-07-06
T00000498,C003359,555933.03,INR,DEBIT,SWIFT,SUCCESS,2026-09-14
T00000499,C000126,616987.29,INR,DEBIT,SWIFT,SUCCESS,2026-08-09
T00000500,C000598,154909.25,INR,CREDIT,IMPS,FAILED,2026-07-06
T00000501,C000543,264740.44,AED,CREDIT,CARD,PENDING,2026-07-10
T00000502,C002539,646866.25,INR,CREDIT,NEFT,PENDING,2026-03-23
T00000503,C002478,812613.01,AED,DEBIT,UPI,REVERSED,2026-09-01
T00000504,C001553,74060.67,INR,CREDIT,NEFT,SUCCESS,2026-06-09
T00000505,C002117,248129.66,AED,DEBIT,SWIFT,PENDING,2026-07-16
T00000506,C000192,234679.15,USD,CREDIT,CARD,SUCCESS,2026-07-10
T00000507,C001051,693555.29,INR,CREDIT,UPI,REVERSED,2026-07-16
T00000508,C000678,87758.43,USD,DEBIT,SWIFT,SUCCESS,2026-03-09
T00000509,C002838,193951.87,INR,DEBIT,NEFT,PENDING,2026-07-13
T00000510,C000295,20095.54,INR,CREDIT,CARD,SUCCESS,2026-06-06
T00000511,C002473,722323.28,AED,CREDIT,IMPS,REVERSED,2026-02-17
T00000512,C002823,74454.26,AED,CREDIT,UPI,SUCCESS,2026-06-10
T00000513,C003066,557887.19,INR,CREDIT,IMPS,PENDING,2026-04-01
T00000514,C000951,376482.19,AED,DEBIT,UPI,REVERSED,2026-09-26
T00000515,C000506,505868.34,INR,DEBIT,NEFT,SUCCESS,2026-01-09
T00000516,C000769,196732.01,INR,CREDIT,SWIFT,SUCCESS,2026-01-02
T00000517,C002514,211557.62,USD,DEBIT,IMPS,SUCCESS,2026-09-15
T00000518,C001289,500865.85,USD,DEBIT,NEFT,SUCCESS,2026-08-08
T00000519,C002468,690585.43,INR,CREDIT,IMPS,FAILED,2026-08-04
T00000520,C000934,188270.79,INR,DEBIT,UPI,FAILED,2026-03-13
T00000521,C001477,859350.69,INR,CREDIT,SWIFT,SUCCESS,2026-04-26
T00000522,C001014,477832.03,INR,CREDIT,CARD,REVERSED,2026-09-03
T00000523,C002432,136729.14,AED,CREDIT,UPI,FAILED,2026-08-03
T00000524,C002938,294376.08,AED,DEBIT,UPI,PENDING,2026-09-28
T00000525,C002448,565052.07,AED,DEBIT,UPI,PENDING,2026-04-07
T00000526,C000606,90070.87,INR,DEBIT,CARD,FAILED,2026-06-18
T00000527,C003471,740945.66,INR,DEBIT,SWIFT,PENDING,2026-03-28
T00000528,C002883,36913.49,AED,CREDIT,IMPS,SUCCESS,2026-08-25
T00000529,C001525,501307.72,AED,DEBIT,NEFT,SUCCESS,2026-04-16
T00000530,C001214,428082.56,INR,DEBIT,IMPS,SUCCESS,2026-09-09
T00000531,C001363,527940.19,AED,CREDIT,CARD,SUCCESS,2026-01-04
T00000532,C002198,794057.08,AED,DEBIT,UPI,SUCCESS,2026-08-16
T00000533,C002345,138160.75,AED,DEBIT,SWIFT,REVERSED,2026-04-05
T00000534,C000965,464312.03,USD,CREDIT,UPI,SUCCESS,2026-05-19
T00000535,C002342,106221.58,INR,CREDIT,UPI,SUCCESS,2026-07-03
T00000536,C000323,339995.78,INR,CREDIT,CARD,SUCCESS,2026-06-03
T00000537,C001628,95427.19,USD,DEBIT,CARD,PENDING,2026-07-01
T00000538,C001037,337850.4,INR,DEBIT,CARD,SUCCESS,2026-01-12
T00000539,C002591,235808.55,USD,CREDIT,CARD,REVERSED,2026-02-16
T00000540,C000799,712738.8,INR,CREDIT,CARD,SUCCESS,2026-05-13
T00000541,C000447,843388.35,INR,CREDIT,IMPS,SUCCESS,2026-07-20
T00000542,C003054,210094.83,INR,CREDIT,CARD,SUCCESS,2026-03-13
T00000543,C002044,890221.05,INR,CREDIT,NEFT,SUCCESS,2026-07-11
T00000544,C001304,106458.42,AED,CREDIT,UPI,SUCCESS,2026-03-11
T00000545,C001865,42353.12,INR,DEBIT,CARD,SUCCESS,2026-05-28
T00000546,C002482,603939.53,AED,CREDIT,IMPS,PENDING,2026-08-27
T00000547,C003122,757958.88,USD,DEBIT,SWIFT,PENDING,2026-04-13
T00000548,C000883,518027.71,USD,CREDIT,IMPS,REVERSED,2026-02-21
T00000549,C002144,257724.33,AED,CREDIT,NEFT,PENDING,2026-01-20
T00000550,C001968,781290.31,INR,CREDIT,UPI,SUCCESS,2026-09-02
T00000551,C001661,47251.86,USD,DEBIT,SWIFT,FAILED,2026-09-21
T00000552,C001949,494806.28,USD,DEBIT,UPI,FAILED,2026-01-19
T00000553,C001309,892660.56,INR,DEBIT,NEFT,PENDING,2026-08-04
T00000554,C000470,119319.93,INR,CREDIT,UPI,SUCCESS,2026-08-24
T00000555,C000712,564783.87,INR,CREDIT,SWIFT,SUCCESS,2026-02-24
T00000556,C002096,870629.71,INR,CREDIT,IMPS,SUCCESS,2026-06-15
T00000557,C003133,340887.82,USD,CREDIT,IMPS,SUCCESS,2026-02-20
T00000558,C000499,56827.25,INR,CREDIT,CARD,SUCCESS,2026-04-18
T00000559,C001913,80372.05,INR,CREDIT,SWIFT,PENDING,2026-03-26
T00000560,C001053,360487.62,INR,DEBIT,CARD,SUCCESS,2026-07-08
T00000561,C003074,440504.02,INR,DEBIT,UPI,SUCCESS,2026-07-02
T00000562,C002032,793045.08,INR,DEBIT,UPI,SUCCESS,2026-01-03
T00000563,C000515,865921.54,USD,CREDIT,IMPS,REVERSED,2026-06-21
T00000564,C003403,634908.77,INR,DEBIT,CARD,REVERSED,2026-09-25
T00000565,C000728,435127.99,INR,DEBIT,CARD,PENDING,2026-09-17
T00000566,C000971,613656.97,AED,DEBIT,UPI,FAILED,2026-03-11
T00000567,C000404,298794.58,USD,DEBIT,IMPS,FAILED,2026-06-24
T00000568,C002619,630951.27,USD,DEBIT,SWIFT,SUCCESS,2026-08-27
T00000569,C003067,439715.46,INR,DEBIT,IMPS,SUCCESS,2026-01-19
T00000570,C000343,33040.03,INR,CREDIT,NEFT,SUCCESS,2026-05-16
T00000571,C000975,71232.93,USD,DEBIT,UPI,SUCCESS,2026-09-18
T00000572,C002797,252166.98,AED,DEBIT,NEFT,SUCCESS,2026-05-28
T00000573,C001801,714560.03,AED,DEBIT,SWIFT,PENDING,2026-01-09
T00000574,C001464,522901.22,INR,CREDIT,SWIFT,PENDING,2026-09-02
T00000575,C001175,626662.86,INR,DEBIT,UPI,SUCCESS,2026-02-01
T00000576,C000992,448074.53,USD,DEBIT,SWIFT,PENDING,2026-01-28
T00000577,C003440,404265.68,AED,DEBIT,IMPS,PENDING,2026-07-15
T00000578,C003428,558024.22,INR,CREDIT,SWIFT,FAILED,2026-09-02
T00000579,C002387,491051.97,INR,CREDIT,UPI,SUCCESS,2026-05-05
T00000580,C000175,593464.08,INR,DEBIT,CARD,REVERSED,2026-07-17
T00000581,C003262,346449.65,INR,DEBIT,SWIFT,PENDING,2026-05-03
T00000582,C002715,83488.1,USD,CREDIT,IMPS,SUCCESS,2026-07-19
T00000583,C002060,609535.75,AED,CREDIT,UPI,REVERSED,2026-09-21
T00000584,C002268,749166.41,USD,CREDIT,IMPS,SUCCESS,2026-06-24
T00000585,C001537,384142.9,INR,CREDIT,NEFT,SUCCESS,2026-07-22
T00000586,C001259,687773.56,INR,CREDIT,SWIFT,SUCCESS,2026-05-18
T00000587,C002086,675638.81,INR,DEBIT,IMPS,SUCCESS,2026-01-02
T00000588,C002827,185544.06,INR,DEBIT,NEFT,SUCCESS,2026-02-19
T00000589,C002094,461608.29,INR,CREDIT,CARD,SUCCESS,2026-01-07
T00000590,C000463,893460.92,INR,DEBIT,NEFT,SUCCESS,2026-08-09
T00000591,C002192,618050.72,AED,DEBIT,NEFT,SUCCESS,2026-03-24
T00000592,C001100,443095.36,INR,CREDIT,UPI,REVERSED,2026-07-26
T00000593,C001515,179442.92,AED,CREDIT,NEFT,FAILED,2026-01-05
T00000594,C003296,631861.9,USD,CREDIT,NEFT,FAILED,2026-08-19
T00000595,C000269,323960.72,INR,DEBIT,NEFT,PENDING,2026-05-06
T00000596,C002510,327929.56,AED,CREDIT,SWIFT,FAILED,2026-06-17
T00000597,C002649,50573.54,INR,DEBIT,SWIFT,REVERSED,2026-02-27
T00000598,C000539,867049.17,USD,DEBIT,NEFT,SUCCESS,2026-02-06
T00000599,C001014,271266.26,INR,CREDIT,UPI,PENDING,2026-08-23
T00000600,C000835,431564.05,USD,CREDIT,SWIFT,SUCCESS,2026-06-04
T00000601,C002757,726057.69,AED,CREDIT,CARD,SUCCESS,2026-01-23
T00000602,C000441,819645.03,AED,CREDIT,UPI,PENDING,2026-05-16
T00000603,C002385,853623.34,AED,DEBIT,UPI,FAILED,2026-03-13
T00000604,C002305,841574.73,USD,DEBIT,UPI,PENDING,2026-03-16
T00000605,C003370,88835.57,AED,DEBIT,IMPS,SUCCESS,2026-02-04
T00000606,C000901,754823.35,AED,DEBIT,IMPS,SUCCESS,2026-02-28
T00000607,C001029,802142.1,AED,DEBIT,NEFT,PENDING,2026-04-15
T00000608,C001303,323021.21,USD,DEBIT,IMPS,PENDING,2026-02-03
T00000609,C002564,636005.19,INR,DEBIT,NEFT,FAILED,2026-06-10
T00000610,C000487,859531.8,USD,CREDIT,UPI,SUCCESS,2026-02-03
T00000611,C000417,790537.22,INR,CREDIT,IMPS,FAILED,2026-07-08
T00000612,C000712,557690.17,USD,DEBIT,NEFT,PENDING,2026-03-22
T00000613,C003018,852552.98,INR,DEBIT,CARD,SUCCESS,2026-02-05
T00000614,C002459,228922.93,AED,DEBIT,IMPS,PENDING,2026-03-04
T00000615,C000627,774775.96,USD,CREDIT,NEFT,SUCCESS,2026-06-16
T00000616,C001849,757505.3,AED,DEBIT,NEFT,FAILED,2026-01-14
T00000617,C001103,383744.63,USD,DEBIT,UPI,FAILED,2026-07-15
T00000618,C001099,792491.61,AED,CREDIT,SWIFT,SUCCESS,2026-08-22
T00000619,C002417,575390.62,USD,CREDIT,UPI,SUCCESS,2026-05-28
T00000620,C001111,618712.55,INR,CREDIT,IMPS,REVERSED,2026-02-08
T00000621,C002414,166188.21,USD,CREDIT,NEFT,SUCCESS,2026-02-22
T00000622,C002396,401301.6,INR,CREDIT,NEFT,SUCCESS,2026-01-22
T00000623,C002621,134879.29,INR,CREDIT,NEFT,SUCCESS,2026-05-09
T00000624,C000025,343762.85,USD,CREDIT,SWIFT,PENDING,2026-09-10
T00000625,C002216,180008.91,USD,DEBIT,IMPS,FAILED,2026-01-05
T00000626,C000050,151966.7,AED,DEBIT,IMPS,SUCCESS,2026-07-20
T00000627,C003413,418693.32,INR,CREDIT,IMPS,REVERSED,2026-06-14
T00000628,C001258,816552.4,USD,CREDIT,UPI,SUCCESS,2026-04-26
T00000629,C002646,562076.14,USD,DEBIT,NEFT,PENDING,2026-01-16
T00000630,C000734,396286.2,AED,DEBIT,UPI,SUCCESS,2026-05-27
T00000631,C000790,242757.05,INR,CREDIT,CARD,SUCCESS,2026-05-15
T00000632,C002692,787004.15,AED,DEBIT,CARD,PENDING,2026-03-11
T00000633,C000511,221194.84,INR,CREDIT,SWIFT,SUCCESS,2026-02-13
T00000634,C003202,249931.48,USD,DEBIT,IMPS,SUCCESS,2026-07-19
T00000635,C000300,466235.47,INR,CREDIT,SWIFT,SUCCESS,2026-03-11
T00000636,C002585,503929.71,INR,DEBIT,IMPS,SUCCESS,2026-05-28
T00000637,C000539,262039.59,INR,DEBIT,NEFT,REVERSED,2026-03-19
T00000638,C002663,737363.12,INR,CREDIT,UPI,SUCCESS,2026-06-04
T00000639,C000513,207576.67,INR,CREDIT,UPI,FAILED,2026-02-03
T00000640,C003187,713274.87,INR,CREDIT,SWIFT,SUCCESS,2026-03-06
T00000641,C003191,681288.97,AED,DEBIT,CARD,PENDING,2026-04-22
T00000642,C002042,282237.39,USD,DEBIT,IMPS,FAILED,2026-01-03
T00000643,C003404,562364.87,AED,CREDIT,NEFT,FAILED,2026-04-24
T00000644,C000722,228450.47,INR,CREDIT,SWIFT,SUCCESS,2026-07-06
T00000645,C001866,152508.41,INR,CREDIT,IMPS,SUCCESS,2026-07-02
T00000646,C000599,190321.3,INR,DEBIT,SWIFT,REVERSED,2026-08-25
T00000647,C000698,477043.4,AED,DEBIT,IMPS,REVERSED,2026-04-21
T00000648,C002319,237814.2,AED,DEBIT,IMPS,SUCCESS,2026-02-10
T00000649,C003075,254786.12,INR,CREDIT,SWIFT,REVERSED,2026-01-22
T00000650,C001542,463806.61,USD,CREDIT,NEFT,PENDING,2026-09-24
T00000651,C000361,717667.79,USD,DEBIT,SWIFT,SUCCESS,2026-07-07
T00000652,C002089,236670.16,INR,DEBIT,SWIFT,SUCCESS,2026-07-20
T00000653,C003018,457119.9,USD,CREDIT,IMPS,PENDING,2026-02-14
T00000654,C002752,435282.39,AED,DEBIT,UPI,SUCCESS,2026-06-11
T00000655,C002760,447382.35,USD,DEBIT,UPI,FAILED,2026-09-26
T00000656,C001700,605404.84,AED,CREDIT,CARD,PENDING,2026-06-09
T00000657,C000838,360321.37,USD,DEBIT,NEFT,FAILED,2026-08-11
T00000658,C002265,469006.91,INR,CREDIT,IMPS,SUCCESS,2026-07-22
T00000659,C000852,570241.79,AED,CREDIT,SWIFT,SUCCESS,2026-03-17
T00000660,C002109,342067.41,INR,CREDIT,CARD,FAILED,2026-06-22
T00000661,C003242,418555.45,AED,CREDIT,SWIFT,SUCCESS,2026-06-01
T00000662,C001552,189256.71,INR,CREDIT,IMPS,SUCCESS,2026-05-12
T00000663,C002472,481210.06,INR,CREDIT,SWIFT,PENDING,2026-06-06
T00000664,C002884,742069.14,AED,DEBIT,IMPS,SUCCESS,2026-09-13
T00000665,C002403,856218.72,INR,DEBIT,SWIFT,REVERSED,2026-09-06
T00000666,C003254,764325.72,INR,CREDIT,CARD,PENDING,2026-05-08
T00000667,C003040,593330.38,AED,CREDIT,NEFT,REVERSED,2026-06-18
T00000668,C000720,665010.26,INR,CREDIT,IMPS,REVERSED,2026-01-12
T00000669,C002928,650869.06,AED,CREDIT,SWIFT,REVERSED,2026-07-01
T00000670,C001812,340908.19,INR,DEBIT,SWIFT,PENDING,2026-09-28
T00000671,C001110,868565.85,INR,DEBIT,CARD,SUCCESS,2026-04-11
T00000672,C002078,330334.43,INR,DEBIT,SWIFT,PENDING,2026-01-03
T00000673,C000770,716620.95,INR,CREDIT,IMPS,SUCCESS,2026-09-24
T00000674,C001608,93127.52,INR,CREDIT,UPI,PENDING,2026-07-17
T00000675,C000861,323633.08,INR,DEBIT,CARD,SUCCESS,2026-03-15
T00000676,C002968,22786.04,INR,DEBIT,CARD,FAILED,2026-02-10
T00000677,C000002,57736.11,INR,DEBIT,SWIFT,SUCCESS,2026-07-15
T00000678,C001748,846413.14,INR,DEBIT,NEFT,SUCCESS,2026-05-09
T00000679,C002958,217136.71,INR,DEBIT,UPI,SUCCESS,2026-06-16
T00000680,C001042,618086.05,USD,DEBIT,CARD,SUCCESS,2026-03-08
T00000681,C001298,238480.32,INR,DEBIT,NEFT,SUCCESS,2026-05-15
T00000682,C003147,580363.07,USD,DEBIT,CARD,FAILED,2026-08-06
T00000683,C001638,473603.09,INR,CREDIT,SWIFT,FAILED,2026-08-27
T00000684,C001058,532928.49,USD,CREDIT,SWIFT,REVERSED,2026-07-03
T00000685,C002566,750108.99,USD,CREDIT,SWIFT,REVERSED,2026-07-19
T00000686,C000508,222846.12,USD,CREDIT,CARD,SUCCESS,2026-03-16
T00000687,C001430,796387.38,AED,CREDIT,CARD,SUCCESS,2026-07-28
T00000688,C003320,278619.86,INR,DEBIT,IMPS,SUCCESS,2026-01-17
T00000689,C002018,836039.08,INR,CREDIT,IMPS,REVERSED,2026-01-06
T00000690,C001430,595961.38,AED,CREDIT,UPI,SUCCESS,2026-08-17
T00000691,C000837,422.97,USD,DEBIT,SWIFT,REVERSED,2026-06-15
T00000692,C000588,699975.7,INR,DEBIT,CARD,SUCCESS,2026-05-12
T00000693,C000916,374993.91,INR,CREDIT,CARD,SUCCESS,2026-05-03
T00000694,C000551,138661.28,USD,CREDIT,NEFT,FAILED,2026-03-01
T00000695,C002696,80697.83,AED,DEBIT,IMPS,SUCCESS,2026-06-18
T00000696,C003495,783351.28,INR,CREDIT,IMPS,PENDING,2026-04-02
T00000697,C003170,192457.29,INR,DEBIT,NEFT,REVERSED,2026-04-13
T00000698,C001871,711112.95,INR,DEBIT,NEFT,SUCCESS,2026-04-17
T00000699,C001431,621019.59,USD,CREDIT,CARD,REVERSED,2026-08-13
T00000700,C002053,602573.79,INR,DEBIT,SWIFT,REVERSED,2026-04-27
T00000701,C000794,661407.11,AED,DEBIT,NEFT,PENDING,2026-07-11
T00000702,C003292,294801.18,INR,CREDIT,CARD,SUCCESS,2026-08-10
T00000703,C003147,252869.26,INR,CREDIT,UPI,SUCCESS,2026-03-15
T00000704,C001564,258625.75,INR,DEBIT,IMPS,PENDING,2026-06-16
T00000705,C001499,484543.87,INR,CREDIT,IMPS,FAILED,2026-04-08
T00000706,C003113,562125.08,AED,CREDIT,CARD,SUCCESS,2026-01-27
T00000707,C002497,348298.47,INR,DEBIT,UPI,SUCCESS,2026-03-03
T00000708,C001061,244415.74,INR,CREDIT,NEFT,SUCCESS,2026-07-15
T00000709,C001105,415171.75,INR,DEBIT,IMPS,SUCCESS,2026-01-27
T00000710,C003260,176723.99,INR,CREDIT,NEFT,FAILED,2026-04-10
T00000711,C001170,567578.89,AED,CREDIT,NEFT,SUCCESS,2026-08-08
T00000712,C001566,354778.74,AED,DEBIT,CARD,SUCCESS,2026-05-14
T00000713,C001304,313352.06,AED,DEBIT,CARD,FAILED,2026-07-08
T00000714,C000528,548235.81,INR,CREDIT,UPI,PENDING,2026-05-01
T00000715,C000538,21107.9,AED,DEBIT,IMPS,REVERSED,2026-08-19
T00000716,C000233,372699.92,USD,DEBIT,CARD,REVERSED,2026-08-10
T00000717,C000869,641746.11,INR,DEBIT,CARD,SUCCESS,2026-06-24
T00000718,C001045,843559.51,AED,DEBIT,SWIFT,PENDING,2026-03-02
T00000719,C001773,732389.39,USD,CREDIT,NEFT,SUCCESS,2026-07-09
T00000720,C001215,279374.97,INR,DEBIT,UPI,SUCCESS,2026-07-14
T00000721,C001111,655623.83,USD,DEBIT,SWIFT,SUCCESS,2026-02-20
T00000722,C002940,619351.43,INR,DEBIT,CARD,SUCCESS,2026-01-14
T00000723,C002856,63959.25,INR,CREDIT,SWIFT,PENDING,2026-01-04
T00000724,C003205,861884.68,INR,CREDIT,UPI,SUCCESS,2026-09-24
T00000725,C001233,377219.65,USD,DEBIT,UPI,FAILED,2026-09-15
T00000726,C002367,423215.8,INR,DEBIT,SWIFT,SUCCESS,2026-02-07
T00000727,C001236,780368.34,INR,DEBIT,IMPS,FAILED,2026-04-21
T00000728,C001495,591805.47,INR,DEBIT,NEFT,PENDING,2026-04-08
T00000729,C002689,840254.52,INR,CREDIT,UPI,SUCCESS,2026-07-20
T00000730,C002712,217.92,AED,DEBIT,UPI,PENDING,2026-09-28
T00000731,C002013,473790.95,USD,CREDIT,IMPS,FAILED,2026-04-16
T00000732,C003028,588747.18,INR,DEBIT,NEFT,FAILED,2026-08-15
T00000733,C000034,843481.27,USD,DEBIT,NEFT,SUCCESS,2026-02-08
T00000734,C002731,106630.97,AED,DEBIT,CARD,SUCCESS,2026-06-18
T00000735,C000836,632205.16,INR,DEBIT,UPI,SUCCESS,2026-01-05
T00000736,C000010,78268.51,AED,CREDIT,CARD,REVERSED,2026-06-28
T00000737,C001076,306329.96,INR,DEBIT,CARD,SUCCESS,2026-08-14
T00000738,C002136,488408.15,AED,DEBIT,IMPS,REVERSED,2026-03-22
T00000739,C000449,731360.62,USD,CREDIT,IMPS,REVERSED,2026-03-03
T00000740,C000903,812012.22,AED,CREDIT,NEFT,FAILED,2026-02-24
T00000741,C000764,669871.99,USD,CREDIT,SWIFT,REVERSED,2026-08-22
T00000742,C002721,132414.93,INR,DEBIT,IMPS,FAILED,2026-07-05
T00000743,C000869,494166.06,INR,CREDIT,UPI,PENDING,2026-08-25
T00000744,C001469,231915.39,AED,CREDIT,SWIFT,SUCCESS,2026-03-26
T00000745,C000531,166.9,INR,CREDIT,SWIFT,REVERSED,2026-02-07
T00000746,C001644,67081.0,USD,CREDIT,IMPS,SUCCESS,2026-09-24
T00000747,C002939,303244.2,USD,CREDIT,IMPS,FAILED,2026-07-05
T00000748,C001171,886242.21,AED,CREDIT,SWIFT,REVERSED,2026-02-11
T00000749,C002319,130899.91,AED,CREDIT,UPI,SUCCESS,2026-06-08
T00000750,C001776,584898.44,AED,CREDIT,NEFT,SUCCESS,2026-07-26
T00000751,C003209,18169.03,INR,CREDIT,IMPS,REVERSED,2026-02-03
T00000752,C002282,766726.77,INR,CREDIT,SWIFT,SUCCESS,2026-07-19
T00000753,C001897,675164.45,INR,CREDIT,SWIFT,REVERSED,2026-09-07
T00000754,C001926,242716.33,USD,DEBIT,IMPS,REVERSED,2026-03-01
T00000755,C000571,178631.74,USD,CREDIT,UPI,REVERSED,2026-09-25
T00000756,C000189,374426.72,INR,CREDIT,NEFT,SUCCESS,2026-09-19
T00000757,C002200,735699.13,USD,CREDIT,UPI,SUCCESS,2026-05-23
T00000758,C002152,592738.03,INR,DEBIT,IMPS,SUCCESS,2026-06-14
T00000759,C002556,889291.93,AED,DEBIT,SWIFT,SUCCESS,2026-01-19
T00000760,C000042,178609.01,USD,CREDIT,IMPS,SUCCESS,2026-04-04
T00000761,C001379,643356.28,USD,CREDIT,NEFT,SUCCESS,2026-05-06
T00000762,C001522,555809.67,USD,CREDIT,NEFT,FAILED,2026-09-10
T00000763,C000459,403199.42,USD,CREDIT,IMPS,FAILED,2026-06-21
T00000764,C003348,82061.3,INR,CREDIT,NEFT,SUCCESS,2026-08-09
T00000765,C002276,17170.78,USD,DEBIT,CARD,SUCCESS,2026-08-11
T00000766,C001271,80313.13,INR,CREDIT,SWIFT,FAILED,2026-04-22
T00000767,C000653,247381.98,USD,DEBIT,IMPS,FAILED,2026-08-05
T00000768,C002718,605081.41,AED,CREDIT,IMPS,SUCCESS,2026-04-03
T00000769,C001179,576133.74,AED,CREDIT,UPI,SUCCESS,2026-02-05
T00000770,C002835,181648.42,USD,DEBIT,SWIFT,FAILED,2026-01-25
T00000771,C002574,474210.22,USD,DEBIT,SWIFT,PENDING,2026-05-19
T00000772,C000678,557248.61,INR,DEBIT,UPI,FAILED,2026-09-16
T00000773,C000626,375014.39,INR,DEBIT,UPI,PENDING,2026-07-22
T00000774,C000657,730053.69,USD,DEBIT,NEFT,FAILED,2026-02-05
T00000775,C001665,327476.99,USD,CREDIT,UPI,SUCCESS,2026-08-16
T00000776,C002840,651208.44,USD,CREDIT,UPI,PENDING,2026-05-15
T00000777,C000002,284099.47,INR,DEBIT,SWIFT,SUCCESS,2026-03-23
T00000778,C002664,465267.21,USD,DEBIT,CARD,SUCCESS,2026-08-17
T00000779,C002637,692879.73,INR,CREDIT,IMPS,SUCCESS,2026-06-21
T00000780,C002450,872220.51,USD,CREDIT,UPI,SUCCESS,2026-08-16
T00000781,C002296,503737.85,AED,CREDIT,UPI,SUCCESS,2026-02-26
T00000782,C001972,780690.36,INR,DEBIT,UPI,SUCCESS,2026-05-18
T00000783,C000561,841545.77,INR,CREDIT,IMPS,SUCCESS,2026-07-27
T00000784,C000716,561159.23,AED,DEBIT,SWIFT,REVERSED,2026-01-15
T00000785,C002506,769378.87,USD,DEBIT,SWIFT,SUCCESS,2026-05-24
T00000786,C002024,196591.32,AED,CREDIT,UPI,REVERSED,2026-02-17
T00000787,C001971,47027.09,INR,DEBIT,IMPS,SUCCESS,2026-06-23
T00000788,C002985,842096.89,INR,CREDIT,NEFT,PENDING,2026-05-02
T00000789,C001659,505784.55,USD,CREDIT,CARD,SUCCESS,2026-09-22
T00000790,C002510,48405.18,USD,CREDIT,CARD,REVERSED,2026-09-08
T00000791,C001265,182432.24,INR,CREDIT,IMPS,PENDING,2026-01-03
T00000792,C002872,563549.1,INR,DEBIT,UPI,SUCCESS,2026-04-08
T00000793,C000271,895533.45,INR,CREDIT,NEFT,SUCCESS,2026-01-26
T00000794,C001228,16034.46,AED,CREDIT,CARD,SUCCESS,2026-07-25
T00000795,C000749,453724.81,USD,CREDIT,NEFT,FAILED,2026-02-27
T00000796,C003287,66548.09,USD,CREDIT,NEFT,SUCCESS,2026-04-26
T00000797,C001622,748256.63,AED,DEBIT,UPI,FAILED,2026-01-25
T00000798,C003062,750543.15,INR,DEBIT,IMPS,REVERSED,2026-02-23
T00000799,C001085,784372.7,INR,DEBIT,UPI,SUCCESS,2026-04-15
T00000800,C000421,592724.69,INR,DEBIT,UPI,SUCCESS,2026-05-22
T00000801,C001602,104221.98,INR,DEBIT,UPI,REVERSED,2026-07-28
T00000802,C000497,803944.46,INR,CREDIT,IMPS,REVERSED,2026-01-06
T00000803,C002033,636284.22,INR,CREDIT,NEFT,FAILED,2026-03-10
T00000804,C001969,680188.91,INR,DEBIT,CARD,REVERSED,2026-05-09
T00000805,C000731,181340.21,INR,DEBIT,CARD,SUCCESS,2026-05-14
T00000806,C003048,560756.37,INR,CREDIT,SWIFT,PENDING,2026-07-07
T00000807,C002666,521070.24,AED,CREDIT,IMPS,REVERSED,2026-04-20
T00000808,C003180,19150.74,INR,DEBIT,UPI,FAILED,2026-04-17
T00000809,C002872,806505.73,INR,CREDIT,IMPS,SUCCESS,2026-01-24
T00000810,C000860,645985.36,INR,CREDIT,IMPS,REVERSED,2026-08-22
T00000811,C000437,739613.61,AED,DEBIT,CARD,SUCCESS,2026-02-27
T00000812,C001204,329472.89,USD,CREDIT,NEFT,FAILED,2026-05-16
T00000813,C003075,17412.79,USD,DEBIT,SWIFT,SUCCESS,2026-08-04
T00000814,C003410,643789.88,AED,CREDIT,NEFT,SUCCESS,2026-03-20
T00000815,C001879,308354.58,USD,CREDIT,CARD,FAILED,2026-06-18
T00000816,C003154,429257.46,AED,DEBIT,CARD,SUCCESS,2026-05-11
T00000817,C003043,381105.83,INR,DEBIT,IMPS,SUCCESS,2026-04-27
T00000818,C002290,656700.33,USD,CREDIT,UPI,FAILED,2026-07-17
T00000819,C000669,305832.72,INR,DEBIT,SWIFT,FAILED,2026-05-28
T00000820,C000938,895850.97,INR,DEBIT,IMPS,PENDING,2026-08-18
T00000821,C000717,286431.66,INR,DEBIT,SWIFT,FAILED,2026-08-10
T00000822,C000710,124412.55,AED,CREDIT,UPI,PENDING,2026-05-25
T00000823,C003354,433550.36,USD,DEBIT,UPI,REVERSED,2026-08-05
T00000824,C001517,124857.38,INR,CREDIT,IMPS,SUCCESS,2026-03-20
T00000825,C002283,394108.53,USD,DEBIT,NEFT,SUCCESS,2026-04-26
T00000826,C001791,709353.56,AED,CREDIT,CARD,REVERSED,2026-01-10
T00000827,C001847,133539.79,INR,DEBIT,NEFT,SUCCESS,2026-02-22
T00000828,C000513,763529.69,INR,CREDIT,UPI,FAILED,2026-06-12
T00000829,C002724,800912.64,INR,DEBIT,IMPS,SUCCESS,2026-02-14
T00000830,C003236,191674.52,USD,DEBIT,CARD,SUCCESS,2026-03-10
T00000831,C003040,389210.73,USD,DEBIT,IMPS,SUCCESS,2026-01-06
T00000832,C002547,564080.15,INR,DEBIT,IMPS,SUCCESS,2026-04-26
T00000833,C002789,829333.93,USD,CREDIT,IMPS,REVERSED,2026-09-06
T00000834,C001785,857671.32,INR,CREDIT,IMPS,SUCCESS,2026-04-04
T00000835,C000197,45687.35,USD,DEBIT,NEFT,FAILED,2026-08-21
T00000836,C002661,516923.55,USD,CREDIT,NEFT,SUCCESS,2026-01-06
T00000837,C003394,424371.04,USD,CREDIT,SWIFT,PENDING,2026-02-24
T00000838,C002973,899136.02,INR,DEBIT,CARD,SUCCESS,2026-01-25
T00000839,C001558,5651.79,USD,DEBIT,UPI,REVERSED,2026-02-03
T00000840,C002411,179619.84,INR,CREDIT,SWIFT,SUCCESS,2026-08-15
T00000841,C002685,761792.73,USD,CREDIT,UPI,FAILED,2026-01-01
T00000842,C002514,505270.56,INR,CREDIT,NEFT,PENDING,2026-03-13
T00000843,C001994,452514.89,INR,DEBIT,CARD,SUCCESS,2026-03-17
T00000844,C002951,176748.83,INR,CREDIT,SWIFT,FAILED,2026-05-25
T00000845,C001702,371737.82,USD,DEBIT,CARD,REVERSED,2026-09-17
T00000846,C001042,326114.26,AED,DEBIT,CARD,SUCCESS,2026-04-16
T00000847,C000266,848155.58,AED,DEBIT,NEFT,SUCCESS,2026-09-15
T00000848,C000390,538624.02,AED,CREDIT,UPI,SUCCESS,2026-03-15
T00000849,C002148,5350.1,INR,CREDIT,NEFT,SUCCESS,2026-05-22
T00000850,C000897,660663.93,INR,CREDIT,UPI,PENDING,2026-05-17
T00000851,C000606,306077.69,INR,CREDIT,SWIFT,FAILED,2026-04-12
T00000852,C003482,666239.74,INR,CREDIT,CARD,SUCCESS,2026-02-19
T00000853,C001100,660275.99,INR,DEBIT,CARD,FAILED,2026-01-28
T00000854,C001089,796396.66,AED,DEBIT,CARD,REVERSED,2026-09-14
T00000855,C001227,489480.8,AED,CREDIT,SWIFT,REVERSED,2026-06-25
T00000856,C003395,785144.48,INR,CREDIT,IMPS,SUCCESS,2026-04-17
T00000857,C001804,176215.94,USD,CREDIT,UPI,PENDING,2026-07-14
T00000858,C000810,200942.76,USD,CREDIT,NEFT,SUCCESS,2026-03-11
T00000859,C000100,803830.19,INR,CREDIT,SWIFT,REVERSED,2026-04-14
T00000860,C000028,395586.79,INR,DEBIT,IMPS,REVERSED,2026-08-05
T00000861,C002334,188356.46,AED,DEBIT,CARD,FAILED,2026-03-03
T00000862,C001548,703730.68,USD,CREDIT,SWIFT,SUCCESS,2026-08-17
T00000863,C001338,550564.92,USD,DEBIT,UPI,FAILED,2026-02-18
T00000864,C003330,263764.71,USD,CREDIT,NEFT,SUCCESS,2026-01-20
T00000865,C002029,565555.24,INR,DEBIT,NEFT,SUCCESS,2026-07-19
T00000866,C000966,539692.96,USD,DEBIT,CARD,SUCCESS,2026-05-08
T00000867,C000734,212338.04,USD,CREDIT,CARD,SUCCESS,2026-07-08
T00000868,C002296,743682.55,INR,DEBIT,IMPS,SUCCESS,2026-09-04
T00000869,C000091,544149.63,INR,CREDIT,IMPS,SUCCESS,2026-02-10
T00000870,C003076,892893.52,USD,DEBIT,UPI,SUCCESS,2026-07-08
T00000871,C003373,798730.5,USD,CREDIT,IMPS,PENDING,2026-07-02
T00000872,C002963,173113.47,USD,CREDIT,IMPS,SUCCESS,2026-03-22
T00000873,C002103,716601.63,INR,DEBIT,SWIFT,PENDING,2026-04-23
T00000874,C003225,171785.34,INR,CREDIT,IMPS,PENDING,2026-03-21
T00000875,C001659,33078.04,USD,CREDIT,CARD,SUCCESS,2026-03-09
T00000876,C003155,64077.58,USD,DEBIT,UPI,SUCCESS,2026-03-14
T00000877,C003424,128720.91,AED,CREDIT,SWIFT,SUCCESS,2026-03-06
T00000878,C000088,504249.97,USD,CREDIT,IMPS,SUCCESS,2026-02-06
T00000879,C001477,263978.8,INR,CREDIT,NEFT,FAILED,2026-03-05
T00000880,C003201,510331.03,AED,CREDIT,UPI,FAILED,2026-03-04
T00000881,C002267,731779.59,USD,CREDIT,UPI,REVERSED,2026-04-08
T00000882,C003132,68762.54,AED,CREDIT,SWIFT,SUCCESS,2026-07-28
T00000883,C001022,630481.52,USD,DEBIT,IMPS,REVERSED,2026-09-26
T00000884,C001376,136365.22,INR,DEBIT,UPI,PENDING,2026-05-20
T00000885,C003368,307741.6,USD,CREDIT,UPI,SUCCESS,2026-02-28
T00000886,C000382,654123.32,INR,CREDIT,UPI,SUCCESS,2026-03-16
T00000887,C000875,895709.44,AED,DEBIT,CARD,SUCCESS,2026-02-09
T00000888,C000842,621180.03,INR,CREDIT,UPI,REVERSED,2026-05-19
T00000889,C002182,80438.47,AED,CREDIT,IMPS,SUCCESS,2026-02-05
T00000890,C002862,420461.45,AED,CREDIT,SWIFT,SUCCESS,2026-08-28
T00000891,C000622,819257.73,AED,DEBIT,SWIFT,PENDING,2026-05-15
T00000892,C001269,815363.59,INR,DEBIT,NEFT,SUCCESS,2026-07-22
T00000893,C002874,233168.08,USD,CREDIT,CARD,PENDING,2026-04-19
T00000894,C001142,361086.49,INR,DEBIT,CARD,REVERSED,2026-02-07
T00000895,C000723,371901.89,INR,CREDIT,UPI,SUCCESS,2026-08-19
T00000896,C001662,361918.88,AED,CREDIT,UPI,SUCCESS,2026-01-10
T00000897,C002956,775937.09,INR,DEBIT,UPI,SUCCESS,2026-02-27
T00000898,C000605,140673.33,INR,DEBIT,UPI,PENDING,2026-05-21
T00000899,C000417,508001.49,INR,DEBIT,NEFT,REVERSED,2026-02-24
T00000900,C002869,453267.46,INR,DEBIT,SWIFT,SUCCESS,2026-08-08
T00000901,C000874,651836.97,INR,DEBIT,UPI,REVERSED,2026-05-15
T00000902,C001078,700261.54,INR,CREDIT,NEFT,SUCCESS,2026-09-16
T00000903,C001724,331491.83,USD,DEBIT,UPI,SUCCESS,2026-03-09
T00000904,C000600,579119.82,INR,CREDIT,CARD,SUCCESS,2026-02-18
T00000905,C002262,605204.62,USD,DEBIT,CARD,PENDING,2026-02-06
T00000906,C000567,585242.73,INR,DEBIT,NEFT,PENDING,2026-08-28
T00000907,C003181,274752.42,INR,CREDIT,NEFT,SUCCESS,2026-09-20
T00000908,C001576,678330.88,AED,CREDIT,IMPS,FAILED,2026-07-19
T00000909,C000896,850536.08,INR,CREDIT,IMPS,SUCCESS,2026-02-27
T00000910,C001960,662029.33,INR,DEBIT,NEFT,PENDING,2026-08-25
T00000911,C001732,669787.4,USD,DEBIT,NEFT,REVERSED,2026-02-20
T00000912,C001264,675821.66,INR,CREDIT,IMPS,REVERSED,2026-01-11
T00000913,C001852,610516.4,INR,CREDIT,IMPS,PENDING,2026-05-13
T00000914,C001998,269073.15,AED,DEBIT,SWIFT,SUCCESS,2026-07-02
T00000915,C002258,691182.67,INR,DEBIT,CARD,SUCCESS,2026-01-24
T00000916,C001191,265390.07,USD,DEBIT,SWIFT,SUCCESS,2026-07-27
T00000917,C001845,633362.94,INR,DEBIT,UPI,REVERSED,2026-08-14
T00000918,C000864,526564.65,AED,CREDIT,SWIFT,SUCCESS,2026-09-27
T00000919,C001069,225038.91,INR,CREDIT,NEFT,SUCCESS,2026-06-05
T00000920,C002918,390713.77,INR,CREDIT,CARD,PENDING,2026-07-23
T00000921,C000833,414890.24,USD,CREDIT,CARD,SUCCESS,2026-05-12
T00000922,C002249,570791.99,INR,DEBIT,CARD,REVERSED,2026-02-07
T00000923,C003323,494739.87,INR,DEBIT,NEFT,SUCCESS,2026-02-12
T00000924,C002156,426024.87,INR,CREDIT,IMPS,REVERSED,2026-08-23
T00000925,C002015,291177.46,USD,CREDIT,UPI,REVERSED,2026-05-07
T00000926,C000910,509341.83,INR,DEBIT,UPI,SUCCESS,2026-04-16
T00000927,C001387,595826.94,AED,DEBIT,CARD,FAILED,2026-06-14
T00000928,C001305,662958.5,USD,CREDIT,IMPS,REVERSED,2026-08-05
T00000929,C001101,193532.85,AED,CREDIT,IMPS,SUCCESS,2026-05-18
T00000930,C002960,897582.58,AED,CREDIT,SWIFT,PENDING,2026-04-10
T00000931,C002490,127651.58,INR,DEBIT,UPI,SUCCESS,2026-02-21
T00000932,C000070,8737.68,INR,DEBIT,CARD,SUCCESS,2026-07-12
T00000933,C000641,753887.71,AED,CREDIT,IMPS,REVERSED,2026-01-15
T00000934,C002871,153542.31,INR,DEBIT,CARD,REVERSED,2026-08-20
T00000935,C000645,484096.24,USD,DEBIT,NEFT,SUCCESS,2026-09-19
T00000936,C003434,440013.76,AED,CREDIT,CARD,FAILED,2026-01-15
T00000937,C000285,563389.63,USD,CREDIT,IMPS,SUCCESS,2026-01-07
T00000938,C000837,715102.4,USD,DEBIT,SWIFT,REVERSED,2026-07-09
T00000939,C001550,710683.68,INR,CREDIT,IMPS,SUCCESS,2026-07-06
T00000940,C002619,747598.52,USD,CREDIT,UPI,SUCCESS,2026-09-07
T00000941,C001705,115271.09,INR,CREDIT,NEFT,SUCCESS,2026-05-07
T00000942,C000356,565283.97,INR,CREDIT,CARD,SUCCESS,2026-08-05
T00000943,C002474,534438.43,INR,DEBIT,NEFT,FAILED,2026-05-28
T00000944,C003096,531573.51,INR,DEBIT,IMPS,REVERSED,2026-03-14
T00000945,C002635,801167.32,USD,DEBIT,SWIFT,FAILED,2026-09-25
T00000946,C003252,547117.65,AED,CREDIT,IMPS,SUCCESS,2026-02-10
T00000947,C002654,418544.05,INR,CREDIT,NEFT,FAILED,2026-05-24
T00000948,C001236,630083.44,AED,CREDIT,IMPS,SUCCESS,2026-03-07
T00000949,C002749,431724.22,AED,CREDIT,IMPS,SUCCESS,2026-09-02
T00000950,C001034,435292.26,INR,CREDIT,SWIFT,SUCCESS,2026-01-02
T00000951,C003214,817370.84,INR,DEBIT,CARD,SUCCESS,2026-09-01
T00000952,C000156,596631.53,USD,CREDIT,IMPS,SUCCESS,2026-08-02
T00000953,C000777,670455.22,USD,DEBIT,NEFT,PENDING,2026-02-27
T00000954,C000613,225129.14,USD,CREDIT,SWIFT,FAILED,2026-03-20
T00000955,C002869,809399.92,USD,CREDIT,UPI,FAILED,2026-07-18
T00000956,C002445,476038.57,AED,CREDIT,NEFT,PENDING,2026-06-26
T00000957,C000399,674630.2,AED,CREDIT,CARD,SUCCESS,2026-02-28
T00000958,C000418,459333.96,INR,DEBIT,CARD,SUCCESS,2026-06-08
T00000959,C003238,124445.37,AED,CREDIT,UPI,SUCCESS,2026-06-21
T00000960,C002500,14031.63,AED,DEBIT,IMPS,PENDING,2026-09-26
T00000961,C002655,71965.1,USD,CREDIT,UPI,PENDING,2026-08-03
T00000962,C003130,364893.77,INR,DEBIT,UPI,PENDING,2026-03-21
T00000963,C002353,466693.23,INR,DEBIT,CARD,SUCCESS,2026-03-11
T00000964,C000506,212118.85,AED,CREDIT,SWIFT,SUCCESS,2026-08-15
T00000965,C000109,487799.86,USD,CREDIT,CARD,FAILED,2026-01-10
T00000966,C000034,36467.89,INR,CREDIT,SWIFT,FAILED,2026-01-07
T00000967,C002750,874645.91,INR,CREDIT,IMPS,SUCCESS,2026-02-15
T00000968,C000642,456765.23,INR,CREDIT,UPI,REVERSED,2026-06-06
T00000969,C001818,251192.94,AED,DEBIT,CARD,REVERSED,2026-09-24
T00000970,C000388,2058.91,USD,DEBIT,UPI,SUCCESS,2026-08-17
T00000971,C000303,55766.4,INR,DEBIT,NEFT,PENDING,2026-08-08
T00000972,C000179,767831.03,USD,CREDIT,UPI,SUCCESS,2026-08-21
T00000973,C001587,645162.4,INR,CREDIT,CARD,SUCCESS,2026-06-12
T00000974,C001441,738506.51,INR,DEBIT,CARD,FAILED,2026-02-11
T00000975,C002532,488396.33,INR,CREDIT,CARD,FAILED,2026-06-09
T00000976,C001835,29831.02,USD,CREDIT,SWIFT,SUCCESS,2026-09-15
T00000977,C000105,352799.05,AED,DEBIT,IMPS,SUCCESS,2026-01-01
T00000978,C001969,589507.95,AED,DEBIT,UPI,PENDING,2026-04-14
T00000979,C002247,663761.71,AED,DEBIT,UPI,SUCCESS,2026-04-10
T00000980,C001022,543434.89,USD,CREDIT,CARD,REVERSED,2026-03-24
T00000981,C003475,193672.19,INR,DEBIT,UPI,SUCCESS,2026-04-21
T00000982,C000019,201051.54,INR,DEBIT,CARD,REVERSED,2026-02-01
T00000983,C003443,637195.15,AED,DEBIT,UPI,SUCCESS,2026-05-04
T00000984,C000080,890517.5,AED,CREDIT,SWIFT,SUCCESS,2026-05-12
T00000985,C000937,424949.83,USD,DEBIT,CARD,SUCCESS,2026-01-23
T00000986,C001282,398869.77,USD,CREDIT,UPI,PENDING,2026-08-13
T00000987,C002476,2871.26,INR,CREDIT,SWIFT,SUCCESS,2026-06-13
T00000988,C002208,131168.78,INR,CREDIT,UPI,SUCCESS,2026-01-11
T00000989,C002369,86778.25,INR,DEBIT,UPI,SUCCESS,2026-06-09
T00000990,C002797,484249.89,INR,CREDIT,SWIFT,FAILED,2026-09-07
T00000991,C000020,804996.61,AED,CREDIT,UPI,SUCCESS,2026-01-13
T00000992,C000181,627473.59,AED,DEBIT,CARD,PENDING,2026-02-01
T00000993,C001400,179410.08,AED,DEBIT,UPI,SUCCESS,2026-07-06
T00000994,C001813,254120.94,INR,DEBIT,UPI,REVERSED,2026-07-27
T00000995,C003256,862102.53,INR,CREDIT,CARD,REVERSED,2026-05-08
T00000996,C003386,23685.87,INR,DEBIT,UPI,FAILED,2026-03-27
T00000997,C003025,550936.12,INR,CREDIT,NEFT,SUCCESS,2026-03-26
T00000998,C000072,790206.47,AED,CREDIT,CARD,SUCCESS,2026-09-07
T00000999,C002570,628034.24,AED,CREDIT,UPI,SUCCESS,2026-01-25
T00001000,C000089,119186.36,USD,DEBIT,UPI,REVERSED,2026-04-10
T00001001,C003342,403024.92,INR,CREDIT,CARD,PENDING,2026-08-28
T00001002,C000985,192157.04,INR,CREDIT,NEFT,PENDING,2026-03-25
T00001003,C002904,170065.55,AED,CREDIT,SWIFT,REVERSED,2026-02-11
T00001004,C000788,404353.05,USD,DEBIT,UPI,SUCCESS,2026-02-10
T00001005,C001769,822605.24,INR,DEBIT,NEFT,PENDING,2026-07-12
T00001006,C000039,94430.04,INR,CREDIT,NEFT,PENDING,2026-05-15
T00001007,C003469,162019.63,AED,CREDIT,CARD,SUCCESS,2026-08-24
T00001008,C003191,150983.13,USD,CREDIT,CARD,PENDING,2026-07-24
T00001009,C000967,283461.8,USD,CREDIT,CARD,REVERSED,2026-01-17
T00001010,C000279,484492.75,INR,CREDIT,UPI,SUCCESS,2026-02-27
T00001011,C000243,4084.36,INR,DEBIT,SWIFT,REVERSED,2026-06-02
T00001012,C002965,815033.28,INR,DEBIT,CARD,SUCCESS,2026-09-21
T00001013,C001946,807023.22,INR,DEBIT,UPI,FAILED,2026-04-11
T00001014,C001279,883681.29,AED,CREDIT,UPI,SUCCESS,2026-05-01
T00001015,C000224,626315.42,INR,DEBIT,CARD,SUCCESS,2026-02-23
T00001016,C000897,230928.93,INR,DEBIT,NEFT,SUCCESS,2026-01-02
T00001017,C001756,705775.33,USD,DEBIT,SWIFT,PENDING,2026-05-21
T00001018,C002403,639411.95,AED,CREDIT,IMPS,SUCCESS,2026-08-22
T00001019,C000109,228700.99,INR,DEBIT,CARD,PENDING,2026-06-04
T00001020,C000239,743064.95,INR,CREDIT,IMPS,SUCCESS,2026-05-28
T00001021,C000909,194845.55,AED,DEBIT,UPI,SUCCESS,2026-01-19
T00001022,C003161,360810.13,AED,DEBIT,NEFT,SUCCESS,2026-01-27
T00001023,C001427,793254.66,INR,DEBIT,IMPS,SUCCESS,2026-07-04
T00001024,C000929,813911.15,AED,CREDIT,NEFT,SUCCESS,2026-03-12
T00001025,C002492,431600.51,INR,DEBIT,NEFT,SUCCESS,2026-01-11
T00001026,C001111,487724.82,AED,CREDIT,NEFT,REVERSED,2026-05-06
T00001027,C001999,358458.58,INR,DEBIT,CARD,SUCCESS,2026-08-11
T00001028,C003340,805475.14,INR,CREDIT,NEFT,FAILED,2026-01-06
T00001029,C000952,685379.17,INR,CREDIT,IMPS,SUCCESS,2026-02-28
T00001030,C000779,500461.9,USD,DEBIT,NEFT,FAILED,2026-01-04
T00001031,C002468,747149.71,INR,CREDIT,CARD,FAILED,2026-06-17
T00001032,C000422,399784.57,AED,DEBIT,IMPS,REVERSED,2026-05-05
T00001033,C001418,279687.14,USD,DEBIT,CARD,REVERSED,2026-07-07
T00001034,C002454,780841.68,INR,DEBIT,NEFT,SUCCESS,2026-02-10
T00001035,C001031,232006.28,INR,CREDIT,CARD,SUCCESS,2026-01-10
T00001036,C001152,589706.93,USD,CREDIT,NEFT,REVERSED,2026-04-15
T00001037,C000837,760183.79,INR,CREDIT,SWIFT,SUCCESS,2026-01-28
T00001038,C001495,104320.39,INR,CREDIT,SWIFT,SUCCESS,2026-05-19
T00001039,C001062,865722.35,USD,CREDIT,CARD,FAILED,2026-03-26
T00001040,C002286,833954.21,INR,DEBIT,SWIFT,PENDING,2026-03-22
T00001041,C000815,560021.1,INR,DEBIT,NEFT,PENDING,2026-08-14
T00001042,C001833,509604.76,USD,CREDIT,NEFT,SUCCESS,2026-09-25
T00001043,C002949,548286.0,INR,CREDIT,IMPS,SUCCESS,2026-06-11
T00001044,C000840,808592.04,INR,CREDIT,SWIFT,SUCCESS,2026-09-17
T00001045,C002931,343451.35,INR,DEBIT,CARD,FAILED,2026-03-06
T00001046,C000622,522225.39,USD,DEBIT,UPI,FAILED,2026-03-20
T00001047,C003339,351382.98,USD,CREDIT,NEFT,FAILED,2026-05-14
T00001048,C001521,750441.75,AED,DEBIT,NEFT,SUCCESS,2026-02-07
T00001049,C001532,683415.1,INR,CREDIT,UPI,SUCCESS,2026-03-13
T00001050,C001713,424082.51,USD,DEBIT,NEFT,SUCCESS,2026-04-16
T00001051,C002791,870467.76,INR,DEBIT,UPI,REVERSED,2026-01-04
T00001052,C002880,502449.39,AED,DEBIT,NEFT,SUCCESS,2026-05-10
T00001053,C001944,647262.38,AED,DEBIT,IMPS,SUCCESS,2026-06-19
T00001054,C001509,172024.76,AED,DEBIT,IMPS,SUCCESS,2026-05-13
T00001055,C001647,676644.92,INR,DEBIT,IMPS,PENDING,2026-09-06
T00001056,C001668,5426.08,AED,DEBIT,UPI,SUCCESS,2026-02-17
T00001057,C002292,92200.7,USD,CREDIT,UPI,PENDING,2026-03-25
T00001058,C001257,814426.77,AED,DEBIT,SWIFT,REVERSED,2026-07-03
T00001059,C000528,486351.69,USD,DEBIT,CARD,PENDING,2026-02-06
T00001060,C000595,409516.55,USD,CREDIT,CARD,SUCCESS,2026-09-21
T00001061,C001064,553695.62,AED,DEBIT,UPI,SUCCESS,2026-03-25
T00001062,C000732,888465.26,INR,CREDIT,NEFT,FAILED,2026-07-22
T00001063,C002435,729843.38,USD,DEBIT,IMPS,SUCCESS,2026-02-16
T00001064,C002872,377223.98,INR,DEBIT,IMPS,SUCCESS,2026-02-07
T00001065,C000754,850969.85,INR,CREDIT,NEFT,PENDING,2026-02-09
T00001066,C002641,809639.31,AED,DEBIT,IMPS,SUCCESS,2026-01-06
T00001067,C002092,257691.47,INR,DEBIT,IMPS,SUCCESS,2026-03-21
T00001068,C000820,431343.54,USD,DEBIT,SWIFT,SUCCESS,2026-02-25
T00001069,C003132,666828.97,INR,CREDIT,SWIFT,SUCCESS,2026-03-22
T00001070,C001525,742848.74,AED,CREDIT,SWIFT,SUCCESS,2026-08-25
T00001071,C000128,343731.17,INR,CREDIT,NEFT,PENDING,2026-03-14
T00001072,C000438,519598.35,USD,DEBIT,CARD,FAILED,2026-03-27
T00001073,C001877,356262.88,INR,DEBIT,UPI,SUCCESS,2026-08-03
T00001074,C001847,676620.28,USD,DEBIT,CARD,SUCCESS,2026-03-19
T00001075,C001607,889254.53,AED,DEBIT,UPI,PENDING,2026-03-28
T00001076,C002422,851732.02,INR,DEBIT,IMPS,SUCCESS,2026-06-16
T00001077,C000557,35887.89,INR,DEBIT,SWIFT,SUCCESS,2026-09-16
T00001078,C003148,119084.86,AED,CREDIT,UPI,FAILED,2026-02-06
T00001079,C002690,778558.67,USD,CREDIT,NEFT,SUCCESS,2026-05-14
T00001080,C000482,17377.61,INR,CREDIT,CARD,SUCCESS,2026-03-17
T00001081,C002089,33206.83,INR,CREDIT,SWIFT,SUCCESS,2026-03-24
T00001082,C001656,891616.82,INR,DEBIT,NEFT,FAILED,2026-04-01
T00001083,C003118,693649.74,USD,DEBIT,NEFT,SUCCESS,2026-09-05
T00001084,C003174,372692.06,AED,DEBIT,CARD,SUCCESS,2026-08-24
T00001085,C003139,119994.91,INR,DEBIT,SWIFT,FAILED,2026-02-25
T00001086,C000416,827079.19,USD,DEBIT,CARD,FAILED,2026-06-05
T00001087,C002343,331379.33,AED,CREDIT,IMPS,SUCCESS,2026-04-02
T00001088,C002759,287259.2,AED,DEBIT,SWIFT,PENDING,2026-07-20
T00001089,C001892,50915.5,USD,CREDIT,NEFT,SUCCESS,2026-04-12
T00001090,C001753,495160.78,USD,DEBIT,NEFT,PENDING,2026-05-20
T00001091,C001765,613953.97,AED,DEBIT,UPI,PENDING,2026-01-03
T00001092,C002676,197027.22,INR,DEBIT,IMPS,REVERSED,2026-06-19
T00001093,C001072,90977.77,INR,CREDIT,CARD,FAILED,2026-02-26
T00001094,C003456,336049.0,INR,CREDIT,SWIFT,SUCCESS,2026-01-20
T00001095,C000239,231128.51,INR,DEBIT,NEFT,SUCCESS,2026-07-09
T00001096,C002457,84602.69,INR,DEBIT,UPI,FAILED,2026-06-01
T00001097,C001347,754108.33,AED,DEBIT,UPI,PENDING,2026-01-28
T00001098,C000883,122926.97,INR,DEBIT,UPI,SUCCESS,2026-09-22
T00001099,C001248,26221.49,USD,DEBIT,NEFT,FAILED,2026-01-09
T00001100,C002693,462461.31,AED,CREDIT,NEFT,PENDING,2026-01-08
T00001101,C002104,599876.15,AED,CREDIT,IMPS,SUCCESS,2026-03-22
T00001102,C001692,809184.23,AED,CREDIT,CARD,SUCCESS,2026-06-24
T00001103,C000900,297736.44,USD,DEBIT,CARD,REVERSED,2026-06-11
T00001104,C001431,662419.94,INR,DEBIT,SWIFT,SUCCESS,2026-09-11
T00001105,C001077,696500.47,INR,DEBIT,CARD,REVERSED,2026-07-27
T00001106,C001364,891542.44,INR,DEBIT,NEFT,FAILED,2026-08-05
T00001107,C001012,810066.99,INR,DEBIT,UPI,FAILED,2026-09-15
T00001108,C003116,865345.43,INR,CREDIT,IMPS,SUCCESS,2026-06-25
T00001109,C002699,781469.31,USD,CREDIT,CARD,SUCCESS,2026-01-06
T00001110,C002467,865791.37,USD,CREDIT,SWIFT,REVERSED,2026-02-27
T00001111,C000869,41667.2,AED,CREDIT,IMPS,FAILED,2026-09-22
T00001112,C003190,148213.14,USD,CREDIT,UPI,PENDING,2026-01-28
T00001113,C000417,352748.18,INR,CREDIT,IMPS,SUCCESS,2026-08-26
T00001114,C000209,309873.5,AED,DEBIT,CARD,SUCCESS,2026-04-26
T00001115,C001488,817872.18,AED,CREDIT,UPI,SUCCESS,2026-05-16
T00001116,C001658,78433.11,INR,DEBIT,UPI,SUCCESS,2026-04-20
T00001117,C000924,682848.54,USD,DEBIT,CARD,REVERSED,2026-02-19
T00001118,C002154,626792.22,INR,DEBIT,SWIFT,PENDING,2026-04-28
T00001119,C000365,698972.13,INR,CREDIT,UPI,SUCCESS,2026-09-04
T00001120,C001168,795678.76,INR,DEBIT,UPI,SUCCESS,2026-07-23
T00001121,C000997,774654.16,INR,DEBIT,NEFT,SUCCESS,2026-08-18
T00001122,C002591,528462.24,AED,DEBIT,SWIFT,PENDING,2026-04-26
T00001123,C000788,703369.26,INR,DEBIT,UPI,SUCCESS,2026-04-11
T00001124,C000556,494780.85,INR,CREDIT,SWIFT,FAILED,2026-04-08
T00001125,C002857,358798.95,INR,CREDIT,IMPS,SUCCESS,2026-06-17
T00001126,C002367,214933.56,USD,CREDIT,IMPS,SUCCESS,2026-04-07
T00001127,C001856,829170.14,INR,CREDIT,UPI,FAILED,2026-01-26
T00001128,C001000,83061.18,AED,DEBIT,CARD,FAILED,2026-07-28
T00001129,C000533,858067.6,USD,DEBIT,NEFT,SUCCESS,2026-05-14
T00001130,C000046,850355.39,INR,CREDIT,UPI,SUCCESS,2026-04-03
T00001131,C001888,504539.35,INR,DEBIT,UPI,SUCCESS,2026-09-08
T00001132,C001163,385358.17,INR,DEBIT,SWIFT,SUCCESS,2026-07-17
T00001133,C001540,333478.69,INR,CREDIT,IMPS,PENDING,2026-05-25
T00001134,C001059,672327.71,INR,CREDIT,CARD,SUCCESS,2026-02-08
T00001135,C002384,188021.11,INR,CREDIT,NEFT,SUCCESS,2026-06-16
T00001136,C001811,237403.22,INR,DEBIT,SWIFT,PENDING,2026-08-09
T00001137,C000128,99369.33,INR,DEBIT,CARD,REVERSED,2026-07-03
T00001138,C000540,552115.54,USD,CREDIT,UPI,REVERSED,2026-07-25
T00001139,C003460,26818.17,USD,CREDIT,NEFT,FAILED,2026-02-16
T00001140,C003392,639012.56,USD,DEBIT,IMPS,SUCCESS,2026-04-12
T00001141,C000766,633002.43,INR,CREDIT,IMPS,REVERSED,2026-02-28
T00001142,C000978,262638.94,INR,DEBIT,IMPS,SUCCESS,2026-06-17
T00001143,C000988,551781.69,AED,DEBIT,SWIFT,SUCCESS,2026-07-28
T00001144,C000517,780007.38,INR,DEBIT,NEFT,FAILED,2026-08-16
T00001145,C003453,177327.77,INR,DEBIT,UPI,FAILED,2026-04-15
T00001146,C002478,590911.09,AED,DEBIT,IMPS,REVERSED,2026-04-26
T00001147,C002890,252730.89,INR,CREDIT,CARD,SUCCESS,2026-04-04
T00001148,C002707,678706.66,USD,CREDIT,CARD,FAILED,2026-04-25
T00001149,C001754,529985.13,INR,DEBIT,IMPS,SUCCESS,2026-02-07
T00001150,C003481,813709.47,INR,CREDIT,CARD,SUCCESS,2026-02-23
T00001151,C002837,673065.77,AED,CREDIT,UPI,SUCCESS,2026-03-27
T00001152,C001355,103195.6,USD,CREDIT,IMPS,PENDING,2026-03-02
T00001153,C001560,387841.79,USD,CREDIT,UPI,REVERSED,2026-04-24
T00001154,C001194,283917.69,AED,DEBIT,CARD,SUCCESS,2026-03-18
T00001155,C001011,542133.3,INR,CREDIT,UPI,PENDING,2026-06-01
T00001156,C001741,704520.6,INR,CREDIT,IMPS,REVERSED,2026-05-01
T00001157,C001409,136383.35,AED,CREDIT,CARD,REVERSED,2026-02-07
T00001158,C003298,377836.2,INR,DEBIT,NEFT,SUCCESS,2026-06-23
T00001159,C003491,418885.22,AED,CREDIT,UPI,PENDING,2026-01-01
T00001160,C002083,666201.4,INR,CREDIT,UPI,SUCCESS,2026-08-18
T00001161,C003480,353402.77,INR,DEBIT,IMPS,FAILED,2026-08-17
T00001162,C001805,545876.91,INR,CREDIT,CARD,FAILED,2026-07-01
T00001163,C003231,304607.03,INR,CREDIT,IMPS,PENDING,2026-08-03
T00001164,C001778,873147.54,AED,CREDIT,CARD,REVERSED,2026-05-24
T00001165,C003071,576381.87,AED,DEBIT,CARD,SUCCESS,2026-09-05
T00001166,C003378,771201.38,AED,DEBIT,NEFT,SUCCESS,2026-04-13
T00001167,C001377,408710.67,INR,DEBIT,NEFT,SUCCESS,2026-07-21
T00001168,C001032,747366.17,INR,DEBIT,CARD,SUCCESS,2026-01-13
T00001169,C003334,26304.52,USD,CREDIT,NEFT,SUCCESS,2026-09-23
T00001170,C002965,166122.79,AED,DEBIT,NEFT,REVERSED,2026-04-26
T00001171,C000738,78826.14,INR,CREDIT,UPI,PENDING,2026-04-16
T00001172,C001450,220561.99,INR,DEBIT,NEFT,FAILED,2026-04-25
T00001173,C001960,662395.04,AED,DEBIT,NEFT,REVERSED,2026-01-26
T00001174,C001264,582773.04,INR,DEBIT,CARD,SUCCESS,2026-05-03
T00001175,C000176,570792.85,AED,DEBIT,CARD,FAILED,2026-05-14
T00001176,C002187,144287.76,AED,DEBIT,NEFT,SUCCESS,2026-09-09
T00001177,C001570,640333.67,AED,DEBIT,NEFT,FAILED,2026-05-17
T00001178,C001059,349536.21,AED,CREDIT,UPI,SUCCESS,2026-03-14
T00001179,C001039,892723.46,AED,DEBIT,UPI,SUCCESS,2026-01-09
T00001180,C002227,701647.55,AED,CREDIT,SWIFT,SUCCESS,2026-05-14
T00001181,C000099,211383.24,INR,DEBIT,NEFT,SUCCESS,2026-03-18
T00001182,C001136,559467.23,AED,CREDIT,CARD,REVERSED,2026-01-06
T00001183,C000255,319944.65,USD,DEBIT,IMPS,SUCCESS,2026-08-20
T00001184,C001835,822406.14,INR,DEBIT,NEFT,REVERSED,2026-05-07
T00001185,C002680,78552.95,AED,DEBIT,SWIFT,SUCCESS,2026-04-03
T00001186,C001831,830571.27,INR,DEBIT,SWIFT,FAILED,2026-04-15
T00001187,C000671,333902.98,USD,DEBIT,CARD,FAILED,2026-05-04
T00001188,C002374,103075.22,INR,DEBIT,SWIFT,SUCCESS,2026-03-05
T00001189,C001072,268403.59,USD,CREDIT,CARD,SUCCESS,2026-07-15
T00001190,C002367,679496.79,INR,DEBIT,CARD,SUCCESS,2026-05-23
T00001191,C000147,382660.87,AED,CREDIT,SWIFT,PENDING,2026-06-08
T00001192,C000286,12809.55,AED,DEBIT,IMPS,PENDING,2026-09-22
T00001193,C000826,733143.92,INR,DEBIT,NEFT,SUCCESS,2026-05-02
T00001194,C000693,580043.13,USD,DEBIT,CARD,SUCCESS,2026-06-11
T00001195,C003478,710626.14,AED,CREDIT,CARD,PENDING,2026-07-21
T00001196,C000577,678083.3,AED,DEBIT,CARD,PENDING,2026-09-05
T00001197,C002693,42087.99,INR,DEBIT,SWIFT,PENDING,2026-03-25
T00001198,C000426,575101.94,AED,DEBIT,SWIFT,FAILED,2026-07-01
T00001199,C002565,39061.38,AED,DEBIT,UPI,PENDING,2026-08-01
T00001200,C003396,682252.14,AED,DEBIT,SWIFT,PENDING,2026-07-04
T00001201,C000996,791171.61,USD,DEBIT,CARD,SUCCESS,2026-07-03
T00001202,C000326,383973.38,USD,DEBIT,UPI,REVERSED,2026-06-09
T00001203,C001140,814581.89,INR,CREDIT,IMPS,SUCCESS,2026-08-16
T00001204,C002256,755582.24,INR,DEBIT,NEFT,REVERSED,2026-05-15
T00001205,C000884,40831.39,INR,CREDIT,NEFT,SUCCESS,2026-09-13
T00001206,C000078,222030.59,AED,CREDIT,NEFT,SUCCESS,2026-06-20
T00001207,C000214,56359.87,AED,CREDIT,NEFT,FAILED,2026-03-24
T00001208,C002156,485517.3,USD,DEBIT,UPI,SUCCESS,2026-01-17
T00001209,C002425,74698.98,INR,CREDIT,SWIFT,PENDING,2026-05-03
T00001210,C002498,639333.01,AED,CREDIT,SWIFT,SUCCESS,2026-05-15
T00001211,C002928,222129.78,INR,DEBIT,IMPS,SUCCESS,2026-05-23
T00001212,C001740,261016.55,INR,CREDIT,NEFT,SUCCESS,2026-07-02
T00001213,C000391,869708.76,INR,CREDIT,SWIFT,FAILED,2026-07-27
T00001214,C001213,74969.5,INR,DEBIT,CARD,SUCCESS,2026-06-16
T00001215,C003231,842485.75,AED,CREDIT,IMPS,FAILED,2026-09-19
T00001216,C000939,557269.84,INR,CREDIT,UPI,PENDING,2026-07-12
T00001217,C000211,544800.92,USD,CREDIT,NEFT,REVERSED,2026-01-03
T00001218,C003432,511074.72,AED,DEBIT,SWIFT,SUCCESS,2026-09-16
T00001219,C002454,848721.19,AED,DEBIT,CARD,SUCCESS,2026-04-22
T00001220,C000649,223191.26,INR,CREDIT,IMPS,FAILED,2026-01-06
T00001221,C001810,753912.56,INR,DEBIT,IMPS,PENDING,2026-02-26
T00001222,C000134,380659.11,INR,CREDIT,SWIFT,REVERSED,2026-07-11
T00001223,C001702,454253.35,INR,DEBIT,SWIFT,SUCCESS,2026-01-28
T00001224,C000237,566283.65,AED,CREDIT,IMPS,SUCCESS,2026-07-23
T00001225,C002824,105587.79,USD,DEBIT,NEFT,SUCCESS,2026-09-04
T00001226,C001300,761088.74,USD,DEBIT,SWIFT,REVERSED,2026-04-18
T00001227,C002238,100841.33,USD,CREDIT,NEFT,SUCCESS,2026-07-17
T00001228,C002866,163832.54,AED,DEBIT,SWIFT,FAILED,2026-07-18
T00001229,C002443,121576.51,USD,DEBIT,NEFT,SUCCESS,2026-09-27
T00001230,C002868,666778.23,INR,CREDIT,IMPS,REVERSED,2026-04-19
T00001231,C001887,307838.64,AED,DEBIT,NEFT,FAILED,2026-05-27
T00001232,C002705,861473.24,USD,DEBIT,UPI,SUCCESS,2026-08-18
T00001233,C000335,748759.89,INR,CREDIT,IMPS,SUCCESS,2026-02-26
T00001234,C002239,425210.58,AED,CREDIT,IMPS,SUCCESS,2026-01-05
T00001235,C003369,16667.9,INR,CREDIT,CARD,SUCCESS,2026-06-18
T00001236,C002433,220925.02,INR,CREDIT,IMPS,SUCCESS,2026-01-01
T00001237,C002608,859311.33,AED,CREDIT,IMPS,PENDING,2026-08-20
T00001238,C002461,346214.41,AED,DEBIT,IMPS,SUCCESS,2026-03-10
T00001239,C000798,758708.11,INR,DEBIT,IMPS,SUCCESS,2026-07-23
T00001240,C001977,334419.65,AED,CREDIT,NEFT,REVERSED,2026-03-22
T00001241,C002047,103750.2,USD,CREDIT,SWIFT,SUCCESS,2026-03-06
T00001242,C001634,630591.54,INR,CREDIT,SWIFT,SUCCESS,2026-02-15
T00001243,C002820,544295.52,INR,DEBIT,IMPS,SUCCESS,2026-06-24
T00001244,C001056,374566.14,AED,CREDIT,SWIFT,SUCCESS,2026-09-16
T00001245,C001416,309832.16,USD,CREDIT,UPI,SUCCESS,2026-05-14
T00001246,C000182,202061.96,AED,DEBIT,SWIFT,REVERSED,2026-03-01
T00001247,C002034,701784.39,INR,DEBIT,SWIFT,SUCCESS,2026-02-20
T00001248,C002738,377252.74,USD,DEBIT,IMPS,SUCCESS,2026-03-01
T00001249,C002903,425204.94,AED,DEBIT,IMPS,REVERSED,2026-09-22
T00001250,C001289,254026.35,AED,CREDIT,SWIFT,FAILED,2026-02-22
T00001251,C001940,767276.11,INR,CREDIT,NEFT,PENDING,2026-05-18
T00001252,C001319,700987.73,INR,DEBIT,UPI,REVERSED,2026-01-05
T00001253,C002818,541164.46,AED,CREDIT,SWIFT,FAILED,2026-07-02
T00001254,C001802,632650.12,INR,CREDIT,IMPS,SUCCESS,2026-02-24
T00001255,C001472,446563.16,AED,CREDIT,NEFT,FAILED,2026-05-20
T00001256,C001765,764159.34,INR,CREDIT,IMPS,SUCCESS,2026-04-18
T00001257,C002872,504866.1,USD,DEBIT,CARD,SUCCESS,2026-02-13
T00001258,C000481,419601.3,AED,DEBIT,CARD,FAILED,2026-06-14
T00001259,C001896,1963.16,INR,CREDIT,SWIFT,PENDING,2026-09-19
T00001260,C000176,697130.58,AED,CREDIT,CARD,SUCCESS,2026-07-27
T00001261,C001709,471062.2,AED,DEBIT,NEFT,FAILED,2026-04-21
T00001262,C001087,333241.57,INR,CREDIT,UPI,SUCCESS,2026-09-25
T00001263,C001995,530433.31,AED,CREDIT,NEFT,PENDING,2026-07-03
T00001264,C002667,58792.52,USD,CREDIT,SWIFT,SUCCESS,2026-06-02
T00001265,C000128,449572.14,INR,CREDIT,NEFT,PENDING,2026-03-05
T00001266,C002533,531594.12,INR,CREDIT,SWIFT,SUCCESS,2026-07-08
T00001267,C002168,98434.38,INR,DEBIT,CARD,SUCCESS,2026-05-15
T00001268,C001856,845602.54,AED,CREDIT,UPI,SUCCESS,2026-08-09
T00001269,C000142,218999.2,AED,DEBIT,CARD,SUCCESS,2026-06-14
T00001270,C001045,439508.99,USD,DEBIT,CARD,FAILED,2026-03-18
T00001271,C001882,299515.22,INR,DEBIT,SWIFT,FAILED,2026-07-18
T00001272,C001078,224093.22,USD,CREDIT,NEFT,SUCCESS,2026-02-06
T00001273,C000975,666165.53,USD,DEBIT,SWIFT,SUCCESS,2026-03-10
T00001274,C002572,834013.32,AED,DEBIT,SWIFT,SUCCESS,2026-01-28
T00001275,C000661,839221.71,INR,DEBIT,NEFT,REVERSED,2026-06-19
T00001276,C000968,556954.94,INR,CREDIT,IMPS,REVERSED,2026-01-24
T00001277,C002304,262253.45,USD,DEBIT,CARD,PENDING,2026-08-19
T00001278,C002280,44406.14,INR,CREDIT,CARD,SUCCESS,2026-04-25
T00001279,C001900,147468.02,INR,DEBIT,SWIFT,REVERSED,2026-07-07
T00001280,C000644,186925.07,USD,DEBIT,UPI,FAILED,2026-02-11
T00001281,C000486,657038.14,AED,DEBIT,UPI,SUCCESS,2026-04-09
T00001282,C001285,427365.19,AED,CREDIT,UPI,SUCCESS,2026-03-08
T00001283,C001675,168199.47,USD,CREDIT,UPI,SUCCESS,2026-06-05
T00001284,C001014,580101.98,AED,CREDIT,NEFT,SUCCESS,2026-07-10
T00001285,C000451,414085.82,INR,CREDIT,IMPS,PENDING,2026-09-24
T00001286,C001408,735043.29,INR,DEBIT,UPI,PENDING,2026-02-02
T00001287,C002077,313602.74,INR,CREDIT,SWIFT,REVERSED,2026-05-18
T00001288,C002850,819562.26,INR,CREDIT,IMPS,FAILED,2026-03-05
T00001289,C000877,517005.67,INR,DEBIT,CARD,REVERSED,2026-02-23
T00001290,C003114,549902.23,INR,CREDIT,SWIFT,SUCCESS,2026-06-22
T00001291,C000067,393675.96,AED,CREDIT,UPI,PENDING,2026-07-10
T00001292,C003140,184383.05,AED,CREDIT,UPI,REVERSED,2026-02-17
T00001293,C000467,287141.27,INR,DEBIT,CARD,PENDING,2026-09-15
T00001294,C000679,205397.47,INR,CREDIT,SWIFT,FAILED,2026-01-03
T00001295,C000283,731040.36,INR,CREDIT,SWIFT,REVERSED,2026-08-07
T00001296,C003434,844664.53,INR,DEBIT,UPI,PENDING,2026-07-06
T00001297,C000621,844271.38,USD,DEBIT,NEFT,SUCCESS,2026-04-18
T00001298,C000833,593912.66,INR,DEBIT,IMPS,SUCCESS,2026-03-24
T00001299,C001092,297306.18,USD,CREDIT,IMPS,PENDING,2026-08-14
T00001300,C001965,895569.18,INR,DEBIT,IMPS,PENDING,2026-03-10
T00001301,C000914,437552.49,INR,CREDIT,CARD,SUCCESS,2026-03-23
T00001302,C002430,582542.94,INR,DEBIT,IMPS,SUCCESS,2026-01-27
T00001303,C002047,507954.53,INR,DEBIT,CARD,PENDING,2026-07-12
T00001304,C001328,748719.3,INR,DEBIT,CARD,SUCCESS,2026-06-20
T00001305,C002311,394743.84,INR,CREDIT,SWIFT,PENDING,2026-03-13
T00001306,C003496,430540.32,AED,CREDIT,CARD,SUCCESS,2026-05-03
T00001307,C001312,275896.71,AED,DEBIT,SWIFT,REVERSED,2026-01-25
T00001308,C001165,850911.05,AED,CREDIT,CARD,REVERSED,2026-05-26
T00001309,C002710,742455.92,INR,DEBIT,SWIFT,SUCCESS,2026-08-01
T00001310,C001973,146667.09,AED,DEBIT,SWIFT,SUCCESS,2026-02-19
T00001311,C000066,96206.77,AED,CREDIT,IMPS,SUCCESS,2026-04-08
T00001312,C003195,250622.92,INR,CREDIT,NEFT,REVERSED,2026-08-03
T00001313,C000975,143402.04,INR,DEBIT,IMPS,SUCCESS,2026-08-03
T00001314,C001722,69628.39,INR,CREDIT,NEFT,REVERSED,2026-08-02
T00001315,C001653,222385.54,AED,DEBIT,SWIFT,FAILED,2026-05-01
T00001316,C001792,499242.97,USD,CREDIT,CARD,SUCCESS,2026-03-26
T00001317,C002838,488217.86,AED,CREDIT,IMPS,SUCCESS,2026-08-03
T00001318,C002780,72462.91,INR,CREDIT,NEFT,PENDING,2026-07-19
T00001319,C002882,643253.69,USD,CREDIT,IMPS,REVERSED,2026-03-25
T00001320,C001072,870190.78,INR,CREDIT,CARD,SUCCESS,2026-09-20
T00001321,C000834,504323.84,AED,CREDIT,CARD,PENDING,2026-04-01
T00001322,C003198,60534.41,INR,DEBIT,CARD,PENDING,2026-05-22
T00001323,C002184,637229.29,INR,DEBIT,UPI,FAILED,2026-07-02
T00001324,C001103,99720.47,AED,DEBIT,IMPS,SUCCESS,2026-05-06
T00001325,C000656,62200.22,INR,DEBIT,UPI,SUCCESS,2026-05-15
T00001326,C002783,71183.44,AED,CREDIT,IMPS,SUCCESS,2026-08-24
T00001327,C000984,538166.86,USD,CREDIT,IMPS,SUCCESS,2026-03-26
T00001328,C002633,731563.56,USD,CREDIT,SWIFT,PENDING,2026-03-11
T00001329,C002239,772040.61,INR,DEBIT,CARD,SUCCESS,2026-09-12
T00001330,C003183,815275.74,USD,CREDIT,CARD,PENDING,2026-08-24
T00001331,C002712,321372.29,INR,CREDIT,IMPS,PENDING,2026-02-23
T00001332,C000098,353114.97,USD,DEBIT,SWIFT,FAILED,2026-03-25
T00001333,C002963,590648.46,INR,DEBIT,IMPS,SUCCESS,2026-01-11
T00001334,C001049,45981.99,INR,DEBIT,CARD,SUCCESS,2026-04-22
T00001335,C001986,34587.19,USD,CREDIT,SWIFT,REVERSED,2026-03-19
T00001336,C000572,744999.5,USD,DEBIT,NEFT,SUCCESS,2026-08-26
T00001337,C002206,126074.27,USD,DEBIT,IMPS,REVERSED,2026-05-18
T00001338,C001545,711746.36,USD,CREDIT,UPI,REVERSED,2026-01-02
T00001339,C000388,816444.33,AED,DEBIT,IMPS,SUCCESS,2026-03-03
T00001340,C001867,171194.94,INR,DEBIT,UPI,REVERSED,2026-08-07
T00001341,C002140,213242.86,AED,DEBIT,UPI,REVERSED,2026-06-21
T00001342,C000436,230482.17,USD,DEBIT,UPI,REVERSED,2026-06-16
T00001343,C000643,875175.14,INR,CREDIT,UPI,SUCCESS,2026-09-08
T00001344,C002399,368570.53,INR,CREDIT,UPI,SUCCESS,2026-08-12
T00001345,C002199,29511.99,INR,CREDIT,SWIFT,REVERSED,2026-03-16
T00001346,C003386,336725.29,USD,DEBIT,NEFT,FAILED,2026-08-17
T00001347,C003290,610482.02,INR,CREDIT,NEFT,SUCCESS,2026-02-06
T00001348,C001789,239443.44,INR,CREDIT,CARD,PENDING,2026-08-08
T00001349,C003282,602522.96,INR,CREDIT,IMPS,REVERSED,2026-05-24
T00001350,C002250,85876.32,INR,CREDIT,SWIFT,SUCCESS,2026-06-15
T00001351,C001880,432817.71,USD,DEBIT,IMPS,SUCCESS,2026-08-05
T00001352,C001815,631655.11,INR,DEBIT,IMPS,SUCCESS,2026-02-08
T00001353,C002667,120306.8,USD,CREDIT,SWIFT,SUCCESS,2026-08-20
T00001354,C002480,22145.16,USD,DEBIT,CARD,SUCCESS,2026-09-01
T00001355,C002345,252580.37,USD,CREDIT,IMPS,SUCCESS,2026-06-13
T00001356,C000158,655654.21,INR,CREDIT,NEFT,FAILED,2026-01-21
T00001357,C002518,132788.38,INR,CREDIT,SWIFT,SUCCESS,2026-06-13
T00001358,C001323,396383.35,USD,DEBIT,UPI,PENDING,2026-06-01
T00001359,C001785,750508.26,INR,DEBIT,NEFT,PENDING,2026-03-05
T00001360,C002052,27375.84,AED,CREDIT,UPI,FAILED,2026-07-09
T00001361,C002384,709895.83,INR,DEBIT,NEFT,SUCCESS,2026-08-25
T00001362,C000714,159926.32,INR,CREDIT,NEFT,PENDING,2026-04-24
T00001363,C003437,578374.69,INR,CREDIT,IMPS,PENDING,2026-03-15
T00001364,C001950,722823.05,INR,DEBIT,NEFT,SUCCESS,2026-04-02
T00001365,C002813,209000.01,USD,CREDIT,NEFT,SUCCESS,2026-01-11
T00001366,C001075,429463.6,AED,CREDIT,UPI,SUCCESS,2026-06-17
T00001367,C001717,167324.08,INR,CREDIT,NEFT,SUCCESS,2026-07-02
T00001368,C003027,563799.71,AED,DEBIT,IMPS,SUCCESS,2026-09-10
T00001369,C001549,247788.02,INR,DEBIT,IMPS,SUCCESS,2026-09-09
T00001370,C002830,281631.5,AED,DEBIT,UPI,SUCCESS,2026-06-13
T00001371,C000727,386082.31,INR,DEBIT,SWIFT,SUCCESS,2026-01-06
T00001372,C003019,695047.79,AED,DEBIT,NEFT,PENDING,2026-02-09
T00001373,C000605,203038.76,USD,CREDIT,NEFT,REVERSED,2026-05-09
T00001374,C002379,470979.2,AED,CREDIT,IMPS,PENDING,2026-02-20
T00001375,C002770,179276.12,AED,CREDIT,CARD,SUCCESS,2026-07-09
T00001376,C001785,827672.54,INR,CREDIT,CARD,SUCCESS,2026-08-11
T00001377,C001885,354828.71,AED,DEBIT,CARD,SUCCESS,2026-05-07
T00001378,C001757,280595.41,AED,CREDIT,NEFT,SUCCESS,2026-04-25
T00001379,C000990,794344.86,INR,CREDIT,UPI,FAILED,2026-05-10
T00001380,C001529,638037.2,INR,DEBIT,SWIFT,SUCCESS,2026-02-11
T00001381,C000443,873885.89,INR,DEBIT,IMPS,REVERSED,2026-04-16
T00001382,C002082,516919.13,INR,CREDIT,NEFT,SUCCESS,2026-01-18
T00001383,C001939,493100.58,AED,CREDIT,SWIFT,SUCCESS,2026-07-07
T00001384,C001609,119931.86,INR,DEBIT,NEFT,FAILED,2026-07-22
T00001385,C002223,55556.78,INR,DEBIT,UPI,FAILED,2026-05-28
T00001386,C001295,855489.91,INR,DEBIT,IMPS,SUCCESS,2026-06-03
T00001387,C001262,489350.42,USD,CREDIT,CARD,FAILED,2026-02-22
T00001388,C001722,169181.55,AED,CREDIT,IMPS,REVERSED,2026-01-04
T00001389,C002327,94025.12,AED,CREDIT,CARD,SUCCESS,2026-07-28
T00001390,C000819,843261.75,USD,DEBIT,CARD,SUCCESS,2026-01-23
T00001391,C001982,804310.03,INR,DEBIT,IMPS,SUCCESS,2026-02-15
T00001392,C000152,532079.1,INR,DEBIT,NEFT,FAILED,2026-08-09
T00001393,C001240,635764.74,INR,CREDIT,UPI,SUCCESS,2026-04-16
T00001394,C003311,237661.17,INR,CREDIT,SWIFT,SUCCESS,2026-03-27
T00001395,C001473,557767.4,INR,CREDIT,IMPS,SUCCESS,2026-04-08
T00001396,C002343,844860.86,USD,DEBIT,IMPS,SUCCESS,2026-06-26
T00001397,C000666,754914.0,INR,CREDIT,UPI,SUCCESS,2026-02-03
T00001398,C002389,540785.38,USD,CREDIT,CARD,PENDING,2026-01-10
T00001399,C001375,856636.54,AED,CREDIT,SWIFT,SUCCESS,2026-04-16
T00001400,C000442,143384.1,AED,CREDIT,CARD,SUCCESS,2026-01-05
T00001401,C000248,776944.73,INR,DEBIT,CARD,SUCCESS,2026-07-27
T00001402,C003213,41421.53,INR,CREDIT,NEFT,FAILED,2026-08-06
T00001403,C001452,532423.51,USD,CREDIT,SWIFT,SUCCESS,2026-01-09
T00001404,C000280,395641.81,INR,CREDIT,IMPS,FAILED,2026-03-21
T00001405,C001646,346702.2,INR,CREDIT,SWIFT,SUCCESS,2026-03-20
T00001406,C000500,401182.14,INR,DEBIT,CARD,SUCCESS,2026-06-28
T00001407,C000678,120144.77,AED,CREDIT,UPI,SUCCESS,2026-06-11
T00001408,C000098,146199.48,INR,CREDIT,NEFT,REVERSED,2026-01-04
T00001409,C000666,665064.67,INR,CREDIT,SWIFT,SUCCESS,2026-05-14
T00001410,C001345,840216.15,INR,DEBIT,IMPS,FAILED,2026-07-27
T00001411,C001989,873433.82,INR,DEBIT,SWIFT,SUCCESS,2026-05-11
T00001412,C001313,864732.95,INR,DEBIT,IMPS,REVERSED,2026-01-21
T00001413,C002467,894142.85,INR,DEBIT,UPI,FAILED,2026-01-19
T00001414,C001153,405198.15,AED,CREDIT,UPI,SUCCESS,2026-02-24
T00001415,C002961,11901.98,INR,DEBIT,IMPS,SUCCESS,2026-02-16
T00001416,C002308,878191.43,INR,CREDIT,UPI,FAILED,2026-06-08
T00001417,C000851,306603.13,AED,DEBIT,NEFT,SUCCESS,2026-04-15
T00001418,C002809,44697.01,INR,CREDIT,CARD,REVERSED,2026-05-07
T00001419,C001216,111919.26,INR,DEBIT,NEFT,SUCCESS,2026-02-02
T00001420,C002317,317233.54,INR,CREDIT,UPI,REVERSED,2026-06-27
T00001421,C002497,796697.8,INR,DEBIT,CARD,REVERSED,2026-07-09
T00001422,C001700,443703.22,INR,DEBIT,CARD,SUCCESS,2026-03-03
T00001423,C001531,437334.48,INR,DEBIT,IMPS,SUCCESS,2026-07-10
T00001424,C001577,110908.94,INR,CREDIT,SWIFT,PENDING,2026-05-01
T00001425,C003082,602627.14,AED,CREDIT,IMPS,SUCCESS,2026-03-05
T00001426,C000396,674636.33,INR,DEBIT,CARD,SUCCESS,2026-05-12
T00001427,C000722,566963.64,INR,CREDIT,IMPS,SUCCESS,2026-08-15
T00001428,C001715,392791.88,INR,DEBIT,SWIFT,SUCCESS,2026-02-11
T00001429,C001894,116914.76,INR,DEBIT,NEFT,SUCCESS,2026-01-11
T00001430,C000262,669967.03,AED,CREDIT,IMPS,FAILED,2026-07-05
T00001431,C000343,891714.7,INR,DEBIT,CARD,SUCCESS,2026-01-26
T00001432,C002359,892936.12,USD,DEBIT,IMPS,SUCCESS,2026-07-23
T00001433,C002137,571480.45,USD,CREDIT,UPI,SUCCESS,2026-06-01
T00001434,C003350,450846.81,AED,DEBIT,SWIFT,FAILED,2026-04-05
T00001435,C002019,557289.49,INR,DEBIT,SWIFT,SUCCESS,2026-06-17
T00001436,C002585,790638.0,AED,DEBIT,UPI,FAILED,2026-03-05
T00001437,C001771,586898.26,AED,CREDIT,NEFT,SUCCESS,2026-08-19
T00001438,C000027,490095.25,AED,CREDIT,NEFT,SUCCESS,2026-05-13
T00001439,C002783,876139.26,INR,CREDIT,IMPS,PENDING,2026-01-06
T00001440,C002123,633134.04,AED,CREDIT,NEFT,FAILED,2026-02-02
T00001441,C003429,332536.21,INR,DEBIT,CARD,REVERSED,2026-06-03
T00001442,C002818,88672.15,AED,DEBIT,NEFT,FAILED,2026-02-07
T00001443,C000482,448564.44,USD,DEBIT,NEFT,FAILED,2026-02-09
T00001444,C002767,688349.57,USD,CREDIT,SWIFT,REVERSED,2026-03-05
T00001445,C003440,688247.11,INR,CREDIT,IMPS,SUCCESS,2026-01-19
T00001446,C001879,350896.33,AED,CREDIT,IMPS,SUCCESS,2026-06-24
T00001447,C001882,758415.28,INR,CREDIT,NEFT,REVERSED,2026-05-11
T00001448,C003136,223265.13,AED,CREDIT,CARD,SUCCESS,2026-07-03
T00001449,C002927,207843.32,AED,DEBIT,CARD,REVERSED,2026-06-02
T00001450,C003128,458735.33,AED,CREDIT,IMPS,SUCCESS,2026-06-04
T00001451,C003430,606227.02,USD,DEBIT,NEFT,SUCCESS,2026-08-08
T00001452,C000220,270142.62,INR,CREDIT,NEFT,SUCCESS,2026-07-09
T00001453,C002406,180953.94,INR,DEBIT,SWIFT,SUCCESS,2026-05-06
T00001454,C000749,15174.71,AED,CREDIT,IMPS,SUCCESS,2026-05-20
T00001455,C002058,670358.01,AED,CREDIT,CARD,SUCCESS,2026-03-04
T00001456,C002433,69591.0,INR,CREDIT,UPI,SUCCESS,2026-02-07
T00001457,C002918,325814.68,USD,CREDIT,CARD,REVERSED,2026-07-21
T00001458,C000299,747823.01,INR,DEBIT,IMPS,SUCCESS,2026-08-18
T00001459,C002011,624742.59,AED,DEBIT,IMPS,SUCCESS,2026-07-15
T00001460,C001942,441227.14,INR,CREDIT,CARD,PENDING,2026-01-13
T00001461,C002367,30635.78,AED,DEBIT,IMPS,REVERSED,2026-06-14
T00001462,C002962,525042.45,INR,CREDIT,NEFT,REVERSED,2026-06-19
T00001463,C000517,727939.58,AED,DEBIT,NEFT,FAILED,2026-09-03
T00001464,C001041,135809.66,USD,CREDIT,UPI,FAILED,2026-05-27
T00001465,C003118,454595.3,USD,DEBIT,CARD,REVERSED,2026-04-19
T00001466,C000906,73589.27,INR,CREDIT,UPI,PENDING,2026-05-28
T00001467,C001971,407122.12,INR,DEBIT,SWIFT,PENDING,2026-07-13
T00001468,C003185,873145.83,USD,DEBIT,IMPS,SUCCESS,2026-02-07
T00001469,C002918,494441.34,INR,CREDIT,NEFT,SUCCESS,2026-08-19
T00001470,C001369,514758.76,USD,CREDIT,CARD,FAILED,2026-06-08
T00001471,C001266,642736.07,INR,CREDIT,UPI,SUCCESS,2026-08-24
T00001472,C001086,798776.01,INR,CREDIT,UPI,REVERSED,2026-07-14
T00001473,C002205,646817.91,AED,CREDIT,IMPS,SUCCESS,2026-07-02
T00001474,C000801,142845.27,INR,DEBIT,NEFT,PENDING,2026-05-02
T00001475,C001140,472161.48,INR,DEBIT,SWIFT,SUCCESS,2026-09-03
T00001476,C003496,550440.82,AED,CREDIT,IMPS,FAILED,2026-07-22
T00001477,C000040,747361.1,AED,DEBIT,CARD,SUCCESS,2026-03-04
T00001478,C001326,231267.04,AED,CREDIT,IMPS,REVERSED,2026-09-18
T00001479,C000410,809106.08,INR,DEBIT,CARD,PENDING,2026-04-22
T00001480,C002262,655736.35,USD,CREDIT,UPI,SUCCESS,2026-02-08
T00001481,C002797,355396.13,INR,DEBIT,SWIFT,SUCCESS,2026-05-19
T00001482,C001957,696561.61,AED,CREDIT,SWIFT,SUCCESS,2026-07-15
T00001483,C002639,125951.95,USD,DEBIT,UPI,FAILED,2026-02-16
T00001484,C003440,709061.8,AED,DEBIT,CARD,SUCCESS,2026-06-08
T00001485,C000003,155058.89,USD,CREDIT,IMPS,SUCCESS,2026-06-01
T00001486,C002769,19525.09,INR,CREDIT,IMPS,SUCCESS,2026-04-24
T00001487,C000346,370075.76,INR,DEBIT,CARD,PENDING,2026-01-20
T00001488,C002769,718596.32,AED,CREDIT,UPI,PENDING,2026-08-18
T00001489,C000589,302006.33,AED,DEBIT,IMPS,PENDING,2026-01-10
T00001490,C001284,686128.37,INR,DEBIT,UPI,SUCCESS,2026-05-16
T00001491,C001203,467322.13,USD,CREDIT,UPI,SUCCESS,2026-06-28
T00001492,C002950,194811.68,AED,CREDIT,UPI,FAILED,2026-05-25
T00001493,C001038,621071.76,INR,DEBIT,SWIFT,SUCCESS,2026-02-20
T00001494,C000138,512002.33,INR,DEBIT,UPI,FAILED,2026-07-24
T00001495,C001595,870633.77,INR,DEBIT,CARD,SUCCESS,2026-07-12
T00001496,C001992,136142.38,USD,CREDIT,NEFT,SUCCESS,2026-09-10
T00001497,C000937,6410.65,INR,CREDIT,CARD,FAILED,2026-02-27
T00001498,C001346,883626.27,USD,CREDIT,UPI,PENDING,2026-08-25
T00001499,C003007,340812.68,INR,DEBIT,IMPS,SUCCESS,2026-02-08
T00001500,C000345,628170.65,INR,DEBIT,UPI,FAILED,2026-09-04
T00001501,C001977,221568.86,AED,DEBIT,NEFT,SUCCESS,2026-02-07
T00001502,C002657,113078.5,INR,DEBIT,NEFT,SUCCESS,2026-05-03
T00001503,C000901,556802.85,INR,CREDIT,SWIFT,SUCCESS,2026-07-12
T00001504,C001123,550807.51,AED,DEBIT,NEFT,SUCCESS,2026-06-23
T00001505,C000807,57110.3,INR,DEBIT,NEFT,SUCCESS,2026-01-03
T00001506,C000986,880874.24,INR,CREDIT,CARD,REVERSED,2026-03-06
T00001507,C000126,485436.94,AED,DEBIT,CARD,FAILED,2026-07-24
T00001508,C003185,813870.76,AED,DEBIT,UPI,REVERSED,2026-03-03
T00001509,C002349,381456.22,USD,DEBIT,UPI,REVERSED,2026-02-01
T00001510,C003465,743275.96,INR,DEBIT,SWIFT,SUCCESS,2026-01-10
T00001511,C001342,409103.52,AED,CREDIT,NEFT,REVERSED,2026-06-09
T00001512,C002794,678111.1,USD,CREDIT,NEFT,PENDING,2026-06-22
T00001513,C001858,113897.51,AED,DEBIT,IMPS,SUCCESS,2026-09-19
T00001514,C002636,560407.65,INR,DEBIT,SWIFT,SUCCESS,2026-07-24
T00001515,C002946,69931.21,INR,DEBIT,UPI,PENDING,2026-09-04
T00001516,C002713,603565.29,INR,CREDIT,UPI,SUCCESS,2026-08-13
T00001517,C001381,396775.92,AED,DEBIT,NEFT,SUCCESS,2026-08-13
T00001518,C001670,604144.4,USD,DEBIT,CARD,SUCCESS,2026-03-07
T00001519,C001576,499721.81,AED,CREDIT,SWIFT,SUCCESS,2026-08-17
T00001520,C001102,479212.34,AED,CREDIT,CARD,FAILED,2026-07-12
T00001521,C001975,620523.24,INR,DEBIT,SWIFT,PENDING,2026-09-05
T00001522,C003248,41056.68,AED,CREDIT,CARD,PENDING,2026-04-18
T00001523,C002905,570812.28,USD,CREDIT,CARD,SUCCESS,2026-02-01
T00001524,C000733,737225.93,INR,CREDIT,IMPS,REVERSED,2026-06-13
T00001525,C000662,16780.36,AED,DEBIT,CARD,SUCCESS,2026-06-11
T00001526,C001980,32269.96,AED,CREDIT,NEFT,REVERSED,2026-09-04
T00001527,C002884,278878.75,INR,DEBIT,CARD,SUCCESS,2026-05-24
T00001528,C001363,447107.57,INR,CREDIT,IMPS,SUCCESS,2026-03-01
T00001529,C001951,380052.76,AED,DEBIT,IMPS,PENDING,2026-01-27
T00001530,C000195,576264.58,USD,DEBIT,IMPS,FAILED,2026-01-27
T00001531,C001563,615226.1,AED,CREDIT,IMPS,PENDING,2026-02-15
T00001532,C000204,98810.24,AED,DEBIT,SWIFT,SUCCESS,2026-08-17
T00001533,C002159,744312.87,INR,DEBIT,NEFT,SUCCESS,2026-08-18
T00001534,C002749,860532.01,AED,DEBIT,NEFT,PENDING,2026-09-19
T00001535,C003104,693283.21,INR,DEBIT,NEFT,REVERSED,2026-02-03
T00001536,C002707,526306.32,INR,CREDIT,CARD,PENDING,2026-06-06
T00001537,C001998,112072.53,INR,CREDIT,IMPS,SUCCESS,2026-06-14
T00001538,C002429,752699.12,AED,CREDIT,UPI,PENDING,2026-05-25
T00001539,C000989,631266.93,INR,DEBIT,SWIFT,FAILED,2026-02-15
T00001540,C003148,404377.68,AED,CREDIT,IMPS,REVERSED,2026-01-04
T00001541,C000786,326898.3,AED,CREDIT,NEFT,SUCCESS,2026-06-08
T00001542,C000136,298340.06,AED,DEBIT,IMPS,SUCCESS,2026-02-05
T00001543,C002181,559807.17,INR,CREDIT,NEFT,SUCCESS,2026-02-10
T00001544,C003486,90005.78,AED,CREDIT,CARD,REVERSED,2026-05-16
T00001545,C001158,751495.08,INR,DEBIT,UPI,REVERSED,2026-02-18
T00001546,C000461,430302.6,INR,CREDIT,CARD,SUCCESS,2026-03-21
T00001547,C002701,677917.57,USD,CREDIT,UPI,SUCCESS,2026-01-28
T00001548,C000084,776881.1,AED,CREDIT,IMPS,FAILED,2026-05-14
T00001549,C001700,421821.54,AED,DEBIT,CARD,REVERSED,2026-07-27
T00001550,C000517,68035.12,USD,DEBIT,UPI,SUCCESS,2026-07-12
T00001551,C001458,483661.51,AED,CREDIT,NEFT,SUCCESS,2026-04-11
T00001552,C002501,238207.83,INR,CREDIT,IMPS,FAILED,2026-08-25
T00001553,C002147,30084.32,INR,DEBIT,IMPS,PENDING,2026-08-19
T00001554,C003169,711150.21,USD,DEBIT,NEFT,PENDING,2026-08-07
T00001555,C001142,387989.56,INR,DEBIT,NEFT,SUCCESS,2026-09-02
T00001556,C002087,22704.94,INR,DEBIT,CARD,SUCCESS,2026-01-28
T00001557,C001885,329874.57,USD,DEBIT,CARD,PENDING,2026-05-22
T00001558,C001619,534006.54,USD,CREDIT,IMPS,PENDING,2026-06-18
T00001559,C000039,428403.45,INR,DEBIT,IMPS,SUCCESS,2026-02-12
T00001560,C001889,40357.26,INR,CREDIT,SWIFT,SUCCESS,2026-05-19
T00001561,C000986,137272.89,INR,DEBIT,SWIFT,PENDING,2026-05-18
T00001562,C002898,41745.86,USD,CREDIT,UPI,SUCCESS,2026-07-11
T00001563,C000978,98391.27,AED,DEBIT,UPI,FAILED,2026-01-14
T00001564,C003241,506900.14,INR,DEBIT,UPI,FAILED,2026-05-22
T00001565,C002762,739167.42,USD,CREDIT,CARD,REVERSED,2026-06-10
T00001566,C001472,640257.21,USD,CREDIT,CARD,SUCCESS,2026-01-25
T00001567,C001406,398402.64,USD,CREDIT,SWIFT,SUCCESS,2026-09-23
T00001568,C000971,591840.42,USD,DEBIT,IMPS,FAILED,2026-05-07
T00001569,C000783,225703.31,INR,CREDIT,NEFT,FAILED,2026-02-25
T00001570,C002791,706535.55,INR,DEBIT,SWIFT,REVERSED,2026-03-21
T00001571,C003054,866911.23,AED,DEBIT,SWIFT,SUCCESS,2026-04-05
T00001572,C002069,147346.97,INR,DEBIT,SWIFT,SUCCESS,2026-01-23
T00001573,C002341,511333.21,INR,CREDIT,IMPS,SUCCESS,2026-03-08
T00001574,C001458,266713.99,USD,CREDIT,UPI,SUCCESS,2026-02-08
T00001575,C002005,324387.14,INR,CREDIT,CARD,SUCCESS,2026-04-14
T00001576,C002860,388841.03,INR,CREDIT,UPI,REVERSED,2026-01-20
T00001577,C000534,200781.08,AED,DEBIT,CARD,SUCCESS,2026-03-11
T00001578,C001715,133013.63,INR,CREDIT,CARD,SUCCESS,2026-04-23
T00001579,C001952,556641.18,USD,CREDIT,SWIFT,SUCCESS,2026-04-28
T00001580,C003124,402072.93,INR,DEBIT,CARD,SUCCESS,2026-02-09
T00001581,C002400,253631.98,INR,CREDIT,SWIFT,FAILED,2026-07-06
T00001582,C000361,560748.39,INR,DEBIT,IMPS,SUCCESS,2026-02-05
T00001583,C001542,714224.95,INR,CREDIT,UPI,SUCCESS,2026-09-14
T00001584,C000809,683412.57,AED,DEBIT,NEFT,SUCCESS,2026-02-12
T00001585,C002474,3950.29,AED,CREDIT,SWIFT,SUCCESS,2026-04-17
T00001586,C003004,67306.53,INR,DEBIT,NEFT,FAILED,2026-05-08
T00001587,C000194,73772.01,INR,DEBIT,SWIFT,FAILED,2026-09-12
T00001588,C003367,88749.46,INR,DEBIT,UPI,SUCCESS,2026-01-11
T00001589,C000929,710234.49,USD,CREDIT,IMPS,REVERSED,2026-06-17
T00001590,C002077,115906.83,USD,DEBIT,NEFT,REVERSED,2026-03-09
T00001591,C003021,417496.28,AED,DEBIT,SWIFT,SUCCESS,2026-04-22
T00001592,C000287,45511.44,INR,CREDIT,NEFT,PENDING,2026-06-16
T00001593,C000694,507377.8,INR,DEBIT,IMPS,SUCCESS,2026-04-08
T00001594,C002980,785332.82,AED,CREDIT,CARD,FAILED,2026-05-28
T00001595,C002250,753321.24,AED,CREDIT,UPI,SUCCESS,2026-04-16
T00001596,C003237,77668.43,INR,CREDIT,IMPS,SUCCESS,2026-08-16
T00001597,C000407,695335.6,USD,CREDIT,CARD,FAILED,2026-03-22
T00001598,C000983,378878.38,INR,DEBIT,CARD,SUCCESS,2026-02-08
T00001599,C002248,48712.58,INR,CREDIT,UPI,SUCCESS,2026-09-19
T00001600,C001203,273097.28,INR,CREDIT,UPI,FAILED,2026-01-18
T00001601,C002684,809163.5,INR,DEBIT,CARD,SUCCESS,2026-04-24
T00001602,C002169,841631.17,USD,CREDIT,NEFT,SUCCESS,2026-06-11
T00001603,C002646,213015.52,INR,DEBIT,CARD,SUCCESS,2026-03-20
T00001604,C002184,160531.99,AED,CREDIT,IMPS,FAILED,2026-08-05
T00001605,C000496,441212.88,INR,DEBIT,UPI,REVERSED,2026-07-16
T00001606,C001837,818683.37,AED,CREDIT,UPI,REVERSED,2026-03-16
T00001607,C003303,452988.23,AED,DEBIT,IMPS,PENDING,2026-04-07
T00001608,C003018,498356.37,USD,CREDIT,UPI,FAILED,2026-08-25
T00001609,C002680,731985.16,AED,DEBIT,IMPS,SUCCESS,2026-02-14
T00001610,C000165,106522.21,AED,CREDIT,IMPS,SUCCESS,2026-08-25
T00001611,C000099,528784.6,USD,CREDIT,IMPS,PENDING,2026-08-05
T00001612,C001478,617452.53,INR,DEBIT,UPI,SUCCESS,2026-07-23
T00001613,C001272,726513.91,USD,CREDIT,UPI,SUCCESS,2026-03-03
T00001614,C002743,186986.47,INR,DEBIT,NEFT,SUCCESS,2026-02-08
T00001615,C002438,791848.41,INR,DEBIT,IMPS,FAILED,2026-09-02
T00001616,C000774,121304.56,INR,CREDIT,IMPS,FAILED,2026-08-28
T00001617,C000991,576731.22,INR,CREDIT,NEFT,REVERSED,2026-05-03
T00001618,C003209,778373.78,INR,DEBIT,IMPS,SUCCESS,2026-09-28
T00001619,C003362,480988.16,INR,CREDIT,IMPS,SUCCESS,2026-03-26
T00001620,C003161,460345.22,USD,CREDIT,UPI,SUCCESS,2026-07-25
T00001621,C000390,489930.66,INR,DEBIT,UPI,SUCCESS,2026-07-23
T00001622,C001607,645104.6,AED,DEBIT,CARD,FAILED,2026-06-22
T00001623,C001388,390808.85,AED,CREDIT,SWIFT,SUCCESS,2026-07-18
T00001624,C003054,377891.16,INR,DEBIT,UPI,SUCCESS,2026-08-20
T00001625,C000604,57997.07,USD,CREDIT,NEFT,REVERSED,2026-03-03
T00001626,C002485,220678.78,INR,DEBIT,SWIFT,REVERSED,2026-09-02
T00001627,C001115,334112.78,AED,DEBIT,NEFT,SUCCESS,2026-06-05
T00001628,C000433,19358.84,AED,CREDIT,SWIFT,SUCCESS,2026-02-05
T00001629,C001919,435944.3,INR,DEBIT,NEFT,REVERSED,2026-02-12
T00001630,C001033,195643.95,INR,DEBIT,CARD,SUCCESS,2026-01-15
T00001631,C003017,693440.3,AED,DEBIT,CARD,SUCCESS,2026-05-12
T00001632,C000987,486744.17,INR,CREDIT,IMPS,FAILED,2026-01-07
T00001633,C001998,817363.97,USD,DEBIT,NEFT,PENDING,2026-02-11
T00001634,C002205,827506.05,AED,CREDIT,IMPS,SUCCESS,2026-08-18
T00001635,C000288,479632.1,AED,CREDIT,SWIFT,FAILED,2026-03-24
T00001636,C003410,586778.67,INR,DEBIT,SWIFT,FAILED,2026-01-26
T00001637,C002975,615658.09,INR,DEBIT,NEFT,SUCCESS,2026-09-11
T00001638,C002253,65336.38,INR,CREDIT,NEFT,SUCCESS,2026-05-18
T00001639,C003349,552673.06,INR,DEBIT,NEFT,SUCCESS,2026-05-03
T00001640,C002441,483286.26,INR,DEBIT,CARD,SUCCESS,2026-09-10
T00001641,C003117,708982.89,INR,DEBIT,IMPS,PENDING,2026-01-10
T00001642,C002538,481505.31,INR,DEBIT,CARD,SUCCESS,2026-05-06
T00001643,C002427,594671.12,AED,DEBIT,CARD,PENDING,2026-01-08
T00001644,C002095,663647.42,INR,DEBIT,CARD,PENDING,2026-04-11
T00001645,C002688,743600.51,INR,DEBIT,UPI,SUCCESS,2026-07-14
T00001646,C002152,667401.21,USD,CREDIT,SWIFT,SUCCESS,2026-06-23
T00001647,C002904,475752.66,USD,CREDIT,CARD,SUCCESS,2026-03-01
T00001648,C000524,491555.03,USD,CREDIT,SWIFT,SUCCESS,2026-06-05
T00001649,C001934,664000.28,USD,CREDIT,SWIFT,REVERSED,2026-08-14
T00001650,C002598,333101.36,INR,DEBIT,CARD,SUCCESS,2026-01-14
T00001651,C000484,292291.14,AED,CREDIT,SWIFT,SUCCESS,2026-05-15
T00001652,C003008,410671.46,AED,DEBIT,UPI,REVERSED,2026-02-27
T00001653,C002166,652108.52,USD,CREDIT,IMPS,SUCCESS,2026-05-26
T00001654,C002387,40134.41,USD,CREDIT,NEFT,SUCCESS,2026-07-11
T00001655,C001398,327658.87,INR,DEBIT,UPI,REVERSED,2026-08-05
T00001656,C001410,517006.12,USD,CREDIT,UPI,PENDING,2026-04-18
T00001657,C003402,348610.54,INR,DEBIT,NEFT,FAILED,2026-05-24
T00001658,C001963,541004.85,AED,DEBIT,SWIFT,SUCCESS,2026-09-05
T00001659,C000065,784747.37,USD,DEBIT,UPI,SUCCESS,2026-06-28
T00001660,C003187,700508.32,AED,CREDIT,NEFT,PENDING,2026-08-12
T00001661,C000380,716434.42,AED,CREDIT,SWIFT,SUCCESS,2026-08-16
T00001662,C001385,392400.5,INR,CREDIT,CARD,SUCCESS,2026-02-06
T00001663,C003495,265416.75,USD,CREDIT,NEFT,SUCCESS,2026-01-11
T00001664,C002128,78910.2,AED,DEBIT,IMPS,SUCCESS,2026-04-15
T00001665,C003368,367400.63,USD,CREDIT,CARD,PENDING,2026-04-26
T00001666,C001382,761717.79,INR,CREDIT,NEFT,SUCCESS,2026-05-08
T00001667,C002406,241885.09,AED,CREDIT,NEFT,SUCCESS,2026-01-16
T00001668,C001431,79925.92,INR,DEBIT,IMPS,REVERSED,2026-07-10
T00001669,C001172,109526.59,USD,CREDIT,CARD,FAILED,2026-06-21
T00001670,C002531,484052.73,INR,CREDIT,IMPS,SUCCESS,2026-06-05
T00001671,C003496,362397.4,INR,CREDIT,CARD,FAILED,2026-08-14
T00001672,C002711,214493.15,AED,CREDIT,CARD,FAILED,2026-02-25
T00001673,C002842,322429.52,USD,DEBIT,NEFT,FAILED,2026-05-24
T00001674,C000459,532875.33,AED,DEBIT,NEFT,PENDING,2026-04-23
T00001675,C001754,402786.29,INR,DEBIT,IMPS,SUCCESS,2026-03-24
T00001676,C003357,185248.75,INR,DEBIT,CARD,PENDING,2026-08-07
T00001677,C002553,891121.85,AED,DEBIT,NEFT,REVERSED,2026-08-05
T00001678,C002675,653016.08,USD,CREDIT,NEFT,PENDING,2026-06-12
T00001679,C001481,160520.84,INR,DEBIT,NEFT,SUCCESS,2026-04-11
T00001680,C003338,152193.2,INR,CREDIT,SWIFT,FAILED,2026-01-06
T00001681,C000567,797394.39,AED,CREDIT,CARD,FAILED,2026-07-10
T00001682,C001686,229465.07,AED,DEBIT,IMPS,SUCCESS,2026-06-11
T00001683,C002586,427330.06,INR,CREDIT,CARD,PENDING,2026-09-19
T00001684,C003391,201125.92,USD,CREDIT,NEFT,REVERSED,2026-09-28
T00001685,C002839,598535.53,AED,CREDIT,IMPS,REVERSED,2026-01-22
T00001686,C001404,217709.1,USD,DEBIT,NEFT,FAILED,2026-06-22
T00001687,C000082,770427.09,USD,DEBIT,CARD,PENDING,2026-02-07
T00001688,C001354,693727.8,INR,DEBIT,SWIFT,SUCCESS,2026-08-18
T00001689,C001479,343675.14,INR,DEBIT,NEFT,REVERSED,2026-06-27
T00001690,C000632,389208.71,INR,DEBIT,SWIFT,PENDING,2026-04-27
T00001691,C001895,607474.82,USD,DEBIT,UPI,REVERSED,2026-07-01
T00001692,C000535,652947.84,USD,DEBIT,IMPS,SUCCESS,2026-04-04
T00001693,C003307,68770.12,AED,DEBIT,CARD,PENDING,2026-01-06
T00001694,C000764,776398.33,USD,CREDIT,CARD,SUCCESS,2026-05-19
T00001695,C001980,449358.4,INR,DEBIT,UPI,FAILED,2026-04-22
T00001696,C002932,689402.75,INR,DEBIT,NEFT,SUCCESS,2026-05-28
T00001697,C000495,560743.1,USD,DEBIT,UPI,SUCCESS,2026-03-11
T00001698,C002531,32257.97,AED,DEBIT,SWIFT,REVERSED,2026-04-22
T00001699,C002195,451528.93,AED,CREDIT,CARD,SUCCESS,2026-09-24
T00001700,C002897,734980.17,AED,CREDIT,CARD,SUCCESS,2026-02-25
T00001701,C003431,323617.18,AED,DEBIT,CARD,PENDING,2026-03-21
T00001702,C000942,248829.29,INR,CREDIT,CARD,SUCCESS,2026-06-21
T00001703,C000348,473458.41,USD,DEBIT,UPI,PENDING,2026-01-16
T00001704,C002850,772580.2,INR,DEBIT,IMPS,SUCCESS,2026-03-01
T00001705,C002042,899177.75,INR,DEBIT,UPI,SUCCESS,2026-05-20
T00001706,C003285,686410.41,INR,DEBIT,SWIFT,SUCCESS,2026-01-09
T00001707,C000256,550980.69,AED,DEBIT,UPI,SUCCESS,2026-02-24
T00001708,C003315,20325.22,USD,CREDIT,CARD,FAILED,2026-07-16
T00001709,C000527,313.53,AED,DEBIT,UPI,SUCCESS,2026-01-20
T00001710,C000687,411273.03,INR,CREDIT,UPI,SUCCESS,2026-07-22
T00001711,C002223,216677.95,INR,DEBIT,UPI,SUCCESS,2026-03-09
T00001712,C003227,82057.74,INR,CREDIT,NEFT,PENDING,2026-08-05
T00001713,C001303,121725.85,AED,CREDIT,CARD,SUCCESS,2026-08-09
T00001714,C003454,520742.08,AED,CREDIT,UPI,PENDING,2026-06-24
T00001715,C001074,430190.72,AED,CREDIT,NEFT,SUCCESS,2026-06-12
T00001716,C002430,617787.96,INR,CREDIT,SWIFT,SUCCESS,2026-07-07
T00001717,C003060,511092.58,INR,CREDIT,CARD,SUCCESS,2026-09-24
T00001718,C002683,746107.08,USD,CREDIT,UPI,REVERSED,2026-04-21
T00001719,C002313,773014.04,INR,CREDIT,NEFT,FAILED,2026-01-14
T00001720,C000527,245146.96,AED,CREDIT,SWIFT,FAILED,2026-01-06
T00001721,C002267,149972.38,USD,CREDIT,UPI,SUCCESS,2026-06-03
T00001722,C000075,706407.11,INR,CREDIT,CARD,REVERSED,2026-04-13
T00001723,C002263,761352.18,INR,DEBIT,NEFT,PENDING,2026-01-09
T00001724,C001978,187609.29,INR,DEBIT,UPI,REVERSED,2026-06-22
T00001725,C003449,15733.05,INR,DEBIT,IMPS,PENDING,2026-06-26
T00001726,C001581,707181.06,INR,DEBIT,UPI,SUCCESS,2026-08-12
T00001727,C000920,13574.11,INR,DEBIT,SWIFT,REVERSED,2026-02-04
T00001728,C002501,482404.25,INR,DEBIT,IMPS,SUCCESS,2026-01-20
T00001729,C001005,810174.1,INR,CREDIT,UPI,SUCCESS,2026-02-16
T00001730,C001609,172738.95,USD,CREDIT,NEFT,SUCCESS,2026-09-18
T00001731,C000899,61057.18,AED,DEBIT,CARD,SUCCESS,2026-03-11
T00001732,C001320,90539.09,USD,CREDIT,IMPS,FAILED,2026-09-04
T00001733,C000541,613387.63,INR,DEBIT,CARD,SUCCESS,2026-05-09
T00001734,C000796,103781.14,USD,DEBIT,UPI,FAILED,2026-04-06
T00001735,C003055,218801.46,INR,CREDIT,UPI,SUCCESS,2026-03-15
T00001736,C003309,601106.74,INR,CREDIT,IMPS,FAILED,2026-01-12
T00001737,C003498,385783.86,INR,DEBIT,NEFT,SUCCESS,2026-06-05
T00001738,C000533,235236.9,USD,DEBIT,IMPS,SUCCESS,2026-06-22
T00001739,C003380,438290.44,INR,DEBIT,IMPS,PENDING,2026-06-02
T00001740,C002641,61320.36,INR,CREDIT,UPI,FAILED,2026-04-11
T00001741,C002697,674360.44,INR,CREDIT,SWIFT,SUCCESS,2026-06-26
T00001742,C001268,261974.48,INR,CREDIT,NEFT,REVERSED,2026-08-23
T00001743,C000089,139212.07,USD,DEBIT,IMPS,SUCCESS,2026-05-15
T00001744,C000014,105543.77,USD,DEBIT,SWIFT,PENDING,2026-01-02
T00001745,C001389,376987.75,AED,CREDIT,NEFT,FAILED,2026-01-13
T00001746,C001284,509729.07,AED,CREDIT,UPI,SUCCESS,2026-07-17
T00001747,C003231,499117.87,INR,DEBIT,UPI,SUCCESS,2026-04-17
T00001748,C000232,565761.56,USD,DEBIT,CARD,REVERSED,2026-05-14
T00001749,C000980,179085.25,USD,DEBIT,IMPS,SUCCESS,2026-04-07
T00001750,C001304,639756.77,INR,CREDIT,CARD,SUCCESS,2026-05-19
T00001751,C002955,388276.96,INR,CREDIT,IMPS,SUCCESS,2026-03-23
T00001752,C001589,351779.32,INR,CREDIT,NEFT,SUCCESS,2026-02-07
T00001753,C000845,431224.7,INR,DEBIT,SWIFT,REVERSED,2026-06-22
T00001754,C001652,710914.85,AED,DEBIT,IMPS,SUCCESS,2026-02-19
T00001755,C001318,376044.07,USD,DEBIT,CARD,SUCCESS,2026-01-05
T00001756,C000086,226009.98,USD,CREDIT,CARD,PENDING,2026-04-08
T00001757,C002712,831754.3,AED,DEBIT,CARD,SUCCESS,2026-09-08
T00001758,C001954,35857.08,USD,DEBIT,SWIFT,PENDING,2026-05-23
T00001759,C003298,653856.6,INR,CREDIT,NEFT,REVERSED,2026-04-12
T00001760,C000597,495352.2,INR,CREDIT,NEFT,SUCCESS,2026-01-07
T00001761,C003264,833575.98,USD,DEBIT,NEFT,SUCCESS,2026-04-17
T00001762,C002878,268785.96,INR,CREDIT,IMPS,SUCCESS,2026-02-19
T00001763,C000699,523402.33,INR,CREDIT,IMPS,SUCCESS,2026-03-16
T00001764,C001679,231993.14,AED,DEBIT,NEFT,PENDING,2026-09-10
T00001765,C002133,164515.0,INR,DEBIT,UPI,PENDING,2026-09-01
T00001766,C001521,438213.51,INR,CREDIT,NEFT,FAILED,2026-01-02
T00001767,C002688,577970.18,AED,DEBIT,CARD,SUCCESS,2026-03-14
T00001768,C002197,252956.67,USD,DEBIT,CARD,SUCCESS,2026-09-06
T00001769,C002857,305800.66,INR,CREDIT,SWIFT,PENDING,2026-04-28
T00001770,C003286,476634.29,USD,DEBIT,NEFT,FAILED,2026-09-22
T00001771,C003482,136441.48,INR,DEBIT,NEFT,SUCCESS,2026-04-26
T00001772,C001857,868211.62,AED,DEBIT,NEFT,REVERSED,2026-07-02
T00001773,C000116,232909.55,INR,DEBIT,NEFT,SUCCESS,2026-08-23
T00001774,C000334,472458.44,USD,DEBIT,NEFT,SUCCESS,2026-04-19
T00001775,C001456,487322.73,INR,DEBIT,IMPS,SUCCESS,2026-02-25
T00001776,C003173,29101.77,AED,CREDIT,CARD,PENDING,2026-05-25
T00001777,C001427,4754.28,USD,CREDIT,IMPS,REVERSED,2026-09-10
T00001778,C000606,153059.63,USD,CREDIT,CARD,REVERSED,2026-06-17
T00001779,C003237,891186.52,INR,CREDIT,CARD,SUCCESS,2026-05-03
T00001780,C001384,317934.91,INR,DEBIT,UPI,SUCCESS,2026-01-24
T00001781,C000915,68781.72,INR,DEBIT,IMPS,FAILED,2026-07-24
T00001782,C001114,193658.43,INR,DEBIT,NEFT,SUCCESS,2026-03-04
T00001783,C003228,679168.42,INR,DEBIT,SWIFT,FAILED,2026-01-09
T00001784,C000260,82305.5,USD,DEBIT,CARD,REVERSED,2026-06-05
T00001785,C002580,383281.59,INR,CREDIT,NEFT,PENDING,2026-03-05
T00001786,C001912,753371.38,INR,CREDIT,CARD,PENDING,2026-03-24
T00001787,C002014,361570.31,INR,DEBIT,CARD,SUCCESS,2026-07-17
T00001788,C001240,155482.7,AED,DEBIT,NEFT,SUCCESS,2026-09-03
T00001789,C000967,331851.74,USD,CREDIT,IMPS,REVERSED,2026-09-24
T00001790,C001705,767678.67,USD,DEBIT,CARD,SUCCESS,2026-07-25
T00001791,C002344,149322.67,USD,DEBIT,UPI,SUCCESS,2026-02-11
T00001792,C003347,198807.32,USD,DEBIT,UPI,SUCCESS,2026-08-05
T00001793,C002212,797800.68,AED,DEBIT,UPI,PENDING,2026-06-15
T00001794,C002272,234727.86,INR,CREDIT,CARD,SUCCESS,2026-01-07
T00001795,C000185,153703.67,USD,DEBIT,UPI,SUCCESS,2026-05-01
T00001796,C003142,485057.0,INR,CREDIT,UPI,SUCCESS,2026-06-09
T00001797,C001034,434387.73,AED,DEBIT,SWIFT,SUCCESS,2026-09-03
T00001798,C000004,765835.3,INR,CREDIT,UPI,PENDING,2026-02-24
T00001799,C000096,283087.7,USD,DEBIT,SWIFT,FAILED,2026-03-07
T00001800,C000423,885502.31,USD,CREDIT,UPI,SUCCESS,2026-07-03
T00001801,C001141,739523.35,USD,DEBIT,SWIFT,SUCCESS,2026-08-11
T00001802,C003226,187715.32,AED,DEBIT,UPI,FAILED,2026-06-17
T00001803,C001108,490719.59,AED,CREDIT,SWIFT,FAILED,2026-08-04
T00001804,C003129,410846.24,AED,CREDIT,NEFT,PENDING,2026-08-19
T00001805,C003304,791851.15,USD,DEBIT,IMPS,SUCCESS,2026-07-24
T00001806,C001070,41577.13,INR,DEBIT,IMPS,SUCCESS,2026-04-27
T00001807,C000302,564467.89,AED,CREDIT,SWIFT,SUCCESS,2026-04-10
T00001808,C001207,790227.88,USD,CREDIT,CARD,SUCCESS,2026-09-28
T00001809,C002436,251555.13,INR,CREDIT,CARD,SUCCESS,2026-03-19
T00001810,C001989,411199.12,INR,CREDIT,SWIFT,SUCCESS,2026-07-24
T00001811,C003198,765552.1,INR,DEBIT,CARD,SUCCESS,2026-05-20
T00001812,C000754,615104.07,INR,CREDIT,IMPS,REVERSED,2026-09-11
T00001813,C002408,610236.17,AED,CREDIT,UPI,REVERSED,2026-04-17
T00001814,C001177,684896.7,INR,CREDIT,UPI,REVERSED,2026-06-13
T00001815,C003218,137552.07,USD,CREDIT,NEFT,SUCCESS,2026-01-02
T00001816,C003398,58137.72,INR,DEBIT,IMPS,REVERSED,2026-08-13
T00001817,C002648,707836.62,INR,DEBIT,NEFT,SUCCESS,2026-03-15
T00001818,C000618,484143.71,INR,DEBIT,IMPS,FAILED,2026-07-12
T00001819,C003451,779058.5,INR,CREDIT,NEFT,SUCCESS,2026-06-10
T00001820,C000609,82858.35,INR,DEBIT,NEFT,REVERSED,2026-08-28
T00001821,C001025,665410.58,INR,DEBIT,IMPS,FAILED,2026-05-05
T00001822,C000416,799566.12,AED,DEBIT,CARD,SUCCESS,2026-09-12
T00001823,C000098,45852.34,INR,DEBIT,UPI,FAILED,2026-01-18
T00001824,C000297,130709.13,INR,DEBIT,SWIFT,SUCCESS,2026-01-08
T00001825,C000396,243794.54,INR,DEBIT,IMPS,SUCCESS,2026-05-04
T00001826,C001068,12831.66,INR,CREDIT,NEFT,SUCCESS,2026-05-26
T00001827,C000457,19093.89,AED,CREDIT,IMPS,REVERSED,2026-03-22
T00001828,C001805,159757.47,INR,DEBIT,NEFT,SUCCESS,2026-07-09
T00001829,C002617,381123.81,INR,DEBIT,NEFT,SUCCESS,2026-07-06
T00001830,C001441,358367.6,AED,CREDIT,UPI,REVERSED,2026-08-11
T00001831,C001343,516870.66,AED,DEBIT,UPI,SUCCESS,2026-09-08
T00001832,C001585,628767.78,USD,DEBIT,NEFT,SUCCESS,2026-02-02
T00001833,C002705,387600.26,INR,DEBIT,IMPS,REVERSED,2026-09-02
T00001834,C001064,694106.5,USD,CREDIT,NEFT,REVERSED,2026-04-16
T00001835,C002757,656517.29,INR,CREDIT,IMPS,SUCCESS,2026-03-27
T00001836,C001852,228337.76,INR,CREDIT,UPI,SUCCESS,2026-05-14
T00001837,C003438,796996.58,USD,DEBIT,NEFT,FAILED,2026-09-22
T00001838,C001598,355293.56,INR,DEBIT,SWIFT,PENDING,2026-04-07
T00001839,C000927,710377.72,AED,DEBIT,NEFT,SUCCESS,2026-06-08
T00001840,C000997,411572.29,INR,CREDIT,NEFT,SUCCESS,2026-04-26
T00001841,C000171,810446.21,USD,DEBIT,UPI,FAILED,2026-06-08
T00001842,C001810,469923.18,INR,CREDIT,IMPS,PENDING,2026-06-12
T00001843,C001601,32809.56,INR,CREDIT,SWIFT,SUCCESS,2026-04-10
T00001844,C000379,258254.78,USD,DEBIT,NEFT,SUCCESS,2026-09-02
T00001845,C003317,777117.03,INR,DEBIT,CARD,SUCCESS,2026-05-15
T00001846,C003152,492162.53,AED,DEBIT,CARD,FAILED,2026-06-16
T00001847,C002260,624460.5,AED,CREDIT,NEFT,SUCCESS,2026-02-14
T00001848,C001722,92727.31,USD,CREDIT,UPI,FAILED,2026-01-15
T00001849,C001545,161107.87,INR,CREDIT,SWIFT,SUCCESS,2026-05-10
T00001850,C003261,814003.84,INR,CREDIT,UPI,SUCCESS,2026-06-03
T00001851,C001575,99357.81,AED,CREDIT,IMPS,FAILED,2026-04-09
T00001852,C003170,377501.04,USD,CREDIT,IMPS,FAILED,2026-06-05
T00001853,C003387,340069.61,USD,CREDIT,NEFT,PENDING,2026-09-25
T00001854,C000526,893059.3,INR,DEBIT,NEFT,SUCCESS,2026-05-08
T00001855,C001062,438305.18,INR,CREDIT,CARD,REVERSED,2026-02-10
T00001856,C001770,577286.76,INR,CREDIT,UPI,FAILED,2026-07-25
T00001857,C003471,222831.23,USD,CREDIT,SWIFT,SUCCESS,2026-09-05
T00001858,C000999,705103.95,INR,DEBIT,UPI,SUCCESS,2026-07-24
T00001859,C000587,655163.97,INR,DEBIT,CARD,FAILED,2026-04-23
T00001860,C002966,6646.81,USD,CREDIT,UPI,FAILED,2026-05-17
T00001861,C000548,150650.41,INR,DEBIT,IMPS,FAILED,2026-09-12
T00001862,C003356,609319.74,INR,DEBIT,CARD,SUCCESS,2026-03-23
T00001863,C000831,831231.66,USD,CREDIT,CARD,FAILED,2026-01-26
T00001864,C000507,240350.23,INR,DEBIT,UPI,REVERSED,2026-06-18
T00001865,C003008,307708.21,INR,CREDIT,SWIFT,FAILED,2026-08-19
T00001866,C002055,305296.28,INR,DEBIT,IMPS,SUCCESS,2026-04-19
T00001867,C002584,601239.99,USD,DEBIT,SWIFT,SUCCESS,2026-02-27
T00001868,C002113,107758.56,INR,DEBIT,NEFT,SUCCESS,2026-01-05
T00001869,C000631,829858.71,INR,DEBIT,CARD,REVERSED,2026-05-22
T00001870,C002169,413520.31,INR,CREDIT,NEFT,SUCCESS,2026-01-07
T00001871,C001980,537783.95,INR,DEBIT,SWIFT,SUCCESS,2026-05-20
T00001872,C003127,287363.65,INR,CREDIT,CARD,SUCCESS,2026-06-13
T00001873,C000351,649883.94,INR,CREDIT,UPI,FAILED,2026-04-26
T00001874,C001363,19991.01,INR,CREDIT,IMPS,SUCCESS,2026-03-25
T00001875,C002893,612121.72,USD,DEBIT,UPI,SUCCESS,2026-03-27
T00001876,C002072,109555.3,INR,DEBIT,UPI,SUCCESS,2026-03-26
T00001877,C002709,868709.62,INR,CREDIT,SWIFT,PENDING,2026-06-26
T00001878,C001160,368942.78,USD,CREDIT,NEFT,SUCCESS,2026-01-02
T00001879,C003164,218387.95,INR,CREDIT,SWIFT,SUCCESS,2026-03-16
T00001880,C002268,382240.07,INR,CREDIT,UPI,FAILED,2026-03-06
T00001881,C003320,58405.04,USD,CREDIT,SWIFT,REVERSED,2026-08-15
T00001882,C003319,186704.79,INR,DEBIT,CARD,SUCCESS,2026-02-06
T00001883,C002857,1021.54,AED,CREDIT,NEFT,SUCCESS,2026-01-04
T00001884,C001758,841128.23,INR,DEBIT,UPI,PENDING,2026-05-07
T00001885,C002025,256113.36,AED,CREDIT,CARD,SUCCESS,2026-06-02
T00001886,C002523,425208.68,INR,CREDIT,NEFT,SUCCESS,2026-03-17
T00001887,C003430,807673.22,INR,DEBIT,UPI,SUCCESS,2026-07-28
T00001888,C001463,538.02,USD,CREDIT,NEFT,SUCCESS,2026-01-25
T00001889,C002679,552876.79,INR,DEBIT,SWIFT,SUCCESS,2026-04-10
T00001890,C002495,327852.12,USD,CREDIT,SWIFT,REVERSED,2026-03-02
T00001891,C000678,191104.68,AED,DEBIT,SWIFT,SUCCESS,2026-06-06
T00001892,C002752,813942.93,INR,DEBIT,IMPS,SUCCESS,2026-05-19
T00001893,C000571,884387.02,AED,DEBIT,NEFT,SUCCESS,2026-09-13
T00001894,C002627,590157.26,INR,CREDIT,SWIFT,SUCCESS,2026-03-05
T00001895,C000629,671968.0,INR,DEBIT,IMPS,SUCCESS,2026-09-14
T00001896,C002504,60376.82,INR,CREDIT,SWIFT,REVERSED,2026-01-21
T00001897,C001146,31254.91,AED,DEBIT,SWIFT,FAILED,2026-03-14
T00001898,C001448,531205.7,AED,DEBIT,IMPS,SUCCESS,2026-02-16
T00001899,C003162,173825.42,AED,DEBIT,NEFT,FAILED,2026-05-05
T00001900,C000818,451128.63,AED,CREDIT,SWIFT,PENDING,2026-09-03
T00001901,C001136,632939.22,INR,DEBIT,CARD,REVERSED,2026-02-08
T00001902,C001239,272600.48,INR,DEBIT,IMPS,PENDING,2026-01-04
T00001903,C002348,621111.19,INR,DEBIT,NEFT,REVERSED,2026-04-14
T00001904,C000059,771836.46,USD,DEBIT,SWIFT,PENDING,2026-08-14
T00001905,C002806,255711.45,USD,DEBIT,IMPS,REVERSED,2026-09-06
T00001906,C003220,501654.96,INR,DEBIT,UPI,SUCCESS,2026-05-17
T00001907,C002493,793489.78,AED,CREDIT,SWIFT,SUCCESS,2026-04-19
T00001908,C002416,583069.58,INR,DEBIT,NEFT,SUCCESS,2026-05-09
T00001909,C000962,586079.22,INR,DEBIT,UPI,SUCCESS,2026-04-14
T00001910,C002652,806326.14,INR,CREDIT,SWIFT,SUCCESS,2026-08-02
T00001911,C001718,89039.89,INR,CREDIT,UPI,FAILED,2026-04-13
T00001912,C002571,500137.58,INR,DEBIT,UPI,SUCCESS,2026-09-12
T00001913,C002116,374233.71,INR,CREDIT,CARD,FAILED,2026-05-01
T00001914,C002986,625157.19,AED,DEBIT,IMPS,SUCCESS,2026-06-05
T00001915,C001122,75666.13,INR,DEBIT,SWIFT,SUCCESS,2026-01-09
T00001916,C000874,743661.18,AED,CREDIT,SWIFT,SUCCESS,2026-06-12
T00001917,C002955,88710.22,INR,DEBIT,UPI,SUCCESS,2026-04-23
T00001918,C001773,99242.6,USD,CREDIT,SWIFT,PENDING,2026-08-03
T00001919,C000612,158411.33,INR,DEBIT,CARD,REVERSED,2026-06-10
T00001920,C002757,51124.64,INR,DEBIT,CARD,REVERSED,2026-05-10
T00001921,C002104,756894.23,AED,DEBIT,IMPS,SUCCESS,2026-06-10
T00001922,C001963,506083.24,USD,DEBIT,UPI,SUCCESS,2026-08-05
T00001923,C000375,704790.68,INR,CREDIT,NEFT,SUCCESS,2026-08-20
T00001924,C001044,528606.86,INR,DEBIT,NEFT,PENDING,2026-01-05
T00001925,C001981,676327.38,INR,CREDIT,IMPS,REVERSED,2026-08-06
T00001926,C000639,667006.27,USD,CREDIT,IMPS,SUCCESS,2026-05-15
T00001927,C002268,763571.46,INR,DEBIT,NEFT,SUCCESS,2026-02-25
T00001928,C001212,238011.45,USD,DEBIT,NEFT,SUCCESS,2026-06-16
T00001929,C002421,699302.17,USD,DEBIT,SWIFT,REVERSED,2026-02-05
T00001930,C000416,564949.33,INR,CREDIT,UPI,REVERSED,2026-09-01
T00001931,C000522,485315.72,USD,DEBIT,CARD,SUCCESS,2026-03-11
T00001932,C001084,515008.0,INR,CREDIT,IMPS,REVERSED,2026-03-12
T00001933,C002140,738316.87,USD,DEBIT,NEFT,PENDING,2026-08-11
T00001934,C001416,283161.53,USD,CREDIT,UPI,SUCCESS,2026-03-12
T00001935,C000865,257886.94,USD,CREDIT,IMPS,PENDING,2026-05-08
T00001936,C002447,736111.41,INR,CREDIT,IMPS,REVERSED,2026-07-12
T00001937,C002625,447751.05,INR,CREDIT,SWIFT,SUCCESS,2026-02-04
T00001938,C000386,36654.18,INR,DEBIT,NEFT,SUCCESS,2026-01-12
T00001939,C001816,354146.88,AED,DEBIT,IMPS,FAILED,2026-01-02
T00001940,C002941,651173.51,AED,DEBIT,UPI,SUCCESS,2026-05-25
T00001941,C000897,764245.86,INR,DEBIT,CARD,PENDING,2026-06-28
T00001942,C001892,99671.78,INR,CREDIT,NEFT,REVERSED,2026-02-28
T00001943,C001965,239111.69,AED,CREDIT,CARD,SUCCESS,2026-08-14
T00001944,C001072,486278.55,USD,CREDIT,NEFT,SUCCESS,2026-08-24
T00001945,C002712,778320.52,AED,CREDIT,NEFT,PENDING,2026-08-16
T00001946,C001233,823639.24,INR,CREDIT,NEFT,FAILED,2026-06-28
T00001947,C001202,159449.93,INR,DEBIT,UPI,SUCCESS,2026-08-20
T00001948,C000056,730879.58,INR,CREDIT,CARD,SUCCESS,2026-01-22
T00001949,C003320,665922.48,INR,CREDIT,SWIFT,SUCCESS,2026-05-18
T00001950,C000789,515336.84,AED,CREDIT,NEFT,SUCCESS,2026-09-11
T00001951,C000205,557546.59,USD,CREDIT,UPI,FAILED,2026-09-04
T00001952,C003111,74504.97,USD,DEBIT,NEFT,REVERSED,2026-01-22
T00001953,C003353,807756.76,AED,CREDIT,CARD,SUCCESS,2026-05-21
T00001954,C001941,733294.89,INR,CREDIT,NEFT,SUCCESS,2026-09-06
T00001955,C001336,212940.75,USD,DEBIT,SWIFT,FAILED,2026-08-04
T00001956,C000267,657045.07,INR,CREDIT,IMPS,SUCCESS,2026-05-17
T00001957,C001152,469105.6,AED,DEBIT,NEFT,FAILED,2026-08-15
T00001958,C000372,659832.38,INR,DEBIT,NEFT,SUCCESS,2026-01-07
T00001959,C001889,329721.49,AED,CREDIT,SWIFT,SUCCESS,2026-08-10
T00001960,C001545,568060.49,INR,CREDIT,NEFT,PENDING,2026-06-14
T00001961,C002869,607781.97,INR,CREDIT,SWIFT,REVERSED,2026-07-26
T00001962,C001868,530279.3,INR,CREDIT,UPI,SUCCESS,2026-07-17
T00001963,C000340,645651.38,USD,CREDIT,SWIFT,FAILED,2026-01-18
T00001964,C000576,52310.0,AED,DEBIT,CARD,SUCCESS,2026-09-02
T00001965,C002662,551028.39,AED,CREDIT,CARD,REVERSED,2026-05-09
T00001966,C000312,777667.36,INR,DEBIT,CARD,PENDING,2026-06-13
T00001967,C000156,653413.82,USD,CREDIT,NEFT,SUCCESS,2026-04-03
T00001968,C001842,337061.3,USD,DEBIT,NEFT,SUCCESS,2026-06-16
T00001969,C002986,41002.91,USD,DEBIT,UPI,PENDING,2026-05-14
T00001970,C001597,407822.3,INR,DEBIT,UPI,SUCCESS,2026-06-21
T00001971,C001393,297773.12,AED,CREDIT,UPI,FAILED,2026-04-03
T00001972,C001440,481530.31,AED,CREDIT,IMPS,PENDING,2026-03-02
T00001973,C003046,502176.92,INR,CREDIT,NEFT,PENDING,2026-03-12
T00001974,C000919,757733.87,INR,CREDIT,CARD,FAILED,2026-03-18
T00001975,C000245,263179.35,INR,DEBIT,NEFT,FAILED,2026-07-17
T00001976,C003151,855298.45,INR,CREDIT,CARD,FAILED,2026-01-20
T00001977,C000721,488797.38,USD,CREDIT,NEFT,PENDING,2026-06-18
T00001978,C001796,763839.92,INR,DEBIT,UPI,SUCCESS,2026-06-20
T00001979,C002666,74223.08,INR,CREDIT,IMPS,SUCCESS,2026-09-21
T00001980,C002213,63041.28,INR,DEBIT,UPI,FAILED,2026-07-16
T00001981,C002430,151404.06,USD,CREDIT,UPI,REVERSED,2026-03-01
T00001982,C003355,164562.91,INR,DEBIT,UPI,SUCCESS,2026-03-08
T00001983,C002365,362721.4,USD,DEBIT,UPI,SUCCESS,2026-07-24
T00001984,C002178,686179.54,INR,DEBIT,SWIFT,SUCCESS,2026-04-08
T00001985,C002347,123548.96,USD,CREDIT,NEFT,REVERSED,2026-05-20
T00001986,C002102,181382.2,USD,DEBIT,IMPS,PENDING,2026-07-02
T00001987,C002438,678134.69,AED,CREDIT,SWIFT,SUCCESS,2026-05-01
T00001988,C001611,413861.04,INR,DEBIT,CARD,PENDING,2026-02-20
T00001989,C000329,619758.29,AED,DEBIT,SWIFT,SUCCESS,2026-02-01
T00001990,C001502,629296.6,INR,CREDIT,CARD,FAILED,2026-03-06
T00001991,C000699,168897.77,INR,DEBIT,SWIFT,FAILED,2026-02-25
T00001992,C002883,162246.74,INR,DEBIT,CARD,SUCCESS,2026-09-16
T00001993,C000374,631336.18,INR,CREDIT,UPI,REVERSED,2026-08-05
T00001994,C003028,800958.51,INR,DEBIT,SWIFT,REVERSED,2026-09-05
T00001995,C001171,270098.3,AED,DEBIT,IMPS,FAILED,2026-06-17
T00001996,C001634,68468.65,INR,DEBIT,CARD,SUCCESS,2026-02-26
T00001997,C000922,719244.98,AED,CREDIT,IMPS,REVERSED,2026-05-02
T00001998,C000890,273265.88,AED,CREDIT,CARD,SUCCESS,2026-04-13
T00001999,C000085,265063.69,INR,DEBIT,SWIFT,SUCCESS,2026-07-10
T00002000,C000600,448261.1,USD,CREDIT,UPI,FAILED,2026-06-11
T00002001,C001587,55463.32,INR,CREDIT,CARD,SUCCESS,2026-01-27
T00002002,C003260,371816.3,AED,CREDIT,UPI,FAILED,2026-08-18
T00002003,C003311,29787.33,INR,CREDIT,NEFT,SUCCESS,2026-03-16
T00002004,C000962,376351.18,AED,DEBIT,NEFT,PENDING,2026-06-02
T00002005,C000682,714658.4,INR,CREDIT,IMPS,SUCCESS,2026-08-07
T00002006,C002236,858246.87,INR,CREDIT,SWIFT,SUCCESS,2026-07-22
T00002007,C003210,607514.17,USD,CREDIT,IMPS,PENDING,2026-07-27
T00002008,C001127,425489.64,INR,DEBIT,CARD,SUCCESS,2026-01-28
T00002009,C002475,897725.99,AED,DEBIT,CARD,SUCCESS,2026-09-11
T00002010,C003452,453309.78,AED,DEBIT,SWIFT,PENDING,2026-02-04
T00002011,C001495,810643.83,INR,DEBIT,UPI,SUCCESS,2026-09-22
T00002012,C003208,194348.22,INR,DEBIT,NEFT,SUCCESS,2026-02-21
T00002013,C001579,638520.39,INR,DEBIT,UPI,SUCCESS,2026-03-12
T00002014,C000635,449794.86,INR,CREDIT,UPI,PENDING,2026-04-25
T00002015,C002210,157078.08,USD,DEBIT,CARD,FAILED,2026-08-09
T00002016,C000192,224762.45,INR,CREDIT,IMPS,FAILED,2026-06-19
T00002017,C001202,434726.05,INR,CREDIT,IMPS,REVERSED,2026-07-11
T00002018,C001576,801663.32,AED,CREDIT,SWIFT,REVERSED,2026-02-11
T00002019,C001263,328881.59,AED,CREDIT,CARD,REVERSED,2026-01-17
T00002020,C000219,870008.64,AED,CREDIT,NEFT,SUCCESS,2026-08-26
T00002021,C002390,705679.36,INR,CREDIT,IMPS,SUCCESS,2026-01-15
T00002022,C002193,114899.14,INR,DEBIT,NEFT,REVERSED,2026-02-14
T00002023,C003198,161805.78,INR,CREDIT,CARD,FAILED,2026-05-22
T00002024,C001536,267619.56,INR,CREDIT,IMPS,SUCCESS,2026-07-01
T00002025,C001000,4593.34,AED,CREDIT,CARD,SUCCESS,2026-09-28
T00002026,C001141,867347.36,AED,CREDIT,UPI,REVERSED,2026-06-26
T00002027,C001899,493447.92,INR,DEBIT,CARD,SUCCESS,2026-04-21
T00002028,C000324,199173.51,INR,CREDIT,IMPS,FAILED,2026-05-25
T00002029,C001354,29958.44,INR,DEBIT,NEFT,PENDING,2026-03-18
T00002030,C001161,781449.66,INR,DEBIT,IMPS,SUCCESS,2026-01-21
T00002031,C001019,592255.44,INR,DEBIT,NEFT,SUCCESS,2026-01-22
T00002032,C001596,350916.36,INR,DEBIT,SWIFT,REVERSED,2026-07-06
T00002033,C003328,892577.14,INR,CREDIT,IMPS,SUCCESS,2026-05-07
T00002034,C003013,284977.53,AED,DEBIT,NEFT,SUCCESS,2026-08-09
T00002035,C001355,353087.96,AED,DEBIT,SWIFT,PENDING,2026-04-25
T00002036,C002711,98415.32,USD,DEBIT,IMPS,SUCCESS,2026-07-12
T00002037,C002933,209864.28,AED,CREDIT,NEFT,SUCCESS,2026-03-22
T00002038,C000232,174476.48,USD,CREDIT,SWIFT,SUCCESS,2026-02-23
T00002039,C001055,447246.84,INR,DEBIT,CARD,SUCCESS,2026-05-06
T00002040,C001384,339218.41,INR,DEBIT,NEFT,SUCCESS,2026-02-06
T00002041,C000641,797706.17,INR,CREDIT,UPI,FAILED,2026-09-27
T00002042,C002475,95754.92,INR,CREDIT,SWIFT,REVERSED,2026-09-17
T00002043,C003003,771196.5,INR,CREDIT,IMPS,PENDING,2026-02-26
T00002044,C000361,359027.39,AED,CREDIT,CARD,SUCCESS,2026-08-27
T00002045,C002017,814723.03,INR,CREDIT,UPI,SUCCESS,2026-01-26
T00002046,C003386,60545.08,INR,CREDIT,UPI,SUCCESS,2026-08-18
T00002047,C000809,544462.58,INR,CREDIT,IMPS,SUCCESS,2026-09-28
T00002048,C001101,197673.3,AED,CREDIT,IMPS,FAILED,2026-04-04
T00002049,C001342,347879.54,INR,CREDIT,UPI,SUCCESS,2026-02-09
T00002050,C001437,384182.85,USD,DEBIT,CARD,FAILED,2026-01-12
T00002051,C002272,11830.8,INR,CREDIT,CARD,SUCCESS,2026-09-12
T00002052,C003452,569992.35,INR,CREDIT,SWIFT,SUCCESS,2026-08-11
T00002053,C001249,570434.05,AED,CREDIT,SWIFT,SUCCESS,2026-05-03
T00002054,C000563,569981.66,USD,DEBIT,UPI,REVERSED,2026-06-15
T00002055,C002926,886636.15,AED,DEBIT,SWIFT,SUCCESS,2026-09-23
T00002056,C000832,512884.11,AED,DEBIT,CARD,SUCCESS,2026-08-17
T00002057,C000500,442226.62,INR,CREDIT,IMPS,PENDING,2026-05-28
T00002058,C001128,236243.2,USD,DEBIT,UPI,SUCCESS,2026-06-15
T00002059,C002791,12903.18,INR,DEBIT,NEFT,SUCCESS,2026-08-14
T00002060,C001692,437509.86,INR,CREDIT,IMPS,SUCCESS,2026-07-09
T00002061,C002723,573037.95,USD,DEBIT,SWIFT,PENDING,2026-08-23
T00002062,C002769,874959.59,USD,DEBIT,IMPS,FAILED,2026-09-01
T00002063,C002921,576256.82,USD,DEBIT,SWIFT,SUCCESS,2026-05-14
T00002064,C000335,687875.19,AED,CREDIT,NEFT,REVERSED,2026-07-15
T00002065,C001362,197899.7,INR,DEBIT,UPI,FAILED,2026-06-05
T00002066,C003212,655470.21,INR,DEBIT,NEFT,REVERSED,2026-09-28
T00002067,C002890,382338.27,USD,CREDIT,NEFT,SUCCESS,2026-05-12
T00002068,C002149,364441.19,USD,CREDIT,SWIFT,REVERSED,2026-08-23
T00002069,C001525,640801.4,USD,CREDIT,SWIFT,REVERSED,2026-09-20
T00002070,C001907,402910.6,USD,CREDIT,SWIFT,SUCCESS,2026-09-28
T00002071,C000936,633616.11,INR,CREDIT,CARD,SUCCESS,2026-05-03
T00002072,C001741,325635.92,USD,DEBIT,NEFT,FAILED,2026-02-21
T00002073,C000434,877842.52,INR,DEBIT,UPI,REVERSED,2026-05-27
T00002074,C000714,762482.49,INR,CREDIT,UPI,SUCCESS,2026-01-18
T00002075,C000576,20089.69,INR,CREDIT,UPI,FAILED,2026-06-24
T00002076,C001521,788430.14,INR,DEBIT,CARD,REVERSED,2026-08-22
T00002077,C002797,259276.52,USD,DEBIT,CARD,SUCCESS,2026-02-21
T00002078,C003104,887690.51,INR,DEBIT,IMPS,SUCCESS,2026-07-13
T00002079,C003407,898170.59,USD,CREDIT,IMPS,REVERSED,2026-02-08
T00002080,C003375,78254.14,INR,DEBIT,NEFT,REVERSED,2026-01-26
T00002081,C003289,85332.92,USD,CREDIT,CARD,PENDING,2026-02-26
T00002082,C003260,450653.45,INR,DEBIT,NEFT,SUCCESS,2026-01-08
T00002083,C001347,167235.46,USD,CREDIT,CARD,REVERSED,2026-08-16
T00002084,C000324,236389.53,INR,DEBIT,NEFT,REVERSED,2026-09-07
T00002085,C000927,614684.98,INR,DEBIT,SWIFT,SUCCESS,2026-08-02
T00002086,C000677,244498.93,AED,CREDIT,SWIFT,FAILED,2026-03-18
T00002087,C000654,447299.96,USD,DEBIT,CARD,SUCCESS,2026-06-09
T00002088,C000818,739461.89,AED,CREDIT,UPI,SUCCESS,2026-04-09
T00002089,C002574,782235.26,INR,DEBIT,IMPS,REVERSED,2026-09-17
T00002090,C002099,377941.12,AED,DEBIT,UPI,FAILED,2026-07-12
T00002091,C003426,66717.48,INR,DEBIT,UPI,SUCCESS,2026-05-01
T00002092,C001131,503093.63,USD,CREDIT,CARD,SUCCESS,2026-02-14
T00002093,C002684,235732.34,AED,CREDIT,CARD,SUCCESS,2026-08-07
T00002094,C002125,664977.85,USD,DEBIT,CARD,SUCCESS,2026-03-17
T00002095,C001244,337274.6,AED,DEBIT,IMPS,PENDING,2026-01-07
T00002096,C002577,249200.09,USD,CREDIT,UPI,PENDING,2026-07-18
T00002097,C002095,43566.38,INR,DEBIT,UPI,REVERSED,2026-04-18
T00002098,C003457,679503.27,USD,CREDIT,UPI,SUCCESS,2026-03-14
T00002099,C002676,29911.45,INR,CREDIT,UPI,SUCCESS,2026-06-08
T00002100,C000761,482972.14,INR,CREDIT,SWIFT,FAILED,2026-06-20
T00002101,C001159,807257.54,INR,CREDIT,UPI,REVERSED,2026-09-19
T00002102,C002151,345830.6,USD,DEBIT,IMPS,SUCCESS,2026-02-20
T00002103,C002744,401327.41,INR,CREDIT,UPI,SUCCESS,2026-02-08
T00002104,C000852,534300.25,USD,DEBIT,NEFT,SUCCESS,2026-05-22
T00002105,C002546,492904.33,USD,CREDIT,IMPS,FAILED,2026-07-11
T00002106,C003432,377499.37,INR,DEBIT,CARD,PENDING,2026-08-14
T00002107,C002279,33868.69,INR,DEBIT,NEFT,SUCCESS,2026-04-26
T00002108,C001339,634376.03,USD,DEBIT,NEFT,PENDING,2026-04-19
T00002109,C002457,503525.76,INR,DEBIT,SWIFT,REVERSED,2026-08-02
T00002110,C001244,764494.65,AED,DEBIT,UPI,SUCCESS,2026-04-08
T00002111,C000877,762539.94,AED,CREDIT,UPI,PENDING,2026-02-18
T00002112,C000272,478457.32,USD,DEBIT,NEFT,SUCCESS,2026-04-16
T00002113,C001479,231674.15,USD,CREDIT,SWIFT,REVERSED,2026-04-26
T00002114,C000002,251666.52,USD,CREDIT,UPI,PENDING,2026-07-17
T00002115,C002026,105568.23,INR,DEBIT,SWIFT,SUCCESS,2026-07-21
T00002116,C001256,590676.05,USD,DEBIT,UPI,REVERSED,2026-09-26
T00002117,C001466,685539.9,INR,DEBIT,UPI,REVERSED,2026-08-05
T00002118,C000333,819388.36,INR,CREDIT,UPI,SUCCESS,2026-04-25
T00002119,C002469,379899.73,USD,CREDIT,CARD,REVERSED,2026-06-24
T00002120,C000425,684726.5,INR,DEBIT,CARD,FAILED,2026-07-07
T00002121,C002292,683647.48,INR,DEBIT,IMPS,REVERSED,2026-02-21
T00002122,C002533,187239.87,INR,CREDIT,CARD,REVERSED,2026-07-28
T00002123,C003413,169784.26,AED,CREDIT,CARD,SUCCESS,2026-06-03
T00002124,C000227,352670.96,INR,DEBIT,NEFT,REVERSED,2026-05-19
T00002125,C003434,541353.71,AED,CREDIT,UPI,SUCCESS,2026-03-25
T00002126,C003141,20332.52,USD,DEBIT,UPI,SUCCESS,2026-01-03
T00002127,C000013,403261.1,USD,DEBIT,SWIFT,FAILED,2026-06-01
T00002128,C002254,838839.42,INR,CREDIT,SWIFT,FAILED,2026-04-24
T00002129,C002357,63419.04,INR,CREDIT,CARD,PENDING,2026-01-07
T00002130,C003066,819884.6,AED,DEBIT,UPI,SUCCESS,2026-04-22
T00002131,C000833,360898.47,INR,DEBIT,SWIFT,SUCCESS,2026-03-03
T00002132,C002414,782933.37,INR,CREDIT,NEFT,REVERSED,2026-08-03
T00002133,C001646,880271.01,INR,CREDIT,IMPS,REVERSED,2026-02-13
T00002134,C002897,397302.66,INR,CREDIT,CARD,SUCCESS,2026-08-20
T00002135,C000461,752971.56,AED,CREDIT,SWIFT,FAILED,2026-06-04
T00002136,C002344,507785.44,USD,DEBIT,NEFT,SUCCESS,2026-03-17
T00002137,C003202,230406.42,AED,CREDIT,IMPS,REVERSED,2026-02-02
T00002138,C002246,575592.62,AED,CREDIT,NEFT,FAILED,2026-07-12
T00002139,C003168,684473.2,AED,DEBIT,IMPS,REVERSED,2026-09-07
T00002140,C000084,112623.16,AED,CREDIT,NEFT,SUCCESS,2026-01-07
T00002141,C002967,803513.55,INR,DEBIT,NEFT,SUCCESS,2026-04-16
T00002142,C000471,33081.3,USD,DEBIT,IMPS,SUCCESS,2026-09-09
T00002143,C002141,485608.52,INR,CREDIT,CARD,FAILED,2026-03-28
T00002144,C002782,728648.9,INR,DEBIT,UPI,SUCCESS,2026-02-27
T00002145,C001984,76901.81,INR,CREDIT,NEFT,REVERSED,2026-01-28
T00002146,C001910,56185.32,INR,DEBIT,IMPS,SUCCESS,2026-08-10
T00002147,C000572,46438.84,AED,CREDIT,UPI,SUCCESS,2026-02-21
T00002148,C003390,178449.25,USD,DEBIT,CARD,SUCCESS,2026-04-03
T00002149,C001359,842943.05,USD,CREDIT,IMPS,SUCCESS,2026-02-17
T00002150,C000714,16421.58,INR,CREDIT,UPI,REVERSED,2026-09-20
T00002151,C000041,347169.53,AED,DEBIT,SWIFT,PENDING,2026-04-14
T00002152,C001512,46347.49,INR,CREDIT,SWIFT,REVERSED,2026-04-18
T00002153,C003413,458213.85,INR,CREDIT,UPI,PENDING,2026-09-24
T00002154,C001913,119155.05,INR,CREDIT,CARD,SUCCESS,2026-09-08
T00002155,C003409,586498.41,USD,CREDIT,CARD,SUCCESS,2026-05-01
T00002156,C001091,359287.16,AED,DEBIT,UPI,SUCCESS,2026-07-15
T00002157,C002191,278357.95,AED,DEBIT,CARD,SUCCESS,2026-07-03
T00002158,C001231,785541.23,INR,CREDIT,CARD,REVERSED,2026-09-28
T00002159,C002539,436137.35,INR,CREDIT,IMPS,SUCCESS,2026-07-13
T00002160,C001983,300959.26,INR,CREDIT,NEFT,FAILED,2026-09-26
T00002161,C002304,781354.89,INR,CREDIT,IMPS,FAILED,2026-06-12
T00002162,C002999,189462.62,USD,CREDIT,IMPS,SUCCESS,2026-07-25
T00002163,C001111,741678.19,INR,DEBIT,SWIFT,FAILED,2026-04-08
T00002164,C003247,145346.43,INR,DEBIT,UPI,SUCCESS,2026-08-16
T00002165,C003031,114000.75,INR,CREDIT,CARD,SUCCESS,2026-08-06
T00002166,C003063,361286.83,INR,CREDIT,NEFT,PENDING,2026-02-06
T00002167,C000430,594591.06,USD,CREDIT,NEFT,SUCCESS,2026-06-04
T00002168,C001860,22296.06,INR,DEBIT,UPI,PENDING,2026-07-18
T00002169,C003006,638840.63,AED,CREDIT,CARD,SUCCESS,2026-01-27
T00002170,C001384,567624.25,AED,DEBIT,UPI,SUCCESS,2026-06-20
T00002171,C002709,357170.87,INR,CREDIT,SWIFT,SUCCESS,2026-02-11
T00002172,C001985,291680.54,INR,CREDIT,NEFT,REVERSED,2026-08-27
T00002173,C000208,822072.55,USD,DEBIT,IMPS,SUCCESS,2026-07-05
T00002174,C001756,146195.55,AED,DEBIT,IMPS,FAILED,2026-05-01
T00002175,C000765,495872.07,INR,CREDIT,CARD,SUCCESS,2026-04-18
T00002176,C002247,218522.16,AED,CREDIT,UPI,SUCCESS,2026-04-20
T00002177,C001401,628103.23,USD,CREDIT,CARD,FAILED,2026-06-07
T00002178,C002200,602899.0,AED,DEBIT,CARD,SUCCESS,2026-03-13
T00002179,C001602,101524.17,USD,CREDIT,SWIFT,FAILED,2026-01-07
T00002180,C002625,408585.48,INR,CREDIT,SWIFT,SUCCESS,2026-06-03
T00002181,C003365,729776.56,INR,CREDIT,IMPS,SUCCESS,2026-03-12
T00002182,C002185,857911.72,USD,CREDIT,UPI,SUCCESS,2026-02-24
T00002183,C001224,91550.5,INR,CREDIT,NEFT,SUCCESS,2026-05-07
T00002184,C002518,598193.58,INR,DEBIT,CARD,SUCCESS,2026-07-05
T00002185,C001177,128635.68,USD,CREDIT,CARD,FAILED,2026-05-16
T00002186,C001331,71081.53,INR,DEBIT,SWIFT,PENDING,2026-07-24
T00002187,C000851,747657.9,USD,CREDIT,IMPS,PENDING,2026-03-13
T00002188,C003073,524252.69,INR,DEBIT,UPI,SUCCESS,2026-02-27
T00002189,C001952,206054.34,AED,DEBIT,IMPS,FAILED,2026-06-11
T00002190,C001450,458427.09,USD,CREDIT,IMPS,SUCCESS,2026-03-08
T00002191,C001017,575761.88,INR,DEBIT,IMPS,SUCCESS,2026-05-24
T00002192,C002329,246889.57,USD,CREDIT,IMPS,SUCCESS,2026-06-08
T00002193,C001744,350400.74,AED,DEBIT,CARD,SUCCESS,2026-09-18
T00002194,C000432,63889.54,AED,CREDIT,NEFT,FAILED,2026-08-10
T00002195,C000209,80595.67,INR,DEBIT,UPI,PENDING,2026-05-26
T00002196,C000507,155192.24,INR,CREDIT,UPI,SUCCESS,2026-02-01
T00002197,C002320,533106.41,INR,CREDIT,CARD,SUCCESS,2026-02-18
T00002198,C001780,681190.31,AED,CREDIT,NEFT,PENDING,2026-04-23
T00002199,C003453,660297.05,INR,DEBIT,CARD,SUCCESS,2026-08-26
T00002200,C000594,612844.4,INR,DEBIT,NEFT,FAILED,2026-01-21
T00002201,C003231,520686.43,INR,DEBIT,IMPS,SUCCESS,2026-08-22
T00002202,C001178,788328.08,USD,CREDIT,UPI,FAILED,2026-07-05
T00002203,C002961,122530.56,AED,CREDIT,UPI,SUCCESS,2026-07-18
T00002204,C003451,733210.64,USD,DEBIT,NEFT,SUCCESS,2026-09-19
T00002205,C001961,95662.74,AED,DEBIT,IMPS,REVERSED,2026-04-20
T00002206,C001140,542235.16,INR,CREDIT,UPI,PENDING,2026-08-14
T00002207,C002171,641055.86,USD,CREDIT,SWIFT,FAILED,2026-03-15
T00002208,C000660,130645.7,INR,DEBIT,NEFT,PENDING,2026-08-03
T00002209,C003139,10658.77,USD,DEBIT,SWIFT,REVERSED,2026-03-13
T00002210,C003489,324071.37,USD,CREDIT,UPI,REVERSED,2026-01-24
T00002211,C000159,537204.1,AED,CREDIT,NEFT,SUCCESS,2026-02-03
T00002212,C000316,534407.28,INR,CREDIT,IMPS,SUCCESS,2026-03-17
T00002213,C002927,439979.65,INR,CREDIT,NEFT,SUCCESS,2026-07-24
T00002214,C002042,573509.71,INR,CREDIT,SWIFT,PENDING,2026-06-06
T00002215,C001676,281408.87,INR,CREDIT,IMPS,SUCCESS,2026-06-07
T00002216,C000945,811503.3,AED,CREDIT,UPI,FAILED,2026-07-13
T00002217,C003155,273487.53,AED,CREDIT,IMPS,SUCCESS,2026-04-04
T00002218,C000004,491895.99,AED,DEBIT,CARD,SUCCESS,2026-07-22
T00002219,C002038,390119.16,AED,DEBIT,CARD,SUCCESS,2026-08-25
T00002220,C002553,543772.83,USD,DEBIT,UPI,SUCCESS,2026-05-07
T00002221,C003260,494767.63,AED,CREDIT,CARD,SUCCESS,2026-05-14
T00002222,C001078,610652.16,INR,DEBIT,NEFT,SUCCESS,2026-06-15
T00002223,C000259,77699.8,USD,DEBIT,IMPS,SUCCESS,2026-09-25
T00002224,C000570,518435.15,INR,DEBIT,NEFT,SUCCESS,2026-06-22
T00002225,C001788,20375.03,AED,DEBIT,CARD,SUCCESS,2026-06-19
T00002226,C001380,210043.02,INR,DEBIT,UPI,REVERSED,2026-09-06
T00002227,C001352,637163.97,AED,DEBIT,SWIFT,SUCCESS,2026-01-12
T00002228,C002736,287841.81,INR,CREDIT,IMPS,SUCCESS,2026-06-20
T00002229,C000547,421100.22,INR,DEBIT,UPI,SUCCESS,2026-05-27
T00002230,C002184,234472.29,USD,CREDIT,UPI,REVERSED,2026-04-07
T00002231,C000703,189062.97,AED,DEBIT,NEFT,REVERSED,2026-06-15
T00002232,C003274,569425.07,AED,CREDIT,SWIFT,SUCCESS,2026-02-02
T00002233,C002111,578108.21,AED,DEBIT,SWIFT,SUCCESS,2026-02-26
T00002234,C001648,504136.52,AED,DEBIT,CARD,PENDING,2026-02-16
T00002235,C001027,405712.64,AED,DEBIT,CARD,PENDING,2026-09-14
T00002236,C001570,140235.31,USD,CREDIT,CARD,SUCCESS,2026-07-16
T00002237,C001490,428290.12,USD,CREDIT,NEFT,SUCCESS,2026-07-07
T00002238,C002249,142413.82,INR,CREDIT,SWIFT,SUCCESS,2026-07-05
T00002239,C001585,739159.82,USD,CREDIT,CARD,SUCCESS,2026-09-13
T00002240,C001530,355194.86,INR,CREDIT,SWIFT,SUCCESS,2026-02-09
T00002241,C000898,552663.79,INR,CREDIT,CARD,SUCCESS,2026-04-17
T00002242,C001587,632362.11,INR,DEBIT,SWIFT,FAILED,2026-09-11
T00002243,C003477,818697.41,INR,CREDIT,UPI,REVERSED,2026-05-25
T00002244,C000949,142327.97,USD,CREDIT,SWIFT,SUCCESS,2026-06-01
T00002245,C001719,461018.6,AED,DEBIT,IMPS,REVERSED,2026-02-21
T00002246,C002239,20354.9,INR,CREDIT,SWIFT,PENDING,2026-08-02
T00002247,C002158,485543.12,INR,DEBIT,CARD,SUCCESS,2026-05-02
T00002248,C002866,402024.55,AED,CREDIT,NEFT,SUCCESS,2026-04-08
T00002249,C003041,224116.51,USD,DEBIT,IMPS,SUCCESS,2026-05-18
T00002250,C000947,54779.1,AED,CREDIT,UPI,SUCCESS,2026-05-01
T00002251,C001507,712100.37,INR,DEBIT,IMPS,SUCCESS,2026-01-13
T00002252,C000845,694500.95,INR,DEBIT,IMPS,SUCCESS,2026-03-10
T00002253,C003109,422181.49,INR,DEBIT,SWIFT,FAILED,2026-09-05
T00002254,C001959,313117.6,AED,CREDIT,NEFT,REVERSED,2026-03-17
T00002255,C002361,180762.39,INR,CREDIT,UPI,SUCCESS,2026-01-26
T00002256,C002908,201784.53,AED,DEBIT,CARD,SUCCESS,2026-07-10
T00002257,C002459,450052.77,INR,DEBIT,IMPS,PENDING,2026-07-28
T00002258,C001195,179807.66,INR,CREDIT,NEFT,SUCCESS,2026-05-06
T00002259,C002737,749335.19,USD,DEBIT,UPI,SUCCESS,2026-02-23
T00002260,C002975,303554.49,INR,DEBIT,IMPS,REVERSED,2026-04-18
T00002261,C000475,362709.69,INR,CREDIT,NEFT,REVERSED,2026-05-14
T00002262,C003246,245722.23,USD,CREDIT,SWIFT,SUCCESS,2026-02-23
T00002263,C000496,764459.93,INR,DEBIT,SWIFT,REVERSED,2026-01-13
T00002264,C003472,96635.47,USD,DEBIT,SWIFT,SUCCESS,2026-04-17
T00002265,C003176,874248.91,USD,CREDIT,UPI,PENDING,2026-07-09
T00002266,C001614,691443.61,USD,DEBIT,CARD,SUCCESS,2026-06-08
T00002267,C003406,584222.96,INR,DEBIT,IMPS,PENDING,2026-07-11
T00002268,C000915,756055.34,AED,DEBIT,CARD,SUCCESS,2026-09-14
T00002269,C002194,215676.69,AED,CREDIT,SWIFT,REVERSED,2026-04-17
T00002270,C000097,267769.5,INR,CREDIT,SWIFT,SUCCESS,2026-01-06
T00002271,C003293,210310.55,INR,CREDIT,NEFT,REVERSED,2026-01-09
T00002272,C001137,597382.85,AED,CREDIT,NEFT,SUCCESS,2026-06-15
T00002273,C000140,579384.44,AED,CREDIT,UPI,SUCCESS,2026-05-20
T00002274,C001338,771519.76,INR,DEBIT,CARD,SUCCESS,2026-06-15
T00002275,C002387,349166.17,INR,DEBIT,UPI,SUCCESS,2026-07-25
T00002276,C000253,437649.88,AED,DEBIT,UPI,FAILED,2026-08-15
T00002277,C001511,77119.06,AED,DEBIT,CARD,SUCCESS,2026-02-04
T00002278,C002178,697692.0,AED,CREDIT,UPI,SUCCESS,2026-08-22
T00002279,C000332,614275.74,INR,DEBIT,NEFT,PENDING,2026-06-15
T00002280,C003031,364881.57,INR,DEBIT,IMPS,PENDING,2026-04-27
T00002281,C001687,519282.46,INR,CREDIT,CARD,SUCCESS,2026-07-10
T00002282,C003224,369018.92,USD,CREDIT,NEFT,FAILED,2026-01-02
T00002283,C001887,436014.26,INR,DEBIT,UPI,REVERSED,2026-04-19
T00002284,C002473,516612.16,INR,CREDIT,NEFT,FAILED,2026-09-03
T00002285,C001873,377412.52,INR,CREDIT,NEFT,PENDING,2026-01-04
T00002286,C001062,878143.4,AED,DEBIT,IMPS,REVERSED,2026-07-09
T00002287,C000394,880387.32,USD,DEBIT,NEFT,SUCCESS,2026-02-17
T00002288,C000954,432619.61,USD,CREDIT,CARD,PENDING,2026-01-17
T00002289,C001629,86291.53,AED,DEBIT,IMPS,FAILED,2026-07-18
T00002290,C002573,582979.92,AED,CREDIT,NEFT,SUCCESS,2026-07-28
T00002291,C002535,4417.43,INR,CREDIT,UPI,REVERSED,2026-02-23
T00002292,C001519,570873.91,INR,DEBIT,NEFT,SUCCESS,2026-01-02
T00002293,C000064,513951.89,INR,DEBIT,SWIFT,SUCCESS,2026-06-15
T00002294,C000016,445978.72,AED,CREDIT,UPI,SUCCESS,2026-09-05
T00002295,C003261,848108.59,INR,CREDIT,UPI,SUCCESS,2026-04-26
T00002296,C002484,480598.93,AED,CREDIT,NEFT,PENDING,2026-07-16
T00002297,C002298,129118.25,INR,DEBIT,CARD,PENDING,2026-09-18
T00002298,C000875,858119.52,USD,DEBIT,IMPS,REVERSED,2026-09-19
T00002299,C001901,235136.79,INR,CREDIT,IMPS,FAILED,2026-06-27
T00002300,C002616,742447.63,INR,DEBIT,UPI,FAILED,2026-02-26
T00002301,C000055,781438.92,INR,DEBIT,NEFT,SUCCESS,2026-01-16
T00002302,C002130,475563.68,INR,DEBIT,SWIFT,FAILED,2026-06-16
T00002303,C001331,218202.84,USD,DEBIT,SWIFT,FAILED,2026-06-04
T00002304,C001103,252363.98,USD,DEBIT,SWIFT,SUCCESS,2026-04-16
T00002305,C002060,856079.31,USD,CREDIT,UPI,SUCCESS,2026-02-27
T00002306,C001080,557429.35,INR,DEBIT,NEFT,SUCCESS,2026-01-26
T00002307,C001239,343236.39,AED,CREDIT,NEFT,FAILED,2026-04-17
T00002308,C000016,738410.98,INR,DEBIT,CARD,REVERSED,2026-09-11
T00002309,C003054,178369.75,INR,CREDIT,IMPS,FAILED,2026-05-05
T00002310,C003176,180914.2,INR,DEBIT,SWIFT,SUCCESS,2026-07-15
T00002311,C000316,325783.88,AED,CREDIT,CARD,REVERSED,2026-09-11
T00002312,C000666,665198.27,AED,CREDIT,SWIFT,FAILED,2026-04-14
T00002313,C000929,604134.24,INR,DEBIT,IMPS,SUCCESS,2026-07-12
T00002314,C001292,635938.5,INR,CREDIT,IMPS,SUCCESS,2026-09-22
T00002315,C001183,216835.43,INR,DEBIT,CARD,PENDING,2026-06-15
T00002316,C000879,161517.95,USD,CREDIT,NEFT,SUCCESS,2026-05-10
T00002317,C001148,716709.19,USD,CREDIT,CARD,REVERSED,2026-02-05
T00002318,C001565,747190.59,AED,CREDIT,SWIFT,PENDING,2026-08-24
T00002319,C002369,154494.27,INR,CREDIT,IMPS,SUCCESS,2026-01-28
T00002320,C002657,827206.01,AED,CREDIT,CARD,REVERSED,2026-07-19
T00002321,C002976,896589.65,AED,CREDIT,CARD,SUCCESS,2026-04-18
T00002322,C000507,324701.82,INR,CREDIT,IMPS,SUCCESS,2026-02-04
T00002323,C000084,597594.08,INR,DEBIT,CARD,PENDING,2026-05-23
T00002324,C001339,553941.8,AED,DEBIT,NEFT,SUCCESS,2026-02-26
T00002325,C002026,671037.32,USD,CREDIT,IMPS,REVERSED,2026-03-18
T00002326,C001002,898147.4,INR,CREDIT,SWIFT,FAILED,2026-03-10
T00002327,C000598,414813.83,INR,DEBIT,UPI,PENDING,2026-02-05
T00002328,C002013,497990.36,AED,DEBIT,SWIFT,PENDING,2026-05-07
T00002329,C001977,581316.35,USD,CREDIT,CARD,PENDING,2026-05-01
T00002330,C000103,428044.95,USD,CREDIT,SWIFT,REVERSED,2026-06-26
T00002331,C001391,593539.4,INR,CREDIT,SWIFT,SUCCESS,2026-07-20
T00002332,C000322,761329.58,AED,DEBIT,UPI,SUCCESS,2026-04-19
T00002333,C000177,467537.65,AED,DEBIT,SWIFT,SUCCESS,2026-02-09
T00002334,C003337,750246.63,INR,DEBIT,NEFT,PENDING,2026-04-28
T00002335,C000573,514553.6,AED,DEBIT,IMPS,PENDING,2026-05-07
T00002336,C003201,126023.02,INR,DEBIT,IMPS,REVERSED,2026-06-01
T00002337,C001627,775964.74,INR,DEBIT,UPI,SUCCESS,2026-05-05
T00002338,C000114,25501.85,INR,CREDIT,IMPS,PENDING,2026-05-10
T00002339,C001436,686319.86,INR,DEBIT,SWIFT,SUCCESS,2026-07-19
T00002340,C003397,425884.92,INR,CREDIT,IMPS,SUCCESS,2026-03-19
T00002341,C002136,154712.25,USD,CREDIT,IMPS,SUCCESS,2026-08-23
T00002342,C001559,525593.94,AED,DEBIT,CARD,PENDING,2026-07-19
T00002343,C001479,96973.18,AED,DEBIT,NEFT,REVERSED,2026-04-10
T00002344,C000026,255295.02,AED,DEBIT,SWIFT,REVERSED,2026-08-27
T00002345,C000938,333700.64,INR,DEBIT,NEFT,REVERSED,2026-08-17
T00002346,C002186,627309.34,INR,CREDIT,IMPS,PENDING,2026-01-07
T00002347,C003232,240656.62,USD,DEBIT,IMPS,SUCCESS,2026-09-12
T00002348,C003236,29835.02,AED,DEBIT,UPI,SUCCESS,2026-03-20
T00002349,C002617,407883.13,INR,CREDIT,IMPS,SUCCESS,2026-02-01
T00002350,C002624,565494.05,INR,CREDIT,NEFT,FAILED,2026-07-02
T00002351,C003104,438601.7,USD,DEBIT,CARD,FAILED,2026-06-14
T00002352,C003076,149797.37,INR,DEBIT,SWIFT,SUCCESS,2026-03-20
T00002353,C003289,605167.2,AED,DEBIT,IMPS,FAILED,2026-09-17
T00002354,C003027,342141.72,USD,DEBIT,NEFT,FAILED,2026-08-02
T00002355,C001659,401253.44,AED,DEBIT,SWIFT,SUCCESS,2026-06-23
T00002356,C000089,690960.29,INR,DEBIT,IMPS,SUCCESS,2026-02-08
T00002357,C000578,251887.39,INR,DEBIT,UPI,SUCCESS,2026-06-21
T00002358,C000130,190210.53,INR,DEBIT,NEFT,REVERSED,2026-03-12
T00002359,C000253,268158.07,AED,CREDIT,UPI,REVERSED,2026-05-16
T00002360,C002316,765377.75,INR,CREDIT,CARD,REVERSED,2026-01-23
T00002361,C001646,699775.87,INR,CREDIT,CARD,SUCCESS,2026-09-23
T00002362,C002052,899668.8,USD,CREDIT,IMPS,SUCCESS,2026-09-09
T00002363,C001613,122860.26,INR,DEBIT,NEFT,REVERSED,2026-03-23
T00002364,C002933,234386.02,INR,DEBIT,UPI,SUCCESS,2026-07-07
T00002365,C000700,319568.64,INR,DEBIT,UPI,PENDING,2026-04-28
T00002366,C003287,329294.04,INR,CREDIT,SWIFT,SUCCESS,2026-09-12
T00002367,C001778,434342.96,USD,DEBIT,CARD,REVERSED,2026-04-05
T00002368,C002255,54519.98,AED,DEBIT,UPI,SUCCESS,2026-06-11
T00002369,C002296,261664.13,USD,DEBIT,NEFT,SUCCESS,2026-03-15
T00002370,C001667,553666.67,INR,CREDIT,UPI,PENDING,2026-08-11
T00002371,C000206,115489.86,AED,DEBIT,SWIFT,FAILED,2026-03-26
T00002372,C000894,273268.82,USD,DEBIT,NEFT,PENDING,2026-03-07
T00002373,C000048,253737.23,INR,DEBIT,SWIFT,REVERSED,2026-06-22
T00002374,C003419,90577.9,AED,DEBIT,CARD,SUCCESS,2026-07-13
T00002375,C001274,618971.6,USD,DEBIT,UPI,SUCCESS,2026-04-05
T00002376,C002777,603345.14,INR,DEBIT,CARD,SUCCESS,2026-08-26
T00002377,C001807,524580.95,INR,CREDIT,UPI,REVERSED,2026-06-08
T00002378,C003195,594713.91,INR,DEBIT,NEFT,REVERSED,2026-05-07
T00002379,C001926,128222.95,USD,DEBIT,CARD,SUCCESS,2026-05-27
T00002380,C002850,589438.65,AED,DEBIT,NEFT,SUCCESS,2026-02-26
T00002381,C001206,256771.66,AED,DEBIT,NEFT,PENDING,2026-07-26
T00002382,C003189,245540.17,INR,CREDIT,SWIFT,FAILED,2026-04-15
T00002383,C000111,736559.46,AED,CREDIT,SWIFT,FAILED,2026-02-06
T00002384,C001665,124148.56,INR,DEBIT,IMPS,SUCCESS,2026-09-27
T00002385,C001742,763600.93,AED,CREDIT,IMPS,SUCCESS,2026-01-18
T00002386,C003366,225136.3,INR,CREDIT,IMPS,PENDING,2026-02-20
T00002387,C002822,788147.16,INR,DEBIT,IMPS,SUCCESS,2026-05-24
T00002388,C000060,173453.68,INR,DEBIT,UPI,REVERSED,2026-09-07
T00002389,C000725,376568.21,USD,DEBIT,CARD,FAILED,2026-05-16
T00002390,C003421,735486.2,INR,CREDIT,SWIFT,SUCCESS,2026-09-03
T00002391,C001989,181801.46,INR,DEBIT,SWIFT,SUCCESS,2026-01-03
T00002392,C002281,403049.16,INR,DEBIT,SWIFT,FAILED,2026-02-24
T00002393,C001931,296821.38,AED,CREDIT,NEFT,REVERSED,2026-02-12
T00002394,C003052,539991.43,USD,DEBIT,SWIFT,SUCCESS,2026-02-02
T00002395,C002314,799505.91,AED,DEBIT,CARD,REVERSED,2026-01-24
T00002396,C002448,738297.59,AED,DEBIT,NEFT,SUCCESS,2026-02-22
T00002397,C002758,154211.96,INR,CREDIT,NEFT,SUCCESS,2026-08-03
T00002398,C002474,675775.91,USD,CREDIT,IMPS,SUCCESS,2026-07-24
T00002399,C002777,434637.11,INR,DEBIT,CARD,SUCCESS,2026-09-02
T00002400,C000581,806884.49,INR,CREDIT,IMPS,REVERSED,2026-06-18
T00002401,C002362,489669.19,AED,CREDIT,NEFT,FAILED,2026-01-24
T00002402,C000215,263181.47,USD,CREDIT,NEFT,SUCCESS,2026-05-08
T00002403,C000931,585440.72,INR,CREDIT,SWIFT,FAILED,2026-01-06
T00002404,C002545,184741.58,AED,DEBIT,IMPS,FAILED,2026-03-07
T00002405,C001413,555229.69,USD,CREDIT,CARD,SUCCESS,2026-07-26
T00002406,C001412,647408.09,INR,DEBIT,NEFT,SUCCESS,2026-02-04
T00002407,C000157,415527.18,USD,DEBIT,IMPS,FAILED,2026-09-19
T00002408,C000025,500505.81,AED,DEBIT,UPI,SUCCESS,2026-01-23
T00002409,C001749,831258.48,USD,DEBIT,UPI,SUCCESS,2026-04-14
T00002410,C001908,232405.03,AED,DEBIT,SWIFT,SUCCESS,2026-08-18
T00002411,C000742,11215.08,USD,DEBIT,CARD,SUCCESS,2026-04-14
T00002412,C002189,864250.48,USD,CREDIT,SWIFT,SUCCESS,2026-05-15
T00002413,C001823,214442.76,INR,CREDIT,IMPS,FAILED,2026-01-23
T00002414,C000863,542572.15,INR,DEBIT,NEFT,REVERSED,2026-09-23
T00002415,C002582,468098.22,USD,DEBIT,CARD,FAILED,2026-06-13
T00002416,C003103,476029.98,INR,CREDIT,NEFT,SUCCESS,2026-07-14
T00002417,C003008,232336.64,INR,CREDIT,CARD,SUCCESS,2026-09-08
T00002418,C002789,269627.66,INR,CREDIT,IMPS,SUCCESS,2026-09-24
T00002419,C003284,657997.01,AED,CREDIT,IMPS,SUCCESS,2026-07-23
T00002420,C002628,663878.14,USD,CREDIT,UPI,SUCCESS,2026-05-08
T00002421,C002411,742552.59,INR,DEBIT,UPI,SUCCESS,2026-09-19
T00002422,C003440,642253.9,INR,DEBIT,UPI,REVERSED,2026-05-26
T00002423,C002255,517327.24,INR,DEBIT,IMPS,SUCCESS,2026-03-17
T00002424,C002862,844525.91,INR,CREDIT,IMPS,FAILED,2026-08-12
T00002425,C002490,834458.5,INR,DEBIT,NEFT,PENDING,2026-09-04
T00002426,C000339,590102.1,INR,DEBIT,NEFT,REVERSED,2026-02-12
T00002427,C003197,611845.03,INR,CREDIT,UPI,PENDING,2026-08-05
T00002428,C001758,205845.09,INR,CREDIT,NEFT,SUCCESS,2026-09-16
T00002429,C002268,670539.01,INR,DEBIT,SWIFT,SUCCESS,2026-01-09
T00002430,C001128,503483.29,AED,CREDIT,CARD,SUCCESS,2026-02-20
T00002431,C002101,750576.04,INR,DEBIT,IMPS,FAILED,2026-07-01
T00002432,C001374,481455.38,INR,DEBIT,NEFT,REVERSED,2026-06-25
T00002433,C002864,718569.74,AED,CREDIT,NEFT,SUCCESS,2026-05-18
T00002434,C002298,551950.03,INR,DEBIT,CARD,PENDING,2026-09-14
T00002435,C000105,279064.25,INR,CREDIT,IMPS,REVERSED,2026-07-24
T00002436,C000411,597827.12,AED,DEBIT,SWIFT,PENDING,2026-03-05
T00002437,C002261,604151.18,INR,DEBIT,CARD,SUCCESS,2026-05-08
T00002438,C002826,143050.81,AED,CREDIT,IMPS,SUCCESS,2026-05-16
T00002439,C001792,37081.66,INR,CREDIT,NEFT,SUCCESS,2026-04-21
T00002440,C002172,59612.22,INR,DEBIT,NEFT,REVERSED,2026-09-10
T00002441,C002520,876313.71,AED,CREDIT,IMPS,REVERSED,2026-07-17
T00002442,C002259,610930.58,AED,DEBIT,UPI,FAILED,2026-02-07
T00002443,C000875,361515.99,AED,DEBIT,IMPS,SUCCESS,2026-09-03
T00002444,C001260,580222.87,AED,CREDIT,SWIFT,REVERSED,2026-08-20
T00002445,C002109,227477.09,AED,CREDIT,SWIFT,FAILED,2026-02-22
T00002446,C000086,873121.27,INR,DEBIT,SWIFT,REVERSED,2026-01-24
T00002447,C000033,450620.27,USD,DEBIT,NEFT,SUCCESS,2026-04-17
T00002448,C001094,55993.88,INR,CREDIT,CARD,SUCCESS,2026-07-12
T00002449,C001360,41019.46,USD,CREDIT,IMPS,REVERSED,2026-02-15
T00002450,C000216,674104.57,INR,CREDIT,NEFT,PENDING,2026-06-08
T00002451,C000331,28079.33,INR,CREDIT,IMPS,SUCCESS,2026-06-21
T00002452,C001432,583284.81,INR,CREDIT,IMPS,PENDING,2026-01-27
T00002453,C000257,754414.16,USD,DEBIT,CARD,FAILED,2026-03-13
T00002454,C000595,465646.31,AED,DEBIT,CARD,SUCCESS,2026-02-26
T00002455,C002587,60795.19,INR,CREDIT,IMPS,FAILED,2026-03-12
T00002456,C001568,185376.08,INR,CREDIT,CARD,REVERSED,2026-02-19
T00002457,C002125,178425.26,AED,DEBIT,SWIFT,SUCCESS,2026-06-01
T00002458,C000792,497101.88,AED,CREDIT,NEFT,FAILED,2026-03-05
T00002459,C002652,298253.14,INR,CREDIT,SWIFT,PENDING,2026-03-23
T00002460,C002312,698718.04,INR,CREDIT,IMPS,SUCCESS,2026-07-23
T00002461,C002422,391736.93,INR,CREDIT,CARD,SUCCESS,2026-08-25
T00002462,C000811,672724.27,USD,CREDIT,SWIFT,PENDING,2026-09-11
T00002463,C000159,485752.66,INR,CREDIT,CARD,REVERSED,2026-08-05
T00002464,C001821,436596.76,INR,CREDIT,UPI,REVERSED,2026-08-01
T00002465,C002671,815122.4,AED,CREDIT,UPI,SUCCESS,2026-07-24
T00002466,C002456,288395.03,USD,DEBIT,NEFT,SUCCESS,2026-02-19
T00002467,C002750,137329.17,USD,DEBIT,SWIFT,SUCCESS,2026-03-24
T00002468,C000444,849834.25,INR,CREDIT,UPI,FAILED,2026-01-14
T00002469,C000299,894562.62,INR,DEBIT,NEFT,REVERSED,2026-02-15
T00002470,C003240,313972.69,INR,CREDIT,CARD,SUCCESS,2026-04-04
T00002471,C000804,91455.58,INR,CREDIT,NEFT,PENDING,2026-01-04
T00002472,C002228,782844.19,USD,CREDIT,SWIFT,SUCCESS,2026-01-18
T00002473,C000369,33052.8,INR,CREDIT,CARD,PENDING,2026-03-24
T00002474,C003356,73415.1,AED,DEBIT,NEFT,PENDING,2026-02-21
T00002475,C000120,506610.92,USD,CREDIT,NEFT,SUCCESS,2026-04-03
T00002476,C003398,762919.58,AED,CREDIT,UPI,SUCCESS,2026-07-03
T00002477,C003390,632278.77,INR,CREDIT,IMPS,SUCCESS,2026-05-08
T00002478,C001282,455436.0,INR,CREDIT,SWIFT,PENDING,2026-07-21
T00002479,C002211,173693.6,USD,CREDIT,CARD,SUCCESS,2026-07-12
T00002480,C003374,696168.78,INR,DEBIT,SWIFT,SUCCESS,2026-01-07
T00002481,C003302,614445.14,INR,CREDIT,SWIFT,SUCCESS,2026-01-15
T00002482,C001025,48730.38,AED,DEBIT,UPI,SUCCESS,2026-03-23
T00002483,C002746,204089.34,AED,DEBIT,CARD,PENDING,2026-02-26
T00002484,C002022,436483.65,INR,CREDIT,NEFT,PENDING,2026-09-23
T00002485,C000821,887008.41,INR,DEBIT,CARD,SUCCESS,2026-08-10
T00002486,C000184,311156.45,AED,CREDIT,NEFT,SUCCESS,2026-08-08
T00002487,C002697,186875.37,INR,DEBIT,NEFT,FAILED,2026-02-26
T00002488,C002350,225496.56,INR,DEBIT,NEFT,REVERSED,2026-06-07
T00002489,C000524,513211.38,USD,DEBIT,NEFT,REVERSED,2026-01-16
T00002490,C002181,617034.41,INR,DEBIT,UPI,SUCCESS,2026-09-26
T00002491,C001635,735554.91,INR,CREDIT,IMPS,PENDING,2026-01-14
T00002492,C000529,165279.93,INR,CREDIT,IMPS,FAILED,2026-05-19
T00002493,C001905,610778.07,AED,DEBIT,NEFT,SUCCESS,2026-09-18
T00002494,C002168,884266.78,INR,DEBIT,UPI,PENDING,2026-09-28
T00002495,C002042,395430.35,INR,DEBIT,UPI,SUCCESS,2026-06-19
T00002496,C003107,134875.64,AED,CREDIT,CARD,PENDING,2026-08-17
T00002497,C001425,48917.15,INR,CREDIT,IMPS,SUCCESS,2026-09-17
T00002498,C001689,141757.85,INR,CREDIT,NEFT,FAILED,2026-01-18
T00002499,C003145,27952.01,INR,DEBIT,CARD,SUCCESS,2026-05-22
T00002500,C001744,874864.02,INR,CREDIT,NEFT,REVERSED,2026-05-18
T00002501,C000438,173448.24,AED,DEBIT,CARD,PENDING,2026-09-13
T00002502,C002650,737300.04,INR,CREDIT,SWIFT,SUCCESS,2026-04-15
T00002503,C001828,748515.49,USD,DEBIT,UPI,REVERSED,2026-06-09
T00002504,C002401,289537.04,INR,CREDIT,CARD,REVERSED,2026-08-28
T00002505,C003060,381663.22,AED,CREDIT,SWIFT,SUCCESS,2026-04-01
T00002506,C003157,471405.15,INR,CREDIT,SWIFT,SUCCESS,2026-04-08
T00002507,C001502,269269.8,INR,CREDIT,CARD,FAILED,2026-04-14
T00002508,C000519,7504.13,AED,DEBIT,CARD,SUCCESS,2026-05-01
T00002509,C002824,577422.47,AED,CREDIT,CARD,SUCCESS,2026-09-17
T00002510,C000745,43794.79,AED,DEBIT,NEFT,SUCCESS,2026-03-02
T00002511,C000295,214385.48,USD,CREDIT,SWIFT,REVERSED,2026-01-27
T00002512,C003368,480270.02,INR,CREDIT,CARD,SUCCESS,2026-01-27
T00002513,C002277,724830.71,USD,DEBIT,SWIFT,SUCCESS,2026-05-17
T00002514,C001466,623599.4,AED,DEBIT,UPI,PENDING,2026-09-17
T00002515,C003105,642871.64,USD,CREDIT,CARD,PENDING,2026-05-18
T00002516,C001985,816395.13,USD,CREDIT,SWIFT,SUCCESS,2026-09-18
T00002517,C001142,498067.56,USD,DEBIT,CARD,SUCCESS,2026-03-15
T00002518,C003121,376242.07,INR,CREDIT,SWIFT,SUCCESS,2026-09-18
T00002519,C002737,582684.09,INR,DEBIT,CARD,SUCCESS,2026-09-05
T00002520,C000362,852142.62,USD,CREDIT,CARD,SUCCESS,2026-07-24
T00002521,C000945,38891.32,INR,CREDIT,CARD,FAILED,2026-04-01
T00002522,C002749,368157.14,INR,DEBIT,UPI,SUCCESS,2026-08-19
T00002523,C000021,677455.0,INR,CREDIT,CARD,FAILED,2026-02-12
T00002524,C002578,848090.61,INR,CREDIT,SWIFT,SUCCESS,2026-04-02
T00002525,C002835,347237.75,INR,CREDIT,SWIFT,PENDING,2026-02-15
T00002526,C000271,412774.08,AED,DEBIT,NEFT,SUCCESS,2026-09-06
T00002527,C000487,118845.4,INR,CREDIT,SWIFT,PENDING,2026-02-08
T00002528,C003188,745567.91,INR,CREDIT,CARD,PENDING,2026-08-16
T00002529,C003129,328369.37,USD,DEBIT,CARD,SUCCESS,2026-04-04
T00002530,C003386,680175.87,AED,DEBIT,UPI,FAILED,2026-07-15
T00002531,C001240,705118.46,AED,CREDIT,SWIFT,SUCCESS,2026-09-12
T00002532,C000324,789812.29,USD,DEBIT,UPI,REVERSED,2026-04-01
T00002533,C002867,608513.51,USD,CREDIT,CARD,FAILED,2026-02-23
T00002534,C000863,425234.11,INR,CREDIT,CARD,SUCCESS,2026-05-12
T00002535,C000485,163008.42,INR,CREDIT,SWIFT,SUCCESS,2026-06-26
T00002536,C000437,249025.27,AED,CREDIT,NEFT,SUCCESS,2026-09-22
T00002537,C001583,434608.65,INR,CREDIT,SWIFT,PENDING,2026-07-04
T00002538,C002697,61905.01,INR,DEBIT,SWIFT,PENDING,2026-07-24
T00002539,C000899,235128.38,USD,DEBIT,IMPS,SUCCESS,2026-01-14
T00002540,C003334,10541.4,INR,DEBIT,UPI,REVERSED,2026-09-06
T00002541,C001325,437474.09,AED,CREDIT,UPI,SUCCESS,2026-08-08
T00002542,C003486,536995.14,INR,DEBIT,NEFT,SUCCESS,2026-07-18
T00002543,C000635,583328.59,INR,DEBIT,SWIFT,FAILED,2026-07-03
T00002544,C003486,572972.03,AED,DEBIT,CARD,SUCCESS,2026-01-02
T00002545,C001232,507451.94,AED,DEBIT,CARD,SUCCESS,2026-06-10
T00002546,C002266,212530.36,AED,DEBIT,IMPS,FAILED,2026-06-08
T00002547,C002670,244648.1,USD,CREDIT,IMPS,FAILED,2026-08-13
T00002548,C001446,467780.58,AED,CREDIT,CARD,SUCCESS,2026-03-17
T00002549,C001865,898534.65,INR,DEBIT,UPI,REVERSED,2026-03-11
T00002550,C002010,719365.46,AED,DEBIT,CARD,REVERSED,2026-08-17
T00002551,C000410,611633.97,INR,CREDIT,NEFT,REVERSED,2026-02-24
T00002552,C002889,99424.57,USD,CREDIT,CARD,PENDING,2026-06-18
T00002553,C001650,609931.71,INR,DEBIT,UPI,SUCCESS,2026-04-23
T00002554,C002045,595132.54,AED,DEBIT,UPI,PENDING,2026-01-16
T00002555,C001225,866940.8,AED,DEBIT,SWIFT,SUCCESS,2026-09-15
T00002556,C001770,301204.89,AED,CREDIT,IMPS,SUCCESS,2026-08-06
T00002557,C003092,853144.74,USD,DEBIT,SWIFT,SUCCESS,2026-06-27
T00002558,C002047,19832.43,INR,CREDIT,NEFT,REVERSED,2026-02-09
T00002559,C001315,153384.05,INR,CREDIT,NEFT,SUCCESS,2026-01-27
T00002560,C002879,526574.86,AED,CREDIT,NEFT,SUCCESS,2026-05-12
T00002561,C003449,485243.04,INR,CREDIT,SWIFT,PENDING,2026-05-12
T00002562,C002244,69704.86,USD,DEBIT,CARD,REVERSED,2026-04-09
T00002563,C002701,637407.41,USD,DEBIT,IMPS,SUCCESS,2026-08-20
T00002564,C000825,640445.14,INR,DEBIT,SWIFT,PENDING,2026-05-01
T00002565,C001463,121771.65,AED,CREDIT,UPI,FAILED,2026-03-21
T00002566,C001602,652087.13,AED,CREDIT,NEFT,SUCCESS,2026-03-22
T00002567,C001940,486799.32,USD,DEBIT,IMPS,FAILED,2026-07-06
T00002568,C001454,164775.85,USD,CREDIT,NEFT,SUCCESS,2026-09-11
T00002569,C001612,546055.17,INR,DEBIT,NEFT,PENDING,2026-07-02
T00002570,C001893,421244.5,INR,CREDIT,SWIFT,SUCCESS,2026-03-18
T00002571,C000171,626811.08,AED,DEBIT,UPI,FAILED,2026-04-17
T00002572,C001328,759999.41,AED,DEBIT,CARD,SUCCESS,2026-09-23
T00002573,C001828,223436.47,USD,DEBIT,UPI,SUCCESS,2026-03-09
T00002574,C001738,138482.39,INR,CREDIT,CARD,REVERSED,2026-05-23
T00002575,C001697,58675.39,AED,DEBIT,NEFT,REVERSED,2026-02-03
T00002576,C002774,756623.43,INR,DEBIT,CARD,FAILED,2026-02-16
T00002577,C001548,724826.41,INR,CREDIT,IMPS,FAILED,2026-06-26
T00002578,C000228,244174.53,AED,CREDIT,CARD,REVERSED,2026-03-15
T00002579,C003401,849775.04,AED,DEBIT,NEFT,SUCCESS,2026-06-28
T00002580,C003312,643286.2,INR,CREDIT,NEFT,SUCCESS,2026-02-10
T00002581,C000628,741548.53,INR,CREDIT,CARD,PENDING,2026-06-11
T00002582,C002832,442885.75,INR,DEBIT,CARD,SUCCESS,2026-08-05
T00002583,C002041,654661.4,INR,CREDIT,CARD,SUCCESS,2026-05-28
T00002584,C001555,630798.31,USD,DEBIT,NEFT,SUCCESS,2026-05-17
T00002585,C003412,334078.07,INR,CREDIT,IMPS,FAILED,2026-03-12
T00002586,C002137,401352.72,AED,DEBIT,NEFT,SUCCESS,2026-01-11
T00002587,C001958,550447.14,INR,DEBIT,UPI,FAILED,2026-08-07
T00002588,C000306,440581.43,INR,DEBIT,CARD,FAILED,2026-04-26
T00002589,C001211,817323.96,AED,DEBIT,SWIFT,SUCCESS,2026-03-20
T00002590,C000744,165015.33,INR,DEBIT,IMPS,SUCCESS,2026-01-17
T00002591,C001027,210617.13,INR,CREDIT,UPI,REVERSED,2026-04-05
T00002592,C002882,50262.16,INR,DEBIT,NEFT,SUCCESS,2026-06-14
T00002593,C001672,840515.6,INR,CREDIT,SWIFT,FAILED,2026-04-21
T00002594,C000482,802205.37,USD,DEBIT,SWIFT,SUCCESS,2026-03-27
T00002595,C000957,544784.03,AED,CREDIT,IMPS,PENDING,2026-07-08
T00002596,C000971,595102.66,INR,DEBIT,UPI,REVERSED,2026-09-02
T00002597,C002363,235011.43,AED,CREDIT,CARD,REVERSED,2026-08-09
T00002598,C000919,818763.54,AED,DEBIT,CARD,FAILED,2026-08-25
T00002599,C002021,805387.62,INR,DEBIT,UPI,SUCCESS,2026-07-25
T00002600,C001748,865735.5,USD,DEBIT,NEFT,SUCCESS,2026-06-09
T00002601,C001665,4697.36,INR,CREDIT,NEFT,PENDING,2026-08-15
T00002602,C002569,12604.47,USD,DEBIT,IMPS,SUCCESS,2026-06-25
T00002603,C002752,109930.14,AED,DEBIT,UPI,SUCCESS,2026-01-24
T00002604,C000278,359990.75,INR,DEBIT,SWIFT,REVERSED,2026-02-23
T00002605,C001078,41162.98,INR,DEBIT,IMPS,FAILED,2026-03-09
T00002606,C001149,744126.15,AED,DEBIT,IMPS,REVERSED,2026-03-03
T00002607,C000146,620281.18,USD,CREDIT,IMPS,SUCCESS,2026-08-22
T00002608,C003077,242884.56,INR,CREDIT,IMPS,FAILED,2026-02-06
T00002609,C001786,19501.1,AED,CREDIT,IMPS,SUCCESS,2026-04-23
T00002610,C000369,126196.77,AED,DEBIT,SWIFT,SUCCESS,2026-07-08
T00002611,C001891,125191.66,USD,CREDIT,UPI,SUCCESS,2026-07-05
T00002612,C001072,778263.67,INR,DEBIT,SWIFT,PENDING,2026-02-23
T00002613,C000229,427739.22,INR,DEBIT,SWIFT,SUCCESS,2026-01-26
T00002614,C001469,124117.65,INR,DEBIT,SWIFT,SUCCESS,2026-01-21
T00002615,C003350,621596.98,AED,DEBIT,NEFT,SUCCESS,2026-07-02
T00002616,C003198,850811.49,INR,CREDIT,CARD,FAILED,2026-08-26
T00002617,C001990,841011.87,AED,DEBIT,NEFT,SUCCESS,2026-01-09
T00002618,C000605,799955.13,INR,DEBIT,SWIFT,FAILED,2026-09-12
T00002619,C001366,531085.4,INR,CREDIT,SWIFT,FAILED,2026-07-17
T00002620,C002230,433224.71,INR,CREDIT,IMPS,REVERSED,2026-04-21
T00002621,C003013,591017.92,INR,CREDIT,IMPS,REVERSED,2026-06-20
T00002622,C003469,737444.36,AED,CREDIT,UPI,SUCCESS,2026-07-18
T00002623,C002077,431174.05,INR,DEBIT,IMPS,SUCCESS,2026-07-23
T00002624,C003389,210670.66,USD,DEBIT,SWIFT,REVERSED,2026-09-25
T00002625,C002571,252193.56,INR,DEBIT,IMPS,SUCCESS,2026-07-22
T00002626,C001309,178442.28,INR,DEBIT,IMPS,REVERSED,2026-08-10
T00002627,C001425,310668.98,INR,DEBIT,IMPS,REVERSED,2026-01-01
T00002628,C002209,243866.27,AED,DEBIT,SWIFT,SUCCESS,2026-08-26
T00002629,C001127,494365.33,INR,DEBIT,CARD,REVERSED,2026-04-07
T00002630,C000723,573542.0,USD,CREDIT,IMPS,REVERSED,2026-09-28
T00002631,C000435,872199.0,INR,CREDIT,SWIFT,SUCCESS,2026-06-11
T00002632,C000541,309974.69,USD,DEBIT,CARD,FAILED,2026-07-22
T00002633,C001445,142738.05,INR,CREDIT,UPI,PENDING,2026-09-15
T00002634,C000836,266002.32,INR,DEBIT,IMPS,REVERSED,2026-06-27
T00002635,C002754,64722.9,AED,CREDIT,NEFT,FAILED,2026-07-16
T00002636,C000255,599165.12,USD,DEBIT,SWIFT,SUCCESS,2026-09-24
T00002637,C001028,824254.1,AED,DEBIT,NEFT,SUCCESS,2026-01-06
T00002638,C001937,631749.47,USD,DEBIT,UPI,SUCCESS,2026-09-14
T00002639,C001048,558829.75,USD,CREDIT,IMPS,FAILED,2026-05-03
T00002640,C002720,134487.14,USD,CREDIT,CARD,SUCCESS,2026-07-21
T00002641,C000175,672790.94,AED,CREDIT,SWIFT,SUCCESS,2026-02-27
T00002642,C000476,716593.66,AED,CREDIT,UPI,SUCCESS,2026-03-04
T00002643,C002836,216867.76,INR,DEBIT,UPI,PENDING,2026-08-24
T00002644,C003271,780852.97,INR,CREDIT,NEFT,REVERSED,2026-02-16
T00002645,C000583,696806.57,INR,CREDIT,IMPS,REVERSED,2026-05-20
T00002646,C002905,868768.58,INR,DEBIT,UPI,SUCCESS,2026-08-23
T00002647,C002707,596548.47,USD,CREDIT,IMPS,SUCCESS,2026-06-18
T00002648,C002463,63255.85,INR,CREDIT,UPI,REVERSED,2026-09-06
T00002649,C001561,447948.7,USD,DEBIT,SWIFT,SUCCESS,2026-01-24
T00002650,C001135,757128.15,INR,DEBIT,UPI,SUCCESS,2026-03-21
T00002651,C002827,696220.82,INR,CREDIT,UPI,PENDING,2026-08-06
T00002652,C001342,676599.51,AED,DEBIT,IMPS,SUCCESS,2026-08-09
T00002653,C001500,300571.25,USD,CREDIT,NEFT,SUCCESS,2026-01-18
T00002654,C000293,231907.74,AED,CREDIT,NEFT,SUCCESS,2026-07-07
T00002655,C001505,830938.95,INR,CREDIT,NEFT,FAILED,2026-05-26
T00002656,C000512,718755.8,INR,CREDIT,SWIFT,REVERSED,2026-04-26
T00002657,C002010,710591.59,INR,CREDIT,SWIFT,PENDING,2026-09-10
T00002658,C002946,777349.56,USD,CREDIT,CARD,FAILED,2026-08-11
T00002659,C001735,782652.78,USD,CREDIT,SWIFT,REVERSED,2026-05-21
T00002660,C001913,113027.67,INR,DEBIT,IMPS,FAILED,2026-04-02
T00002661,C002375,180535.09,INR,CREDIT,NEFT,FAILED,2026-07-08
T00002662,C001204,316411.34,USD,CREDIT,IMPS,PENDING,2026-09-12
T00002663,C002751,396775.66,INR,CREDIT,SWIFT,REVERSED,2026-01-16
T00002664,C003419,570332.88,USD,CREDIT,CARD,SUCCESS,2026-01-17
T00002665,C000080,663272.86,USD,CREDIT,SWIFT,REVERSED,2026-05-14
T00002666,C002987,500878.84,USD,CREDIT,SWIFT,REVERSED,2026-05-07
T00002667,C001612,809719.77,USD,DEBIT,NEFT,PENDING,2026-01-08
T00002668,C001832,728497.45,USD,DEBIT,UPI,REVERSED,2026-01-17
T00002669,C002994,104356.13,AED,CREDIT,CARD,SUCCESS,2026-03-11
T00002670,C000016,552647.61,INR,CREDIT,IMPS,FAILED,2026-04-24
T00002671,C000821,156687.56,INR,CREDIT,UPI,PENDING,2026-02-13
T00002672,C000695,617052.0,INR,DEBIT,UPI,SUCCESS,2026-03-13
T00002673,C000958,622389.39,USD,CREDIT,NEFT,FAILED,2026-04-20
T00002674,C001996,657029.17,USD,CREDIT,UPI,SUCCESS,2026-08-03
T00002675,C000061,135882.94,INR,DEBIT,CARD,FAILED,2026-04-06
T00002676,C003015,461221.05,AED,CREDIT,IMPS,SUCCESS,2026-04-11
T00002677,C000030,259681.27,INR,DEBIT,SWIFT,PENDING,2026-07-07
T00002678,C001330,510943.24,INR,DEBIT,UPI,PENDING,2026-03-15
T00002679,C002559,316369.28,USD,DEBIT,IMPS,SUCCESS,2026-05-09
T00002680,C001744,648309.83,INR,CREDIT,UPI,REVERSED,2026-07-13
T00002681,C002050,331332.52,AED,DEBIT,CARD,SUCCESS,2026-04-17
T00002682,C001310,543730.74,INR,DEBIT,IMPS,SUCCESS,2026-06-04
T00002683,C001123,871608.98,INR,CREDIT,UPI,SUCCESS,2026-07-07
T00002684,C000115,255891.43,AED,DEBIT,CARD,SUCCESS,2026-08-08
T00002685,C000828,535252.47,INR,DEBIT,SWIFT,REVERSED,2026-08-16
T00002686,C003145,882794.26,INR,CREDIT,IMPS,FAILED,2026-04-10
T00002687,C002753,413947.38,USD,CREDIT,NEFT,REVERSED,2026-05-21
T00002688,C003070,26859.08,INR,DEBIT,UPI,SUCCESS,2026-07-25
T00002689,C001014,59077.92,AED,DEBIT,SWIFT,REVERSED,2026-08-28
T00002690,C000401,467755.36,AED,CREDIT,UPI,SUCCESS,2026-02-18
T00002691,C001188,1967.35,INR,DEBIT,NEFT,SUCCESS,2026-05-07
T00002692,C002534,390103.63,INR,DEBIT,CARD,SUCCESS,2026-01-08
T00002693,C000587,146584.18,USD,DEBIT,UPI,SUCCESS,2026-01-14
T00002694,C001903,82785.19,INR,DEBIT,SWIFT,SUCCESS,2026-01-03
T00002695,C003465,739859.36,AED,CREDIT,UPI,SUCCESS,2026-05-21
T00002696,C001073,802613.15,INR,CREDIT,CARD,PENDING,2026-01-20
T00002697,C002418,271262.51,INR,CREDIT,UPI,SUCCESS,2026-06-11
T00002698,C003414,111064.32,AED,CREDIT,UPI,SUCCESS,2026-02-03
T00002699,C002209,438774.92,INR,DEBIT,NEFT,REVERSED,2026-03-24
T00002700,C002440,209650.69,INR,CREDIT,SWIFT,SUCCESS,2026-09-22
T00002701,C001686,252562.94,INR,CREDIT,NEFT,PENDING,2026-05-25
T00002702,C002922,367223.72,INR,CREDIT,UPI,SUCCESS,2026-02-22
T00002703,C001858,164262.43,AED,CREDIT,UPI,SUCCESS,2026-07-28
T00002704,C003228,505385.31,AED,CREDIT,IMPS,PENDING,2026-09-07
T00002705,C002337,487939.92,INR,DEBIT,UPI,PENDING,2026-08-02
T00002706,C001673,681128.11,AED,DEBIT,UPI,SUCCESS,2026-03-05
T00002707,C000528,463729.7,INR,DEBIT,CARD,SUCCESS,2026-08-15
T00002708,C003114,838403.76,AED,CREDIT,IMPS,REVERSED,2026-06-27
T00002709,C002896,249264.03,INR,DEBIT,SWIFT,SUCCESS,2026-05-22
T00002710,C001501,653918.81,INR,CREDIT,UPI,SUCCESS,2026-06-15
T00002711,C001527,624063.51,USD,CREDIT,IMPS,SUCCESS,2026-04-09
T00002712,C001445,186175.87,AED,DEBIT,CARD,PENDING,2026-06-15
T00002713,C000818,141238.1,AED,DEBIT,IMPS,SUCCESS,2026-09-14
T00002714,C000312,495956.83,AED,CREDIT,NEFT,SUCCESS,2026-05-17
T00002715,C003272,736327.41,INR,DEBIT,SWIFT,REVERSED,2026-08-02
T00002716,C002652,429236.51,AED,DEBIT,IMPS,FAILED,2026-07-24
T00002717,C002531,687135.56,INR,DEBIT,CARD,SUCCESS,2026-02-19
T00002718,C001348,318391.26,AED,CREDIT,SWIFT,SUCCESS,2026-05-22
T00002719,C000901,482991.08,INR,CREDIT,CARD,REVERSED,2026-04-02
T00002720,C001322,851246.04,INR,DEBIT,NEFT,SUCCESS,2026-07-19
T00002721,C002391,88476.99,AED,CREDIT,NEFT,SUCCESS,2026-04-24
T00002722,C001782,887834.19,INR,CREDIT,NEFT,SUCCESS,2026-02-18
T00002723,C000444,769648.08,INR,CREDIT,NEFT,SUCCESS,2026-05-10
T00002724,C000667,483219.59,INR,CREDIT,SWIFT,PENDING,2026-06-17
T00002725,C000373,56365.77,USD,DEBIT,IMPS,FAILED,2026-01-03
T00002726,C001069,300284.95,AED,DEBIT,UPI,SUCCESS,2026-01-04
T00002727,C003306,834161.34,INR,DEBIT,CARD,REVERSED,2026-07-08
T00002728,C002615,161404.63,INR,DEBIT,IMPS,SUCCESS,2026-03-23
T00002729,C003204,828559.74,INR,DEBIT,NEFT,REVERSED,2026-09-05
T00002730,C000670,164719.31,AED,CREDIT,IMPS,PENDING,2026-05-18
T00002731,C002670,350250.74,INR,CREDIT,IMPS,PENDING,2026-08-26
T00002732,C001829,545603.07,INR,CREDIT,IMPS,REVERSED,2026-09-16
T00002733,C002356,52223.65,AED,CREDIT,IMPS,FAILED,2026-08-26
T00002734,C000948,654041.49,USD,CREDIT,CARD,SUCCESS,2026-02-25
T00002735,C003190,258194.6,AED,CREDIT,IMPS,SUCCESS,2026-03-22
T00002736,C002895,682052.01,USD,DEBIT,UPI,REVERSED,2026-08-03
T00002737,C001319,189838.97,INR,CREDIT,NEFT,FAILED,2026-04-21
T00002738,C003334,753890.97,USD,DEBIT,UPI,SUCCESS,2026-03-09
T00002739,C002655,466644.9,INR,DEBIT,IMPS,SUCCESS,2026-01-11
T00002740,C000458,81871.64,INR,DEBIT,CARD,SUCCESS,2026-04-15
T00002741,C001498,224041.22,AED,CREDIT,SWIFT,FAILED,2026-01-27
T00002742,C003117,594690.69,INR,DEBIT,UPI,SUCCESS,2026-08-28
T00002743,C002778,656968.22,INR,CREDIT,CARD,SUCCESS,2026-04-24
T00002744,C003422,888683.84,INR,DEBIT,NEFT,SUCCESS,2026-07-04
T00002745,C002982,639796.95,INR,CREDIT,NEFT,SUCCESS,2026-01-24
T00002746,C003227,829792.65,AED,CREDIT,NEFT,SUCCESS,2026-07-05
T00002747,C003120,669032.2,AED,DEBIT,IMPS,PENDING,2026-06-01
T00002748,C002938,665881.41,INR,CREDIT,CARD,REVERSED,2026-06-10
T00002749,C001990,480004.2,USD,DEBIT,CARD,SUCCESS,2026-08-14
T00002750,C000811,832517.84,INR,CREDIT,IMPS,FAILED,2026-03-02
T00002751,C002208,218817.5,INR,DEBIT,CARD,SUCCESS,2026-02-22
T00002752,C003084,758282.02,USD,DEBIT,UPI,FAILED,2026-03-05
T00002753,C001765,50176.43,INR,DEBIT,UPI,PENDING,2026-02-15
T00002754,C001493,325997.02,USD,CREDIT,SWIFT,SUCCESS,2026-09-17
T00002755,C001627,542493.45,INR,DEBIT,NEFT,SUCCESS,2026-08-09
T00002756,C001471,807756.61,INR,DEBIT,UPI,REVERSED,2026-01-26
T00002757,C002603,88729.44,INR,DEBIT,UPI,SUCCESS,2026-08-25
T00002758,C002219,859065.44,USD,DEBIT,IMPS,SUCCESS,2026-07-16
T00002759,C002295,420650.54,INR,DEBIT,IMPS,SUCCESS,2026-09-07
T00002760,C000073,554389.54,INR,DEBIT,SWIFT,SUCCESS,2026-08-06
T00002761,C001967,301057.07,USD,DEBIT,CARD,FAILED,2026-01-16
T00002762,C003209,307685.94,INR,CREDIT,SWIFT,SUCCESS,2026-02-05
T00002763,C003263,386482.02,AED,DEBIT,SWIFT,REVERSED,2026-06-25
T00002764,C001397,284293.41,AED,DEBIT,IMPS,SUCCESS,2026-05-01
T00002765,C001207,59548.6,USD,CREDIT,IMPS,SUCCESS,2026-02-02
T00002766,C001565,72936.58,USD,DEBIT,NEFT,PENDING,2026-07-04
T00002767,C003107,305477.82,INR,CREDIT,NEFT,FAILED,2026-05-07
T00002768,C001964,673702.24,USD,DEBIT,UPI,PENDING,2026-02-06
T00002769,C001459,4289.28,USD,CREDIT,IMPS,PENDING,2026-09-12
T00002770,C000848,597413.07,AED,DEBIT,NEFT,FAILED,2026-09-14
T00002771,C002221,817533.87,USD,CREDIT,IMPS,SUCCESS,2026-05-21
T00002772,C001115,502369.17,AED,DEBIT,IMPS,REVERSED,2026-05-20
T00002773,C002151,64736.2,INR,DEBIT,NEFT,PENDING,2026-01-10
T00002774,C002220,252414.54,USD,CREDIT,CARD,SUCCESS,2026-01-16
T00002775,C000705,218735.76,INR,DEBIT,SWIFT,FAILED,2026-07-10
T00002776,C001554,546750.58,INR,DEBIT,IMPS,SUCCESS,2026-05-06
T00002777,C001185,459232.23,USD,CREDIT,NEFT,FAILED,2026-04-26
T00002778,C001032,295277.1,AED,DEBIT,IMPS,SUCCESS,2026-05-21
T00002779,C002723,117715.11,INR,DEBIT,UPI,PENDING,2026-08-18
T00002780,C002714,608926.1,USD,CREDIT,CARD,PENDING,2026-01-06
T00002781,C003258,400569.75,INR,DEBIT,NEFT,SUCCESS,2026-01-22
T00002782,C003432,15247.91,INR,CREDIT,IMPS,REVERSED,2026-07-13
T00002783,C000854,394108.27,INR,DEBIT,SWIFT,SUCCESS,2026-06-09
T00002784,C001811,809560.14,INR,DEBIT,NEFT,SUCCESS,2026-02-12
T00002785,C001820,170800.49,AED,DEBIT,NEFT,SUCCESS,2026-06-28
T00002786,C002869,541881.07,INR,DEBIT,UPI,SUCCESS,2026-09-01
T00002787,C003430,417111.87,INR,DEBIT,UPI,PENDING,2026-07-07
T00002788,C002334,25139.95,USD,CREDIT,CARD,SUCCESS,2026-03-12
T00002789,C002787,861760.33,INR,CREDIT,UPI,PENDING,2026-01-06
T00002790,C000733,336009.04,INR,CREDIT,IMPS,REVERSED,2026-01-07
T00002791,C002179,198557.87,USD,DEBIT,NEFT,SUCCESS,2026-06-07
T00002792,C000447,356429.92,AED,CREDIT,NEFT,SUCCESS,2026-01-06
T00002793,C001949,483817.36,AED,CREDIT,IMPS,REVERSED,2026-04-10
T00002794,C001445,272227.85,AED,DEBIT,SWIFT,SUCCESS,2026-09-27
T00002795,C001130,586249.45,INR,CREDIT,CARD,REVERSED,2026-01-26
T00002796,C001763,726883.56,INR,DEBIT,NEFT,SUCCESS,2026-01-17
T00002797,C000683,217259.71,USD,DEBIT,NEFT,FAILED,2026-05-06
T00002798,C000778,142995.54,AED,DEBIT,IMPS,SUCCESS,2026-07-03
T00002799,C002468,229413.53,USD,DEBIT,CARD,PENDING,2026-07-26
T00002800,C000716,472746.84,INR,CREDIT,UPI,FAILED,2026-04-18
T00002801,C000945,837519.27,USD,CREDIT,SWIFT,SUCCESS,2026-03-24
T00002802,C002514,98634.82,USD,DEBIT,NEFT,FAILED,2026-02-24
T00002803,C000865,780503.44,AED,DEBIT,CARD,SUCCESS,2026-05-13
T00002804,C003327,22581.34,INR,CREDIT,UPI,SUCCESS,2026-08-05
T00002805,C002867,618133.55,USD,DEBIT,NEFT,PENDING,2026-09-10
T00002806,C001161,145859.97,AED,DEBIT,UPI,SUCCESS,2026-04-16
T00002807,C001176,313759.71,USD,CREDIT,UPI,PENDING,2026-09-06
T00002808,C001488,651941.58,USD,DEBIT,SWIFT,REVERSED,2026-07-13
T00002809,C002574,537074.01,AED,CREDIT,NEFT,SUCCESS,2026-07-11
T00002810,C001281,816031.04,INR,CREDIT,CARD,FAILED,2026-04-28
T00002811,C001874,228914.38,USD,CREDIT,UPI,SUCCESS,2026-03-20
T00002812,C001314,286678.88,AED,CREDIT,UPI,PENDING,2026-09-15
T00002813,C002547,662076.53,INR,DEBIT,SWIFT,PENDING,2026-06-23
T00002814,C000958,890683.65,AED,CREDIT,NEFT,SUCCESS,2026-07-24
T00002815,C002872,233370.81,INR,DEBIT,CARD,SUCCESS,2026-07-15
T00002816,C001063,465041.55,INR,DEBIT,IMPS,REVERSED,2026-09-24
T00002817,C000293,848467.75,INR,CREDIT,SWIFT,REVERSED,2026-02-16
T00002818,C002658,679680.29,USD,CREDIT,CARD,SUCCESS,2026-08-11
T00002819,C002671,816000.65,INR,DEBIT,SWIFT,SUCCESS,2026-09-09
T00002820,C000709,621774.12,INR,DEBIT,NEFT,PENDING,2026-04-08
T00002821,C000947,87148.07,USD,DEBIT,SWIFT,SUCCESS,2026-07-21
T00002822,C003468,215888.74,AED,CREDIT,IMPS,PENDING,2026-08-25
T00002823,C001162,660725.89,INR,CREDIT,IMPS,SUCCESS,2026-02-24
T00002824,C000735,470332.86,INR,CREDIT,SWIFT,SUCCESS,2026-04-27
T00002825,C001857,869440.43,USD,DEBIT,CARD,FAILED,2026-05-16
T00002826,C000347,557717.33,AED,CREDIT,CARD,REVERSED,2026-07-12
T00002827,C002728,864460.5,INR,CREDIT,UPI,FAILED,2026-03-11
T00002828,C000896,710549.3,USD,CREDIT,UPI,PENDING,2026-07-27
T00002829,C002687,10782.02,INR,DEBIT,IMPS,PENDING,2026-08-02
T00002830,C002033,642820.78,INR,CREDIT,CARD,SUCCESS,2026-09-17
T00002831,C001464,72711.37,USD,CREDIT,CARD,REVERSED,2026-09-26
T00002832,C002339,51340.55,INR,CREDIT,NEFT,FAILED,2026-09-23
T00002833,C000193,662401.55,USD,CREDIT,IMPS,SUCCESS,2026-04-17
T00002834,C002922,140354.82,AED,DEBIT,SWIFT,SUCCESS,2026-01-12
T00002835,C001897,550314.24,AED,CREDIT,CARD,SUCCESS,2026-08-04
T00002836,C001118,17595.98,AED,DEBIT,IMPS,SUCCESS,2026-01-07
T00002837,C002590,419163.93,USD,DEBIT,CARD,SUCCESS,2026-04-22
T00002838,C000598,184337.66,AED,DEBIT,SWIFT,SUCCESS,2026-09-24
T00002839,C002570,803155.59,AED,CREDIT,CARD,REVERSED,2026-08-04
T00002840,C002862,210979.9,AED,CREDIT,NEFT,SUCCESS,2026-07-13
T00002841,C002629,116725.17,INR,DEBIT,IMPS,REVERSED,2026-07-25
T00002842,C002429,782087.57,INR,CREDIT,UPI,FAILED,2026-03-16
T00002843,C001614,498679.78,USD,CREDIT,NEFT,REVERSED,2026-01-12
T00002844,C000315,142754.83,AED,DEBIT,IMPS,REVERSED,2026-01-27
T00002845,C002715,335658.59,AED,CREDIT,NEFT,PENDING,2026-05-20
T00002846,C001247,866313.72,INR,DEBIT,NEFT,SUCCESS,2026-05-11
T00002847,C002890,360183.41,INR,DEBIT,IMPS,SUCCESS,2026-04-12
T00002848,C001590,35567.77,INR,DEBIT,SWIFT,SUCCESS,2026-06-15
T00002849,C001415,249675.1,INR,CREDIT,NEFT,SUCCESS,2026-05-10
T00002850,C003481,719847.73,INR,CREDIT,UPI,SUCCESS,2026-01-16
T00002851,C000865,316536.3,USD,CREDIT,SWIFT,SUCCESS,2026-08-12
T00002852,C002625,671613.95,AED,DEBIT,CARD,SUCCESS,2026-04-23
T00002853,C001538,746573.8,USD,CREDIT,SWIFT,SUCCESS,2026-01-22
T00002854,C001231,806743.02,AED,DEBIT,IMPS,SUCCESS,2026-05-21
T00002855,C000683,409587.66,INR,CREDIT,CARD,SUCCESS,2026-04-19
T00002856,C000621,718902.17,INR,DEBIT,CARD,FAILED,2026-05-06
T00002857,C002968,579980.49,USD,DEBIT,SWIFT,REVERSED,2026-07-15
T00002858,C001689,510238.41,INR,CREDIT,IMPS,SUCCESS,2026-04-04
T00002859,C001228,318714.48,AED,CREDIT,NEFT,REVERSED,2026-05-09
T00002860,C000700,599719.37,INR,DEBIT,IMPS,SUCCESS,2026-07-03
T00002861,C003290,557211.33,INR,CREDIT,IMPS,SUCCESS,2026-05-01
T00002862,C001289,841782.18,INR,DEBIT,SWIFT,FAILED,2026-04-20
T00002863,C000104,691119.26,INR,CREDIT,NEFT,SUCCESS,2026-01-08
T00002864,C003357,636728.75,USD,CREDIT,NEFT,SUCCESS,2026-08-01
T00002865,C002738,243274.67,INR,CREDIT,UPI,SUCCESS,2026-02-14
T00002866,C003482,776457.06,INR,DEBIT,SWIFT,SUCCESS,2026-07-11
T00002867,C001183,609916.96,INR,DEBIT,UPI,SUCCESS,2026-01-10
T00002868,C000479,399438.58,USD,DEBIT,UPI,PENDING,2026-03-27
T00002869,C002344,565286.94,USD,CREDIT,NEFT,SUCCESS,2026-05-16
T00002870,C002883,239656.38,AED,DEBIT,UPI,FAILED,2026-02-16
T00002871,C001887,405842.04,INR,DEBIT,CARD,SUCCESS,2026-06-26
T00002872,C002265,597265.31,USD,DEBIT,SWIFT,SUCCESS,2026-09-15
T00002873,C003087,340953.57,USD,CREDIT,UPI,REVERSED,2026-08-02
T00002874,C002148,383374.25,AED,DEBIT,IMPS,PENDING,2026-05-05
T00002875,C000124,662313.72,AED,CREDIT,SWIFT,SUCCESS,2026-08-27
T00002876,C002385,485277.54,USD,CREDIT,UPI,SUCCESS,2026-08-22
T00002877,C002732,611923.68,INR,CREDIT,CARD,SUCCESS,2026-06-16
T00002878,C000504,29450.46,USD,DEBIT,SWIFT,FAILED,2026-08-06
T00002879,C001267,591293.79,AED,DEBIT,SWIFT,REVERSED,2026-03-06
T00002880,C001125,266803.47,INR,DEBIT,IMPS,SUCCESS,2026-05-14
T00002881,C003016,265176.13,AED,CREDIT,CARD,FAILED,2026-02-23
T00002882,C000810,678348.92,INR,DEBIT,UPI,SUCCESS,2026-07-21
T00002883,C000123,141334.28,INR,CREDIT,IMPS,SUCCESS,2026-02-06
T00002884,C001174,862283.65,USD,DEBIT,NEFT,FAILED,2026-06-14
T00002885,C001777,282213.6,AED,CREDIT,SWIFT,REVERSED,2026-08-15
T00002886,C000407,18124.48,INR,DEBIT,UPI,SUCCESS,2026-05-10
T00002887,C002645,589916.66,INR,CREDIT,UPI,REVERSED,2026-03-06
T00002888,C002252,888392.06,INR,CREDIT,SWIFT,FAILED,2026-04-12
T00002889,C000022,46411.43,INR,DEBIT,SWIFT,PENDING,2026-03-01
T00002890,C002080,287601.9,USD,DEBIT,SWIFT,FAILED,2026-03-25
T00002891,C001636,412806.94,AED,CREDIT,IMPS,REVERSED,2026-09-07
T00002892,C002325,824570.53,INR,CREDIT,CARD,SUCCESS,2026-03-19
T00002893,C000048,878397.22,INR,CREDIT,NEFT,SUCCESS,2026-05-05
T00002894,C002138,486275.26,USD,CREDIT,SWIFT,REVERSED,2026-09-24
T00002895,C002611,128486.73,AED,CREDIT,CARD,REVERSED,2026-07-05
T00002896,C000117,156650.33,INR,CREDIT,UPI,SUCCESS,2026-08-18
T00002897,C002116,113444.92,INR,CREDIT,CARD,FAILED,2026-09-11
T00002898,C001804,865528.8,INR,DEBIT,CARD,SUCCESS,2026-02-05
T00002899,C001871,514301.22,AED,DEBIT,NEFT,FAILED,2026-02-02
T00002900,C002862,142204.18,INR,DEBIT,SWIFT,FAILED,2026-03-19
T00002901,C000701,624971.26,INR,CREDIT,UPI,SUCCESS,2026-06-22
T00002902,C002300,47616.51,USD,DEBIT,IMPS,SUCCESS,2026-06-13
T00002903,C002504,383968.0,INR,DEBIT,SWIFT,SUCCESS,2026-09-05
T00002904,C000405,475938.07,USD,CREDIT,CARD,SUCCESS,2026-08-14
T00002905,C000011,426236.17,INR,DEBIT,NEFT,FAILED,2026-06-03
T00002906,C002166,484292.82,AED,DEBIT,NEFT,SUCCESS,2026-03-06
T00002907,C001260,189577.82,AED,DEBIT,SWIFT,REVERSED,2026-01-23
T00002908,C002831,170322.24,USD,DEBIT,NEFT,PENDING,2026-09-15
T00002909,C003340,576199.22,INR,DEBIT,CARD,SUCCESS,2026-05-18
T00002910,C002130,419630.31,USD,DEBIT,UPI,SUCCESS,2026-03-04
T00002911,C001797,522726.06,USD,CREDIT,IMPS,SUCCESS,2026-01-26
T00002912,C002750,152801.15,INR,CREDIT,SWIFT,FAILED,2026-09-02
T00002913,C000096,461062.23,AED,CREDIT,UPI,REVERSED,2026-01-27
T00002914,C001830,528049.48,INR,CREDIT,UPI,SUCCESS,2026-03-21
T00002915,C001458,237620.66,AED,DEBIT,CARD,PENDING,2026-05-08
T00002916,C001650,414391.54,INR,CREDIT,UPI,FAILED,2026-03-18
T00002917,C003315,482763.85,INR,DEBIT,IMPS,FAILED,2026-07-01
T00002918,C000212,342356.31,INR,CREDIT,NEFT,FAILED,2026-01-25
T00002919,C001190,374979.84,INR,CREDIT,SWIFT,FAILED,2026-08-23
T00002920,C000862,800739.0,INR,CREDIT,CARD,SUCCESS,2026-03-21
T00002921,C002648,718270.44,USD,CREDIT,NEFT,SUCCESS,2026-02-21
T00002922,C002958,877847.12,INR,CREDIT,UPI,PENDING,2026-09-21
T00002923,C001183,507754.83,INR,DEBIT,IMPS,REVERSED,2026-03-24
T00002924,C002667,569551.27,AED,CREDIT,CARD,REVERSED,2026-06-02
T00002925,C002472,498505.8,AED,CREDIT,NEFT,SUCCESS,2026-07-08
T00002926,C000093,451843.53,INR,DEBIT,IMPS,PENDING,2026-03-26
T00002927,C001372,812196.33,USD,DEBIT,IMPS,SUCCESS,2026-07-07
T00002928,C003400,121486.42,USD,DEBIT,NEFT,REVERSED,2026-08-15
T00002929,C000055,681954.98,INR,DEBIT,IMPS,FAILED,2026-09-28
T00002930,C001072,747859.89,USD,CREDIT,SWIFT,FAILED,2026-07-21
T00002931,C001226,24297.03,INR,CREDIT,UPI,PENDING,2026-07-27
T00002932,C003037,248784.03,INR,DEBIT,NEFT,FAILED,2026-06-22
T00002933,C001437,218888.15,AED,CREDIT,NEFT,REVERSED,2026-08-20
T00002934,C000569,775957.06,USD,CREDIT,CARD,REVERSED,2026-01-23
T00002935,C002201,638773.03,INR,DEBIT,NEFT,PENDING,2026-06-23
T00002936,C003221,233846.34,INR,DEBIT,NEFT,SUCCESS,2026-05-18
T00002937,C000864,93681.07,INR,DEBIT,UPI,SUCCESS,2026-04-09
T00002938,C003335,467235.25,AED,CREDIT,UPI,SUCCESS,2026-05-22
T00002939,C000782,875081.26,INR,DEBIT,UPI,PENDING,2026-04-24
T00002940,C001670,75411.11,INR,DEBIT,IMPS,REVERSED,2026-07-22
T00002941,C002480,509074.65,INR,DEBIT,SWIFT,SUCCESS,2026-01-13
T00002942,C000378,269096.66,INR,CREDIT,IMPS,PENDING,2026-03-06
T00002943,C002297,725146.09,USD,CREDIT,UPI,REVERSED,2026-02-05
T00002944,C000499,843587.52,USD,CREDIT,SWIFT,REVERSED,2026-03-15
T00002945,C000633,200299.62,USD,CREDIT,CARD,SUCCESS,2026-02-03
T00002946,C001998,165850.04,INR,DEBIT,CARD,SUCCESS,2026-01-28
T00002947,C003295,361041.23,AED,DEBIT,UPI,PENDING,2026-06-11
T00002948,C002505,47573.52,INR,CREDIT,IMPS,SUCCESS,2026-07-15
T00002949,C000433,833847.29,AED,CREDIT,CARD,SUCCESS,2026-02-05
T00002950,C002418,299146.08,AED,DEBIT,NEFT,FAILED,2026-05-25
T00002951,C002836,897666.28,AED,DEBIT,SWIFT,REVERSED,2026-06-03
T00002952,C003482,276642.7,INR,DEBIT,NEFT,SUCCESS,2026-04-12
T00002953,C000456,245442.76,AED,DEBIT,UPI,FAILED,2026-02-07
T00002954,C002307,695756.12,USD,DEBIT,UPI,SUCCESS,2026-06-22
T00002955,C002213,887401.58,USD,DEBIT,UPI,SUCCESS,2026-09-15
T00002956,C002728,718369.44,AED,DEBIT,CARD,SUCCESS,2026-03-14
T00002957,C000310,452423.06,AED,CREDIT,IMPS,FAILED,2026-09-11
T00002958,C001038,173249.32,USD,DEBIT,CARD,SUCCESS,2026-04-06
T00002959,C000452,293566.0,AED,DEBIT,NEFT,SUCCESS,2026-01-17
T00002960,C001370,254091.03,INR,DEBIT,IMPS,REVERSED,2026-07-06
T00002961,C002131,215987.48,USD,DEBIT,IMPS,SUCCESS,2026-03-06
T00002962,C003394,697655.1,INR,DEBIT,SWIFT,FAILED,2026-01-05
T00002963,C001773,539631.57,INR,DEBIT,UPI,REVERSED,2026-05-21
T00002964,C000071,692622.62,INR,CREDIT,NEFT,SUCCESS,2026-07-21
T00002965,C000138,117453.92,INR,DEBIT,CARD,PENDING,2026-05-14
T00002966,C001591,675544.7,INR,CREDIT,IMPS,SUCCESS,2026-07-17
T00002967,C003251,480053.19,INR,DEBIT,UPI,SUCCESS,2026-04-28
T00002968,C001408,381648.47,AED,CREDIT,CARD,SUCCESS,2026-08-22
T00002969,C001685,802782.43,INR,DEBIT,CARD,REVERSED,2026-02-12
T00002970,C001777,136143.72,INR,CREDIT,UPI,SUCCESS,2026-05-05
T00002971,C000443,822577.38,INR,CREDIT,NEFT,SUCCESS,2026-05-15
T00002972,C002031,302402.66,INR,DEBIT,IMPS,REVERSED,2026-07-07
T00002973,C002491,469155.2,INR,DEBIT,IMPS,PENDING,2026-03-21
T00002974,C002340,13181.83,INR,CREDIT,UPI,SUCCESS,2026-03-07
T00002975,C000898,494727.01,INR,DEBIT,NEFT,SUCCESS,2026-06-20
T00002976,C001736,26527.79,AED,CREDIT,CARD,SUCCESS,2026-06-13
T00002977,C001954,739024.68,AED,DEBIT,IMPS,FAILED,2026-04-02
T00002978,C001814,641004.64,AED,CREDIT,UPI,PENDING,2026-01-04
T00002979,C002239,374062.24,USD,DEBIT,CARD,SUCCESS,2026-03-24
T00002980,C002428,80550.45,USD,CREDIT,SWIFT,SUCCESS,2026-02-09
T00002981,C001667,375101.72,INR,DEBIT,IMPS,SUCCESS,2026-01-10
T00002982,C001036,858878.97,AED,DEBIT,NEFT,SUCCESS,2026-06-15
T00002983,C001590,587653.64,INR,DEBIT,UPI,SUCCESS,2026-09-02
T00002984,C002703,62363.01,USD,DEBIT,CARD,SUCCESS,2026-08-08
T00002985,C003188,302429.8,INR,CREDIT,CARD,REVERSED,2026-07-22
T00002986,C000791,667874.71,INR,CREDIT,CARD,SUCCESS,2026-07-08
T00002987,C000162,338426.27,INR,CREDIT,UPI,SUCCESS,2026-04-26
T00002988,C000801,241343.43,AED,CREDIT,SWIFT,SUCCESS,2026-06-10
T00002989,C003274,567829.69,AED,DEBIT,NEFT,SUCCESS,2026-08-09
T00002990,C000009,592843.65,INR,DEBIT,UPI,FAILED,2026-01-11
T00002991,C001062,224100.26,INR,CREDIT,NEFT,SUCCESS,2026-05-07
T00002992,C000393,231666.01,USD,CREDIT,CARD,REVERSED,2026-05-25
T00002993,C000579,202910.14,INR,CREDIT,UPI,PENDING,2026-01-16
T00002994,C000537,330447.09,INR,DEBIT,UPI,SUCCESS,2026-06-17
T00002995,C003151,868684.89,INR,DEBIT,SWIFT,REVERSED,2026-09-18
T00002996,C003150,114763.34,AED,CREDIT,IMPS,SUCCESS,2026-04-18
T00002997,C003469,299346.64,USD,DEBIT,SWIFT,SUCCESS,2026-05-26
T00002998,C002043,601762.82,INR,DEBIT,IMPS,PENDING,2026-05-11
T00002999,C002058,103054.2,INR,DEBIT,SWIFT,SUCCESS,2026-02-27
T00003000,C002342,529811.39,INR,DEBIT,IMPS,SUCCESS,2026-07-23
T00003001,C002698,181303.98,AED,CREDIT,NEFT,PENDING,2026-08-21
T00003002,C001675,175236.37,AED,DEBIT,IMPS,PENDING,2026-01-20
T00003003,C003493,833358.69,INR,CREDIT,CARD,SUCCESS,2026-05-01
T00003004,C002734,750959.52,INR,DEBIT,UPI,SUCCESS,2026-06-20
T00003005,C000639,690041.07,INR,CREDIT,SWIFT,PENDING,2026-01-28
T00003006,C003268,289860.5,INR,DEBIT,SWIFT,FAILED,2026-07-19
T00003007,C002321,697874.77,AED,CREDIT,CARD,REVERSED,2026-01-07
T00003008,C000336,395084.67,AED,CREDIT,IMPS,SUCCESS,2026-02-09
T00003009,C001315,589804.51,INR,CREDIT,NEFT,PENDING,2026-08-15
T00003010,C002030,206324.55,AED,DEBIT,IMPS,PENDING,2026-08-05
T00003011,C000842,387640.52,INR,DEBIT,SWIFT,SUCCESS,2026-06-10
T00003012,C003460,406492.18,INR,CREDIT,CARD,SUCCESS,2026-06-11
T00003013,C000986,18807.99,USD,CREDIT,IMPS,SUCCESS,2026-03-15
T00003014,C003165,232806.49,AED,DEBIT,SWIFT,SUCCESS,2026-03-20
T00003015,C002915,167402.75,INR,CREDIT,SWIFT,SUCCESS,2026-05-14
T00003016,C003199,831969.91,INR,DEBIT,NEFT,SUCCESS,2026-09-01
T00003017,C000733,250850.93,USD,DEBIT,NEFT,FAILED,2026-09-26
T00003018,C002185,119800.68,INR,CREDIT,NEFT,PENDING,2026-08-04
T00003019,C002334,169367.51,INR,DEBIT,IMPS,SUCCESS,2026-05-26
T00003020,C003448,188987.13,USD,DEBIT,NEFT,PENDING,2026-04-27
T00003021,C000618,596488.48,INR,CREDIT,SWIFT,FAILED,2026-07-05
T00003022,C002718,101871.35,INR,CREDIT,NEFT,PENDING,2026-06-21
T00003023,C000524,373884.5,USD,CREDIT,CARD,SUCCESS,2026-01-23
T00003024,C002538,10839.48,INR,CREDIT,SWIFT,FAILED,2026-05-11
T00003025,C001803,438553.36,AED,CREDIT,SWIFT,REVERSED,2026-03-08
T00003026,C000844,866740.41,AED,DEBIT,UPI,SUCCESS,2026-09-09
T00003027,C003317,119181.07,INR,CREDIT,CARD,SUCCESS,2026-04-17
T00003028,C001819,156265.6,INR,CREDIT,SWIFT,FAILED,2026-02-12
T00003029,C001757,749725.26,AED,CREDIT,SWIFT,SUCCESS,2026-07-20
T00003030,C002548,104151.29,AED,DEBIT,SWIFT,FAILED,2026-05-12
T00003031,C001633,597237.69,INR,CREDIT,NEFT,FAILED,2026-02-16
T00003032,C003226,118972.11,INR,DEBIT,IMPS,PENDING,2026-09-15
T00003033,C001228,646092.78,INR,CREDIT,UPI,FAILED,2026-09-21
T00003034,C003302,839284.4,INR,CREDIT,IMPS,FAILED,2026-08-16
T00003035,C003128,576294.43,INR,CREDIT,IMPS,REVERSED,2026-05-18
T00003036,C002988,185485.61,USD,CREDIT,NEFT,REVERSED,2026-07-04
T00003037,C000425,692003.79,AED,DEBIT,CARD,PENDING,2026-02-26
T00003038,C001222,473748.43,INR,CREDIT,NEFT,SUCCESS,2026-03-09
T00003039,C000772,121746.75,AED,DEBIT,CARD,SUCCESS,2026-09-11
T00003040,C001368,271666.14,USD,DEBIT,NEFT,SUCCESS,2026-09-17
T00003041,C002438,229813.91,AED,CREDIT,SWIFT,SUCCESS,2026-06-18
T00003042,C001762,888833.77,INR,DEBIT,SWIFT,FAILED,2026-07-19
T00003043,C003387,329233.38,INR,CREDIT,IMPS,SUCCESS,2026-08-07
T00003044,C001104,24351.11,INR,CREDIT,CARD,SUCCESS,2026-05-27
T00003045,C001277,865237.68,AED,CREDIT,IMPS,REVERSED,2026-04-02
T00003046,C000990,750128.33,USD,DEBIT,SWIFT,REVERSED,2026-02-20
T00003047,C002103,308676.75,USD,CREDIT,UPI,REVERSED,2026-08-10
T00003048,C000242,550797.87,INR,CREDIT,IMPS,PENDING,2026-07-24
T00003049,C000187,676557.55,AED,DEBIT,IMPS,PENDING,2026-04-26
T00003050,C000414,327418.45,USD,CREDIT,UPI,SUCCESS,2026-09-12
T00003051,C001226,392919.12,USD,CREDIT,UPI,REVERSED,2026-06-07
T00003052,C000545,65436.77,USD,DEBIT,NEFT,SUCCESS,2026-07-19
T00003053,C000928,507295.34,INR,CREDIT,UPI,PENDING,2026-04-07
T00003054,C001757,649406.81,INR,DEBIT,UPI,SUCCESS,2026-09-06
T00003055,C001576,30648.1,INR,DEBIT,CARD,PENDING,2026-07-20
T00003056,C001616,514303.85,AED,CREDIT,IMPS,SUCCESS,2026-01-09
T00003057,C001571,92363.63,USD,DEBIT,IMPS,SUCCESS,2026-08-15
T00003058,C001627,90062.67,INR,CREDIT,CARD,FAILED,2026-08-15
T00003059,C002804,890241.55,USD,DEBIT,NEFT,PENDING,2026-08-18
T00003060,C000559,463645.9,AED,CREDIT,NEFT,FAILED,2026-06-28
T00003061,C002067,870858.58,INR,CREDIT,NEFT,PENDING,2026-01-19
T00003062,C000095,61097.57,INR,CREDIT,CARD,SUCCESS,2026-09-18
T00003063,C000009,815281.55,USD,CREDIT,IMPS,FAILED,2026-04-22
T00003064,C003331,621083.76,AED,DEBIT,IMPS,REVERSED,2026-09-14
T00003065,C001009,552540.73,USD,CREDIT,UPI,REVERSED,2026-05-22
T00003066,C001568,456864.12,INR,DEBIT,UPI,PENDING,2026-04-08
T00003067,C001705,10949.19,USD,CREDIT,IMPS,SUCCESS,2026-07-09
T00003068,C003218,480924.19,INR,CREDIT,IMPS,SUCCESS,2026-06-20
T00003069,C001942,326163.78,USD,DEBIT,UPI,PENDING,2026-06-12
T00003070,C003302,183546.21,USD,DEBIT,NEFT,SUCCESS,2026-05-01
T00003071,C002067,89223.84,USD,DEBIT,NEFT,SUCCESS,2026-05-21
T00003072,C002086,467745.73,INR,DEBIT,CARD,PENDING,2026-03-28
T00003073,C000830,134871.63,AED,DEBIT,CARD,SUCCESS,2026-07-21
T00003074,C001546,865425.72,USD,CREDIT,NEFT,REVERSED,2026-01-21
T00003075,C000598,108262.84,INR,CREDIT,CARD,SUCCESS,2026-04-16
T00003076,C000223,830851.24,INR,CREDIT,NEFT,REVERSED,2026-04-11
T00003077,C000898,346420.59,INR,DEBIT,SWIFT,SUCCESS,2026-06-20
T00003078,C002701,370475.22,INR,CREDIT,NEFT,SUCCESS,2026-06-09
T00003079,C000821,727490.26,INR,DEBIT,UPI,PENDING,2026-05-26
T00003080,C000932,608376.01,USD,CREDIT,SWIFT,REVERSED,2026-07-16
T00003081,C003235,121655.15,INR,CREDIT,CARD,SUCCESS,2026-01-19
T00003082,C003076,163041.75,AED,DEBIT,IMPS,PENDING,2026-01-26
T00003083,C002355,890456.14,INR,CREDIT,IMPS,SUCCESS,2026-03-01
T00003084,C001593,587325.34,USD,DEBIT,SWIFT,REVERSED,2026-03-18
T00003085,C000723,107422.88,INR,CREDIT,NEFT,FAILED,2026-08-15
T00003086,C000559,331734.51,AED,DEBIT,CARD,SUCCESS,2026-03-10
T00003087,C003275,258143.72,AED,DEBIT,SWIFT,SUCCESS,2026-06-05
T00003088,C002738,619871.3,INR,DEBIT,UPI,FAILED,2026-09-13
T00003089,C002148,407084.07,AED,DEBIT,SWIFT,SUCCESS,2026-05-25
T00003090,C000942,226311.09,INR,CREDIT,CARD,REVERSED,2026-08-13
T00003091,C002962,354360.77,USD,CREDIT,UPI,SUCCESS,2026-01-25
T00003092,C000583,772499.45,USD,DEBIT,IMPS,PENDING,2026-08-05
T00003093,C003365,225267.16,INR,CREDIT,SWIFT,SUCCESS,2026-02-19
T00003094,C001571,664688.35,INR,DEBIT,UPI,SUCCESS,2026-02-03
T00003095,C001210,15515.19,INR,DEBIT,CARD,SUCCESS,2026-01-19
T00003096,C003477,55.43,INR,CREDIT,IMPS,SUCCESS,2026-05-15
T00003097,C003055,237184.57,INR,CREDIT,IMPS,PENDING,2026-05-02
T00003098,C003253,463000.64,AED,DEBIT,IMPS,SUCCESS,2026-05-02
T00003099,C002336,888940.51,INR,CREDIT,SWIFT,SUCCESS,2026-09-24
T00003100,C000389,737836.64,USD,CREDIT,UPI,SUCCESS,2026-08-28
T00003101,C001311,163926.31,INR,CREDIT,NEFT,SUCCESS,2026-02-21
T00003102,C002241,260783.01,AED,CREDIT,UPI,SUCCESS,2026-06-21
T00003103,C001838,578548.98,AED,DEBIT,UPI,SUCCESS,2026-06-27
T00003104,C003370,672368.66,INR,DEBIT,SWIFT,PENDING,2026-06-09
T00003105,C002964,112540.79,INR,DEBIT,IMPS,REVERSED,2026-08-12
T00003106,C002954,724797.07,AED,CREDIT,IMPS,PENDING,2026-03-08
T00003107,C003356,765085.67,INR,CREDIT,NEFT,REVERSED,2026-07-25
T00003108,C001368,263009.22,AED,DEBIT,SWIFT,SUCCESS,2026-06-10
T00003109,C002106,412838.39,AED,CREDIT,NEFT,FAILED,2026-08-12
T00003110,C001458,26256.63,INR,CREDIT,NEFT,SUCCESS,2026-04-03
T00003111,C001258,133243.91,INR,CREDIT,SWIFT,PENDING,2026-07-13
T00003112,C000890,860259.34,INR,DEBIT,NEFT,SUCCESS,2026-08-11
T00003113,C000236,223232.7,INR,DEBIT,NEFT,PENDING,2026-08-17
T00003114,C001141,344336.41,INR,DEBIT,UPI,SUCCESS,2026-05-27
T00003115,C002347,334603.34,INR,DEBIT,IMPS,REVERSED,2026-06-22
T00003116,C000120,72184.32,INR,DEBIT,CARD,PENDING,2026-06-20
T00003117,C003410,598743.99,INR,CREDIT,IMPS,SUCCESS,2026-05-18
T00003118,C003317,803653.14,USD,DEBIT,NEFT,SUCCESS,2026-07-12
T00003119,C002876,77360.01,AED,CREDIT,IMPS,SUCCESS,2026-05-21
T00003120,C001344,777459.96,INR,CREDIT,NEFT,SUCCESS,2026-01-02
T00003121,C002729,446460.37,INR,CREDIT,UPI,FAILED,2026-08-16
T00003122,C002323,8355.63,AED,CREDIT,NEFT,SUCCESS,2026-01-11
T00003123,C001761,669084.32,INR,DEBIT,IMPS,SUCCESS,2026-07-01
T00003124,C002392,176930.82,AED,DEBIT,UPI,REVERSED,2026-05-18
T00003125,C002941,655273.53,AED,CREDIT,UPI,SUCCESS,2026-07-16
T00003126,C001286,176024.49,INR,CREDIT,CARD,SUCCESS,2026-02-01
T00003127,C001585,468178.23,USD,CREDIT,UPI,SUCCESS,2026-02-03
T00003128,C001544,882360.24,INR,CREDIT,IMPS,REVERSED,2026-07-08
T00003129,C001036,710644.77,USD,CREDIT,IMPS,SUCCESS,2026-07-20
T00003130,C001334,809060.43,AED,CREDIT,CARD,REVERSED,2026-07-25
T00003131,C002055,875952.05,INR,DEBIT,IMPS,SUCCESS,2026-04-20
T00003132,C000019,415222.49,USD,DEBIT,NEFT,SUCCESS,2026-03-14
T00003133,C002798,810772.48,AED,CREDIT,UPI,FAILED,2026-09-24
T00003134,C000544,396583.99,INR,CREDIT,NEFT,SUCCESS,2026-04-14
T00003135,C000963,247876.17,INR,CREDIT,NEFT,SUCCESS,2026-01-15
T00003136,C001843,278521.39,INR,DEBIT,SWIFT,PENDING,2026-09-10
T00003137,C002074,640519.9,AED,DEBIT,SWIFT,SUCCESS,2026-08-17
T00003138,C000597,18238.49,INR,DEBIT,UPI,FAILED,2026-07-06
T00003139,C001065,355155.81,AED,DEBIT,NEFT,SUCCESS,2026-03-03
T00003140,C000423,287935.45,USD,DEBIT,UPI,SUCCESS,2026-05-01
T00003141,C002009,442393.76,USD,DEBIT,IMPS,REVERSED,2026-07-12
T00003142,C002553,652482.0,INR,CREDIT,SWIFT,SUCCESS,2026-05-12
T00003143,C001739,696398.24,USD,CREDIT,SWIFT,SUCCESS,2026-04-21
T00003144,C003421,142428.23,INR,CREDIT,SWIFT,FAILED,2026-05-01
T00003145,C001485,490247.91,INR,DEBIT,CARD,FAILED,2026-01-17
T00003146,C002509,42693.35,INR,CREDIT,UPI,REVERSED,2026-08-27
T00003147,C000359,439069.83,AED,CREDIT,UPI,SUCCESS,2026-05-16
T00003148,C002951,459420.95,USD,CREDIT,CARD,FAILED,2026-06-23
T00003149,C002132,184528.86,INR,DEBIT,NEFT,SUCCESS,2026-03-09
T00003150,C001848,332809.39,INR,CREDIT,UPI,FAILED,2026-06-21
T00003151,C002772,778981.83,AED,DEBIT,CARD,REVERSED,2026-09-13
T00003152,C002979,325218.36,USD,CREDIT,SWIFT,FAILED,2026-03-02
T00003153,C002846,897104.68,USD,DEBIT,IMPS,SUCCESS,2026-02-06
T00003154,C000742,647950.66,INR,CREDIT,IMPS,SUCCESS,2026-06-19
T00003155,C002694,278130.37,INR,DEBIT,NEFT,SUCCESS,2026-06-18
T00003156,C000379,311330.49,INR,CREDIT,CARD,SUCCESS,2026-05-15
T00003157,C001228,433180.86,INR,DEBIT,UPI,PENDING,2026-07-02
T00003158,C001985,820295.36,USD,DEBIT,CARD,SUCCESS,2026-04-20
T00003159,C000039,65915.53,USD,CREDIT,NEFT,SUCCESS,2026-01-18
T00003160,C001956,650337.77,AED,CREDIT,CARD,PENDING,2026-06-04
T00003161,C000601,132402.5,INR,DEBIT,SWIFT,SUCCESS,2026-05-26
T00003162,C003020,684098.37,INR,CREDIT,NEFT,SUCCESS,2026-03-13
T00003163,C000773,106137.65,INR,CREDIT,CARD,SUCCESS,2026-09-27
T00003164,C003225,210797.32,USD,DEBIT,IMPS,FAILED,2026-04-22
T00003165,C001513,777580.82,USD,DEBIT,NEFT,SUCCESS,2026-09-06
T00003166,C001862,659645.45,INR,DEBIT,IMPS,FAILED,2026-01-02
T00003167,C002615,118571.99,INR,CREDIT,SWIFT,PENDING,2026-08-27
T00003168,C000012,666742.08,INR,CREDIT,CARD,FAILED,2026-09-01
T00003169,C000320,782847.28,AED,DEBIT,CARD,SUCCESS,2026-06-09
T00003170,C000245,31239.74,INR,CREDIT,IMPS,SUCCESS,2026-09-13
T00003171,C002141,88623.76,INR,DEBIT,IMPS,FAILED,2026-01-09
T00003172,C001311,560821.04,INR,DEBIT,CARD,SUCCESS,2026-05-10
T00003173,C003438,141854.79,INR,DEBIT,NEFT,PENDING,2026-03-03
T00003174,C001366,98007.99,AED,DEBIT,CARD,SUCCESS,2026-03-01
T00003175,C001717,856837.16,USD,CREDIT,NEFT,FAILED,2026-08-02
T00003176,C001017,726334.99,USD,DEBIT,UPI,SUCCESS,2026-04-22
T00003177,C000206,287120.29,INR,CREDIT,IMPS,SUCCESS,2026-07-02
T00003178,C000841,23608.6,AED,DEBIT,NEFT,SUCCESS,2026-07-01
T00003179,C002065,846636.52,USD,DEBIT,NEFT,SUCCESS,2026-06-18
T00003180,C001438,327745.83,AED,DEBIT,IMPS,PENDING,2026-03-19
T00003181,C000387,494062.14,INR,CREDIT,NEFT,SUCCESS,2026-04-27
T00003182,C001976,805758.71,INR,DEBIT,SWIFT,REVERSED,2026-02-04
T00003183,C001090,659872.99,INR,DEBIT,NEFT,PENDING,2026-09-09
T00003184,C002328,769616.14,INR,CREDIT,UPI,FAILED,2026-09-27
T00003185,C000191,889906.73,USD,DEBIT,NEFT,SUCCESS,2026-09-16
T00003186,C001499,556511.05,USD,CREDIT,CARD,SUCCESS,2026-08-05
T00003187,C002453,722795.07,AED,CREDIT,CARD,FAILED,2026-01-15
T00003188,C001047,77030.01,AED,DEBIT,CARD,SUCCESS,2026-09-10
T00003189,C000150,478011.86,USD,DEBIT,SWIFT,FAILED,2026-08-23
T00003190,C000550,714132.3,USD,DEBIT,NEFT,SUCCESS,2026-08-28
T00003191,C002712,489340.62,INR,DEBIT,SWIFT,SUCCESS,2026-09-10
T00003192,C002116,350943.29,AED,DEBIT,IMPS,SUCCESS,2026-01-06
T00003193,C001711,318224.51,INR,CREDIT,IMPS,SUCCESS,2026-02-19
T00003194,C002670,113083.99,AED,DEBIT,SWIFT,SUCCESS,2026-05-08
T00003195,C001382,598657.94,AED,DEBIT,IMPS,REVERSED,2026-07-14
T00003196,C000449,413084.26,INR,DEBIT,NEFT,SUCCESS,2026-07-09
T00003197,C002614,865606.82,INR,CREDIT,NEFT,REVERSED,2026-03-02
T00003198,C000014,312333.2,INR,CREDIT,UPI,PENDING,2026-07-18
T00003199,C001719,518411.08,USD,DEBIT,NEFT,FAILED,2026-09-08
T00003200,C000795,806811.48,INR,CREDIT,UPI,PENDING,2026-04-18
T00003201,C002448,567509.71,INR,DEBIT,UPI,PENDING,2026-08-01
T00003202,C002803,882328.39,INR,CREDIT,UPI,SUCCESS,2026-07-15
T00003203,C000613,559224.85,USD,DEBIT,SWIFT,FAILED,2026-06-09
T00003204,C001634,392288.56,AED,DEBIT,CARD,REVERSED,2026-05-23
T00003205,C001397,311564.23,USD,CREDIT,UPI,REVERSED,2026-09-07
T00003206,C002450,773325.07,INR,CREDIT,NEFT,SUCCESS,2026-01-28
T00003207,C000657,493873.77,INR,CREDIT,IMPS,SUCCESS,2026-05-23
T00003208,C002179,537913.71,INR,CREDIT,CARD,SUCCESS,2026-08-04
T00003209,C002568,403665.32,USD,DEBIT,IMPS,SUCCESS,2026-03-25
T00003210,C002252,110305.4,INR,DEBIT,SWIFT,SUCCESS,2026-04-27
T00003211,C000478,876115.26,INR,CREDIT,IMPS,PENDING,2026-05-25
T00003212,C001082,594803.64,INR,CREDIT,UPI,FAILED,2026-04-23
T00003213,C001463,122197.79,INR,CREDIT,UPI,SUCCESS,2026-07-06
T00003214,C002200,710408.54,INR,CREDIT,IMPS,PENDING,2026-06-12
T00003215,C002103,418147.83,INR,DEBIT,CARD,PENDING,2026-02-09
T00003216,C002557,574346.07,INR,DEBIT,IMPS,REVERSED,2026-07-25
T00003217,C000330,854557.56,INR,DEBIT,CARD,SUCCESS,2026-08-09
T00003218,C002181,487656.7,AED,DEBIT,CARD,SUCCESS,2026-08-23
T00003219,C000039,805637.22,USD,CREDIT,CARD,SUCCESS,2026-01-27
T00003220,C001047,11744.78,INR,DEBIT,UPI,FAILED,2026-08-04
T00003221,C003478,243995.38,INR,DEBIT,UPI,FAILED,2026-01-19
T00003222,C001095,503414.05,USD,DEBIT,IMPS,FAILED,2026-04-25
T00003223,C003470,852398.92,INR,CREDIT,SWIFT,SUCCESS,2026-05-08
T00003224,C002944,677277.29,INR,DEBIT,NEFT,REVERSED,2026-06-08
T00003225,C002582,93926.55,AED,CREDIT,CARD,PENDING,2026-08-17
T00003226,C000977,338230.57,USD,CREDIT,UPI,REVERSED,2026-03-21
T00003227,C003443,202999.31,INR,CREDIT,UPI,SUCCESS,2026-04-25
T00003228,C001793,189465.69,AED,CREDIT,CARD,SUCCESS,2026-05-27
T00003229,C002628,423331.94,INR,DEBIT,IMPS,SUCCESS,2026-09-17
T00003230,C001387,53061.1,AED,CREDIT,NEFT,SUCCESS,2026-03-17
T00003231,C001118,247938.84,INR,CREDIT,IMPS,REVERSED,2026-04-27
T00003232,C000993,49540.03,USD,DEBIT,NEFT,SUCCESS,2026-04-06
T00003233,C002724,549304.82,USD,CREDIT,UPI,PENDING,2026-02-28
T00003234,C000195,416729.75,INR,CREDIT,NEFT,REVERSED,2026-08-19
T00003235,C003210,447065.22,USD,DEBIT,UPI,REVERSED,2026-01-24
T00003236,C002793,221084.91,INR,DEBIT,SWIFT,SUCCESS,2026-03-26
T00003237,C001019,693342.72,INR,CREDIT,CARD,SUCCESS,2026-04-23
T00003238,C002404,61816.25,AED,CREDIT,CARD,REVERSED,2026-05-27
T00003239,C000942,44700.15,INR,DEBIT,SWIFT,REVERSED,2026-04-23
T00003240,C003299,763009.73,INR,DEBIT,IMPS,SUCCESS,2026-09-15
T00003241,C002792,448651.42,INR,DEBIT,NEFT,FAILED,2026-02-17
T00003242,C003064,676564.46,INR,DEBIT,CARD,PENDING,2026-03-25
T00003243,C002815,704780.76,INR,DEBIT,CARD,SUCCESS,2026-01-05
T00003244,C000427,265419.93,AED,DEBIT,UPI,SUCCESS,2026-06-05
T00003245,C002021,417914.82,INR,CREDIT,CARD,SUCCESS,2026-08-09
T00003246,C002372,305002.4,USD,DEBIT,CARD,REVERSED,2026-02-26
T00003247,C000406,215070.18,INR,CREDIT,CARD,REVERSED,2026-07-24
T00003248,C000087,736792.04,AED,CREDIT,IMPS,REVERSED,2026-04-22
T00003249,C002678,583808.05,AED,DEBIT,NEFT,PENDING,2026-03-03
T00003250,C002107,397849.48,USD,DEBIT,SWIFT,SUCCESS,2026-02-22
T00003251,C002322,336122.38,AED,DEBIT,SWIFT,SUCCESS,2026-05-17
T00003252,C002482,563478.32,INR,CREDIT,SWIFT,SUCCESS,2026-01-20
T00003253,C003312,345630.12,INR,CREDIT,UPI,REVERSED,2026-05-03
T00003254,C000560,339684.39,USD,DEBIT,CARD,FAILED,2026-02-23
T00003255,C002490,585833.37,USD,CREDIT,SWIFT,SUCCESS,2026-06-14
T00003256,C000756,297083.19,INR,DEBIT,UPI,REVERSED,2026-08-05
T00003257,C001363,242640.15,USD,DEBIT,SWIFT,SUCCESS,2026-08-09
T00003258,C001246,821473.21,USD,CREDIT,IMPS,PENDING,2026-03-23
T00003259,C001635,897219.11,USD,DEBIT,UPI,REVERSED,2026-03-13
T00003260,C001828,416728.89,INR,DEBIT,SWIFT,FAILED,2026-09-03
T00003261,C001050,695998.91,AED,DEBIT,CARD,SUCCESS,2026-02-17
T00003262,C002013,563514.74,INR,CREDIT,SWIFT,REVERSED,2026-09-12
T00003263,C003419,715270.17,AED,DEBIT,NEFT,SUCCESS,2026-08-02
T00003264,C000456,81386.44,USD,CREDIT,NEFT,SUCCESS,2026-03-18
T00003265,C000762,503889.98,INR,DEBIT,IMPS,SUCCESS,2026-07-20
T00003266,C001895,898271.73,INR,CREDIT,SWIFT,SUCCESS,2026-03-10
T00003267,C000178,215363.16,INR,DEBIT,SWIFT,PENDING,2026-04-22
T00003268,C003240,49989.54,AED,DEBIT,UPI,SUCCESS,2026-07-11
T00003269,C000649,198021.5,INR,DEBIT,IMPS,PENDING,2026-09-03
T00003270,C002875,34181.07,AED,CREDIT,CARD,SUCCESS,2026-03-18
T00003271,C000055,297143.07,INR,DEBIT,IMPS,SUCCESS,2026-02-11
T00003272,C001119,628017.89,INR,DEBIT,SWIFT,PENDING,2026-08-15
T00003273,C000070,8061.87,INR,DEBIT,NEFT,SUCCESS,2026-02-05
T00003274,C002023,34081.36,AED,CREDIT,NEFT,SUCCESS,2026-06-08
T00003275,C000417,275434.49,AED,CREDIT,NEFT,REVERSED,2026-07-23
T00003276,C001043,610544.01,USD,CREDIT,UPI,SUCCESS,2026-01-10
T00003277,C000011,877333.75,USD,CREDIT,NEFT,PENDING,2026-01-22
T00003278,C002927,775583.2,USD,DEBIT,CARD,REVERSED,2026-03-25
T00003279,C000791,197998.85,INR,DEBIT,CARD,SUCCESS,2026-03-08
T00003280,C002707,650855.32,INR,CREDIT,NEFT,FAILED,2026-05-10
T00003281,C002078,159785.52,INR,DEBIT,UPI,SUCCESS,2026-05-13
T00003282,C002048,240520.62,USD,DEBIT,NEFT,REVERSED,2026-07-22
T00003283,C001256,131841.16,INR,CREDIT,SWIFT,PENDING,2026-03-10
T00003284,C002527,447761.03,INR,DEBIT,NEFT,SUCCESS,2026-05-11
T00003285,C003103,536358.2,USD,CREDIT,CARD,PENDING,2026-08-24
T00003286,C002251,343362.93,AED,DEBIT,IMPS,REVERSED,2026-03-04
T00003287,C000315,623784.1,INR,DEBIT,IMPS,SUCCESS,2026-09-23
T00003288,C001289,511491.35,USD,DEBIT,UPI,PENDING,2026-06-04
T00003289,C001541,267169.08,AED,DEBIT,NEFT,PENDING,2026-04-08
T00003290,C002460,311111.39,INR,CREDIT,CARD,REVERSED,2026-04-02
T00003291,C001207,532943.31,INR,CREDIT,CARD,SUCCESS,2026-02-23
T00003292,C001077,49085.96,INR,CREDIT,SWIFT,PENDING,2026-04-09
T00003293,C001137,580368.19,INR,CREDIT,IMPS,SUCCESS,2026-04-28
T00003294,C003134,128686.21,USD,CREDIT,CARD,FAILED,2026-06-26
T00003295,C000158,24854.82,INR,CREDIT,SWIFT,SUCCESS,2026-06-15
T00003296,C003051,183610.19,INR,DEBIT,CARD,FAILED,2026-05-24
T00003297,C000591,295731.82,INR,DEBIT,IMPS,REVERSED,2026-07-19
T00003298,C001209,203005.62,AED,CREDIT,IMPS,REVERSED,2026-05-21
T00003299,C002768,511664.6,USD,CREDIT,CARD,PENDING,2026-07-03
T00003300,C002961,768319.5,INR,CREDIT,SWIFT,PENDING,2026-07-07
T00003301,C002179,504086.08,INR,CREDIT,UPI,REVERSED,2026-01-03
T00003302,C001602,809183.95,INR,DEBIT,NEFT,SUCCESS,2026-08-10
T00003303,C000355,319874.52,USD,CREDIT,NEFT,PENDING,2026-05-02
T00003304,C001163,231184.79,INR,CREDIT,CARD,SUCCESS,2026-01-24
T00003305,C000039,354365.96,USD,DEBIT,IMPS,FAILED,2026-08-06
T00003306,C000271,566577.43,USD,DEBIT,NEFT,PENDING,2026-02-12
T00003307,C002133,63262.41,USD,DEBIT,CARD,SUCCESS,2026-09-09
T00003308,C001995,486739.12,INR,CREDIT,CARD,SUCCESS,2026-07-01
T00003309,C000976,441276.8,USD,DEBIT,UPI,REVERSED,2026-04-25
T00003310,C000233,563160.84,USD,DEBIT,SWIFT,SUCCESS,2026-06-05
T00003311,C003461,618391.93,INR,CREDIT,CARD,REVERSED,2026-07-18
T00003312,C000789,283066.57,USD,CREDIT,NEFT,PENDING,2026-09-12
T00003313,C001053,672794.9,INR,DEBIT,IMPS,PENDING,2026-03-14
T00003314,C002316,159500.13,AED,CREDIT,NEFT,REVERSED,2026-08-11
T00003315,C000990,34982.07,USD,CREDIT,SWIFT,REVERSED,2026-03-14
T00003316,C002682,85995.15,INR,CREDIT,SWIFT,REVERSED,2026-09-14
T00003317,C002543,548948.81,AED,DEBIT,CARD,REVERSED,2026-06-22
T00003318,C000445,301116.07,AED,DEBIT,UPI,FAILED,2026-09-18
T00003319,C002505,436490.45,USD,CREDIT,NEFT,REVERSED,2026-03-20
T00003320,C000809,708239.28,USD,DEBIT,SWIFT,SUCCESS,2026-05-21
T00003321,C002962,371174.94,AED,DEBIT,SWIFT,PENDING,2026-01-25
T00003322,C001095,230983.76,AED,CREDIT,UPI,SUCCESS,2026-05-20
T00003323,C001981,326849.35,AED,DEBIT,CARD,REVERSED,2026-08-22
T00003324,C003304,601432.84,INR,CREDIT,SWIFT,SUCCESS,2026-05-09
T00003325,C002420,587894.09,INR,CREDIT,UPI,SUCCESS,2026-03-06
T00003326,C002223,750627.0,INR,DEBIT,CARD,SUCCESS,2026-05-05
T00003327,C000965,166457.48,INR,DEBIT,IMPS,SUCCESS,2026-02-12
T00003328,C003296,421272.1,INR,DEBIT,CARD,SUCCESS,2026-08-09
T00003329,C002610,6037.98,INR,CREDIT,UPI,FAILED,2026-03-04
T00003330,C000837,786324.41,AED,CREDIT,SWIFT,REVERSED,2026-01-01
T00003331,C001711,194930.73,AED,CREDIT,CARD,REVERSED,2026-06-08
T00003332,C000933,590038.7,AED,DEBIT,IMPS,SUCCESS,2026-06-23
T00003333,C003256,259455.94,INR,CREDIT,CARD,REVERSED,2026-02-22
T00003334,C002088,787767.62,INR,CREDIT,NEFT,FAILED,2026-08-23
T00003335,C002071,354233.75,AED,DEBIT,CARD,SUCCESS,2026-06-19
T00003336,C001086,108219.07,INR,CREDIT,CARD,SUCCESS,2026-07-09
T00003337,C001543,615242.82,INR,CREDIT,UPI,SUCCESS,2026-05-11
T00003338,C001260,764079.61,INR,DEBIT,NEFT,SUCCESS,2026-03-27
T00003339,C001772,415262.49,USD,CREDIT,SWIFT,SUCCESS,2026-01-03
T00003340,C002320,52945.27,INR,DEBIT,IMPS,SUCCESS,2026-07-16
T00003341,C000965,812587.99,INR,CREDIT,UPI,SUCCESS,2026-01-08
T00003342,C000176,641526.05,INR,CREDIT,UPI,FAILED,2026-02-01
T00003343,C000170,69893.09,INR,CREDIT,UPI,FAILED,2026-09-03
T00003344,C002397,848518.39,INR,DEBIT,CARD,SUCCESS,2026-07-14
T00003345,C001187,713093.81,AED,CREDIT,NEFT,SUCCESS,2026-09-28
T00003346,C003152,273540.67,INR,CREDIT,CARD,FAILED,2026-04-22
T00003347,C002176,372859.65,INR,DEBIT,NEFT,SUCCESS,2026-01-25
T00003348,C001958,804641.73,AED,CREDIT,IMPS,SUCCESS,2026-06-28
T00003349,C002540,457687.28,USD,CREDIT,CARD,PENDING,2026-04-21
T00003350,C001947,530403.23,INR,DEBIT,SWIFT,SUCCESS,2026-07-01
T00003351,C000742,115053.99,INR,CREDIT,CARD,SUCCESS,2026-08-15
T00003352,C000241,337346.61,AED,CREDIT,CARD,REVERSED,2026-08-01
T00003353,C000295,94715.13,AED,CREDIT,SWIFT,PENDING,2026-05-06
T00003354,C000848,145656.51,INR,DEBIT,CARD,REVERSED,2026-08-28
T00003355,C003037,32197.96,AED,DEBIT,IMPS,SUCCESS,2026-03-19
T00003356,C000191,69126.22,AED,CREDIT,IMPS,PENDING,2026-02-27
T00003357,C001548,312153.69,INR,DEBIT,CARD,FAILED,2026-09-11
T00003358,C000501,551257.75,INR,DEBIT,UPI,SUCCESS,2026-08-01
T00003359,C000912,446896.69,INR,CREDIT,SWIFT,SUCCESS,2026-07-05
T00003360,C001301,631699.51,INR,CREDIT,SWIFT,REVERSED,2026-07-18
T00003361,C002443,640293.43,INR,CREDIT,SWIFT,SUCCESS,2026-06-02
T00003362,C000559,90552.7,INR,DEBIT,IMPS,FAILED,2026-05-21
T00003363,C002167,576457.83,AED,DEBIT,IMPS,SUCCESS,2026-05-06
T00003364,C002074,668967.58,INR,DEBIT,NEFT,REVERSED,2026-04-14
T00003365,C001809,456661.28,INR,DEBIT,UPI,SUCCESS,2026-01-18
T00003366,C003273,95576.37,INR,CREDIT,CARD,FAILED,2026-03-14
T00003367,C001954,201658.31,INR,CREDIT,CARD,SUCCESS,2026-08-10
T00003368,C002355,589641.29,INR,CREDIT,IMPS,SUCCESS,2026-09-23
T00003369,C000910,165250.09,AED,CREDIT,NEFT,SUCCESS,2026-02-11
T00003370,C001945,566103.95,AED,DEBIT,NEFT,SUCCESS,2026-05-06
T00003371,C001393,832283.62,INR,CREDIT,SWIFT,SUCCESS,2026-06-02
T00003372,C001039,49152.0,USD,DEBIT,CARD,PENDING,2026-08-07
T00003373,C000403,344702.64,AED,DEBIT,IMPS,SUCCESS,2026-04-22
T00003374,C002341,755917.59,USD,CREDIT,UPI,SUCCESS,2026-05-22
T00003375,C000659,388956.32,INR,DEBIT,SWIFT,SUCCESS,2026-05-06
T00003376,C003045,96180.45,INR,DEBIT,SWIFT,SUCCESS,2026-08-11
T00003377,C002194,384637.32,AED,CREDIT,NEFT,PENDING,2026-09-25
T00003378,C001310,763064.85,INR,CREDIT,NEFT,SUCCESS,2026-09-06
T00003379,C003283,513481.14,USD,CREDIT,SWIFT,PENDING,2026-08-21
T00003380,C000413,484159.4,INR,DEBIT,NEFT,REVERSED,2026-03-05
T00003381,C000667,510526.32,AED,CREDIT,SWIFT,SUCCESS,2026-02-02
T00003382,C001551,566406.54,AED,DEBIT,UPI,FAILED,2026-06-18
T00003383,C000757,666200.12,USD,CREDIT,UPI,REVERSED,2026-05-15
T00003384,C002088,423778.19,AED,DEBIT,UPI,PENDING,2026-03-15
T00003385,C000881,462573.07,INR,DEBIT,NEFT,SUCCESS,2026-07-01
T00003386,C001513,669069.05,INR,CREDIT,IMPS,REVERSED,2026-01-27
T00003387,C001920,341142.32,AED,DEBIT,NEFT,SUCCESS,2026-04-27
T00003388,C001050,8961.7,INR,DEBIT,NEFT,REVERSED,2026-02-01
T00003389,C002158,235552.92,AED,DEBIT,NEFT,PENDING,2026-01-28
T00003390,C002657,810557.67,INR,DEBIT,IMPS,PENDING,2026-08-14
T00003391,C002117,613760.72,INR,CREDIT,SWIFT,REVERSED,2026-05-13
T00003392,C001100,352311.13,INR,CREDIT,UPI,REVERSED,2026-01-08
T00003393,C003062,548345.47,USD,DEBIT,SWIFT,SUCCESS,2026-04-23
T00003394,C000154,45677.71,AED,DEBIT,IMPS,SUCCESS,2026-01-21
T00003395,C001920,10316.61,USD,CREDIT,NEFT,PENDING,2026-04-26
T00003396,C002706,239163.47,INR,CREDIT,UPI,REVERSED,2026-05-05
T00003397,C002071,852910.74,INR,CREDIT,NEFT,PENDING,2026-08-02
T00003398,C002909,40365.4,INR,CREDIT,CARD,SUCCESS,2026-02-17
T00003399,C001430,219261.51,AED,DEBIT,CARD,FAILED,2026-05-09
T00003400,C003150,757085.82,USD,DEBIT,UPI,REVERSED,2026-02-06
T00003401,C000943,673185.79,USD,CREDIT,UPI,SUCCESS,2026-08-25
T00003402,C002046,653839.51,INR,DEBIT,IMPS,SUCCESS,2026-09-24
T00003403,C002533,732925.49,INR,CREDIT,NEFT,REVERSED,2026-03-24
T00003404,C000558,509459.89,USD,CREDIT,NEFT,FAILED,2026-08-05
T00003405,C002394,587986.55,INR,CREDIT,UPI,PENDING,2026-07-24
T00003406,C000622,834915.69,INR,CREDIT,NEFT,FAILED,2026-07-06
T00003407,C000600,24603.29,INR,CREDIT,NEFT,REVERSED,2026-08-27
T00003408,C001339,34835.96,USD,CREDIT,UPI,PENDING,2026-04-16
T00003409,C001398,282349.98,AED,CREDIT,IMPS,SUCCESS,2026-01-01
T00003410,C001805,606294.89,AED,DEBIT,SWIFT,REVERSED,2026-09-26
T00003411,C002232,250970.2,AED,DEBIT,CARD,PENDING,2026-09-04
T00003412,C000438,850571.2,INR,DEBIT,SWIFT,SUCCESS,2026-07-22
T00003413,C001804,724835.43,INR,DEBIT,UPI,SUCCESS,2026-03-09
T00003414,C003499,62956.07,INR,DEBIT,UPI,FAILED,2026-09-25
T00003415,C000527,206463.86,USD,DEBIT,CARD,FAILED,2026-08-24
T00003416,C001962,164987.53,INR,CREDIT,CARD,SUCCESS,2026-03-05
T00003417,C000227,677411.06,AED,CREDIT,CARD,SUCCESS,2026-02-06
T00003418,C002240,352893.23,INR,DEBIT,CARD,SUCCESS,2026-05-02
T00003419,C000483,407574.56,AED,CREDIT,IMPS,FAILED,2026-04-23
T00003420,C003311,370970.08,USD,CREDIT,NEFT,FAILED,2026-05-02
T00003421,C002315,344487.27,INR,DEBIT,UPI,SUCCESS,2026-02-06
T00003422,C000097,66300.26,INR,DEBIT,SWIFT,PENDING,2026-03-24
T00003423,C001693,256519.08,INR,CREDIT,NEFT,SUCCESS,2026-07-10
T00003424,C003129,171051.18,USD,CREDIT,UPI,REVERSED,2026-02-12
T00003425,C001760,781102.42,USD,CREDIT,SWIFT,SUCCESS,2026-05-04
T00003426,C000005,479847.33,INR,CREDIT,NEFT,SUCCESS,2026-03-27
T00003427,C000314,213257.91,INR,DEBIT,NEFT,SUCCESS,2026-02-28
T00003428,C002339,203510.86,INR,DEBIT,NEFT,SUCCESS,2026-04-24
T00003429,C003305,665365.69,USD,CREDIT,CARD,FAILED,2026-06-28
T00003430,C002885,338290.82,AED,CREDIT,UPI,PENDING,2026-04-13
T00003431,C003245,161813.42,INR,DEBIT,IMPS,FAILED,2026-07-24
T00003432,C000923,28153.57,USD,CREDIT,SWIFT,PENDING,2026-07-12
T00003433,C002423,818305.96,AED,CREDIT,NEFT,REVERSED,2026-09-14
T00003434,C001789,40516.97,INR,CREDIT,CARD,SUCCESS,2026-06-27
T00003435,C002109,73618.1,USD,DEBIT,IMPS,SUCCESS,2026-05-07
T00003436,C000354,87456.8,INR,CREDIT,IMPS,SUCCESS,2026-05-05
T00003437,C000062,139601.68,INR,DEBIT,SWIFT,REVERSED,2026-09-20
T00003438,C000985,384274.85,USD,CREDIT,CARD,SUCCESS,2026-04-25
T00003439,C002867,282905.65,INR,CREDIT,IMPS,FAILED,2026-05-04
T00003440,C000154,850032.71,INR,CREDIT,SWIFT,REVERSED,2026-07-11
T00003441,C000559,318184.87,INR,DEBIT,IMPS,PENDING,2026-02-04
T00003442,C002858,238245.23,AED,DEBIT,NEFT,SUCCESS,2026-08-23
T00003443,C002756,685162.12,INR,DEBIT,SWIFT,SUCCESS,2026-04-19
T00003444,C000154,548667.9,INR,CREDIT,NEFT,REVERSED,2026-02-28
T00003445,C001480,727962.76,INR,DEBIT,CARD,PENDING,2026-06-02
T00003446,C001366,409985.44,INR,CREDIT,NEFT,SUCCESS,2026-05-26
T00003447,C001345,738199.67,INR,DEBIT,CARD,REVERSED,2026-08-07
T00003448,C002231,197210.49,INR,DEBIT,UPI,FAILED,2026-09-24
T00003449,C000231,780036.47,INR,CREDIT,CARD,PENDING,2026-04-11
T00003450,C002616,309630.63,USD,CREDIT,SWIFT,FAILED,2026-01-13
T00003451,C003038,508016.08,INR,DEBIT,NEFT,FAILED,2026-03-19
T00003452,C000950,283928.94,AED,DEBIT,CARD,SUCCESS,2026-06-22
T00003453,C000628,175407.33,INR,CREDIT,CARD,SUCCESS,2026-04-10
T00003454,C000882,380300.5,INR,DEBIT,NEFT,REVERSED,2026-05-11
T00003455,C001240,818439.81,USD,CREDIT,IMPS,SUCCESS,2026-07-26
T00003456,C001630,758430.55,INR,DEBIT,UPI,FAILED,2026-03-24
T00003457,C000733,411263.36,INR,CREDIT,SWIFT,SUCCESS,2026-01-16
T00003458,C000407,32635.96,AED,DEBIT,CARD,SUCCESS,2026-09-15
T00003459,C003022,179518.19,USD,CREDIT,UPI,SUCCESS,2026-07-24
T00003460,C000657,477220.05,USD,CREDIT,NEFT,SUCCESS,2026-02-07
T00003461,C000738,859263.66,USD,CREDIT,UPI,REVERSED,2026-02-08
T00003462,C001928,674097.19,USD,CREDIT,CARD,SUCCESS,2026-07-17
T00003463,C002865,685324.71,INR,DEBIT,NEFT,SUCCESS,2026-04-17
T00003464,C001864,174626.09,USD,DEBIT,NEFT,SUCCESS,2026-01-14
T00003465,C001169,660575.8,USD,DEBIT,NEFT,SUCCESS,2026-07-13
T00003466,C002899,838308.21,INR,DEBIT,SWIFT,SUCCESS,2026-07-10
T00003467,C001001,255591.03,INR,DEBIT,SWIFT,REVERSED,2026-04-17
T00003468,C000525,167323.29,INR,DEBIT,IMPS,SUCCESS,2026-03-11
T00003469,C001725,288487.41,INR,CREDIT,UPI,SUCCESS,2026-02-23
T00003470,C000744,274595.78,INR,CREDIT,IMPS,SUCCESS,2026-02-16
T00003471,C003135,448756.51,INR,DEBIT,CARD,REVERSED,2026-01-11
T00003472,C000993,477914.97,INR,CREDIT,UPI,SUCCESS,2026-03-04
T00003473,C003464,866233.37,AED,CREDIT,CARD,SUCCESS,2026-06-04
T00003474,C001912,114484.26,AED,CREDIT,SWIFT,PENDING,2026-08-26
T00003475,C001500,817018.26,USD,CREDIT,UPI,REVERSED,2026-08-16
T00003476,C002309,607762.57,INR,CREDIT,CARD,SUCCESS,2026-04-15
T00003477,C000194,502660.02,AED,DEBIT,NEFT,SUCCESS,2026-07-06
T00003478,C002347,701330.2,INR,CREDIT,IMPS,FAILED,2026-08-20
T00003479,C002485,624805.48,AED,CREDIT,UPI,SUCCESS,2026-07-23
T00003480,C000661,443748.85,INR,CREDIT,SWIFT,SUCCESS,2026-02-17
T00003481,C002106,853028.83,INR,DEBIT,UPI,FAILED,2026-01-11
T00003482,C001866,64728.17,AED,DEBIT,UPI,PENDING,2026-01-14
T00003483,C001769,329825.4,INR,DEBIT,CARD,SUCCESS,2026-08-15
T00003484,C002939,342160.32,USD,CREDIT,IMPS,PENDING,2026-08-18
T00003485,C001477,281930.97,AED,CREDIT,IMPS,SUCCESS,2026-08-03
T00003486,C001770,678815.19,INR,CREDIT,IMPS,SUCCESS,2026-08-19
T00003487,C002329,208448.47,INR,CREDIT,UPI,SUCCESS,2026-02-27
T00003488,C000518,531339.34,USD,DEBIT,SWIFT,REVERSED,2026-08-09
T00003489,C000014,816316.54,AED,DEBIT,IMPS,SUCCESS,2026-07-01
T00003490,C003450,136871.13,USD,DEBIT,SWIFT,REVERSED,2026-04-25
T00003491,C000441,412452.0,USD,DEBIT,SWIFT,PENDING,2026-01-23
T00003492,C001315,508063.84,INR,CREDIT,NEFT,SUCCESS,2026-09-27
T00003493,C003026,603490.09,INR,DEBIT,IMPS,SUCCESS,2026-06-16
T00003494,C000302,218135.16,AED,DEBIT,SWIFT,SUCCESS,2026-02-24
T00003495,C002032,848151.89,INR,DEBIT,NEFT,SUCCESS,2026-06-07
T00003496,C002455,761180.46,INR,CREDIT,UPI,REVERSED,2026-08-03
T00003497,C001765,217711.78,USD,CREDIT,IMPS,REVERSED,2026-04-22
T00003498,C001706,212619.96,INR,DEBIT,UPI,SUCCESS,2026-09-23
T00003499,C001653,863163.75,USD,CREDIT,NEFT,FAILED,2026-07-05
T00003500,C003009,839214.5,AED,DEBIT,CARD,FAILED,2026-03-19
T00003501,C003286,85902.43,USD,CREDIT,SWIFT,SUCCESS,2026-05-06
T00003502,C001787,629663.23,USD,CREDIT,UPI,SUCCESS,2026-04-17
T00003503,C000294,171719.75,INR,CREDIT,SWIFT,SUCCESS,2026-02-04
T00003504,C001796,854003.07,AED,CREDIT,NEFT,REVERSED,2026-03-19
T00003505,C002604,750732.0,INR,DEBIT,UPI,SUCCESS,2026-03-24
T00003506,C002227,638490.14,INR,DEBIT,IMPS,FAILED,2026-06-20
T00003507,C000298,132962.96,AED,DEBIT,UPI,SUCCESS,2026-09-25
T00003508,C000720,406177.9,INR,CREDIT,IMPS,PENDING,2026-06-16
T00003509,C000572,473007.15,INR,CREDIT,UPI,FAILED,2026-07-08
T00003510,C001485,237711.31,USD,CREDIT,IMPS,SUCCESS,2026-09-02
T00003511,C000820,829395.94,AED,DEBIT,IMPS,SUCCESS,2026-07-08
T00003512,C002200,107648.21,INR,CREDIT,UPI,SUCCESS,2026-05-23
T00003513,C003434,545233.87,USD,DEBIT,SWIFT,FAILED,2026-04-07
T00003514,C000483,888504.11,USD,CREDIT,NEFT,SUCCESS,2026-05-08
T00003515,C001974,227421.38,INR,CREDIT,CARD,SUCCESS,2026-04-07
T00003516,C000855,314770.01,USD,CREDIT,IMPS,SUCCESS,2026-09-15
T00003517,C001668,636094.38,USD,DEBIT,NEFT,REVERSED,2026-02-16
T00003518,C000222,107884.33,INR,DEBIT,UPI,FAILED,2026-03-05
T00003519,C002199,240310.57,INR,DEBIT,CARD,SUCCESS,2026-04-21
T00003520,C000088,114374.1,USD,DEBIT,CARD,SUCCESS,2026-03-14
T00003521,C001812,229942.11,USD,CREDIT,NEFT,PENDING,2026-01-20
T00003522,C001317,177535.96,AED,CREDIT,IMPS,SUCCESS,2026-01-04
T00003523,C002564,41728.18,USD,CREDIT,IMPS,FAILED,2026-05-12
T00003524,C003339,742666.01,INR,DEBIT,SWIFT,PENDING,2026-07-21
T00003525,C002006,49581.38,USD,DEBIT,NEFT,PENDING,2026-07-15
T00003526,C001578,708782.56,AED,DEBIT,IMPS,SUCCESS,2026-08-25
T00003527,C002931,303500.44,USD,DEBIT,SWIFT,PENDING,2026-07-01
T00003528,C003290,731853.59,USD,CREDIT,NEFT,FAILED,2026-01-26
T00003529,C000462,793874.03,AED,CREDIT,NEFT,SUCCESS,2026-03-28
T00003530,C003386,341823.71,AED,DEBIT,IMPS,FAILED,2026-01-13
T00003531,C000876,700502.69,INR,DEBIT,CARD,SUCCESS,2026-09-25
T00003532,C001129,561682.16,INR,CREDIT,CARD,SUCCESS,2026-08-18
T00003533,C001994,345791.69,USD,DEBIT,SWIFT,REVERSED,2026-02-08
T00003534,C003284,722196.66,USD,CREDIT,IMPS,REVERSED,2026-07-12
T00003535,C002732,843800.71,AED,CREDIT,SWIFT,PENDING,2026-01-10
T00003536,C001054,9844.79,USD,CREDIT,IMPS,FAILED,2026-07-24
T00003537,C001435,670679.62,USD,CREDIT,UPI,REVERSED,2026-02-10
T00003538,C001217,39816.01,USD,DEBIT,NEFT,SUCCESS,2026-08-20
T00003539,C000286,825647.83,USD,CREDIT,NEFT,FAILED,2026-05-27
T00003540,C001407,718104.09,INR,CREDIT,SWIFT,SUCCESS,2026-09-18
T00003541,C002815,484085.7,AED,DEBIT,SWIFT,REVERSED,2026-05-22
T00003542,C001079,80518.69,USD,DEBIT,SWIFT,SUCCESS,2026-01-22
T00003543,C002981,387180.4,INR,DEBIT,IMPS,SUCCESS,2026-09-25
T00003544,C002491,478499.92,USD,DEBIT,SWIFT,FAILED,2026-07-14
T00003545,C001044,38121.19,INR,CREDIT,NEFT,FAILED,2026-06-25
T00003546,C000289,851049.64,INR,CREDIT,IMPS,REVERSED,2026-06-05
T00003547,C001107,633151.39,INR,CREDIT,SWIFT,PENDING,2026-06-11
T00003548,C001108,135748.66,AED,DEBIT,NEFT,SUCCESS,2026-03-15
T00003549,C000619,100633.24,INR,CREDIT,SWIFT,REVERSED,2026-06-01
T00003550,C000428,127816.51,INR,DEBIT,IMPS,REVERSED,2026-03-05
T00003551,C001589,508343.23,INR,CREDIT,NEFT,SUCCESS,2026-07-19
T00003552,C002152,730875.0,USD,DEBIT,SWIFT,REVERSED,2026-02-05
T00003553,C001449,648215.08,INR,CREDIT,UPI,FAILED,2026-05-08
T00003554,C000240,477584.83,INR,CREDIT,NEFT,PENDING,2026-04-21
T00003555,C002713,52915.12,INR,CREDIT,SWIFT,REVERSED,2026-02-11
T00003556,C002085,153553.39,AED,DEBIT,IMPS,SUCCESS,2026-05-11
T00003557,C002454,468586.2,INR,DEBIT,SWIFT,PENDING,2026-02-17
T00003558,C003093,21345.68,INR,CREDIT,SWIFT,SUCCESS,2026-06-26
T00003559,C001746,335369.88,INR,CREDIT,IMPS,PENDING,2026-09-26
T00003560,C003058,290236.74,INR,DEBIT,NEFT,SUCCESS,2026-05-25
T00003561,C003489,74359.85,AED,CREDIT,IMPS,FAILED,2026-03-05
T00003562,C000248,771235.41,AED,CREDIT,IMPS,FAILED,2026-04-01
T00003563,C002657,515141.11,AED,CREDIT,NEFT,PENDING,2026-01-21
T00003564,C002360,717319.72,INR,DEBIT,SWIFT,PENDING,2026-09-09
T00003565,C002577,870992.94,INR,DEBIT,NEFT,SUCCESS,2026-01-23
T00003566,C002186,225900.42,AED,CREDIT,UPI,SUCCESS,2026-03-06
T00003567,C001999,160436.37,USD,CREDIT,NEFT,SUCCESS,2026-09-25
T00003568,C001473,73236.13,INR,DEBIT,UPI,REVERSED,2026-02-09
T00003569,C002081,324830.87,INR,DEBIT,CARD,SUCCESS,2026-01-18
T00003570,C002666,890256.89,AED,DEBIT,SWIFT,SUCCESS,2026-04-14
T00003571,C001469,749103.49,INR,CREDIT,IMPS,FAILED,2026-08-22
T00003572,C001703,669165.62,AED,CREDIT,SWIFT,SUCCESS,2026-06-03
T00003573,C002067,734258.57,INR,DEBIT,SWIFT,SUCCESS,2026-02-10
T00003574,C001347,71013.65,INR,DEBIT,NEFT,SUCCESS,2026-01-01
T00003575,C002496,111886.39,INR,CREDIT,CARD,SUCCESS,2026-07-12
T00003576,C002509,761557.7,USD,CREDIT,IMPS,PENDING,2026-03-21
T00003577,C000056,525819.87,AED,DEBIT,UPI,PENDING,2026-08-03
T00003578,C001032,783808.5,AED,CREDIT,IMPS,SUCCESS,2026-08-10
T00003579,C000034,772981.27,INR,DEBIT,SWIFT,FAILED,2026-09-16
T00003580,C000876,218051.43,AED,CREDIT,IMPS,PENDING,2026-01-28
T00003581,C003212,759860.19,USD,DEBIT,NEFT,SUCCESS,2026-03-20
T00003582,C000089,799452.77,AED,CREDIT,CARD,SUCCESS,2026-06-24
T00003583,C002475,773107.23,INR,CREDIT,UPI,PENDING,2026-03-14
T00003584,C000504,649513.04,USD,DEBIT,CARD,SUCCESS,2026-07-07
T00003585,C001398,405038.29,AED,DEBIT,NEFT,REVERSED,2026-03-25
T00003586,C000360,546783.15,USD,CREDIT,NEFT,SUCCESS,2026-02-09
T00003587,C000502,695393.29,INR,DEBIT,IMPS,PENDING,2026-03-17
T00003588,C003323,837338.68,INR,DEBIT,SWIFT,REVERSED,2026-09-25
T00003589,C001516,148706.49,INR,CREDIT,CARD,SUCCESS,2026-07-12
T00003590,C001247,230546.67,USD,DEBIT,NEFT,REVERSED,2026-06-06
T00003591,C001953,531876.2,USD,DEBIT,NEFT,PENDING,2026-08-18
T00003592,C000052,606369.24,INR,DEBIT,UPI,SUCCESS,2026-05-16
T00003593,C002803,401339.49,USD,CREDIT,NEFT,SUCCESS,2026-05-05
T00003594,C000109,316312.76,USD,CREDIT,NEFT,REVERSED,2026-02-12
T00003595,C001087,305360.49,INR,DEBIT,SWIFT,FAILED,2026-08-17
T00003596,C001488,780941.23,INR,CREDIT,UPI,REVERSED,2026-06-05
T00003597,C003166,174818.32,INR,DEBIT,NEFT,SUCCESS,2026-06-22
T00003598,C002484,866937.8,USD,DEBIT,IMPS,FAILED,2026-08-12
T00003599,C000101,644934.56,AED,DEBIT,IMPS,FAILED,2026-06-07
T00003600,C003223,217419.14,USD,DEBIT,CARD,SUCCESS,2026-07-28
T00003601,C002981,547217.23,AED,CREDIT,UPI,SUCCESS,2026-07-16
T00003602,C000083,410373.46,USD,CREDIT,IMPS,SUCCESS,2026-02-17
T00003603,C002288,442715.35,INR,CREDIT,SWIFT,SUCCESS,2026-04-21
T00003604,C002702,122941.0,INR,CREDIT,NEFT,SUCCESS,2026-03-14
T00003605,C000873,634431.44,AED,CREDIT,IMPS,PENDING,2026-08-06
T00003606,C001505,423267.12,USD,DEBIT,IMPS,REVERSED,2026-01-15
T00003607,C000137,187434.57,INR,CREDIT,NEFT,SUCCESS,2026-02-06
T00003608,C003066,798847.85,INR,CREDIT,NEFT,SUCCESS,2026-06-11
T00003609,C000955,589135.74,INR,DEBIT,NEFT,SUCCESS,2026-03-03
T00003610,C002001,661918.08,INR,DEBIT,SWIFT,SUCCESS,2026-03-26
T00003611,C002297,874903.7,USD,CREDIT,UPI,SUCCESS,2026-02-10
T00003612,C000659,782612.6,USD,DEBIT,UPI,REVERSED,2026-02-17
T00003613,C001140,502616.41,INR,CREDIT,UPI,SUCCESS,2026-03-28
T00003614,C001553,832033.02,INR,DEBIT,CARD,REVERSED,2026-01-02
T00003615,C002962,613895.41,INR,CREDIT,SWIFT,PENDING,2026-01-15
T00003616,C002642,859441.58,AED,CREDIT,UPI,FAILED,2026-01-16
T00003617,C001454,283333.08,AED,CREDIT,CARD,PENDING,2026-02-05
T00003618,C000353,860367.18,USD,CREDIT,IMPS,SUCCESS,2026-02-25
T00003619,C000650,249249.37,AED,DEBIT,UPI,SUCCESS,2026-07-25
T00003620,C001441,339577.61,INR,CREDIT,CARD,SUCCESS,2026-09-18
T00003621,C001038,706853.51,INR,CREDIT,CARD,SUCCESS,2026-03-20
T00003622,C003459,843120.4,AED,DEBIT,IMPS,FAILED,2026-06-22
T00003623,C001755,86948.9,INR,CREDIT,IMPS,FAILED,2026-07-14
T00003624,C002169,407231.21,AED,CREDIT,SWIFT,SUCCESS,2026-05-21
T00003625,C001837,33024.89,AED,DEBIT,IMPS,PENDING,2026-09-28
T00003626,C001217,57599.04,AED,CREDIT,IMPS,FAILED,2026-08-01
T00003627,C000940,686670.73,AED,DEBIT,SWIFT,SUCCESS,2026-01-16
T00003628,C001935,715091.26,USD,DEBIT,UPI,PENDING,2026-06-23
T00003629,C001080,810055.72,AED,DEBIT,SWIFT,REVERSED,2026-09-13
T00003630,C001354,478100.56,INR,CREDIT,CARD,SUCCESS,2026-07-02
T00003631,C002537,216554.26,INR,CREDIT,SWIFT,REVERSED,2026-02-06
T00003632,C003223,427581.45,INR,DEBIT,UPI,FAILED,2026-06-19
T00003633,C001237,249399.32,AED,CREDIT,UPI,SUCCESS,2026-09-08
T00003634,C001884,94281.49,USD,DEBIT,CARD,PENDING,2026-01-09
T00003635,C002210,530572.84,INR,DEBIT,SWIFT,SUCCESS,2026-02-10
T00003636,C000471,353647.21,INR,CREDIT,SWIFT,PENDING,2026-02-28
T00003637,C002029,765316.04,AED,DEBIT,UPI,SUCCESS,2026-03-07
T00003638,C001634,394250.08,USD,DEBIT,SWIFT,REVERSED,2026-09-09
T00003639,C003015,762147.55,INR,DEBIT,SWIFT,FAILED,2026-04-04
T00003640,C002911,366175.49,AED,CREDIT,NEFT,SUCCESS,2026-03-20
T00003641,C003136,875797.61,INR,DEBIT,SWIFT,FAILED,2026-08-17
T00003642,C000859,342253.08,AED,CREDIT,SWIFT,FAILED,2026-03-08
T00003643,C000906,262727.44,USD,DEBIT,CARD,PENDING,2026-05-02
T00003644,C001990,882033.22,INR,DEBIT,NEFT,FAILED,2026-05-18
T00003645,C001631,8535.27,INR,DEBIT,NEFT,SUCCESS,2026-02-15
T00003646,C000691,490337.71,USD,DEBIT,IMPS,SUCCESS,2026-04-04
T00003647,C002841,604333.42,INR,CREDIT,IMPS,SUCCESS,2026-08-16
T00003648,C000147,347390.1,AED,DEBIT,IMPS,SUCCESS,2026-09-25
T00003649,C000248,866375.2,USD,DEBIT,SWIFT,SUCCESS,2026-02-26
T00003650,C003263,688962.41,INR,CREDIT,IMPS,SUCCESS,2026-05-07
T00003651,C002113,687136.73,INR,CREDIT,CARD,SUCCESS,2026-02-12
T00003652,C001812,833859.1,USD,DEBIT,SWIFT,SUCCESS,2026-09-23
T00003653,C002009,614106.78,USD,DEBIT,SWIFT,REVERSED,2026-02-10
T00003654,C000543,898930.68,AED,DEBIT,IMPS,SUCCESS,2026-02-15
T00003655,C000240,54106.26,USD,DEBIT,IMPS,FAILED,2026-08-07
T00003656,C002041,319223.07,INR,DEBIT,UPI,SUCCESS,2026-03-08
T00003657,C000055,319017.08,INR,CREDIT,IMPS,FAILED,2026-07-26
T00003658,C000801,857916.85,USD,CREDIT,IMPS,SUCCESS,2026-06-27
T00003659,C001465,882607.09,INR,DEBIT,UPI,SUCCESS,2026-07-09
T00003660,C000583,683913.6,INR,DEBIT,IMPS,SUCCESS,2026-08-10
T00003661,C002985,869378.46,INR,CREDIT,IMPS,SUCCESS,2026-01-16
T00003662,C002225,810563.79,INR,CREDIT,CARD,FAILED,2026-05-14
T00003663,C002803,615429.73,INR,CREDIT,SWIFT,SUCCESS,2026-04-24
T00003664,C003323,631690.97,AED,CREDIT,SWIFT,FAILED,2026-06-12
T00003665,C001939,149819.79,INR,CREDIT,IMPS,PENDING,2026-01-07
T00003666,C002639,470305.19,USD,CREDIT,CARD,PENDING,2026-02-22
T00003667,C002639,183999.76,INR,CREDIT,IMPS,SUCCESS,2026-03-04
T00003668,C001024,33154.27,AED,DEBIT,NEFT,FAILED,2026-05-24
T00003669,C000588,17789.57,AED,DEBIT,UPI,PENDING,2026-01-16
T00003670,C001797,46265.65,INR,CREDIT,UPI,SUCCESS,2026-04-20
T00003671,C000885,63097.87,AED,CREDIT,UPI,PENDING,2026-09-11
T00003672,C002751,500123.81,INR,DEBIT,SWIFT,REVERSED,2026-04-02
T00003673,C000910,426962.38,INR,DEBIT,IMPS,SUCCESS,2026-04-20
T00003674,C000721,195517.32,AED,CREDIT,IMPS,PENDING,2026-01-26
T00003675,C003371,586825.74,AED,CREDIT,SWIFT,SUCCESS,2026-07-15
T00003676,C000075,397932.49,INR,DEBIT,UPI,FAILED,2026-07-25
T00003677,C001278,788714.3,INR,DEBIT,UPI,FAILED,2026-05-03
T00003678,C000510,497220.16,USD,DEBIT,IMPS,FAILED,2026-05-15
T00003679,C000327,885357.9,USD,DEBIT,CARD,SUCCESS,2026-03-20
T00003680,C002406,715121.92,INR,CREDIT,SWIFT,SUCCESS,2026-06-24
T00003681,C003264,131690.41,INR,DEBIT,IMPS,FAILED,2026-03-03
T00003682,C002056,360374.27,USD,DEBIT,IMPS,SUCCESS,2026-02-09
T00003683,C002300,63864.19,AED,DEBIT,SWIFT,SUCCESS,2026-02-23
T00003684,C000078,354620.25,USD,DEBIT,NEFT,SUCCESS,2026-05-07
T00003685,C001038,237265.79,INR,DEBIT,IMPS,REVERSED,2026-09-21
T00003686,C001564,340346.71,USD,CREDIT,UPI,SUCCESS,2026-08-14
T00003687,C003262,423410.71,INR,DEBIT,NEFT,SUCCESS,2026-04-04
T00003688,C001570,517784.25,USD,DEBIT,IMPS,SUCCESS,2026-01-23
T00003689,C001767,509622.93,INR,CREDIT,NEFT,REVERSED,2026-05-28
T00003690,C000631,400503.28,AED,CREDIT,CARD,SUCCESS,2026-04-24
T00003691,C002779,878818.33,INR,CREDIT,IMPS,REVERSED,2026-09-07
T00003692,C000172,7145.76,AED,CREDIT,SWIFT,PENDING,2026-08-03
T00003693,C002160,316280.48,INR,DEBIT,IMPS,SUCCESS,2026-02-28
T00003694,C003137,243468.32,AED,CREDIT,IMPS,SUCCESS,2026-08-17
T00003695,C002249,680956.12,INR,CREDIT,CARD,SUCCESS,2026-04-16
T00003696,C003465,294280.18,INR,DEBIT,CARD,REVERSED,2026-09-01
T00003697,C000063,866990.13,USD,DEBIT,CARD,FAILED,2026-03-03
T00003698,C000565,601975.58,USD,CREDIT,CARD,SUCCESS,2026-04-16
T00003699,C001711,204872.71,AED,CREDIT,CARD,SUCCESS,2026-03-23
T00003700,C001995,218575.57,INR,CREDIT,SWIFT,PENDING,2026-06-02
T00003701,C003458,244292.87,INR,DEBIT,UPI,SUCCESS,2026-08-16
T00003702,C000693,376740.12,INR,CREDIT,CARD,SUCCESS,2026-09-18
T00003703,C002876,142596.83,INR,DEBIT,SWIFT,FAILED,2026-07-11
T00003704,C000409,553644.38,AED,CREDIT,NEFT,SUCCESS,2026-01-02
T00003705,C001073,686633.63,AED,CREDIT,NEFT,SUCCESS,2026-05-07
T00003706,C002595,8990.36,INR,DEBIT,SWIFT,FAILED,2026-01-15
T00003707,C000016,279802.96,AED,CREDIT,NEFT,SUCCESS,2026-09-13
T00003708,C000245,175553.52,INR,DEBIT,NEFT,SUCCESS,2026-05-20
T00003709,C000313,390023.68,AED,DEBIT,CARD,FAILED,2026-02-06
T00003710,C000894,872615.87,INR,CREDIT,NEFT,SUCCESS,2026-03-17
T00003711,C001691,631609.76,USD,CREDIT,CARD,SUCCESS,2026-04-09
T00003712,C000950,527384.06,INR,DEBIT,NEFT,FAILED,2026-05-18
T00003713,C002591,677548.46,INR,CREDIT,IMPS,FAILED,2026-08-09
T00003714,C002484,482502.19,USD,CREDIT,CARD,SUCCESS,2026-06-01
T00003715,C003469,670331.49,USD,DEBIT,CARD,SUCCESS,2026-07-15
T00003716,C002460,878001.61,INR,CREDIT,CARD,REVERSED,2026-09-04
T00003717,C001178,464037.81,AED,CREDIT,UPI,SUCCESS,2026-03-25
T00003718,C002914,437721.08,USD,CREDIT,IMPS,SUCCESS,2026-03-13
T00003719,C001650,546767.43,INR,CREDIT,UPI,SUCCESS,2026-08-08
T00003720,C002145,462156.07,INR,DEBIT,UPI,SUCCESS,2026-09-17
T00003721,C000399,423584.98,USD,DEBIT,NEFT,FAILED,2026-09-25
T00003722,C001995,300800.47,USD,CREDIT,UPI,FAILED,2026-05-07
T00003723,C002108,605664.41,INR,CREDIT,NEFT,SUCCESS,2026-07-03
T00003724,C000990,145277.69,AED,DEBIT,UPI,SUCCESS,2026-06-07
T00003725,C003111,359496.16,INR,CREDIT,UPI,SUCCESS,2026-02-17
T00003726,C002784,202783.36,USD,DEBIT,NEFT,SUCCESS,2026-02-05
T00003727,C000079,648558.67,INR,DEBIT,SWIFT,SUCCESS,2026-08-08
T00003728,C003064,631739.7,AED,DEBIT,IMPS,SUCCESS,2026-02-02
T00003729,C001167,588489.17,USD,DEBIT,IMPS,PENDING,2026-07-02
T00003730,C003003,393273.66,INR,DEBIT,SWIFT,FAILED,2026-06-18
T00003731,C000388,163303.91,USD,CREDIT,IMPS,FAILED,2026-06-10
T00003732,C002855,1092.49,AED,DEBIT,UPI,PENDING,2026-09-07
T00003733,C001772,860937.48,INR,DEBIT,UPI,SUCCESS,2026-05-08
T00003734,C002039,175354.22,AED,CREDIT,IMPS,PENDING,2026-05-20
T00003735,C001344,362169.24,USD,CREDIT,CARD,SUCCESS,2026-01-27
T00003736,C001343,209677.78,INR,CREDIT,NEFT,FAILED,2026-06-19
T00003737,C000989,91966.71,INR,CREDIT,CARD,SUCCESS,2026-09-17
T00003738,C000492,627503.24,USD,CREDIT,UPI,SUCCESS,2026-04-11
T00003739,C001843,781122.51,USD,CREDIT,IMPS,PENDING,2026-08-28
T00003740,C000108,894798.86,INR,DEBIT,NEFT,PENDING,2026-02-06
T00003741,C001052,616437.64,INR,DEBIT,SWIFT,REVERSED,2026-03-24
T00003742,C001980,391414.32,INR,DEBIT,IMPS,SUCCESS,2026-05-28
T00003743,C003383,40081.3,INR,DEBIT,IMPS,REVERSED,2026-08-26
T00003744,C002582,679310.49,INR,CREDIT,IMPS,REVERSED,2026-02-03
T00003745,C001333,169072.87,USD,CREDIT,NEFT,SUCCESS,2026-07-20
T00003746,C003281,286130.05,INR,DEBIT,SWIFT,REVERSED,2026-07-21
T00003747,C001304,300475.85,AED,CREDIT,IMPS,REVERSED,2026-02-04
T00003748,C003079,528956.85,INR,CREDIT,SWIFT,REVERSED,2026-09-14
T00003749,C000211,38997.43,AED,DEBIT,SWIFT,SUCCESS,2026-08-16
T00003750,C001850,770302.56,INR,CREDIT,UPI,REVERSED,2026-02-28
T00003751,C003029,323266.6,INR,DEBIT,UPI,SUCCESS,2026-06-18
T00003752,C001085,896985.23,USD,CREDIT,SWIFT,REVERSED,2026-05-11
T00003753,C002970,509978.22,INR,DEBIT,NEFT,REVERSED,2026-07-20
T00003754,C003088,293183.39,INR,CREDIT,NEFT,REVERSED,2026-02-25
T00003755,C001213,687588.5,USD,DEBIT,SWIFT,REVERSED,2026-01-28
T00003756,C001908,574992.13,INR,DEBIT,SWIFT,SUCCESS,2026-02-18
T00003757,C002077,362567.56,INR,CREDIT,NEFT,FAILED,2026-03-09
T00003758,C000814,430451.06,INR,CREDIT,UPI,SUCCESS,2026-06-06
T00003759,C000018,854094.81,INR,CREDIT,UPI,REVERSED,2026-08-28
T00003760,C001224,32927.83,USD,CREDIT,SWIFT,REVERSED,2026-09-05
T00003761,C002365,213736.16,USD,CREDIT,CARD,REVERSED,2026-07-13
T00003762,C001335,674753.81,USD,DEBIT,NEFT,SUCCESS,2026-02-14
T00003763,C002585,167175.03,INR,CREDIT,UPI,SUCCESS,2026-04-14
T00003764,C000738,704473.25,INR,DEBIT,NEFT,SUCCESS,2026-05-05
T00003765,C000756,620495.5,USD,CREDIT,UPI,FAILED,2026-09-25
T00003766,C002698,797899.23,INR,DEBIT,SWIFT,PENDING,2026-07-07
T00003767,C002028,424527.16,USD,DEBIT,SWIFT,PENDING,2026-05-28
T00003768,C000708,712226.49,USD,DEBIT,SWIFT,SUCCESS,2026-06-17
T00003769,C000833,245620.64,AED,CREDIT,CARD,FAILED,2026-01-06
T00003770,C001731,441631.09,AED,DEBIT,NEFT,PENDING,2026-04-15
T00003771,C002197,22799.19,USD,DEBIT,CARD,FAILED,2026-01-03
T00003772,C000998,281613.7,INR,CREDIT,NEFT,SUCCESS,2026-09-16
T00003773,C000887,705950.7,INR,CREDIT,CARD,PENDING,2026-06-15
T00003774,C002890,59687.0,USD,CREDIT,UPI,PENDING,2026-09-06
T00003775,C001265,492372.94,AED,CREDIT,IMPS,REVERSED,2026-02-19
T00003776,C000868,587687.23,INR,CREDIT,NEFT,PENDING,2026-01-05
T00003777,C001262,580307.46,USD,CREDIT,IMPS,SUCCESS,2026-01-23
T00003778,C000743,218089.97,USD,CREDIT,UPI,SUCCESS,2026-08-25
T00003779,C002176,713120.82,AED,CREDIT,SWIFT,PENDING,2026-04-01
T00003780,C002199,887391.04,INR,CREDIT,UPI,SUCCESS,2026-07-26
T00003781,C000233,739301.52,INR,CREDIT,UPI,SUCCESS,2026-09-01
T00003782,C001389,410640.68,INR,CREDIT,IMPS,SUCCESS,2026-06-20
T00003783,C002740,532976.72,USD,DEBIT,SWIFT,FAILED,2026-05-04
T00003784,C000277,252941.66,USD,DEBIT,IMPS,SUCCESS,2026-02-04
T00003785,C000529,694798.03,INR,CREDIT,NEFT,REVERSED,2026-09-18
T00003786,C002743,495331.86,INR,CREDIT,UPI,REVERSED,2026-09-11
T00003787,C000508,115207.1,INR,DEBIT,IMPS,SUCCESS,2026-02-13
T00003788,C000068,3267.03,USD,CREDIT,CARD,SUCCESS,2026-09-01
T00003789,C000670,884344.11,USD,DEBIT,CARD,FAILED,2026-03-01
T00003790,C002830,213265.74,INR,CREDIT,IMPS,FAILED,2026-08-18
T00003791,C002457,16382.87,AED,CREDIT,NEFT,SUCCESS,2026-08-25
T00003792,C002656,16360.38,INR,DEBIT,NEFT,SUCCESS,2026-03-28
T00003793,C003189,841791.24,USD,DEBIT,NEFT,SUCCESS,2026-05-20
T00003794,C000441,125863.35,INR,CREDIT,NEFT,FAILED,2026-07-20
T00003795,C002175,207338.74,USD,CREDIT,SWIFT,FAILED,2026-01-20
T00003796,C002206,210882.32,INR,CREDIT,IMPS,REVERSED,2026-09-11
T00003797,C000319,242463.68,AED,DEBIT,IMPS,FAILED,2026-05-02
T00003798,C003396,429180.95,AED,CREDIT,IMPS,REVERSED,2026-03-20
T00003799,C001111,855023.43,INR,CREDIT,UPI,SUCCESS,2026-09-10
T00003800,C000458,221637.39,INR,DEBIT,UPI,SUCCESS,2026-05-01
T00003801,C002266,661398.82,USD,CREDIT,SWIFT,SUCCESS,2026-05-21
T00003802,C003361,817987.48,INR,CREDIT,UPI,SUCCESS,2026-06-12
T00003803,C000288,57238.53,USD,CREDIT,IMPS,SUCCESS,2026-07-14
T00003804,C000541,523538.72,USD,CREDIT,CARD,SUCCESS,2026-02-22
T00003805,C003010,68199.88,USD,DEBIT,NEFT,REVERSED,2026-09-28
T00003806,C002131,385667.15,AED,CREDIT,IMPS,PENDING,2026-06-15
T00003807,C002365,819153.01,INR,DEBIT,UPI,FAILED,2026-07-27
T00003808,C003170,801861.35,INR,CREDIT,UPI,SUCCESS,2026-04-03
T00003809,C002477,133784.59,USD,CREDIT,SWIFT,REVERSED,2026-08-28
T00003810,C002947,81157.81,USD,CREDIT,SWIFT,REVERSED,2026-03-03
T00003811,C000737,361086.34,USD,CREDIT,CARD,SUCCESS,2026-04-27
T00003812,C000613,518768.28,USD,CREDIT,UPI,SUCCESS,2026-07-28
T00003813,C002083,132273.91,INR,DEBIT,UPI,REVERSED,2026-08-06
T00003814,C003007,68878.23,INR,DEBIT,CARD,SUCCESS,2026-08-02
T00003815,C003045,19087.11,USD,CREDIT,UPI,FAILED,2026-05-15
T00003816,C001948,319459.29,AED,CREDIT,UPI,SUCCESS,2026-04-02
T00003817,C000350,313994.77,INR,DEBIT,SWIFT,PENDING,2026-05-21
T00003818,C001715,102425.48,AED,DEBIT,IMPS,SUCCESS,2026-05-26
T00003819,C002583,173421.13,INR,DEBIT,CARD,SUCCESS,2026-07-14
T00003820,C003024,601855.16,INR,CREDIT,IMPS,FAILED,2026-02-08
T00003821,C000246,689161.94,INR,CREDIT,NEFT,SUCCESS,2026-03-03
T00003822,C001932,301348.42,USD,CREDIT,IMPS,SUCCESS,2026-06-05
T00003823,C002297,475209.77,AED,DEBIT,CARD,SUCCESS,2026-06-22
T00003824,C002528,316084.47,USD,CREDIT,NEFT,SUCCESS,2026-06-22
T00003825,C000211,492595.65,INR,DEBIT,CARD,FAILED,2026-01-21
T00003826,C002308,539171.23,INR,DEBIT,NEFT,PENDING,2026-08-21
T00003827,C002248,799790.77,USD,CREDIT,IMPS,FAILED,2026-09-08
T00003828,C003142,310023.09,INR,DEBIT,NEFT,REVERSED,2026-07-13
T00003829,C002129,262322.95,INR,DEBIT,IMPS,SUCCESS,2026-06-06
T00003830,C003481,6343.63,AED,CREDIT,NEFT,SUCCESS,2026-07-10
T00003831,C000838,769559.44,INR,DEBIT,SWIFT,SUCCESS,2026-06-14
T00003832,C002649,321194.85,USD,CREDIT,SWIFT,PENDING,2026-01-17
T00003833,C000437,464006.08,AED,DEBIT,SWIFT,SUCCESS,2026-04-07
T00003834,C002946,263682.32,USD,DEBIT,SWIFT,FAILED,2026-05-13
T00003835,C002347,203489.78,USD,CREDIT,NEFT,SUCCESS,2026-01-22
T00003836,C002174,726270.69,INR,CREDIT,CARD,REVERSED,2026-07-19
T00003837,C002939,767160.89,INR,DEBIT,IMPS,REVERSED,2026-04-09
T00003838,C003014,28495.68,AED,CREDIT,NEFT,SUCCESS,2026-01-27
T00003839,C001713,88646.71,AED,DEBIT,CARD,SUCCESS,2026-03-02
T00003840,C000866,535110.11,AED,CREDIT,IMPS,SUCCESS,2026-09-08
T00003841,C001363,697407.75,AED,DEBIT,CARD,PENDING,2026-06-14
T00003842,C003388,405672.08,AED,CREDIT,UPI,REVERSED,2026-04-09
T00003843,C001318,85966.67,AED,DEBIT,NEFT,PENDING,2026-06-06
T00003844,C001810,788742.8,AED,CREDIT,NEFT,SUCCESS,2026-05-21
T00003845,C000373,860819.64,USD,CREDIT,CARD,PENDING,2026-08-14
T00003846,C002745,96943.19,INR,CREDIT,UPI,SUCCESS,2026-08-02
T00003847,C001804,116237.25,USD,DEBIT,IMPS,SUCCESS,2026-05-02
T00003848,C002148,565222.33,USD,CREDIT,CARD,SUCCESS,2026-01-04
T00003849,C002054,427736.38,USD,CREDIT,SWIFT,FAILED,2026-01-16
T00003850,C000246,880802.22,USD,CREDIT,SWIFT,REVERSED,2026-02-22
T00003851,C003346,578038.54,INR,DEBIT,SWIFT,FAILED,2026-01-19
T00003852,C001104,119291.61,INR,CREDIT,SWIFT,REVERSED,2026-03-09
T00003853,C002705,566176.75,INR,CREDIT,IMPS,FAILED,2026-06-13
T00003854,C000976,614422.74,USD,DEBIT,NEFT,SUCCESS,2026-05-28
T00003855,C001911,332604.24,INR,CREDIT,UPI,PENDING,2026-09-20
T00003856,C001868,848032.4,AED,DEBIT,SWIFT,SUCCESS,2026-03-22
T00003857,C002181,309160.59,AED,CREDIT,IMPS,SUCCESS,2026-07-15
T00003858,C002063,169590.95,USD,CREDIT,CARD,SUCCESS,2026-07-24
T00003859,C001132,493047.51,AED,CREDIT,UPI,REVERSED,2026-05-12
T00003860,C000788,126560.09,USD,CREDIT,UPI,SUCCESS,2026-01-18
T00003861,C003214,688400.78,INR,DEBIT,UPI,REVERSED,2026-06-07
T00003862,C001307,704736.36,AED,CREDIT,SWIFT,REVERSED,2026-08-03
T00003863,C002734,79366.25,INR,CREDIT,SWIFT,REVERSED,2026-04-06
T00003864,C003234,624529.66,AED,CREDIT,IMPS,SUCCESS,2026-08-24
T00003865,C000343,822348.2,INR,DEBIT,NEFT,PENDING,2026-07-14
T00003866,C002692,628673.47,USD,CREDIT,NEFT,SUCCESS,2026-04-17
T00003867,C002950,56161.61,AED,DEBIT,CARD,SUCCESS,2026-05-09
T00003868,C002989,138006.15,AED,CREDIT,NEFT,FAILED,2026-07-09
T00003869,C001042,766971.38,USD,DEBIT,SWIFT,REVERSED,2026-07-10
T00003870,C000208,41426.05,INR,CREDIT,UPI,SUCCESS,2026-04-07
T00003871,C000405,817426.43,AED,CREDIT,UPI,REVERSED,2026-08-28
T00003872,C001766,869636.02,USD,DEBIT,UPI,REVERSED,2026-03-10
T00003873,C000965,775812.87,INR,CREDIT,SWIFT,SUCCESS,2026-04-16
T00003874,C002776,669239.08,INR,CREDIT,CARD,REVERSED,2026-04-25
T00003875,C002105,800167.74,INR,DEBIT,IMPS,SUCCESS,2026-01-23
T00003876,C002968,522535.73,INR,CREDIT,IMPS,FAILED,2026-07-26
T00003877,C001831,327078.65,AED,DEBIT,NEFT,REVERSED,2026-07-03
T00003878,C002717,158408.35,AED,CREDIT,SWIFT,SUCCESS,2026-01-03
T00003879,C003409,376405.9,AED,CREDIT,UPI,SUCCESS,2026-02-04
T00003880,C000898,848713.41,INR,DEBIT,CARD,PENDING,2026-08-07
T00003881,C002336,616036.48,AED,DEBIT,IMPS,SUCCESS,2026-04-27
T00003882,C002910,896634.13,USD,DEBIT,IMPS,SUCCESS,2026-03-05
T00003883,C002490,702591.0,AED,CREDIT,IMPS,FAILED,2026-07-21
T00003884,C001348,274599.58,USD,DEBIT,NEFT,FAILED,2026-01-21
T00003885,C000337,133916.14,INR,CREDIT,CARD,SUCCESS,2026-08-08
T00003886,C001560,120576.84,INR,CREDIT,NEFT,REVERSED,2026-02-02
T00003887,C000990,780200.66,INR,DEBIT,SWIFT,REVERSED,2026-08-09
T00003888,C002022,98487.49,INR,CREDIT,NEFT,FAILED,2026-07-27
T00003889,C000924,750871.3,INR,CREDIT,IMPS,SUCCESS,2026-07-20
T00003890,C001725,91307.79,USD,DEBIT,SWIFT,FAILED,2026-07-22
T00003891,C001068,85486.14,INR,DEBIT,IMPS,SUCCESS,2026-04-08
T00003892,C002945,626455.73,INR,DEBIT,CARD,SUCCESS,2026-08-06
T00003893,C002119,331282.21,INR,CREDIT,IMPS,SUCCESS,2026-07-19
T00003894,C000485,302693.16,INR,DEBIT,CARD,PENDING,2026-07-17
T00003895,C001310,274099.49,AED,CREDIT,CARD,SUCCESS,2026-06-15
T00003896,C002031,676933.94,INR,CREDIT,SWIFT,SUCCESS,2026-03-02
T00003897,C001827,652797.89,USD,DEBIT,SWIFT,SUCCESS,2026-06-17
T00003898,C001290,480594.98,INR,DEBIT,CARD,SUCCESS,2026-05-01
T00003899,C000256,44391.3,INR,CREDIT,IMPS,PENDING,2026-01-07
T00003900,C002596,700899.71,USD,DEBIT,UPI,SUCCESS,2026-08-04
T00003901,C001184,473286.64,INR,CREDIT,CARD,SUCCESS,2026-08-26
T00003902,C003258,371985.47,AED,DEBIT,SWIFT,SUCCESS,2026-02-26
T00003903,C002351,39881.65,INR,DEBIT,UPI,SUCCESS,2026-05-13
T00003904,C003292,683894.27,AED,DEBIT,SWIFT,FAILED,2026-04-04
T00003905,C001542,724422.38,AED,CREDIT,UPI,SUCCESS,2026-09-20
T00003906,C001079,711074.14,INR,DEBIT,SWIFT,SUCCESS,2026-08-10
T00003907,C003488,868559.72,AED,DEBIT,NEFT,PENDING,2026-07-12
T00003908,C000322,178657.23,USD,DEBIT,CARD,PENDING,2026-09-19
T00003909,C001442,696380.13,AED,CREDIT,NEFT,FAILED,2026-02-18
T00003910,C002393,426938.67,USD,CREDIT,SWIFT,FAILED,2026-05-24
T00003911,C000855,633220.23,AED,CREDIT,SWIFT,SUCCESS,2026-08-04
T00003912,C000270,157644.61,USD,DEBIT,UPI,SUCCESS,2026-04-14
T00003913,C000318,666777.28,INR,DEBIT,NEFT,SUCCESS,2026-05-13
T00003914,C001413,300187.63,INR,DEBIT,CARD,SUCCESS,2026-02-10
T00003915,C002750,795961.93,USD,CREDIT,UPI,FAILED,2026-02-27
T00003916,C001980,439350.57,AED,CREDIT,CARD,REVERSED,2026-06-28
T00003917,C002352,59204.27,USD,CREDIT,NEFT,FAILED,2026-09-25
T00003918,C000024,735535.6,USD,CREDIT,UPI,FAILED,2026-02-19
T00003919,C000024,820609.06,AED,CREDIT,CARD,SUCCESS,2026-06-06
T00003920,C003443,615881.75,INR,DEBIT,NEFT,SUCCESS,2026-02-13
T00003921,C003050,621338.28,INR,DEBIT,IMPS,PENDING,2026-05-02
T00003922,C003360,578246.01,INR,DEBIT,UPI,REVERSED,2026-05-23
T00003923,C002070,392119.06,AED,DEBIT,NEFT,SUCCESS,2026-03-26
T00003924,C002861,807322.16,AED,DEBIT,CARD,SUCCESS,2026-02-03
T00003925,C002774,487286.35,USD,DEBIT,IMPS,PENDING,2026-09-15
T00003926,C001182,803209.56,AED,CREDIT,IMPS,FAILED,2026-02-05
T00003927,C000512,318203.63,AED,CREDIT,SWIFT,SUCCESS,2026-05-25
T00003928,C002311,836894.37,INR,DEBIT,CARD,SUCCESS,2026-02-22
T00003929,C001292,212737.73,INR,DEBIT,NEFT,REVERSED,2026-09-17
T00003930,C001052,79819.18,INR,CREDIT,CARD,REVERSED,2026-05-14
T00003931,C000373,24066.34,INR,DEBIT,CARD,SUCCESS,2026-08-18
T00003932,C001929,140441.57,AED,CREDIT,IMPS,SUCCESS,2026-05-11
T00003933,C003282,232244.84,INR,CREDIT,NEFT,FAILED,2026-04-14
T00003934,C003414,641521.34,AED,CREDIT,UPI,SUCCESS,2026-08-08
T00003935,C001775,334732.73,USD,CREDIT,CARD,FAILED,2026-07-02
T00003936,C001905,338725.44,INR,CREDIT,NEFT,SUCCESS,2026-08-04
T00003937,C002193,779256.73,AED,CREDIT,NEFT,PENDING,2026-01-08
T00003938,C002772,23969.1,INR,DEBIT,NEFT,PENDING,2026-04-19
T00003939,C001879,639392.17,AED,DEBIT,UPI,FAILED,2026-02-03
T00003940,C002993,466677.47,AED,CREDIT,UPI,REVERSED,2026-02-05
T00003941,C001297,584296.16,INR,CREDIT,IMPS,SUCCESS,2026-06-23
T00003942,C001902,33973.65,AED,CREDIT,CARD,SUCCESS,2026-08-28
T00003943,C003136,406781.85,USD,DEBIT,CARD,SUCCESS,2026-01-04
T00003944,C002152,87129.72,INR,CREDIT,IMPS,SUCCESS,2026-04-11
T00003945,C000335,329509.31,USD,CREDIT,SWIFT,SUCCESS,2026-08-18
T00003946,C002732,197678.28,INR,CREDIT,IMPS,PENDING,2026-02-25
T00003947,C000789,388370.21,INR,DEBIT,IMPS,SUCCESS,2026-09-02
T00003948,C001617,615901.09,INR,DEBIT,NEFT,SUCCESS,2026-05-01
T00003949,C001889,860791.17,INR,DEBIT,IMPS,REVERSED,2026-02-10
T00003950,C002225,470184.25,USD,DEBIT,SWIFT,FAILED,2026-05-14
T00003951,C000001,603947.92,INR,CREDIT,CARD,SUCCESS,2026-02-16
T00003952,C002866,700737.32,AED,DEBIT,NEFT,SUCCESS,2026-06-22
T00003953,C002351,54654.27,USD,CREDIT,IMPS,FAILED,2026-02-18
T00003954,C002909,474929.54,INR,DEBIT,SWIFT,SUCCESS,2026-09-17
T00003955,C002479,150636.04,AED,CREDIT,NEFT,SUCCESS,2026-06-17
T00003956,C001739,474317.55,AED,CREDIT,NEFT,SUCCESS,2026-01-08
T00003957,C001324,788304.11,USD,CREDIT,CARD,REVERSED,2026-01-10
T00003958,C001814,629858.34,AED,DEBIT,NEFT,SUCCESS,2026-08-24
T00003959,C000041,800874.03,INR,CREDIT,SWIFT,SUCCESS,2026-06-03
T00003960,C002857,806989.06,AED,CREDIT,UPI,FAILED,2026-02-26
T00003961,C000505,260653.0,INR,CREDIT,NEFT,FAILED,2026-07-11
T00003962,C002946,94608.57,INR,DEBIT,IMPS,REVERSED,2026-07-28
T00003963,C002990,367680.98,USD,CREDIT,SWIFT,SUCCESS,2026-08-09
T00003964,C002655,857989.87,INR,DEBIT,UPI,REVERSED,2026-09-02
T00003965,C003402,560293.59,AED,DEBIT,UPI,SUCCESS,2026-02-25
T00003966,C000292,189500.87,INR,CREDIT,CARD,SUCCESS,2026-04-25
T00003967,C003483,879006.96,INR,DEBIT,CARD,FAILED,2026-09-08
T00003968,C001456,417563.03,USD,DEBIT,UPI,SUCCESS,2026-07-07
T00003969,C000716,657362.3,USD,DEBIT,SWIFT,SUCCESS,2026-06-06
T00003970,C002292,879837.08,INR,DEBIT,SWIFT,SUCCESS,2026-07-05
T00003971,C001885,163148.76,USD,CREDIT,NEFT,SUCCESS,2026-04-07
T00003972,C001382,304824.23,INR,CREDIT,NEFT,PENDING,2026-08-14
T00003973,C002109,261731.79,USD,DEBIT,UPI,SUCCESS,2026-08-05
T00003974,C003208,790122.3,INR,CREDIT,UPI,FAILED,2026-03-22
T00003975,C003360,418553.28,INR,DEBIT,UPI,SUCCESS,2026-09-12
T00003976,C002176,827938.69,AED,DEBIT,NEFT,SUCCESS,2026-01-15
T00003977,C001617,621923.88,AED,DEBIT,IMPS,REVERSED,2026-07-03
T00003978,C001008,540755.22,USD,CREDIT,UPI,SUCCESS,2026-08-21
T00003979,C002590,849372.8,INR,CREDIT,NEFT,FAILED,2026-09-21
T00003980,C000301,763846.82,INR,CREDIT,CARD,SUCCESS,2026-01-02
T00003981,C000355,397615.26,USD,CREDIT,SWIFT,PENDING,2026-09-23
T00003982,C000448,236721.24,INR,CREDIT,NEFT,SUCCESS,2026-08-27
T00003983,C002909,330146.82,AED,DEBIT,NEFT,SUCCESS,2026-09-04
T00003984,C001203,405426.35,USD,CREDIT,UPI,SUCCESS,2026-04-27
T00003985,C003040,757452.89,AED,DEBIT,CARD,REVERSED,2026-05-25
T00003986,C000673,228862.06,INR,DEBIT,IMPS,SUCCESS,2026-04-01
T00003987,C002625,479302.36,AED,CREDIT,SWIFT,FAILED,2026-07-12
T00003988,C003475,202654.76,AED,CREDIT,UPI,REVERSED,2026-07-10
T00003989,C002982,642533.54,AED,CREDIT,IMPS,REVERSED,2026-09-19
T00003990,C002334,573056.86,INR,CREDIT,UPI,REVERSED,2026-04-15
T00003991,C003263,420332.12,AED,CREDIT,IMPS,FAILED,2026-08-08
T00003992,C002850,137787.4,INR,CREDIT,IMPS,FAILED,2026-01-25
T00003993,C000329,524241.2,USD,DEBIT,IMPS,FAILED,2026-08-25
T00003994,C001382,614579.43,INR,CREDIT,NEFT,SUCCESS,2026-03-11
T00003995,C000621,528845.89,INR,DEBIT,CARD,PENDING,2026-02-06
T00003996,C002272,847407.03,USD,CREDIT,CARD,REVERSED,2026-04-10
T00003997,C000380,462869.52,INR,CREDIT,IMPS,PENDING,2026-01-21
T00003998,C000064,325614.3,INR,DEBIT,NEFT,PENDING,2026-02-19
T00003999,C002582,539987.89,INR,CREDIT,IMPS,FAILED,2026-04-10
T00004000,C003375,722051.76,AED,CREDIT,NEFT,PENDING,2026-07-16
T00004001,C000062,326877.92,INR,CREDIT,SWIFT,SUCCESS,2026-03-09
T00004002,C000792,438851.21,USD,DEBIT,NEFT,FAILED,2026-08-11
T00004003,C000930,612625.34,INR,DEBIT,CARD,SUCCESS,2026-07-07
T00004004,C002470,615038.24,AED,DEBIT,UPI,REVERSED,2026-09-27
T00004005,C001091,830557.14,INR,DEBIT,IMPS,REVERSED,2026-09-14
T00004006,C000575,774860.61,INR,DEBIT,IMPS,PENDING,2026-04-16
T00004007,C001392,863935.72,INR,DEBIT,CARD,SUCCESS,2026-08-24
T00004008,C003109,859542.55,INR,CREDIT,IMPS,SUCCESS,2026-03-11
T00004009,C003126,236185.78,INR,DEBIT,CARD,PENDING,2026-01-08
T00004010,C001775,102762.85,AED,CREDIT,UPI,SUCCESS,2026-08-27
T00004011,C002963,835163.22,USD,DEBIT,UPI,REVERSED,2026-02-01
T00004012,C001195,319661.5,INR,DEBIT,IMPS,FAILED,2026-09-26
T00004013,C002976,175386.86,INR,DEBIT,CARD,SUCCESS,2026-01-13
T00004014,C000166,432197.08,USD,CREDIT,SWIFT,SUCCESS,2026-03-02
T00004015,C002298,603219.91,INR,DEBIT,IMPS,SUCCESS,2026-02-27
T00004016,C002962,196328.99,AED,DEBIT,NEFT,PENDING,2026-05-13
T00004017,C000164,385278.91,AED,DEBIT,CARD,PENDING,2026-05-02
T00004018,C000659,800741.53,INR,CREDIT,IMPS,PENDING,2026-05-09
T00004019,C001811,822389.07,AED,CREDIT,CARD,SUCCESS,2026-08-28
T00004020,C001633,58530.31,INR,DEBIT,NEFT,SUCCESS,2026-09-08
T00004021,C000983,264867.53,AED,CREDIT,SWIFT,SUCCESS,2026-02-09
T00004022,C002475,814276.27,INR,CREDIT,NEFT,SUCCESS,2026-04-05
T00004023,C000712,285568.3,AED,DEBIT,IMPS,PENDING,2026-01-23
T00004024,C000136,27735.17,INR,DEBIT,UPI,SUCCESS,2026-08-06
T00004025,C002787,426096.56,INR,CREDIT,SWIFT,SUCCESS,2026-05-23
T00004026,C000149,569284.63,INR,CREDIT,UPI,REVERSED,2026-03-26
T00004027,C001643,541637.28,INR,DEBIT,SWIFT,SUCCESS,2026-03-18
T00004028,C001979,898852.51,INR,CREDIT,CARD,FAILED,2026-09-14
T00004029,C002904,220020.56,INR,CREDIT,CARD,SUCCESS,2026-02-05
T00004030,C000596,692234.97,INR,DEBIT,CARD,SUCCESS,2026-03-01
T00004031,C003316,698180.11,AED,CREDIT,SWIFT,SUCCESS,2026-02-12
T00004032,C002835,229355.12,AED,DEBIT,NEFT,FAILED,2026-04-24
T00004033,C000003,788634.69,INR,DEBIT,CARD,FAILED,2026-09-16
T00004034,C002797,839154.28,USD,CREDIT,CARD,PENDING,2026-08-02
T00004035,C002203,611640.9,AED,CREDIT,UPI,SUCCESS,2026-04-18
T00004036,C001883,442058.24,INR,DEBIT,NEFT,REVERSED,2026-05-15
T00004037,C001366,871306.78,INR,DEBIT,IMPS,FAILED,2026-04-20
T00004038,C000200,580333.48,INR,DEBIT,NEFT,SUCCESS,2026-02-16
T00004039,C000491,849910.58,AED,DEBIT,NEFT,SUCCESS,2026-01-03
T00004040,C001236,488272.17,AED,DEBIT,CARD,SUCCESS,2026-07-25
T00004041,C000221,138135.12,USD,DEBIT,UPI,PENDING,2026-01-20
T00004042,C003158,49316.09,USD,CREDIT,SWIFT,SUCCESS,2026-07-06
T00004043,C000683,144269.48,INR,DEBIT,SWIFT,SUCCESS,2026-03-27
T00004044,C003329,616608.44,USD,DEBIT,SWIFT,PENDING,2026-04-09
T00004045,C000014,816052.22,INR,CREDIT,UPI,SUCCESS,2026-01-23
T00004046,C000757,250739.05,AED,DEBIT,NEFT,SUCCESS,2026-05-27
T00004047,C000918,871566.85,INR,DEBIT,UPI,PENDING,2026-05-14
T00004048,C002115,439237.95,INR,DEBIT,NEFT,SUCCESS,2026-04-06
T00004049,C002101,873635.94,USD,DEBIT,CARD,FAILED,2026-03-10
T00004050,C003469,882482.23,INR,CREDIT,SWIFT,SUCCESS,2026-04-08
T00004051,C002213,170054.45,INR,DEBIT,CARD,PENDING,2026-09-20
T00004052,C001578,629888.11,INR,CREDIT,SWIFT,SUCCESS,2026-07-12
T00004053,C002489,11559.15,USD,CREDIT,CARD,SUCCESS,2026-05-19
T00004054,C002497,754777.98,INR,CREDIT,IMPS,PENDING,2026-06-01
T00004055,C000535,187410.7,INR,DEBIT,NEFT,SUCCESS,2026-04-09
T00004056,C001776,678062.6,AED,CREDIT,CARD,FAILED,2026-07-20
T00004057,C000116,752521.67,AED,DEBIT,NEFT,REVERSED,2026-09-15
T00004058,C000834,410037.24,INR,CREDIT,UPI,SUCCESS,2026-05-13
T00004059,C001527,464194.1,AED,DEBIT,SWIFT,PENDING,2026-03-06
T00004060,C003050,564119.67,AED,DEBIT,SWIFT,SUCCESS,2026-03-07
T00004061,C002511,668496.85,INR,DEBIT,NEFT,FAILED,2026-07-28
T00004062,C001991,497272.16,INR,CREDIT,UPI,SUCCESS,2026-08-11
T00004063,C001114,300218.59,INR,DEBIT,UPI,SUCCESS,2026-07-03
T00004064,C000171,571057.84,AED,CREDIT,NEFT,SUCCESS,2026-08-17
T00004065,C003470,275082.21,AED,CREDIT,NEFT,REVERSED,2026-01-22
T00004066,C000096,478182.51,INR,DEBIT,NEFT,PENDING,2026-04-17
T00004067,C000224,823774.3,INR,CREDIT,CARD,FAILED,2026-02-13
T00004068,C000014,762731.76,INR,DEBIT,UPI,FAILED,2026-02-15
T00004069,C000576,303663.3,AED,CREDIT,IMPS,SUCCESS,2026-08-07
T00004070,C000834,817757.73,USD,CREDIT,IMPS,REVERSED,2026-01-20
T00004071,C003389,87335.86,USD,DEBIT,IMPS,FAILED,2026-04-11
T00004072,C000985,535361.84,AED,DEBIT,CARD,SUCCESS,2026-06-28
T00004073,C002601,341050.21,AED,CREDIT,SWIFT,SUCCESS,2026-02-10
T00004074,C002066,620983.63,AED,DEBIT,NEFT,SUCCESS,2026-06-19
T00004075,C000556,761973.37,INR,CREDIT,NEFT,SUCCESS,2026-02-03
T00004076,C002758,462904.36,INR,CREDIT,UPI,FAILED,2026-08-08
T00004077,C000189,77221.15,AED,CREDIT,CARD,SUCCESS,2026-05-17
T00004078,C003165,35807.81,INR,DEBIT,SWIFT,SUCCESS,2026-09-22
T00004079,C001764,521138.05,INR,DEBIT,NEFT,SUCCESS,2026-03-06
T00004080,C002051,835005.1,USD,DEBIT,SWIFT,FAILED,2026-06-19
T00004081,C001730,456477.79,INR,CREDIT,SWIFT,FAILED,2026-02-11
T00004082,C000946,411392.34,INR,DEBIT,CARD,REVERSED,2026-02-05
T00004083,C000587,94599.06,INR,CREDIT,CARD,SUCCESS,2026-05-01
T00004084,C000466,268486.06,AED,DEBIT,CARD,SUCCESS,2026-05-15
T00004085,C000909,606302.52,INR,CREDIT,IMPS,SUCCESS,2026-05-19
T00004086,C002838,11727.81,AED,CREDIT,IMPS,REVERSED,2026-06-20
T00004087,C002826,150270.77,AED,CREDIT,IMPS,FAILED,2026-07-04
T00004088,C002657,677231.39,INR,DEBIT,UPI,REVERSED,2026-03-20
T00004089,C001300,238774.17,AED,DEBIT,SWIFT,SUCCESS,2026-01-12
T00004090,C000282,96131.42,USD,CREDIT,IMPS,SUCCESS,2026-08-02
T00004091,C000550,792420.08,INR,DEBIT,SWIFT,SUCCESS,2026-07-07
T00004092,C002595,778526.4,INR,DEBIT,CARD,SUCCESS,2026-08-20
T00004093,C002760,582934.65,USD,DEBIT,IMPS,FAILED,2026-06-01
T00004094,C001328,40245.31,INR,DEBIT,UPI,PENDING,2026-02-10
T00004095,C001452,386360.4,AED,CREDIT,UPI,SUCCESS,2026-06-15
T00004096,C002597,342264.82,INR,CREDIT,IMPS,SUCCESS,2026-02-13
T00004097,C003132,213746.56,INR,DEBIT,SWIFT,SUCCESS,2026-03-10
T00004098,C003297,170699.65,USD,DEBIT,IMPS,SUCCESS,2026-07-05
T00004099,C001525,170214.53,AED,DEBIT,IMPS,SUCCESS,2026-09-06
T00004100,C002138,668209.71,INR,CREDIT,SWIFT,REVERSED,2026-03-02
T00004101,C000363,810390.02,INR,CREDIT,IMPS,SUCCESS,2026-07-08
T00004102,C001958,151732.46,USD,DEBIT,IMPS,PENDING,2026-03-22
T00004103,C001422,443092.86,USD,DEBIT,IMPS,SUCCESS,2026-01-13
T00004104,C002329,313902.0,INR,DEBIT,SWIFT,REVERSED,2026-01-20
T00004105,C001088,886964.98,AED,DEBIT,SWIFT,PENDING,2026-05-21
T00004106,C001896,413030.98,INR,CREDIT,SWIFT,SUCCESS,2026-02-22
T00004107,C001164,893909.35,USD,DEBIT,SWIFT,PENDING,2026-02-25
T00004108,C002147,619358.05,USD,DEBIT,IMPS,REVERSED,2026-02-08
T00004109,C003073,787618.0,AED,DEBIT,NEFT,REVERSED,2026-01-16
T00004110,C002473,268693.18,INR,CREDIT,IMPS,FAILED,2026-02-22
T00004111,C000467,320575.93,AED,CREDIT,CARD,PENDING,2026-04-26
T00004112,C000005,786171.15,AED,DEBIT,IMPS,PENDING,2026-01-13
T00004113,C002569,459588.65,USD,CREDIT,CARD,SUCCESS,2026-06-20
T00004114,C003497,692792.28,USD,CREDIT,SWIFT,SUCCESS,2026-02-24
T00004115,C001521,532938.26,INR,CREDIT,SWIFT,FAILED,2026-05-05
T00004116,C002684,436373.11,USD,CREDIT,SWIFT,SUCCESS,2026-06-25
T00004117,C000786,206662.14,USD,DEBIT,CARD,SUCCESS,2026-07-28
T00004118,C000640,573891.57,USD,DEBIT,UPI,FAILED,2026-03-26
T00004119,C002128,482772.46,AED,DEBIT,UPI,PENDING,2026-09-03
T00004120,C002419,876483.92,INR,DEBIT,SWIFT,SUCCESS,2026-07-28
T00004121,C000048,640542.92,INR,CREDIT,IMPS,SUCCESS,2026-04-16
T00004122,C002058,816218.15,INR,DEBIT,CARD,SUCCESS,2026-05-10
T00004123,C000566,37847.12,INR,DEBIT,CARD,FAILED,2026-05-15
T00004124,C000316,522766.36,AED,CREDIT,NEFT,REVERSED,2026-09-21
T00004125,C002495,699619.37,USD,CREDIT,CARD,SUCCESS,2026-08-24
T00004126,C002963,175694.74,AED,DEBIT,UPI,FAILED,2026-08-17
T00004127,C002362,137842.08,AED,CREDIT,NEFT,PENDING,2026-09-23
T00004128,C001329,82275.62,INR,CREDIT,IMPS,PENDING,2026-08-05
T00004129,C000905,859223.35,INR,DEBIT,CARD,SUCCESS,2026-06-23
T00004130,C001726,845977.63,USD,CREDIT,NEFT,SUCCESS,2026-01-26
T00004131,C003092,188375.69,USD,DEBIT,CARD,SUCCESS,2026-05-16
T00004132,C000937,374811.37,AED,CREDIT,SWIFT,PENDING,2026-05-10
T00004133,C002429,697118.78,INR,CREDIT,SWIFT,PENDING,2026-05-03
T00004134,C000337,277106.15,AED,DEBIT,IMPS,SUCCESS,2026-06-15
T00004135,C001183,691253.61,INR,CREDIT,SWIFT,PENDING,2026-04-24
T00004136,C000512,588030.18,USD,CREDIT,CARD,FAILED,2026-02-18
T00004137,C000068,696787.22,INR,CREDIT,SWIFT,PENDING,2026-01-05
T00004138,C001294,110560.17,AED,DEBIT,UPI,SUCCESS,2026-06-28
T00004139,C001631,19601.75,AED,DEBIT,CARD,SUCCESS,2026-05-07
T00004140,C000097,239435.57,AED,DEBIT,IMPS,SUCCESS,2026-07-06
T00004141,C001455,590452.52,USD,CREDIT,NEFT,PENDING,2026-01-15
T00004142,C003216,225048.89,INR,CREDIT,SWIFT,SUCCESS,2026-04-22
T00004143,C002365,446740.41,INR,CREDIT,NEFT,PENDING,2026-02-09
T00004144,C000164,384745.36,INR,DEBIT,SWIFT,SUCCESS,2026-03-03
T00004145,C000213,861750.01,AED,CREDIT,NEFT,FAILED,2026-03-12
T00004146,C000083,381403.06,INR,CREDIT,SWIFT,SUCCESS,2026-04-22
T00004147,C001197,436399.03,INR,CREDIT,NEFT,SUCCESS,2026-04-11
T00004148,C002352,156897.72,INR,CREDIT,UPI,SUCCESS,2026-08-26
T00004149,C000933,498867.27,INR,DEBIT,SWIFT,REVERSED,2026-04-09
T00004150,C001841,723096.26,INR,CREDIT,IMPS,SUCCESS,2026-08-17
T00004151,C001342,334166.76,INR,CREDIT,SWIFT,SUCCESS,2026-06-15
T00004152,C001550,567699.46,INR,CREDIT,CARD,SUCCESS,2026-01-25
T00004153,C000102,49898.32,AED,DEBIT,UPI,SUCCESS,2026-09-15
T00004154,C002890,169611.23,AED,CREDIT,SWIFT,PENDING,2026-06-23
T00004155,C000822,59366.53,USD,DEBIT,IMPS,SUCCESS,2026-09-23
T00004156,C002398,755465.34,INR,CREDIT,UPI,REVERSED,2026-04-04
T00004157,C000002,190049.94,USD,DEBIT,SWIFT,SUCCESS,2026-05-02
T00004158,C002422,895002.61,USD,DEBIT,IMPS,REVERSED,2026-02-23
T00004159,C001794,856278.83,AED,CREDIT,IMPS,PENDING,2026-09-20
T00004160,C001561,305919.62,USD,CREDIT,SWIFT,FAILED,2026-02-19
T00004161,C002193,879725.25,INR,DEBIT,NEFT,SUCCESS,2026-04-13
T00004162,C000359,224329.53,USD,CREDIT,IMPS,SUCCESS,2026-07-25
T00004163,C001231,432055.12,AED,CREDIT,NEFT,PENDING,2026-09-08
T00004164,C002613,595561.23,INR,DEBIT,IMPS,SUCCESS,2026-06-06
T00004165,C000296,137728.39,INR,CREDIT,NEFT,SUCCESS,2026-08-22
T00004166,C003325,681224.28,AED,DEBIT,IMPS,SUCCESS,2026-09-03
T00004167,C001919,585281.35,AED,CREDIT,NEFT,SUCCESS,2026-08-09
T00004168,C000971,251384.0,INR,CREDIT,CARD,SUCCESS,2026-06-14
T00004169,C001320,590314.54,AED,DEBIT,IMPS,FAILED,2026-07-27
T00004170,C002423,359076.74,INR,DEBIT,UPI,SUCCESS,2026-07-11
T00004171,C001519,670715.49,USD,CREDIT,NEFT,SUCCESS,2026-04-09
T00004172,C001160,810321.46,INR,CREDIT,IMPS,FAILED,2026-09-23
T00004173,C002227,233863.02,INR,DEBIT,CARD,REVERSED,2026-06-09
T00004174,C001957,649303.56,USD,DEBIT,CARD,SUCCESS,2026-06-15
T00004175,C002397,758489.12,USD,DEBIT,UPI,FAILED,2026-08-09
T00004176,C000054,274854.97,INR,DEBIT,IMPS,PENDING,2026-04-11
T00004177,C001143,775736.98,INR,CREDIT,UPI,FAILED,2026-05-19
T00004178,C000936,864588.69,USD,CREDIT,NEFT,PENDING,2026-08-10
T00004179,C000132,335041.09,INR,DEBIT,NEFT,SUCCESS,2026-05-02
T00004180,C000698,313791.25,INR,DEBIT,UPI,SUCCESS,2026-04-08
T00004181,C003391,731689.07,INR,DEBIT,IMPS,PENDING,2026-03-27
T00004182,C001748,826420.88,INR,DEBIT,CARD,SUCCESS,2026-07-08
T00004183,C002946,762240.85,USD,DEBIT,SWIFT,PENDING,2026-08-03
T00004184,C003139,539712.25,USD,CREDIT,NEFT,PENDING,2026-03-24
T00004185,C000316,342521.03,INR,DEBIT,CARD,SUCCESS,2026-06-06
T00004186,C001732,209405.46,INR,DEBIT,NEFT,FAILED,2026-04-09
T00004187,C001869,102439.76,USD,CREDIT,UPI,PENDING,2026-01-02
T00004188,C002199,424613.92,INR,CREDIT,NEFT,SUCCESS,2026-08-23
T00004189,C000377,64962.75,INR,CREDIT,UPI,REVERSED,2026-01-24
T00004190,C001636,576856.3,INR,DEBIT,UPI,SUCCESS,2026-03-06
T00004191,C002920,303638.3,AED,CREDIT,IMPS,SUCCESS,2026-01-16
T00004192,C000637,135998.56,USD,CREDIT,IMPS,SUCCESS,2026-05-09
T00004193,C003199,638074.96,USD,CREDIT,NEFT,SUCCESS,2026-08-01
T00004194,C003279,19156.11,INR,DEBIT,NEFT,SUCCESS,2026-05-19
T00004195,C001246,105700.79,INR,DEBIT,CARD,PENDING,2026-01-10
T00004196,C003143,200445.77,AED,DEBIT,CARD,SUCCESS,2026-09-06
T00004197,C001818,697990.17,INR,DEBIT,IMPS,REVERSED,2026-07-25
T00004198,C001089,173470.25,AED,DEBIT,UPI,SUCCESS,2026-02-15
T00004199,C001078,310373.06,USD,CREDIT,UPI,SUCCESS,2026-05-18
T00004200,C002357,624422.38,AED,CREDIT,NEFT,FAILED,2026-05-23
T00004201,C002472,546714.76,INR,CREDIT,SWIFT,SUCCESS,2026-02-07
T00004202,C003333,248762.52,INR,DEBIT,UPI,SUCCESS,2026-08-02
T00004203,C000168,473044.1,USD,CREDIT,CARD,PENDING,2026-01-15
T00004204,C001004,293015.16,AED,CREDIT,UPI,REVERSED,2026-04-22
T00004205,C002562,790515.19,USD,DEBIT,CARD,PENDING,2026-04-17
T00004206,C002881,332641.78,AED,DEBIT,SWIFT,REVERSED,2026-08-16
T00004207,C000767,417238.17,INR,CREDIT,SWIFT,SUCCESS,2026-02-24
T00004208,C001618,552252.64,AED,CREDIT,NEFT,SUCCESS,2026-03-16
T00004209,C000789,103118.08,AED,DEBIT,NEFT,SUCCESS,2026-06-19
T00004210,C000145,309257.6,INR,CREDIT,SWIFT,SUCCESS,2026-09-09
T00004211,C000335,537497.24,INR,DEBIT,SWIFT,PENDING,2026-05-04
T00004212,C002731,446084.04,INR,DEBIT,IMPS,SUCCESS,2026-07-16
T00004213,C001771,814604.14,INR,DEBIT,UPI,SUCCESS,2026-03-24
T00004214,C003390,815355.95,INR,DEBIT,UPI,REVERSED,2026-01-07
T00004215,C000760,743382.34,INR,DEBIT,NEFT,SUCCESS,2026-04-03
T00004216,C001709,370216.7,AED,DEBIT,SWIFT,SUCCESS,2026-04-26
T00004217,C002407,323332.63,USD,CREDIT,CARD,REVERSED,2026-06-25
T00004218,C003083,402842.38,AED,CREDIT,IMPS,REVERSED,2026-06-12
T00004219,C002024,498043.48,INR,DEBIT,NEFT,PENDING,2026-06-18
T00004220,C001605,170245.39,INR,DEBIT,CARD,FAILED,2026-07-26
T00004221,C000782,851506.37,AED,CREDIT,IMPS,SUCCESS,2026-04-15
T00004222,C003217,538060.5,USD,DEBIT,IMPS,SUCCESS,2026-04-25
T00004223,C003356,174738.74,INR,DEBIT,UPI,PENDING,2026-03-06
T00004224,C003402,321229.8,AED,DEBIT,NEFT,PENDING,2026-03-27
T00004225,C002306,26142.11,USD,CREDIT,SWIFT,FAILED,2026-01-24
T00004226,C000581,723727.21,USD,DEBIT,SWIFT,SUCCESS,2026-06-10
T00004227,C001810,281787.27,INR,DEBIT,SWIFT,REVERSED,2026-01-04
T00004228,C001160,626300.23,AED,CREDIT,IMPS,REVERSED,2026-09-21
T00004229,C000987,268671.72,INR,DEBIT,CARD,SUCCESS,2026-03-24
T00004230,C001997,505694.55,AED,CREDIT,CARD,SUCCESS,2026-04-24
T00004231,C000684,671894.49,INR,CREDIT,IMPS,SUCCESS,2026-01-17
T00004232,C003425,343377.26,USD,CREDIT,CARD,REVERSED,2026-05-24
T00004233,C003092,85601.19,USD,CREDIT,CARD,FAILED,2026-08-22
T00004234,C002917,42669.6,INR,DEBIT,CARD,REVERSED,2026-01-15
T00004235,C002339,84368.77,USD,DEBIT,NEFT,SUCCESS,2026-03-01
T00004236,C002009,582514.12,INR,CREDIT,NEFT,FAILED,2026-01-20
T00004237,C001581,67609.85,INR,CREDIT,NEFT,FAILED,2026-06-17
T00004238,C000552,353258.42,INR,CREDIT,NEFT,REVERSED,2026-08-01
T00004239,C001160,736056.1,INR,CREDIT,NEFT,SUCCESS,2026-02-02
T00004240,C001919,402475.44,USD,CREDIT,UPI,FAILED,2026-03-19
T00004241,C002313,392491.48,INR,CREDIT,UPI,SUCCESS,2026-04-17
T00004242,C000765,460080.68,AED,CREDIT,SWIFT,FAILED,2026-07-11
T00004243,C003418,150972.91,INR,CREDIT,CARD,SUCCESS,2026-06-13
T00004244,C000365,783794.14,USD,CREDIT,SWIFT,SUCCESS,2026-04-19
T00004245,C003198,599423.46,AED,DEBIT,CARD,SUCCESS,2026-04-26
T00004246,C001095,704383.49,INR,CREDIT,SWIFT,FAILED,2026-05-03
T00004247,C000657,611401.26,INR,DEBIT,IMPS,PENDING,2026-09-24
T00004248,C001728,549977.59,USD,CREDIT,NEFT,SUCCESS,2026-04-25
T00004249,C003183,662082.23,INR,CREDIT,UPI,PENDING,2026-07-22
T00004250,C003306,796932.73,AED,CREDIT,SWIFT,PENDING,2026-09-22
T00004251,C002095,724480.24,INR,DEBIT,CARD,REVERSED,2026-07-23
T00004252,C002430,80840.21,AED,DEBIT,SWIFT,SUCCESS,2026-01-21
T00004253,C003034,103695.96,USD,DEBIT,IMPS,FAILED,2026-03-09
T00004254,C000896,483105.28,INR,CREDIT,UPI,REVERSED,2026-04-22
T00004255,C000738,595450.36,AED,DEBIT,SWIFT,FAILED,2026-03-24
T00004256,C000027,549168.45,USD,DEBIT,NEFT,FAILED,2026-01-22
T00004257,C002571,393370.53,INR,CREDIT,CARD,SUCCESS,2026-05-17
T00004258,C002186,203856.96,INR,CREDIT,SWIFT,PENDING,2026-05-07
T00004259,C001096,696049.92,USD,DEBIT,NEFT,SUCCESS,2026-05-14
T00004260,C001317,530467.73,AED,CREDIT,NEFT,SUCCESS,2026-01-22
T00004261,C000510,520394.27,INR,CREDIT,UPI,SUCCESS,2026-04-10
T00004262,C000264,453579.92,AED,CREDIT,NEFT,SUCCESS,2026-04-05
T00004263,C001351,464713.08,AED,DEBIT,UPI,SUCCESS,2026-09-05
T00004264,C001297,356345.66,USD,CREDIT,SWIFT,SUCCESS,2026-03-18
T00004265,C001911,177928.27,INR,DEBIT,NEFT,SUCCESS,2026-07-20
T00004266,C000827,16151.58,AED,CREDIT,IMPS,PENDING,2026-08-22
T00004267,C001919,861743.21,INR,CREDIT,CARD,SUCCESS,2026-04-09
T00004268,C000578,214502.55,INR,CREDIT,SWIFT,FAILED,2026-05-18
T00004269,C002246,886945.19,INR,CREDIT,SWIFT,FAILED,2026-03-24
T00004270,C002663,648756.11,AED,DEBIT,UPI,SUCCESS,2026-09-15
T00004271,C001612,257618.29,AED,CREDIT,IMPS,SUCCESS,2026-02-19
T00004272,C001189,270784.72,INR,DEBIT,CARD,SUCCESS,2026-03-11
T00004273,C002292,95288.4,INR,DEBIT,UPI,SUCCESS,2026-02-16
T00004274,C003371,891905.58,INR,DEBIT,NEFT,SUCCESS,2026-09-06
T00004275,C003051,380719.28,INR,CREDIT,IMPS,SUCCESS,2026-06-01
T00004276,C000250,343291.48,INR,DEBIT,NEFT,SUCCESS,2026-04-25
T00004277,C001644,667597.34,USD,DEBIT,NEFT,SUCCESS,2026-09-25
T00004278,C000475,580279.24,INR,DEBIT,SWIFT,SUCCESS,2026-02-03
T00004279,C000240,158402.27,AED,DEBIT,CARD,FAILED,2026-06-28
T00004280,C001383,63447.62,USD,CREDIT,SWIFT,REVERSED,2026-06-10
T00004281,C001759,308920.82,INR,CREDIT,NEFT,REVERSED,2026-01-06
T00004282,C002980,683259.96,USD,DEBIT,CARD,SUCCESS,2026-07-14
T00004283,C002466,75456.64,AED,DEBIT,IMPS,SUCCESS,2026-06-06
T00004284,C003485,271012.55,INR,CREDIT,SWIFT,REVERSED,2026-09-04
T00004285,C001769,241530.42,INR,DEBIT,UPI,FAILED,2026-04-12
T00004286,C000639,191882.16,AED,CREDIT,CARD,SUCCESS,2026-09-15
T00004287,C000247,579743.49,AED,CREDIT,CARD,SUCCESS,2026-09-06
T00004288,C000791,564880.88,INR,CREDIT,CARD,SUCCESS,2026-06-10
T00004289,C003278,730360.76,USD,DEBIT,SWIFT,PENDING,2026-08-16
T00004290,C002374,144431.84,INR,CREDIT,IMPS,SUCCESS,2026-05-24
T00004291,C003061,261047.05,AED,DEBIT,UPI,SUCCESS,2026-04-24
T00004292,C001135,734559.66,AED,CREDIT,UPI,REVERSED,2026-06-09
T00004293,C000889,813175.4,USD,DEBIT,IMPS,SUCCESS,2026-08-28
T00004294,C001769,746000.63,AED,CREDIT,NEFT,SUCCESS,2026-04-03
T00004295,C001568,521557.4,AED,DEBIT,IMPS,SUCCESS,2026-03-26
T00004296,C002197,351559.45,INR,CREDIT,IMPS,SUCCESS,2026-05-14
T00004297,C000040,353282.51,INR,CREDIT,UPI,FAILED,2026-05-05
T00004298,C001607,634365.53,USD,CREDIT,SWIFT,PENDING,2026-06-18
T00004299,C000838,42346.67,INR,DEBIT,NEFT,FAILED,2026-08-24
T00004300,C002337,843827.66,USD,DEBIT,SWIFT,REVERSED,2026-01-16
T00004301,C002301,231363.3,INR,CREDIT,SWIFT,REVERSED,2026-08-01
T00004302,C003332,506770.66,INR,DEBIT,IMPS,FAILED,2026-03-13
T00004303,C000433,90682.69,AED,DEBIT,IMPS,FAILED,2026-05-23
T00004304,C002329,669960.36,INR,CREDIT,NEFT,FAILED,2026-02-10
T00004305,C002018,71263.96,INR,CREDIT,NEFT,REVERSED,2026-09-06
T00004306,C000504,778143.36,INR,DEBIT,UPI,SUCCESS,2026-09-13
T00004307,C001945,406910.89,AED,DEBIT,NEFT,FAILED,2026-01-21
T00004308,C002130,445803.09,INR,DEBIT,NEFT,SUCCESS,2026-05-06
T00004309,C002886,314726.41,INR,CREDIT,UPI,SUCCESS,2026-01-25
T00004310,C003109,433200.59,INR,DEBIT,UPI,SUCCESS,2026-01-12
T00004311,C000188,898786.9,INR,DEBIT,UPI,SUCCESS,2026-01-13
T00004312,C000386,513482.65,AED,DEBIT,IMPS,SUCCESS,2026-06-19
T00004313,C001598,516057.32,INR,DEBIT,IMPS,SUCCESS,2026-09-25
T00004314,C003354,184969.95,AED,CREDIT,IMPS,SUCCESS,2026-09-11
T00004315,C001108,599551.05,INR,CREDIT,SWIFT,SUCCESS,2026-05-16
T00004316,C000784,46944.38,USD,CREDIT,CARD,PENDING,2026-07-21
T00004317,C001144,503879.6,INR,CREDIT,SWIFT,PENDING,2026-04-09
T00004318,C000597,66455.8,INR,DEBIT,IMPS,SUCCESS,2026-03-05
T00004319,C000233,292115.29,INR,DEBIT,SWIFT,FAILED,2026-02-19
T00004320,C000639,431529.0,INR,CREDIT,SWIFT,SUCCESS,2026-01-15
T00004321,C000839,28204.35,INR,CREDIT,SWIFT,PENDING,2026-05-20
T00004322,C001896,157756.54,INR,DEBIT,NEFT,SUCCESS,2026-01-12
T00004323,C001584,503778.42,USD,DEBIT,CARD,PENDING,2026-07-27
T00004324,C000911,670873.67,USD,DEBIT,IMPS,REVERSED,2026-05-04
T00004325,C000390,858352.58,AED,DEBIT,UPI,SUCCESS,2026-09-04
T00004326,C001983,860037.85,USD,CREDIT,IMPS,SUCCESS,2026-07-25
T00004327,C001417,766789.06,AED,DEBIT,SWIFT,SUCCESS,2026-03-07
T00004328,C003208,769764.96,INR,CREDIT,CARD,SUCCESS,2026-01-22
T00004329,C000495,872511.41,INR,CREDIT,SWIFT,SUCCESS,2026-03-07
T00004330,C001497,709393.64,AED,CREDIT,IMPS,SUCCESS,2026-06-09
T00004331,C003339,742432.06,USD,CREDIT,SWIFT,SUCCESS,2026-02-15
T00004332,C002235,654732.54,USD,DEBIT,NEFT,SUCCESS,2026-08-14
T00004333,C002304,377577.3,INR,DEBIT,CARD,SUCCESS,2026-07-19
T00004334,C001248,73061.65,INR,CREDIT,SWIFT,REVERSED,2026-08-24
T00004335,C003117,123788.91,AED,DEBIT,SWIFT,SUCCESS,2026-06-13
T00004336,C002790,444454.96,USD,CREDIT,IMPS,SUCCESS,2026-06-18
T00004337,C000324,30175.55,INR,CREDIT,UPI,REVERSED,2026-09-16
T00004338,C001785,137424.14,INR,CREDIT,NEFT,SUCCESS,2026-02-13
T00004339,C001453,335669.65,AED,CREDIT,NEFT,SUCCESS,2026-05-07
T00004340,C000211,298682.64,USD,DEBIT,NEFT,SUCCESS,2026-01-10
T00004341,C001705,159931.04,INR,DEBIT,IMPS,SUCCESS,2026-02-07
T00004342,C000461,133787.11,INR,CREDIT,SWIFT,SUCCESS,2026-03-17
T00004343,C002582,513207.3,USD,DEBIT,NEFT,REVERSED,2026-01-26
T00004344,C000074,460768.54,AED,DEBIT,SWIFT,PENDING,2026-02-09
T00004345,C003067,297532.91,INR,DEBIT,CARD,FAILED,2026-03-21
T00004346,C001042,752393.36,INR,CREDIT,UPI,SUCCESS,2026-07-03
T00004347,C000516,775790.91,INR,CREDIT,NEFT,REVERSED,2026-02-11
T00004348,C002742,22910.23,AED,CREDIT,CARD,SUCCESS,2026-09-15
T00004349,C001177,568473.02,USD,CREDIT,CARD,SUCCESS,2026-08-23
T00004350,C000994,486534.86,INR,CREDIT,UPI,FAILED,2026-05-24
T00004351,C002215,389115.37,INR,DEBIT,CARD,SUCCESS,2026-09-27
T00004352,C003442,779415.42,USD,DEBIT,IMPS,SUCCESS,2026-03-06
T00004353,C000668,830611.0,INR,DEBIT,CARD,SUCCESS,2026-04-27
T00004354,C002089,881752.11,USD,DEBIT,SWIFT,SUCCESS,2026-03-02
T00004355,C001430,333336.2,INR,CREDIT,SWIFT,SUCCESS,2026-08-15
T00004356,C000896,232298.89,USD,CREDIT,SWIFT,PENDING,2026-08-25
T00004357,C002939,180053.02,INR,DEBIT,IMPS,SUCCESS,2026-06-04
T00004358,C000897,563607.07,INR,DEBIT,IMPS,REVERSED,2026-01-25
T00004359,C000886,402345.18,AED,DEBIT,SWIFT,SUCCESS,2026-02-26
T00004360,C000405,665170.05,INR,CREDIT,NEFT,SUCCESS,2026-09-15
T00004361,C000368,432647.59,AED,DEBIT,IMPS,REVERSED,2026-08-08
T00004362,C002232,323542.19,INR,CREDIT,NEFT,SUCCESS,2026-03-08
T00004363,C002329,161969.05,AED,DEBIT,UPI,PENDING,2026-04-17
T00004364,C001684,239053.16,INR,CREDIT,NEFT,SUCCESS,2026-05-20
T00004365,C001967,166066.44,INR,DEBIT,NEFT,SUCCESS,2026-02-08
T00004366,C001013,889184.06,AED,CREDIT,NEFT,SUCCESS,2026-03-12
T00004367,C002710,780512.09,USD,DEBIT,NEFT,SUCCESS,2026-04-09
T00004368,C001266,430388.66,AED,DEBIT,UPI,FAILED,2026-03-02
T00004369,C002037,725752.92,INR,CREDIT,NEFT,FAILED,2026-01-11
T00004370,C000976,846857.99,INR,DEBIT,SWIFT,PENDING,2026-08-24
T00004371,C003279,127283.46,INR,CREDIT,SWIFT,SUCCESS,2026-09-18
T00004372,C002178,474762.15,INR,CREDIT,NEFT,SUCCESS,2026-07-20
T00004373,C001810,330515.65,USD,CREDIT,IMPS,SUCCESS,2026-03-01
T00004374,C003104,485524.52,USD,DEBIT,IMPS,SUCCESS,2026-05-13
T00004375,C000239,395248.7,INR,CREDIT,IMPS,SUCCESS,2026-05-13
T00004376,C003325,837027.36,USD,DEBIT,UPI,SUCCESS,2026-09-09
T00004377,C000516,847184.27,USD,CREDIT,NEFT,SUCCESS,2026-09-07
T00004378,C000743,835872.04,USD,DEBIT,SWIFT,SUCCESS,2026-02-20
T00004379,C000685,190992.32,INR,CREDIT,UPI,SUCCESS,2026-05-10
T00004380,C000236,833716.05,USD,CREDIT,CARD,SUCCESS,2026-02-06
T00004381,C001217,584265.6,INR,DEBIT,CARD,FAILED,2026-09-02
T00004382,C002542,308624.42,INR,CREDIT,SWIFT,REVERSED,2026-02-13
T00004383,C001206,295952.3,INR,DEBIT,SWIFT,SUCCESS,2026-06-11
T00004384,C001292,688745.35,INR,DEBIT,SWIFT,SUCCESS,2026-09-01
T00004385,C000061,499272.73,INR,DEBIT,NEFT,REVERSED,2026-09-03
T00004386,C000363,409317.11,INR,CREDIT,UPI,REVERSED,2026-02-16
T00004387,C000559,406883.27,AED,DEBIT,NEFT,FAILED,2026-03-07
T00004388,C002791,798798.14,INR,DEBIT,NEFT,SUCCESS,2026-08-01
T00004389,C002971,342493.39,INR,DEBIT,NEFT,REVERSED,2026-06-17
T00004390,C001587,499137.22,INR,CREDIT,SWIFT,SUCCESS,2026-01-24
T00004391,C002472,877625.4,USD,DEBIT,NEFT,REVERSED,2026-08-05
T00004392,C000189,549645.71,INR,DEBIT,UPI,SUCCESS,2026-04-04
T00004393,C001342,882828.26,INR,CREDIT,IMPS,PENDING,2026-06-17
T00004394,C003439,414589.83,USD,DEBIT,NEFT,SUCCESS,2026-01-23
T00004395,C000609,570259.73,INR,DEBIT,SWIFT,SUCCESS,2026-06-01
T00004396,C002487,806179.1,INR,CREDIT,UPI,SUCCESS,2026-06-23
T00004397,C000371,575540.57,USD,DEBIT,SWIFT,SUCCESS,2026-06-27
T00004398,C002790,75438.32,USD,CREDIT,CARD,FAILED,2026-08-27
T00004399,C003278,30136.75,INR,DEBIT,IMPS,REVERSED,2026-01-28
T00004400,C003035,396278.98,INR,CREDIT,NEFT,SUCCESS,2026-01-21
T00004401,C001908,416368.62,AED,CREDIT,CARD,FAILED,2026-03-06
T00004402,C001418,206657.04,AED,DEBIT,NEFT,SUCCESS,2026-03-26
T00004403,C002409,617758.88,USD,DEBIT,CARD,SUCCESS,2026-04-27
T00004404,C000907,818043.81,INR,CREDIT,SWIFT,REVERSED,2026-08-11
T00004405,C001869,339484.3,USD,CREDIT,CARD,SUCCESS,2026-05-26
T00004406,C001531,590344.08,USD,DEBIT,IMPS,SUCCESS,2026-05-03
T00004407,C003022,48206.5,AED,DEBIT,SWIFT,PENDING,2026-02-05
T00004408,C000593,719210.84,AED,DEBIT,NEFT,SUCCESS,2026-09-27
T00004409,C001230,825028.77,INR,CREDIT,CARD,PENDING,2026-02-20
T00004410,C001241,689081.4,AED,CREDIT,CARD,FAILED,2026-04-25
T00004411,C002695,504659.31,USD,CREDIT,IMPS,FAILED,2026-06-12
T00004412,C000051,113337.27,AED,DEBIT,CARD,SUCCESS,2026-01-17
T00004413,C001685,434230.88,USD,DEBIT,UPI,SUCCESS,2026-05-26
T00004414,C001017,134468.71,AED,DEBIT,IMPS,SUCCESS,2026-03-21
T00004415,C001107,184168.9,INR,DEBIT,UPI,PENDING,2026-02-08
T00004416,C001509,186481.13,AED,CREDIT,IMPS,SUCCESS,2026-04-20
T00004417,C002730,569927.78,INR,DEBIT,SWIFT,SUCCESS,2026-02-12
T00004418,C002613,649729.2,AED,DEBIT,SWIFT,REVERSED,2026-07-24
T00004419,C002673,711859.17,INR,CREDIT,SWIFT,SUCCESS,2026-06-15
T00004420,C002357,82218.44,INR,DEBIT,CARD,PENDING,2026-09-04
T00004421,C000776,452994.75,AED,DEBIT,CARD,SUCCESS,2026-08-27
T00004422,C003066,499420.83,AED,CREDIT,UPI,SUCCESS,2026-04-13
T00004423,C000046,613178.06,USD,CREDIT,SWIFT,SUCCESS,2026-03-19
T00004424,C002591,679050.34,USD,DEBIT,SWIFT,SUCCESS,2026-07-03
T00004425,C003142,593671.8,INR,CREDIT,CARD,SUCCESS,2026-06-17
T00004426,C001486,887838.54,INR,DEBIT,NEFT,SUCCESS,2026-04-06
T00004427,C002944,379694.82,INR,DEBIT,CARD,SUCCESS,2026-03-21
T00004428,C002344,48100.48,USD,CREDIT,UPI,FAILED,2026-03-16
T00004429,C003025,298285.27,INR,CREDIT,UPI,REVERSED,2026-06-09
T00004430,C003017,281306.76,AED,DEBIT,CARD,SUCCESS,2026-03-18
T00004431,C002174,673243.86,INR,DEBIT,SWIFT,REVERSED,2026-06-12
T00004432,C001022,426282.94,AED,CREDIT,IMPS,FAILED,2026-02-03
T00004433,C001626,758365.52,AED,CREDIT,SWIFT,SUCCESS,2026-02-04
T00004434,C000511,439013.28,USD,CREDIT,SWIFT,FAILED,2026-03-20
T00004435,C003286,37901.0,USD,DEBIT,UPI,SUCCESS,2026-02-22
T00004436,C003188,602032.25,AED,CREDIT,NEFT,REVERSED,2026-09-01
T00004437,C002396,513686.48,INR,CREDIT,SWIFT,SUCCESS,2026-02-21
T00004438,C001281,594298.91,INR,DEBIT,SWIFT,PENDING,2026-01-13
T00004439,C001554,748074.62,INR,DEBIT,NEFT,SUCCESS,2026-09-24
T00004440,C002526,434308.63,AED,CREDIT,IMPS,REVERSED,2026-07-03
T00004441,C002885,413739.69,INR,DEBIT,IMPS,SUCCESS,2026-06-21
T00004442,C001172,713142.58,USD,DEBIT,CARD,FAILED,2026-04-10
T00004443,C001129,33440.48,USD,DEBIT,NEFT,PENDING,2026-04-16
T00004444,C001847,792699.22,INR,DEBIT,SWIFT,SUCCESS,2026-05-27
T00004445,C001678,311951.87,AED,DEBIT,SWIFT,SUCCESS,2026-05-02
T00004446,C002125,863827.77,USD,DEBIT,SWIFT,FAILED,2026-02-24
T00004447,C000070,740401.99,INR,CREDIT,CARD,PENDING,2026-02-09
T00004448,C000196,35672.67,INR,CREDIT,UPI,FAILED,2026-04-13
T00004449,C003045,606949.14,AED,CREDIT,IMPS,FAILED,2026-02-17
T00004450,C000647,341658.6,USD,CREDIT,SWIFT,SUCCESS,2026-05-10
T00004451,C000539,191314.45,INR,DEBIT,CARD,SUCCESS,2026-06-27
T00004452,C001942,839537.61,INR,CREDIT,SWIFT,SUCCESS,2026-01-22
T00004453,C001193,885485.59,USD,CREDIT,SWIFT,SUCCESS,2026-04-17
T00004454,C002875,756138.59,AED,CREDIT,UPI,SUCCESS,2026-06-08
T00004455,C000180,373079.87,AED,CREDIT,NEFT,SUCCESS,2026-03-09
T00004456,C001253,269776.61,USD,CREDIT,UPI,FAILED,2026-01-16
T00004457,C003182,231356.93,INR,CREDIT,NEFT,REVERSED,2026-05-20
T00004458,C002747,351250.09,INR,CREDIT,UPI,PENDING,2026-06-21
T00004459,C000346,250920.9,USD,CREDIT,IMPS,PENDING,2026-07-20
T00004460,C002993,352021.73,AED,DEBIT,IMPS,REVERSED,2026-05-13
T00004461,C000654,429614.17,INR,CREDIT,IMPS,SUCCESS,2026-05-03
T00004462,C001765,824467.53,INR,DEBIT,CARD,SUCCESS,2026-09-22
T00004463,C003410,715895.78,USD,DEBIT,UPI,SUCCESS,2026-06-10
T00004464,C002215,58480.49,INR,CREDIT,NEFT,SUCCESS,2026-05-14
T00004465,C000249,500974.88,AED,CREDIT,SWIFT,SUCCESS,2026-05-05
T00004466,C002769,507446.91,USD,DEBIT,UPI,SUCCESS,2026-07-14
T00004467,C002706,504766.6,AED,CREDIT,NEFT,SUCCESS,2026-07-19
T00004468,C000860,716305.33,AED,DEBIT,CARD,REVERSED,2026-01-18
T00004469,C002729,729607.48,AED,CREDIT,SWIFT,SUCCESS,2026-07-03
T00004470,C003105,724045.61,AED,CREDIT,SWIFT,REVERSED,2026-07-05
T00004471,C002248,478016.44,USD,DEBIT,UPI,REVERSED,2026-02-17
T00004472,C000796,726929.81,INR,CREDIT,CARD,FAILED,2026-03-10
T00004473,C000785,632083.06,USD,DEBIT,IMPS,FAILED,2026-02-19
T00004474,C001940,374923.49,INR,CREDIT,NEFT,REVERSED,2026-04-27
T00004475,C001051,172094.61,AED,DEBIT,CARD,REVERSED,2026-01-23
T00004476,C001314,293651.85,AED,CREDIT,NEFT,SUCCESS,2026-04-05
T00004477,C003379,572606.72,INR,CREDIT,SWIFT,PENDING,2026-05-19
T00004478,C000578,699020.37,AED,CREDIT,IMPS,SUCCESS,2026-03-21
T00004479,C003406,339931.05,AED,CREDIT,CARD,PENDING,2026-07-09
T00004480,C000541,284426.48,AED,DEBIT,SWIFT,SUCCESS,2026-06-17
T00004481,C000376,714582.12,INR,DEBIT,UPI,SUCCESS,2026-08-17
T00004482,C001414,183576.12,USD,DEBIT,CARD,FAILED,2026-05-06
T00004483,C002412,531093.34,INR,CREDIT,CARD,SUCCESS,2026-03-11
T00004484,C003469,544172.92,USD,DEBIT,NEFT,REVERSED,2026-04-25
T00004485,C001907,103505.28,INR,CREDIT,UPI,FAILED,2026-04-18
T00004486,C000654,400595.07,USD,CREDIT,UPI,REVERSED,2026-04-07
T00004487,C000959,430963.44,INR,DEBIT,SWIFT,SUCCESS,2026-09-11
T00004488,C002553,661046.73,INR,CREDIT,UPI,REVERSED,2026-02-10
T00004489,C001547,13088.79,INR,CREDIT,NEFT,FAILED,2026-07-16
T00004490,C001780,776816.88,AED,DEBIT,IMPS,REVERSED,2026-07-20
T00004491,C001042,597211.63,INR,CREDIT,IMPS,SUCCESS,2026-04-03
T00004492,C001733,656472.06,AED,DEBIT,NEFT,SUCCESS,2026-05-10
T00004493,C002812,420450.32,INR,CREDIT,CARD,SUCCESS,2026-06-22
T00004494,C000829,863740.48,AED,CREDIT,CARD,FAILED,2026-06-12
T00004495,C003145,647357.94,AED,DEBIT,NEFT,PENDING,2026-07-09
T00004496,C002232,75705.67,AED,DEBIT,IMPS,REVERSED,2026-09-22
T00004497,C003044,547271.98,INR,CREDIT,CARD,REVERSED,2026-07-17
T00004498,C002929,49706.24,USD,CREDIT,CARD,PENDING,2026-09-14
T00004499,C001602,831751.24,INR,CREDIT,IMPS,SUCCESS,2026-05-07
T00004500,C000105,628965.26,USD,CREDIT,CARD,SUCCESS,2026-03-16
T00004501,C001994,453091.72,AED,DEBIT,SWIFT,FAILED,2026-09-12
T00004502,C002122,859923.55,INR,DEBIT,SWIFT,FAILED,2026-06-06
T00004503,C000943,239595.82,INR,DEBIT,UPI,SUCCESS,2026-07-11
T00004504,C000485,170519.84,USD,CREDIT,CARD,PENDING,2026-04-22
T00004505,C001614,278637.07,INR,DEBIT,UPI,SUCCESS,2026-02-14
T00004506,C000142,399315.28,AED,CREDIT,CARD,FAILED,2026-04-17
T00004507,C002208,634300.97,USD,DEBIT,NEFT,FAILED,2026-08-02
T00004508,C000723,685107.94,AED,DEBIT,NEFT,PENDING,2026-07-15
T00004509,C003490,255420.38,USD,DEBIT,UPI,PENDING,2026-04-21
T00004510,C002223,158943.1,INR,DEBIT,NEFT,SUCCESS,2026-02-20
T00004511,C001029,723808.89,AED,DEBIT,IMPS,SUCCESS,2026-04-08
T00004512,C001646,783132.76,INR,CREDIT,NEFT,SUCCESS,2026-07-03
T00004513,C002659,244804.66,AED,CREDIT,IMPS,REVERSED,2026-04-12
T00004514,C000570,600975.27,INR,CREDIT,IMPS,FAILED,2026-02-21
T00004515,C001355,146672.3,INR,DEBIT,CARD,SUCCESS,2026-04-02
T00004516,C001216,512246.77,INR,DEBIT,IMPS,SUCCESS,2026-04-04
T00004517,C002449,23814.01,USD,DEBIT,IMPS,SUCCESS,2026-03-19
T00004518,C000865,110686.9,INR,DEBIT,IMPS,PENDING,2026-05-23
T00004519,C001688,7333.58,INR,CREDIT,CARD,FAILED,2026-08-07
T00004520,C000915,528425.24,INR,DEBIT,IMPS,REVERSED,2026-02-11
T00004521,C003492,340153.68,AED,CREDIT,NEFT,REVERSED,2026-05-21
T00004522,C003343,82580.83,USD,DEBIT,CARD,SUCCESS,2026-05-04
T00004523,C000416,341002.09,INR,CREDIT,NEFT,SUCCESS,2026-07-02
T00004524,C001327,529996.45,INR,CREDIT,NEFT,REVERSED,2026-07-07
T00004525,C002900,224666.72,AED,CREDIT,UPI,PENDING,2026-09-25
T00004526,C000233,311436.07,USD,DEBIT,UPI,REVERSED,2026-06-12
T00004527,C001684,668629.71,USD,DEBIT,SWIFT,SUCCESS,2026-07-10
T00004528,C000371,654141.43,INR,CREDIT,CARD,SUCCESS,2026-02-05
T00004529,C001196,90193.41,INR,CREDIT,CARD,SUCCESS,2026-03-05
T00004530,C002718,890658.38,INR,CREDIT,UPI,SUCCESS,2026-03-17
T00004531,C002530,513969.51,INR,DEBIT,UPI,SUCCESS,2026-09-04
T00004532,C000414,148284.8,INR,DEBIT,NEFT,PENDING,2026-01-25
T00004533,C001855,260096.01,INR,CREDIT,SWIFT,SUCCESS,2026-08-18
T00004534,C003192,454576.28,USD,CREDIT,IMPS,SUCCESS,2026-03-18
T00004535,C003159,737182.35,AED,CREDIT,CARD,PENDING,2026-03-28
T00004536,C000773,632915.09,USD,DEBIT,SWIFT,SUCCESS,2026-03-14
T00004537,C002907,874090.85,INR,DEBIT,NEFT,SUCCESS,2026-08-06
T00004538,C001428,763240.81,INR,DEBIT,SWIFT,REVERSED,2026-02-08
T00004539,C001721,521222.04,AED,DEBIT,IMPS,PENDING,2026-03-04
T00004540,C003099,667501.44,INR,DEBIT,CARD,SUCCESS,2026-06-19
T00004541,C002021,827930.17,INR,CREDIT,CARD,PENDING,2026-02-19
T00004542,C000923,541115.32,INR,CREDIT,CARD,SUCCESS,2026-02-13
T00004543,C002739,495958.07,INR,CREDIT,CARD,SUCCESS,2026-03-25
T00004544,C002361,136950.06,INR,CREDIT,IMPS,REVERSED,2026-04-10
T00004545,C000026,169585.2,AED,CREDIT,UPI,REVERSED,2026-02-25
T00004546,C003184,812339.61,USD,CREDIT,CARD,FAILED,2026-01-01
T00004547,C002494,465891.04,INR,DEBIT,IMPS,FAILED,2026-03-18
T00004548,C000715,359534.11,USD,CREDIT,NEFT,PENDING,2026-04-07
T00004549,C000294,14018.74,USD,CREDIT,IMPS,SUCCESS,2026-06-09
T00004550,C002586,481941.49,AED,DEBIT,UPI,SUCCESS,2026-06-26
T00004551,C002505,320981.64,INR,DEBIT,CARD,FAILED,2026-07-27
T00004552,C003422,442529.19,USD,CREDIT,IMPS,SUCCESS,2026-05-04
T00004553,C001169,525267.48,AED,DEBIT,SWIFT,SUCCESS,2026-05-25
T00004554,C003208,321214.45,INR,CREDIT,SWIFT,SUCCESS,2026-02-09
T00004555,C001866,572880.0,INR,DEBIT,CARD,PENDING,2026-07-02
T00004556,C001375,239051.04,INR,CREDIT,IMPS,SUCCESS,2026-08-11
T00004557,C001562,685983.13,USD,CREDIT,NEFT,SUCCESS,2026-01-16
T00004558,C001703,285213.55,INR,DEBIT,NEFT,SUCCESS,2026-07-24
T00004559,C000353,737551.25,INR,CREDIT,CARD,PENDING,2026-06-18
T00004560,C002067,570645.77,INR,DEBIT,IMPS,FAILED,2026-08-19
T00004561,C001350,631909.06,INR,CREDIT,CARD,PENDING,2026-04-22
T00004562,C002742,415796.76,AED,DEBIT,SWIFT,FAILED,2026-01-26
T00004563,C001243,164064.84,INR,DEBIT,SWIFT,SUCCESS,2026-05-22
T00004564,C001122,3072.3,INR,DEBIT,SWIFT,SUCCESS,2026-04-05
T00004565,C000324,608997.48,USD,DEBIT,SWIFT,PENDING,2026-09-16
T00004566,C000711,463939.68,INR,CREDIT,IMPS,SUCCESS,2026-03-10
T00004567,C001980,30054.88,USD,DEBIT,CARD,SUCCESS,2026-05-09
T00004568,C001091,454741.84,USD,DEBIT,UPI,SUCCESS,2026-06-16
T00004569,C002499,347564.32,INR,DEBIT,SWIFT,PENDING,2026-02-24
T00004570,C001133,317702.17,INR,CREDIT,NEFT,SUCCESS,2026-02-07
T00004571,C000729,420505.75,USD,CREDIT,SWIFT,PENDING,2026-02-09
T00004572,C001493,175375.99,USD,CREDIT,SWIFT,SUCCESS,2026-06-22
T00004573,C002817,655744.08,INR,CREDIT,CARD,SUCCESS,2026-04-03
T00004574,C002579,624188.26,USD,CREDIT,IMPS,PENDING,2026-03-12
T00004575,C001027,331048.6,INR,DEBIT,IMPS,SUCCESS,2026-03-06
T00004576,C003422,547202.46,INR,CREDIT,IMPS,SUCCESS,2026-09-19
T00004577,C002909,825032.75,AED,CREDIT,CARD,SUCCESS,2026-01-20
T00004578,C001328,243981.01,AED,DEBIT,CARD,SUCCESS,2026-09-04
T00004579,C002848,610047.02,INR,DEBIT,NEFT,SUCCESS,2026-02-19
T00004580,C001096,492012.29,INR,DEBIT,IMPS,PENDING,2026-08-15
T00004581,C000910,844928.35,USD,DEBIT,NEFT,SUCCESS,2026-01-13
T00004582,C003090,555234.34,AED,CREDIT,SWIFT,PENDING,2026-01-10
T00004583,C002209,292430.5,AED,CREDIT,CARD,PENDING,2026-08-19
T00004584,C002062,405196.34,AED,DEBIT,SWIFT,REVERSED,2026-05-27
T00004585,C001514,15859.11,USD,DEBIT,IMPS,SUCCESS,2026-02-22
T00004586,C002652,569674.97,INR,DEBIT,UPI,SUCCESS,2026-01-04
T00004587,C002170,78201.2,INR,DEBIT,SWIFT,SUCCESS,2026-06-04
T00004588,C000989,275387.64,USD,DEBIT,SWIFT,SUCCESS,2026-01-26
T00004589,C000782,586259.78,INR,DEBIT,CARD,SUCCESS,2026-03-20
T00004590,C000543,14685.96,USD,DEBIT,CARD,SUCCESS,2026-02-17
T00004591,C000277,614462.2,USD,DEBIT,CARD,REVERSED,2026-08-23
T00004592,C002870,899866.49,USD,CREDIT,UPI,SUCCESS,2026-02-22
T00004593,C001568,537369.56,AED,CREDIT,SWIFT,SUCCESS,2026-09-14
T00004594,C000387,217909.32,AED,CREDIT,CARD,REVERSED,2026-06-13
T00004595,C000306,380703.95,AED,CREDIT,NEFT,FAILED,2026-08-17
T00004596,C001886,87670.39,INR,DEBIT,IMPS,FAILED,2026-08-13
T00004597,C002338,365328.77,USD,CREDIT,SWIFT,REVERSED,2026-05-24
T00004598,C000409,514529.93,USD,CREDIT,UPI,PENDING,2026-02-20
T00004599,C001365,855166.29,AED,CREDIT,IMPS,SUCCESS,2026-07-16
T00004600,C000312,710085.98,USD,CREDIT,SWIFT,SUCCESS,2026-06-18
T00004601,C003245,310430.23,INR,DEBIT,NEFT,REVERSED,2026-06-08
T00004602,C002061,437444.85,AED,DEBIT,CARD,SUCCESS,2026-09-17
T00004603,C001651,364178.24,AED,CREDIT,IMPS,FAILED,2026-02-13
T00004604,C000866,653805.49,INR,DEBIT,NEFT,REVERSED,2026-05-26
T00004605,C000214,516003.56,INR,DEBIT,IMPS,FAILED,2026-02-20
T00004606,C001830,186097.09,INR,DEBIT,UPI,REVERSED,2026-03-08
T00004607,C001348,508642.0,INR,CREDIT,UPI,SUCCESS,2026-02-07
T00004608,C003363,55804.79,USD,DEBIT,SWIFT,REVERSED,2026-07-24
T00004609,C000080,32421.77,AED,DEBIT,IMPS,SUCCESS,2026-05-13
T00004610,C003191,98450.72,INR,CREDIT,IMPS,REVERSED,2026-08-17
T00004611,C000460,135214.96,INR,DEBIT,NEFT,SUCCESS,2026-01-25
T00004612,C002637,789624.5,AED,CREDIT,UPI,PENDING,2026-07-26
T00004613,C001202,97436.91,USD,DEBIT,NEFT,REVERSED,2026-06-15
T00004614,C002431,570941.62,INR,CREDIT,IMPS,PENDING,2026-06-18
T00004615,C001014,496520.7,AED,CREDIT,CARD,FAILED,2026-05-22
T00004616,C003404,751480.04,INR,CREDIT,UPI,PENDING,2026-05-15
T00004617,C001169,134436.78,INR,CREDIT,UPI,SUCCESS,2026-04-18
T00004618,C003426,125835.53,USD,CREDIT,UPI,SUCCESS,2026-09-11
T00004619,C001811,422872.31,USD,CREDIT,SWIFT,SUCCESS,2026-07-06
T00004620,C001677,39810.7,INR,DEBIT,CARD,PENDING,2026-02-12
T00004621,C000765,606641.82,AED,CREDIT,NEFT,SUCCESS,2026-03-10
T00004622,C002196,750530.28,USD,DEBIT,SWIFT,REVERSED,2026-09-16
T00004623,C001241,819282.95,INR,CREDIT,SWIFT,SUCCESS,2026-02-26
T00004624,C002549,229336.2,INR,CREDIT,CARD,PENDING,2026-08-10
T00004625,C001049,685015.26,INR,DEBIT,SWIFT,PENDING,2026-08-15
T00004626,C000502,86682.32,USD,CREDIT,NEFT,REVERSED,2026-09-08
T00004627,C001047,576480.37,INR,DEBIT,IMPS,REVERSED,2026-07-10
T00004628,C001532,355105.37,INR,DEBIT,UPI,SUCCESS,2026-02-02
T00004629,C001979,852146.35,AED,DEBIT,NEFT,SUCCESS,2026-08-11
T00004630,C002319,193279.24,INR,CREDIT,NEFT,FAILED,2026-06-21
T00004631,C000612,226819.12,USD,CREDIT,CARD,REVERSED,2026-05-26
T00004632,C002367,874960.77,INR,DEBIT,SWIFT,REVERSED,2026-08-21
T00004633,C000691,79810.82,AED,CREDIT,CARD,SUCCESS,2026-01-16
T00004634,C000516,267443.49,USD,CREDIT,CARD,SUCCESS,2026-07-09
T00004635,C003180,885922.52,INR,DEBIT,UPI,SUCCESS,2026-01-11
T00004636,C000481,761139.71,USD,CREDIT,IMPS,SUCCESS,2026-04-20
T00004637,C003388,680784.19,USD,DEBIT,IMPS,FAILED,2026-01-14
T00004638,C000705,121081.7,AED,DEBIT,IMPS,SUCCESS,2026-02-03
T00004639,C001769,425000.8,INR,DEBIT,SWIFT,PENDING,2026-03-10
T00004640,C000163,738320.77,AED,DEBIT,NEFT,SUCCESS,2026-05-05
T00004641,C000035,656087.61,USD,CREDIT,UPI,SUCCESS,2026-06-05
T00004642,C000158,625360.0,USD,CREDIT,UPI,SUCCESS,2026-01-15
T00004643,C002109,853621.79,USD,CREDIT,SWIFT,PENDING,2026-03-16
T00004644,C002937,544883.03,USD,CREDIT,IMPS,PENDING,2026-03-25
T00004645,C002528,745644.04,INR,DEBIT,SWIFT,SUCCESS,2026-03-16
T00004646,C003490,180686.14,INR,CREDIT,NEFT,SUCCESS,2026-08-16
T00004647,C003259,488992.18,INR,DEBIT,UPI,SUCCESS,2026-01-10
T00004648,C001799,870613.08,AED,CREDIT,UPI,SUCCESS,2026-06-04
T00004649,C000683,579923.46,USD,CREDIT,NEFT,REVERSED,2026-06-10
T00004650,C001487,98080.41,INR,CREDIT,UPI,SUCCESS,2026-09-27
T00004651,C001760,559438.51,INR,DEBIT,NEFT,REVERSED,2026-06-14
T00004652,C003279,286046.35,AED,DEBIT,SWIFT,SUCCESS,2026-04-18
T00004653,C000310,895423.63,INR,DEBIT,CARD,FAILED,2026-09-13
T00004654,C000995,406470.85,INR,CREDIT,UPI,SUCCESS,2026-08-18
T00004655,C000528,223114.19,USD,CREDIT,SWIFT,REVERSED,2026-08-11
T00004656,C003442,603877.53,INR,DEBIT,IMPS,SUCCESS,2026-01-19
T00004657,C001843,263243.71,AED,CREDIT,SWIFT,REVERSED,2026-01-09
T00004658,C000385,772902.3,INR,DEBIT,UPI,FAILED,2026-06-10
T00004659,C001366,8203.52,USD,CREDIT,SWIFT,SUCCESS,2026-08-25
T00004660,C003308,366592.54,AED,DEBIT,NEFT,PENDING,2026-05-07
T00004661,C002282,639091.02,USD,CREDIT,CARD,SUCCESS,2026-08-20
T00004662,C002281,690308.32,INR,CREDIT,CARD,SUCCESS,2026-08-18
T00004663,C001161,406663.99,USD,DEBIT,IMPS,REVERSED,2026-05-07
T00004664,C000256,577394.49,USD,CREDIT,CARD,SUCCESS,2026-02-17
T00004665,C001813,420732.18,AED,CREDIT,UPI,REVERSED,2026-07-24
T00004666,C001719,166905.15,INR,CREDIT,IMPS,REVERSED,2026-06-25
T00004667,C000857,520185.94,AED,CREDIT,CARD,SUCCESS,2026-07-10
T00004668,C000392,630952.47,INR,DEBIT,IMPS,PENDING,2026-09-03
T00004669,C003258,790247.88,USD,DEBIT,UPI,PENDING,2026-08-22
T00004670,C002677,800150.25,INR,DEBIT,IMPS,SUCCESS,2026-09-19
T00004671,C003052,27847.46,INR,DEBIT,NEFT,SUCCESS,2026-04-28
T00004672,C000141,512102.29,USD,CREDIT,CARD,REVERSED,2026-05-16
T00004673,C002399,747849.6,INR,CREDIT,SWIFT,SUCCESS,2026-07-02
T00004674,C001527,362853.55,INR,DEBIT,IMPS,SUCCESS,2026-04-28
T00004675,C002663,303648.61,INR,DEBIT,IMPS,SUCCESS,2026-02-20
T00004676,C001370,825181.76,AED,DEBIT,SWIFT,SUCCESS,2026-01-15
T00004677,C000098,635708.54,USD,CREDIT,NEFT,SUCCESS,2026-05-05
T00004678,C002030,748713.88,USD,DEBIT,IMPS,FAILED,2026-07-02
T00004679,C001628,865190.4,AED,CREDIT,UPI,SUCCESS,2026-06-07
T00004680,C001578,724716.49,INR,DEBIT,NEFT,SUCCESS,2026-06-15
T00004681,C003258,884569.07,INR,DEBIT,SWIFT,SUCCESS,2026-02-18
T00004682,C002993,119139.23,INR,CREDIT,SWIFT,FAILED,2026-01-21
T00004683,C000001,256732.82,INR,CREDIT,NEFT,SUCCESS,2026-09-09
T00004684,C001146,658251.09,INR,DEBIT,UPI,SUCCESS,2026-06-14
T00004685,C000081,32583.41,INR,DEBIT,UPI,SUCCESS,2026-08-10
T00004686,C000582,668602.16,INR,DEBIT,NEFT,SUCCESS,2026-05-27
T00004687,C002775,333261.25,INR,CREDIT,UPI,SUCCESS,2026-09-14
T00004688,C000223,5621.05,USD,DEBIT,IMPS,FAILED,2026-01-28
T00004689,C000202,503918.47,INR,CREDIT,CARD,PENDING,2026-01-19
T00004690,C000756,30212.65,INR,CREDIT,SWIFT,SUCCESS,2026-01-16
T00004691,C000549,895573.88,INR,CREDIT,NEFT,SUCCESS,2026-05-27
T00004692,C001529,355358.06,USD,DEBIT,IMPS,SUCCESS,2026-05-08
T00004693,C002259,717054.93,INR,CREDIT,NEFT,REVERSED,2026-07-21
T00004694,C001561,74499.26,USD,DEBIT,SWIFT,PENDING,2026-03-25
T00004695,C000854,464708.94,INR,DEBIT,SWIFT,PENDING,2026-03-10
T00004696,C003011,409948.22,USD,CREDIT,NEFT,SUCCESS,2026-09-07
T00004697,C003098,307071.84,USD,CREDIT,UPI,SUCCESS,2026-06-13
T00004698,C000981,656958.74,AED,CREDIT,CARD,PENDING,2026-02-02
T00004699,C000506,560076.01,USD,CREDIT,SWIFT,PENDING,2026-06-17
T00004700,C000468,308259.02,USD,DEBIT,CARD,PENDING,2026-08-20
T00004701,C003151,215757.21,AED,DEBIT,UPI,REVERSED,2026-09-13
T00004702,C000648,113649.11,AED,CREDIT,UPI,SUCCESS,2026-09-12
T00004703,C002154,893918.11,INR,CREDIT,NEFT,REVERSED,2026-06-04
T00004704,C002508,798198.61,INR,CREDIT,SWIFT,REVERSED,2026-05-04
T00004705,C002658,104989.01,AED,CREDIT,CARD,SUCCESS,2026-08-25
T00004706,C002191,45582.05,INR,DEBIT,SWIFT,SUCCESS,2026-08-19
T00004707,C001365,594323.99,INR,CREDIT,SWIFT,SUCCESS,2026-09-06
T00004708,C002540,343476.99,AED,CREDIT,IMPS,SUCCESS,2026-04-04
T00004709,C003310,660379.0,INR,DEBIT,SWIFT,SUCCESS,2026-03-11
T00004710,C000908,144173.21,AED,CREDIT,IMPS,PENDING,2026-01-18
T00004711,C001679,891413.15,AED,DEBIT,UPI,SUCCESS,2026-07-27
T00004712,C000271,171254.82,USD,DEBIT,NEFT,REVERSED,2026-09-09
T00004713,C002436,28239.68,INR,DEBIT,NEFT,FAILED,2026-05-13
T00004714,C001942,389420.83,INR,CREDIT,UPI,SUCCESS,2026-08-14
T00004715,C000830,530983.93,USD,CREDIT,IMPS,REVERSED,2026-03-08
T00004716,C001610,405994.89,INR,CREDIT,IMPS,FAILED,2026-01-01
T00004717,C003011,666348.78,USD,CREDIT,CARD,PENDING,2026-09-13
T00004718,C000723,729463.74,USD,DEBIT,IMPS,SUCCESS,2026-09-16
T00004719,C003067,704230.37,AED,CREDIT,IMPS,SUCCESS,2026-01-16
T00004720,C002121,294235.79,INR,DEBIT,CARD,SUCCESS,2026-03-02
T00004721,C001685,283219.03,INR,DEBIT,UPI,PENDING,2026-02-15
T00004722,C003428,521921.83,AED,DEBIT,IMPS,SUCCESS,2026-01-25
T00004723,C001377,857519.42,INR,DEBIT,UPI,REVERSED,2026-03-20
T00004724,C000682,357334.63,USD,DEBIT,SWIFT,SUCCESS,2026-05-23
T00004725,C002687,338577.82,INR,CREDIT,CARD,REVERSED,2026-09-06
T00004726,C000610,537872.61,INR,CREDIT,SWIFT,FAILED,2026-05-26
T00004727,C000384,108397.56,INR,CREDIT,SWIFT,PENDING,2026-05-11
T00004728,C001813,220487.41,INR,CREDIT,NEFT,SUCCESS,2026-08-13
T00004729,C003036,418047.8,AED,CREDIT,SWIFT,SUCCESS,2026-09-05
T00004730,C001345,167460.29,INR,DEBIT,CARD,SUCCESS,2026-07-04
T00004731,C002479,120832.62,INR,DEBIT,IMPS,REVERSED,2026-07-08
T00004732,C001738,593832.24,AED,CREDIT,CARD,FAILED,2026-07-11
T00004733,C001678,731234.57,AED,CREDIT,IMPS,FAILED,2026-06-19
T00004734,C002839,181202.73,INR,DEBIT,UPI,PENDING,2026-09-23
T00004735,C001757,882234.53,USD,DEBIT,IMPS,SUCCESS,2026-04-17
T00004736,C001353,872801.04,AED,DEBIT,UPI,SUCCESS,2026-05-15
T00004737,C002710,478216.99,INR,CREDIT,IMPS,SUCCESS,2026-04-02
T00004738,C002502,657522.47,USD,CREDIT,IMPS,FAILED,2026-08-24
T00004739,C002650,240276.71,INR,DEBIT,UPI,SUCCESS,2026-08-21
T00004740,C000113,287714.38,INR,CREDIT,CARD,SUCCESS,2026-01-05
T00004741,C002719,419831.35,INR,DEBIT,UPI,FAILED,2026-02-22
T00004742,C002776,195990.0,INR,CREDIT,SWIFT,SUCCESS,2026-08-11
T00004743,C001935,103790.0,AED,CREDIT,IMPS,REVERSED,2026-09-21
T00004744,C000045,649780.47,USD,CREDIT,IMPS,FAILED,2026-01-07
T00004745,C000189,323759.84,INR,CREDIT,IMPS,FAILED,2026-01-04
T00004746,C001101,467069.05,INR,CREDIT,CARD,REVERSED,2026-02-22
T00004747,C001326,270898.97,AED,CREDIT,UPI,REVERSED,2026-01-04
T00004748,C000788,597661.08,USD,DEBIT,UPI,REVERSED,2026-08-21
T00004749,C003259,205854.83,USD,DEBIT,CARD,SUCCESS,2026-08-16
T00004750,C000144,611484.71,AED,CREDIT,UPI,SUCCESS,2026-07-19
T00004751,C003141,119031.58,INR,DEBIT,IMPS,SUCCESS,2026-03-18
T00004752,C003328,103692.53,USD,CREDIT,IMPS,SUCCESS,2026-03-16
T00004753,C002889,93848.19,USD,CREDIT,NEFT,REVERSED,2026-01-19
T00004754,C000213,290381.87,INR,CREDIT,IMPS,SUCCESS,2026-06-25
T00004755,C000818,657762.25,INR,CREDIT,CARD,SUCCESS,2026-07-22
T00004756,C000202,467878.73,USD,DEBIT,CARD,PENDING,2026-04-06
T00004757,C000795,655565.39,INR,DEBIT,SWIFT,SUCCESS,2026-07-02
T00004758,C000760,691884.06,INR,DEBIT,IMPS,FAILED,2026-06-09
T00004759,C000355,180275.0,USD,CREDIT,UPI,REVERSED,2026-04-24
T00004760,C001552,887855.4,AED,CREDIT,SWIFT,REVERSED,2026-08-12
T00004761,C001574,533328.14,AED,DEBIT,UPI,SUCCESS,2026-04-04
T00004762,C002240,673279.32,AED,CREDIT,IMPS,SUCCESS,2026-02-09
T00004763,C001069,881270.29,INR,DEBIT,CARD,SUCCESS,2026-01-25
T00004764,C001079,180855.35,INR,DEBIT,UPI,SUCCESS,2026-01-06
T00004765,C000837,188697.9,USD,DEBIT,IMPS,PENDING,2026-06-25
T00004766,C000204,72099.43,AED,DEBIT,NEFT,PENDING,2026-03-16
T00004767,C000924,403276.26,USD,DEBIT,SWIFT,PENDING,2026-04-22
T00004768,C000501,607553.5,INR,DEBIT,CARD,PENDING,2026-01-27
T00004769,C002776,60481.66,INR,DEBIT,SWIFT,REVERSED,2026-07-13
T00004770,C002391,521406.53,INR,DEBIT,SWIFT,PENDING,2026-09-02
T00004771,C000501,343976.86,AED,DEBIT,UPI,PENDING,2026-02-13
T00004772,C001264,817516.17,INR,CREDIT,NEFT,FAILED,2026-01-17
T00004773,C002013,86774.57,INR,CREDIT,CARD,SUCCESS,2026-07-28
T00004774,C003046,842654.95,AED,CREDIT,IMPS,SUCCESS,2026-07-03
T00004775,C002591,688304.15,AED,DEBIT,NEFT,SUCCESS,2026-03-22
T00004776,C003374,432962.04,INR,CREDIT,CARD,PENDING,2026-01-23
T00004777,C001046,324641.12,INR,DEBIT,NEFT,SUCCESS,2026-05-26
T00004778,C003480,370856.91,AED,CREDIT,NEFT,SUCCESS,2026-04-17
T00004779,C001125,189851.02,INR,CREDIT,UPI,SUCCESS,2026-03-05
T00004780,C002582,659076.0,USD,CREDIT,CARD,SUCCESS,2026-02-04
T00004781,C001927,740946.39,USD,CREDIT,UPI,SUCCESS,2026-08-27
T00004782,C002297,877143.03,INR,DEBIT,SWIFT,SUCCESS,2026-01-09
T00004783,C001266,3045.7,INR,CREDIT,CARD,SUCCESS,2026-04-12
T00004784,C000274,730370.44,USD,CREDIT,UPI,SUCCESS,2026-03-12
T00004785,C002850,323068.1,AED,DEBIT,UPI,REVERSED,2026-07-04
T00004786,C001737,891950.04,AED,DEBIT,SWIFT,SUCCESS,2026-06-28
T00004787,C001952,824672.76,USD,CREDIT,NEFT,REVERSED,2026-03-20
T00004788,C002712,687796.77,AED,DEBIT,CARD,SUCCESS,2026-09-25
T00004789,C000840,886875.28,USD,CREDIT,SWIFT,SUCCESS,2026-05-15
T00004790,C001070,515062.91,INR,DEBIT,UPI,REVERSED,2026-05-02
T00004791,C001682,13649.5,INR,DEBIT,UPI,SUCCESS,2026-07-28
T00004792,C003120,27399.02,AED,DEBIT,CARD,SUCCESS,2026-07-15
T00004793,C002706,509134.13,AED,DEBIT,CARD,SUCCESS,2026-04-06
T00004794,C002190,787041.61,INR,CREDIT,CARD,FAILED,2026-07-19
T00004795,C002141,477320.65,INR,CREDIT,NEFT,SUCCESS,2026-01-18
T00004796,C003220,67204.13,INR,CREDIT,NEFT,FAILED,2026-08-02
T00004797,C000888,436402.05,AED,CREDIT,UPI,REVERSED,2026-04-07
T00004798,C000429,11354.86,INR,CREDIT,NEFT,REVERSED,2026-05-02
T00004799,C001569,69920.75,INR,DEBIT,SWIFT,PENDING,2026-08-25
T00004800,C000899,489236.46,AED,DEBIT,IMPS,SUCCESS,2026-05-07
T00004801,C001708,792293.79,AED,DEBIT,SWIFT,REVERSED,2026-02-16
T00004802,C003441,28663.96,INR,DEBIT,CARD,REVERSED,2026-06-02
T00004803,C000794,33455.65,AED,CREDIT,NEFT,SUCCESS,2026-02-15
T00004804,C003267,621832.06,INR,DEBIT,UPI,REVERSED,2026-05-09
T00004805,C003094,340011.73,INR,CREDIT,IMPS,SUCCESS,2026-09-26
T00004806,C001199,713397.81,INR,CREDIT,SWIFT,SUCCESS,2026-03-15
T00004807,C002035,821284.07,INR,CREDIT,UPI,FAILED,2026-02-28
T00004808,C001548,72209.08,INR,CREDIT,NEFT,PENDING,2026-02-01
T00004809,C001180,31189.0,AED,DEBIT,UPI,REVERSED,2026-03-20
T00004810,C000618,740325.4,AED,DEBIT,CARD,SUCCESS,2026-08-15
T00004811,C000559,229712.6,INR,CREDIT,UPI,SUCCESS,2026-01-07
T00004812,C000400,103800.26,AED,CREDIT,NEFT,PENDING,2026-07-24
T00004813,C001715,181579.87,INR,DEBIT,IMPS,REVERSED,2026-07-25
T00004814,C000333,526471.34,USD,DEBIT,IMPS,REVERSED,2026-06-03
T00004815,C001959,41357.58,AED,CREDIT,SWIFT,FAILED,2026-05-27
T00004816,C003252,456318.01,USD,CREDIT,UPI,SUCCESS,2026-03-09
T00004817,C000844,259439.62,INR,DEBIT,CARD,FAILED,2026-01-05
T00004818,C001915,524239.06,AED,DEBIT,NEFT,PENDING,2026-01-18
T00004819,C001859,265791.19,INR,CREDIT,IMPS,REVERSED,2026-01-24
T00004820,C000695,481202.35,USD,DEBIT,CARD,SUCCESS,2026-01-16
T00004821,C000395,312190.38,USD,CREDIT,UPI,REVERSED,2026-06-19
T00004822,C000949,469178.83,AED,CREDIT,UPI,SUCCESS,2026-06-25
T00004823,C001540,524503.59,USD,CREDIT,UPI,FAILED,2026-09-23
T00004824,C001052,314996.22,USD,CREDIT,SWIFT,FAILED,2026-08-10
T00004825,C001537,360515.81,INR,DEBIT,NEFT,SUCCESS,2026-03-23
T00004826,C002902,736779.86,INR,DEBIT,NEFT,PENDING,2026-03-16
T00004827,C003164,528432.27,INR,DEBIT,UPI,REVERSED,2026-09-27
T00004828,C000679,356824.69,AED,CREDIT,IMPS,REVERSED,2026-02-02
T00004829,C000329,614873.62,AED,CREDIT,NEFT,FAILED,2026-03-28
T00004830,C000154,814011.18,INR,DEBIT,UPI,SUCCESS,2026-08-10
T00004831,C001133,611217.45,USD,DEBIT,CARD,SUCCESS,2026-06-07
T00004832,C000684,679866.23,INR,CREDIT,UPI,REVERSED,2026-04-02
T00004833,C000049,157334.17,USD,CREDIT,SWIFT,FAILED,2026-01-21
T00004834,C003454,88606.06,INR,DEBIT,IMPS,SUCCESS,2026-09-04
T00004835,C003388,773395.04,USD,DEBIT,CARD,PENDING,2026-02-15
T00004836,C000261,700812.62,USD,DEBIT,SWIFT,FAILED,2026-05-11
T00004837,C002241,476090.01,AED,CREDIT,IMPS,REVERSED,2026-02-10
T00004838,C002975,330324.32,INR,DEBIT,SWIFT,SUCCESS,2026-07-11
T00004839,C002319,717036.27,INR,CREDIT,SWIFT,SUCCESS,2026-06-17
T00004840,C000881,219018.65,INR,DEBIT,SWIFT,FAILED,2026-07-02
T00004841,C000748,573809.06,INR,DEBIT,UPI,FAILED,2026-01-24
T00004842,C001307,370446.2,USD,DEBIT,CARD,SUCCESS,2026-02-04
T00004843,C002498,340564.58,INR,DEBIT,NEFT,REVERSED,2026-03-19
T00004844,C000171,748398.86,USD,DEBIT,NEFT,REVERSED,2026-02-13
T00004845,C001714,196397.42,INR,DEBIT,NEFT,FAILED,2026-05-21
T00004846,C002686,693874.46,AED,CREDIT,UPI,PENDING,2026-06-27
T00004847,C000575,608718.89,INR,CREDIT,UPI,FAILED,2026-08-20
T00004848,C003201,138264.56,AED,DEBIT,SWIFT,SUCCESS,2026-09-05
T00004849,C000147,897148.8,USD,DEBIT,CARD,REVERSED,2026-04-04
T00004850,C001902,182431.29,AED,CREDIT,CARD,FAILED,2026-07-26
T00004851,C002072,1914.43,INR,CREDIT,SWIFT,SUCCESS,2026-08-12
T00004852,C000985,129108.54,INR,DEBIT,NEFT,REVERSED,2026-07-10
T00004853,C002956,811221.85,AED,DEBIT,SWIFT,REVERSED,2026-07-23
T00004854,C002204,830551.75,INR,DEBIT,NEFT,PENDING,2026-07-13
T00004855,C001426,388750.36,AED,DEBIT,SWIFT,FAILED,2026-06-15
T00004856,C000881,892642.34,AED,CREDIT,NEFT,REVERSED,2026-08-10
T00004857,C002787,543935.48,USD,DEBIT,SWIFT,SUCCESS,2026-01-18
T00004858,C003191,263330.4,USD,CREDIT,UPI,REVERSED,2026-07-25
T00004859,C000921,854961.16,USD,CREDIT,UPI,SUCCESS,2026-08-21
T00004860,C003289,569536.9,INR,CREDIT,IMPS,SUCCESS,2026-05-14
T00004861,C003449,116116.4,USD,DEBIT,UPI,PENDING,2026-02-06
T00004862,C000073,604682.17,AED,DEBIT,SWIFT,PENDING,2026-06-09
T00004863,C000244,501610.61,USD,CREDIT,SWIFT,SUCCESS,2026-09-25
T00004864,C003497,778574.02,AED,DEBIT,CARD,SUCCESS,2026-06-28
T00004865,C000211,548637.48,AED,DEBIT,UPI,SUCCESS,2026-05-26
T00004866,C000291,391156.42,AED,CREDIT,UPI,REVERSED,2026-08-23
T00004867,C000731,256248.2,INR,DEBIT,IMPS,PENDING,2026-05-01
T00004868,C001169,401302.18,AED,CREDIT,SWIFT,SUCCESS,2026-09-02
T00004869,C001759,385535.07,AED,CREDIT,CARD,SUCCESS,2026-09-03
T00004870,C003096,591337.72,INR,DEBIT,UPI,SUCCESS,2026-07-01
T00004871,C003386,494523.7,AED,CREDIT,NEFT,SUCCESS,2026-06-23
T00004872,C000675,876885.92,AED,DEBIT,IMPS,REVERSED,2026-06-23
T00004873,C001069,583760.57,AED,CREDIT,NEFT,SUCCESS,2026-08-25
T00004874,C000722,516786.67,AED,DEBIT,UPI,SUCCESS,2026-01-14
T00004875,C000569,249970.54,INR,CREDIT,CARD,SUCCESS,2026-07-24
T00004876,C003492,81045.55,AED,DEBIT,IMPS,SUCCESS,2026-04-25
T00004877,C002495,448325.11,USD,CREDIT,IMPS,SUCCESS,2026-01-26
T00004878,C002962,615883.57,INR,CREDIT,NEFT,SUCCESS,2026-06-26
T00004879,C001841,66852.0,INR,DEBIT,SWIFT,PENDING,2026-03-28
T00004880,C003490,561268.17,USD,DEBIT,CARD,SUCCESS,2026-01-04
T00004881,C002790,248281.29,USD,DEBIT,SWIFT,FAILED,2026-04-02
T00004882,C001640,825889.43,INR,CREDIT,CARD,REVERSED,2026-09-19
T00004883,C001216,398557.77,AED,CREDIT,IMPS,FAILED,2026-09-15
T00004884,C003494,448728.72,INR,CREDIT,UPI,SUCCESS,2026-09-15
T00004885,C001996,776217.18,AED,DEBIT,UPI,SUCCESS,2026-04-02
T00004886,C002365,181154.24,AED,CREDIT,CARD,SUCCESS,2026-08-04
T00004887,C000508,177074.92,USD,CREDIT,IMPS,SUCCESS,2026-06-07
T00004888,C002584,65376.57,INR,DEBIT,NEFT,REVERSED,2026-05-02
T00004889,C002040,744057.07,INR,CREDIT,CARD,SUCCESS,2026-04-04
T00004890,C002753,655672.32,USD,DEBIT,SWIFT,SUCCESS,2026-09-18
T00004891,C001938,885782.93,INR,CREDIT,IMPS,PENDING,2026-06-04
T00004892,C000816,53324.33,INR,DEBIT,UPI,SUCCESS,2026-06-07
T00004893,C001475,626060.99,INR,DEBIT,NEFT,SUCCESS,2026-05-10
T00004894,C001753,456214.92,INR,DEBIT,IMPS,SUCCESS,2026-03-20
T00004895,C000588,314257.0,AED,CREDIT,UPI,FAILED,2026-03-17
T00004896,C000160,898833.96,AED,DEBIT,UPI,SUCCESS,2026-04-24
T00004897,C001175,279699.45,INR,DEBIT,NEFT,SUCCESS,2026-07-02
T00004898,C001347,860478.54,INR,DEBIT,SWIFT,SUCCESS,2026-06-27
T00004899,C000311,69785.87,INR,DEBIT,IMPS,SUCCESS,2026-05-23
T00004900,C000665,299934.49,INR,CREDIT,IMPS,SUCCESS,2026-09-27
T00004901,C003274,436393.93,INR,CREDIT,NEFT,SUCCESS,2026-04-17
T00004902,C000323,165077.88,AED,DEBIT,NEFT,SUCCESS,2026-03-17
T00004903,C000844,803698.65,INR,CREDIT,UPI,SUCCESS,2026-08-10
T00004904,C000837,813685.65,INR,DEBIT,CARD,REVERSED,2026-05-14
T00004905,C001098,732567.76,AED,DEBIT,IMPS,PENDING,2026-09-19
T00004906,C000542,347179.02,INR,CREDIT,CARD,REVERSED,2026-04-03
T00004907,C000848,128359.53,INR,DEBIT,CARD,SUCCESS,2026-01-06
T00004908,C001994,599696.66,AED,CREDIT,IMPS,SUCCESS,2026-09-24
T00004909,C001165,894583.99,INR,CREDIT,NEFT,SUCCESS,2026-02-05
T00004910,C001451,176240.27,USD,CREDIT,CARD,PENDING,2026-04-27
T00004911,C003369,421015.97,INR,DEBIT,IMPS,SUCCESS,2026-09-12
T00004912,C003408,817194.82,AED,DEBIT,IMPS,SUCCESS,2026-02-06
T00004913,C001077,682777.8,INR,CREDIT,UPI,REVERSED,2026-05-11
T00004914,C000228,198630.2,INR,DEBIT,CARD,SUCCESS,2026-05-07
T00004915,C003418,656127.4,INR,CREDIT,SWIFT,REVERSED,2026-03-01
T00004916,C000783,191393.71,AED,CREDIT,CARD,SUCCESS,2026-09-20
T00004917,C000144,23142.56,AED,DEBIT,IMPS,SUCCESS,2026-04-14
T00004918,C003407,887749.56,INR,CREDIT,UPI,FAILED,2026-09-27
T00004919,C002013,431851.67,INR,CREDIT,IMPS,SUCCESS,2026-06-06
T00004920,C002920,320704.8,INR,DEBIT,NEFT,FAILED,2026-02-15
T00004921,C003375,835080.75,INR,DEBIT,SWIFT,REVERSED,2026-08-01
T00004922,C001775,315500.55,INR,CREDIT,SWIFT,SUCCESS,2026-08-18
T00004923,C002053,783208.53,INR,DEBIT,SWIFT,SUCCESS,2026-02-21
T00004924,C000021,558289.52,INR,CREDIT,SWIFT,REVERSED,2026-06-20
T00004925,C003445,691737.68,AED,DEBIT,IMPS,FAILED,2026-05-09
T00004926,C000007,844815.59,INR,DEBIT,UPI,PENDING,2026-05-17
T00004927,C001740,401249.08,INR,DEBIT,NEFT,SUCCESS,2026-02-24
T00004928,C002315,271148.94,INR,DEBIT,NEFT,SUCCESS,2026-06-10
T00004929,C002136,3335.39,AED,DEBIT,CARD,PENDING,2026-06-03
T00004930,C001053,622248.15,AED,DEBIT,CARD,SUCCESS,2026-07-08
T00004931,C002303,312584.25,USD,CREDIT,SWIFT,PENDING,2026-08-15
T00004932,C000767,675261.27,INR,DEBIT,SWIFT,FAILED,2026-09-02
T00004933,C000467,817354.93,USD,DEBIT,IMPS,REVERSED,2026-04-15
T00004934,C002620,117485.71,INR,CREDIT,NEFT,SUCCESS,2026-05-28
T00004935,C002539,755275.07,AED,DEBIT,NEFT,SUCCESS,2026-06-17
T00004936,C000741,854952.77,INR,CREDIT,NEFT,SUCCESS,2026-05-09
T00004937,C002398,451508.72,INR,CREDIT,UPI,REVERSED,2026-02-10
T00004938,C000094,37385.81,INR,CREDIT,CARD,FAILED,2026-09-12
T00004939,C000265,654432.16,INR,CREDIT,SWIFT,PENDING,2026-07-19
T00004940,C000982,423558.9,USD,CREDIT,SWIFT,SUCCESS,2026-09-03
T00004941,C001901,487320.92,USD,DEBIT,UPI,SUCCESS,2026-04-18
T00004942,C002544,83418.75,INR,CREDIT,SWIFT,REVERSED,2026-09-25
T00004943,C000899,400032.28,AED,DEBIT,UPI,REVERSED,2026-05-09
T00004944,C002725,492211.7,INR,DEBIT,IMPS,REVERSED,2026-07-01
T00004945,C003444,1739.44,AED,CREDIT,SWIFT,SUCCESS,2026-02-20
T00004946,C000237,246936.36,INR,DEBIT,NEFT,SUCCESS,2026-03-01
T00004947,C000560,145580.99,AED,DEBIT,UPI,SUCCESS,2026-04-04
T00004948,C000299,627982.14,USD,CREDIT,UPI,PENDING,2026-04-27
T00004949,C002806,642872.41,INR,CREDIT,CARD,PENDING,2026-09-03
T00004950,C001150,329208.88,USD,CREDIT,CARD,FAILED,2026-08-12
T00004951,C001581,228029.75,INR,CREDIT,NEFT,SUCCESS,2026-08-10
T00004952,C000315,556684.21,INR,DEBIT,SWIFT,FAILED,2026-08-15
T00004953,C002125,71938.8,INR,DEBIT,NEFT,SUCCESS,2026-03-02
T00004954,C000440,422955.45,AED,CREDIT,UPI,FAILED,2026-01-11
T00004955,C002492,843499.79,INR,CREDIT,NEFT,FAILED,2026-09-28
T00004956,C001015,396632.95,USD,DEBIT,NEFT,FAILED,2026-06-17
T00004957,C000366,367493.1,INR,CREDIT,SWIFT,FAILED,2026-03-07
T00004958,C001845,881887.02,INR,DEBIT,SWIFT,REVERSED,2026-06-15
T00004959,C001111,308076.67,AED,CREDIT,NEFT,FAILED,2026-09-13
T00004960,C002179,476327.74,AED,CREDIT,CARD,SUCCESS,2026-07-15
T00004961,C001042,504589.52,USD,CREDIT,SWIFT,PENDING,2026-08-21
T00004962,C002713,474219.1,INR,CREDIT,SWIFT,REVERSED,2026-09-14
T00004963,C002131,606329.52,INR,CREDIT,UPI,SUCCESS,2026-02-15
T00004964,C003333,394560.98,AED,DEBIT,CARD,FAILED,2026-06-25
T00004965,C000883,554026.29,INR,DEBIT,IMPS,SUCCESS,2026-09-18
T00004966,C001845,252276.18,AED,CREDIT,UPI,SUCCESS,2026-03-13
T00004967,C002696,159555.39,USD,CREDIT,UPI,SUCCESS,2026-07-04
T00004968,C003278,656777.17,AED,DEBIT,NEFT,SUCCESS,2026-07-22
T00004969,C001908,305823.59,INR,CREDIT,UPI,SUCCESS,2026-04-20
T00004970,C002822,577345.27,USD,CREDIT,UPI,PENDING,2026-05-26
T00004971,C001102,239256.57,INR,DEBIT,CARD,FAILED,2026-03-23
T00004972,C001701,198596.42,INR,CREDIT,UPI,FAILED,2026-05-25
T00004973,C002295,122395.04,AED,CREDIT,NEFT,FAILED,2026-05-11
T00004974,C003155,751956.57,USD,CREDIT,IMPS,PENDING,2026-06-22
T00004975,C000427,693047.37,AED,CREDIT,SWIFT,SUCCESS,2026-08-05
T00004976,C002361,223868.02,INR,CREDIT,IMPS,FAILED,2026-01-13
T00004977,C001722,283664.55,INR,CREDIT,SWIFT,SUCCESS,2026-07-18
T00004978,C003190,801313.2,USD,CREDIT,UPI,SUCCESS,2026-07-17
T00004979,C001862,674388.96,USD,DEBIT,SWIFT,FAILED,2026-05-11
T00004980,C002596,302556.18,USD,CREDIT,CARD,FAILED,2026-09-25
T00004981,C003198,338779.24,INR,CREDIT,UPI,SUCCESS,2026-04-15
T00004982,C003245,786726.41,INR,DEBIT,IMPS,SUCCESS,2026-07-03
T00004983,C003315,876526.82,AED,CREDIT,NEFT,SUCCESS,2026-05-16
T00004984,C001275,487115.09,AED,CREDIT,SWIFT,FAILED,2026-06-05
T00004985,C003378,728664.95,USD,DEBIT,IMPS,SUCCESS,2026-03-21
T00004986,C000450,517588.18,AED,CREDIT,SWIFT,FAILED,2026-03-08
T00004987,C000776,408589.83,USD,CREDIT,NEFT,SUCCESS,2026-03-14
T00004988,C001208,397714.08,INR,DEBIT,IMPS,REVERSED,2026-04-05
T00004989,C001220,829460.09,INR,DEBIT,SWIFT,PENDING,2026-04-06
T00004990,C000113,510944.18,INR,DEBIT,UPI,SUCCESS,2026-03-06
T00004991,C001683,92826.77,INR,CREDIT,UPI,PENDING,2026-04-26
T00004992,C001685,702121.62,INR,CREDIT,SWIFT,PENDING,2026-06-17
T00004993,C001732,261869.47,INR,DEBIT,IMPS,REVERSED,2026-06-13
T00004994,C000650,260711.82,USD,DEBIT,CARD,REVERSED,2026-04-26
T00004995,C000025,460171.78,INR,DEBIT,IMPS,SUCCESS,2026-04-17
T00004996,C000892,498513.3,AED,DEBIT,CARD,PENDING,2026-03-06
T00004997,C002582,33742.68,USD,DEBIT,UPI,FAILED,2026-07-23
T00004998,C002777,467565.97,USD,DEBIT,NEFT,REVERSED,2026-08-03
T00004999,C001336,30673.94,INR,DEBIT,SWIFT,SUCCESS,2026-03-23
T00005000,C001500,728766.47,INR,CREDIT,IMPS,SUCCESS,2026-06-04
T00005001,C001903,461673.09,USD,DEBIT,IMPS,SUCCESS,2026-06-13
T00005002,C002592,321601.9,AED,DEBIT,UPI,SUCCESS,2026-06-18
T00005003,C002259,551470.71,INR,DEBIT,NEFT,SUCCESS,2026-08-27
T00005004,C001235,531983.56,INR,DEBIT,CARD,FAILED,2026-09-08
T00005005,C001765,597521.79,INR,DEBIT,NEFT,FAILED,2026-09-21
T00005006,C000310,717444.95,AED,DEBIT,IMPS,PENDING,2026-05-11
T00005007,C002000,846340.49,AED,CREDIT,IMPS,PENDING,2026-01-12
T00005008,C001505,848444.79,USD,DEBIT,CARD,SUCCESS,2026-04-07
T00005009,C000807,788525.84,USD,DEBIT,SWIFT,SUCCESS,2026-01-13
T00005010,C000581,619621.37,USD,DEBIT,UPI,REVERSED,2026-08-22
T00005011,C001427,20126.26,INR,DEBIT,SWIFT,FAILED,2026-05-23
T00005012,C000401,88902.11,AED,CREDIT,IMPS,FAILED,2026-04-12
T00005013,C001086,628011.1,AED,CREDIT,NEFT,SUCCESS,2026-06-04
T00005014,C002395,167807.82,INR,DEBIT,NEFT,PENDING,2026-05-15
T00005015,C000459,259607.41,INR,DEBIT,UPI,PENDING,2026-09-16
T00005016,C000132,64595.68,INR,DEBIT,UPI,REVERSED,2026-03-24
T00005017,C003443,388479.25,INR,DEBIT,UPI,SUCCESS,2026-06-18
T00005018,C002956,823155.09,USD,DEBIT,SWIFT,SUCCESS,2026-04-24
T00005019,C002228,129841.4,INR,CREDIT,NEFT,SUCCESS,2026-04-07
T00005020,C000745,494871.46,INR,DEBIT,UPI,SUCCESS,2026-03-12
T00005021,C001229,32318.13,INR,DEBIT,UPI,SUCCESS,2026-06-21
T00005022,C003447,225302.68,INR,DEBIT,NEFT,SUCCESS,2026-03-01
T00005023,C002546,885445.69,INR,CREDIT,NEFT,SUCCESS,2026-02-23
T00005024,C000857,305462.49,USD,DEBIT,IMPS,SUCCESS,2026-07-28
T00005025,C001067,110759.36,INR,DEBIT,IMPS,SUCCESS,2026-08-26
T00005026,C001644,857070.87,INR,CREDIT,IMPS,SUCCESS,2026-09-27
T00005027,C002008,69017.35,AED,CREDIT,CARD,SUCCESS,2026-09-18
T00005028,C002903,255575.35,INR,CREDIT,SWIFT,SUCCESS,2026-03-26
T00005029,C002971,302052.78,INR,DEBIT,NEFT,FAILED,2026-04-25
T00005030,C003124,8993.27,USD,CREDIT,IMPS,SUCCESS,2026-02-18
T00005031,C002059,222481.43,USD,CREDIT,UPI,SUCCESS,2026-07-02
T00005032,C000547,822068.39,USD,CREDIT,SWIFT,SUCCESS,2026-08-18
T00005033,C001663,580657.26,INR,DEBIT,UPI,FAILED,2026-06-08
T00005034,C000921,728743.26,AED,DEBIT,IMPS,REVERSED,2026-09-27
T00005035,C002799,833215.58,INR,CREDIT,CARD,SUCCESS,2026-04-05
T00005036,C001215,603035.57,INR,CREDIT,IMPS,SUCCESS,2026-07-24
T00005037,C001836,51444.58,AED,DEBIT,UPI,FAILED,2026-09-24
T00005038,C000723,653468.56,AED,CREDIT,UPI,PENDING,2026-04-02
T00005039,C002065,739315.8,INR,DEBIT,UPI,SUCCESS,2026-03-09
T00005040,C001563,356021.56,INR,DEBIT,SWIFT,PENDING,2026-02-05
T00005041,C000872,99173.28,USD,DEBIT,UPI,SUCCESS,2026-03-23
T00005042,C001797,296839.76,INR,DEBIT,CARD,PENDING,2026-01-12
T00005043,C002211,163511.93,USD,CREDIT,CARD,SUCCESS,2026-02-21
T00005044,C003216,655095.91,INR,CREDIT,UPI,FAILED,2026-01-10
T00005045,C000540,877954.0,INR,CREDIT,SWIFT,SUCCESS,2026-07-14
T00005046,C003229,528923.55,AED,DEBIT,IMPS,SUCCESS,2026-08-10
T00005047,C001311,261726.38,INR,CREDIT,UPI,SUCCESS,2026-07-04
T00005048,C002348,91054.48,INR,CREDIT,UPI,PENDING,2026-04-27
T00005049,C001217,33666.99,INR,CREDIT,IMPS,SUCCESS,2026-05-19
T00005050,C002895,165473.91,USD,CREDIT,IMPS,REVERSED,2026-01-19
T00005051,C002983,305625.42,INR,CREDIT,CARD,SUCCESS,2026-03-04
T00005052,C000344,380829.14,AED,CREDIT,CARD,SUCCESS,2026-02-21
T00005053,C001699,707244.58,INR,CREDIT,NEFT,SUCCESS,2026-01-13
T00005054,C003499,141610.34,INR,CREDIT,NEFT,SUCCESS,2026-03-13
T00005055,C002878,114253.92,INR,CREDIT,UPI,SUCCESS,2026-03-18
T00005056,C002889,97618.1,USD,DEBIT,SWIFT,PENDING,2026-07-08
T00005057,C000259,433562.77,INR,CREDIT,IMPS,FAILED,2026-09-26
T00005058,C001262,666663.29,INR,DEBIT,IMPS,FAILED,2026-08-05
T00005059,C001328,689401.45,INR,DEBIT,NEFT,REVERSED,2026-05-17
T00005060,C003028,74300.22,INR,DEBIT,UPI,PENDING,2026-09-05
T00005061,C002342,88693.64,AED,CREDIT,IMPS,SUCCESS,2026-07-18
T00005062,C003013,436762.67,AED,CREDIT,UPI,SUCCESS,2026-04-14
T00005063,C001615,109839.88,INR,DEBIT,SWIFT,SUCCESS,2026-06-20
T00005064,C000600,578457.71,USD,CREDIT,SWIFT,SUCCESS,2026-07-01
T00005065,C000208,643489.34,INR,CREDIT,NEFT,SUCCESS,2026-03-06
T00005066,C002729,328343.34,USD,CREDIT,UPI,PENDING,2026-08-05
T00005067,C002440,538278.19,USD,DEBIT,SWIFT,PENDING,2026-01-09
T00005068,C003077,464513.22,AED,DEBIT,IMPS,SUCCESS,2026-02-03
T00005069,C003044,358712.13,USD,DEBIT,UPI,SUCCESS,2026-08-06
T00005070,C001926,303837.93,USD,DEBIT,NEFT,SUCCESS,2026-04-28
T00005071,C001196,461244.38,INR,DEBIT,SWIFT,SUCCESS,2026-05-25
T00005072,C003404,392139.75,AED,CREDIT,SWIFT,SUCCESS,2026-09-24
T00005073,C000794,846781.2,AED,DEBIT,SWIFT,FAILED,2026-04-17
T00005074,C000334,776151.31,INR,DEBIT,NEFT,FAILED,2026-03-20
T00005075,C000781,255944.0,INR,CREDIT,CARD,REVERSED,2026-07-25
T00005076,C000279,880703.58,AED,CREDIT,UPI,SUCCESS,2026-06-18
T00005077,C001027,277438.62,USD,DEBIT,IMPS,SUCCESS,2026-05-26
T00005078,C001031,620642.05,INR,CREDIT,UPI,SUCCESS,2026-06-24
T00005079,C003469,203585.05,AED,CREDIT,IMPS,SUCCESS,2026-02-03
T00005080,C000862,177470.48,USD,CREDIT,UPI,SUCCESS,2026-07-23
T00005081,C000014,725451.73,INR,DEBIT,CARD,SUCCESS,2026-03-09
T00005082,C001999,847383.7,INR,DEBIT,UPI,REVERSED,2026-07-19
T00005083,C003481,859847.15,INR,DEBIT,IMPS,SUCCESS,2026-05-15
T00005084,C000576,617204.57,INR,CREDIT,SWIFT,SUCCESS,2026-04-14
T00005085,C000752,292324.61,USD,CREDIT,SWIFT,PENDING,2026-06-05
T00005086,C000875,658329.77,AED,CREDIT,UPI,REVERSED,2026-02-22
T00005087,C001155,739954.77,AED,CREDIT,UPI,PENDING,2026-06-17
T00005088,C000360,757853.31,INR,CREDIT,NEFT,SUCCESS,2026-07-13
T00005089,C000765,100639.73,INR,CREDIT,NEFT,PENDING,2026-02-12
T00005090,C001227,430585.99,USD,CREDIT,IMPS,SUCCESS,2026-09-06
T00005091,C000121,780880.66,AED,DEBIT,UPI,SUCCESS,2026-05-24
T00005092,C002968,834311.86,AED,CREDIT,SWIFT,PENDING,2026-04-14
T00005093,C001591,806348.93,INR,CREDIT,CARD,PENDING,2026-06-11
T00005094,C002054,737252.36,INR,CREDIT,UPI,SUCCESS,2026-04-13
T00005095,C000240,615944.02,INR,DEBIT,UPI,FAILED,2026-06-15
T00005096,C000601,147930.54,INR,CREDIT,IMPS,SUCCESS,2026-01-24
T00005097,C002051,253862.88,INR,DEBIT,UPI,REVERSED,2026-01-20
T00005098,C000842,852374.83,INR,CREDIT,SWIFT,REVERSED,2026-01-03
T00005099,C002056,641137.54,INR,DEBIT,IMPS,SUCCESS,2026-04-10
T00005100,C000834,458940.68,USD,CREDIT,SWIFT,SUCCESS,2026-07-18
T00005101,C000012,542575.99,INR,DEBIT,SWIFT,SUCCESS,2026-03-13
T00005102,C002138,693185.79,INR,DEBIT,CARD,PENDING,2026-07-25
T00005103,C000293,418571.18,USD,DEBIT,NEFT,SUCCESS,2026-06-03
T00005104,C001427,90588.18,INR,CREDIT,NEFT,SUCCESS,2026-05-16
T00005105,C002468,520611.89,INR,DEBIT,NEFT,SUCCESS,2026-05-16
T00005106,C002346,735839.63,AED,CREDIT,CARD,FAILED,2026-05-08
T00005107,C001519,158937.45,INR,DEBIT,CARD,SUCCESS,2026-05-02
T00005108,C001352,863992.26,INR,CREDIT,CARD,FAILED,2026-03-15
T00005109,C001722,58365.59,INR,DEBIT,UPI,SUCCESS,2026-05-13
T00005110,C001678,312136.38,AED,CREDIT,CARD,SUCCESS,2026-01-02
T00005111,C001487,775635.42,USD,DEBIT,UPI,SUCCESS,2026-02-21
T00005112,C000414,379284.42,AED,CREDIT,IMPS,REVERSED,2026-01-21
T00005113,C002828,489450.01,AED,CREDIT,SWIFT,SUCCESS,2026-08-20
T00005114,C002851,81781.26,AED,DEBIT,IMPS,PENDING,2026-06-06
T00005115,C003374,851611.09,INR,CREDIT,NEFT,FAILED,2026-09-26
T00005116,C003412,846056.71,USD,DEBIT,UPI,SUCCESS,2026-05-19
T00005117,C002352,158228.59,INR,CREDIT,SWIFT,REVERSED,2026-02-05
T00005118,C001891,656462.6,AED,CREDIT,UPI,FAILED,2026-06-24
T00005119,C000385,27448.79,AED,CREDIT,IMPS,SUCCESS,2026-02-17
T00005120,C002306,413886.52,AED,CREDIT,UPI,FAILED,2026-07-03
T00005121,C001304,786813.17,AED,CREDIT,SWIFT,SUCCESS,2026-09-14
T00005122,C002448,557558.43,INR,CREDIT,UPI,SUCCESS,2026-02-22
T00005123,C000578,14762.19,INR,DEBIT,NEFT,REVERSED,2026-07-18
T00005124,C002656,37523.0,USD,CREDIT,UPI,SUCCESS,2026-07-06
T00005125,C001661,237193.52,INR,CREDIT,CARD,SUCCESS,2026-03-26
T00005126,C002727,361373.29,AED,DEBIT,CARD,SUCCESS,2026-06-12
T00005127,C000597,236969.93,INR,CREDIT,NEFT,SUCCESS,2026-05-10
T00005128,C000564,222052.65,AED,DEBIT,NEFT,FAILED,2026-08-01
T00005129,C001840,191247.65,USD,DEBIT,UPI,SUCCESS,2026-01-06
T00005130,C000835,491917.21,AED,DEBIT,IMPS,SUCCESS,2026-06-10
T00005131,C002303,347357.8,INR,CREDIT,NEFT,FAILED,2026-03-18
T00005132,C001271,217517.46,INR,DEBIT,CARD,PENDING,2026-05-01
T00005133,C002083,509086.64,USD,CREDIT,SWIFT,SUCCESS,2026-06-19
T00005134,C001612,883095.9,INR,CREDIT,UPI,SUCCESS,2026-07-11
T00005135,C002765,50240.36,AED,DEBIT,NEFT,SUCCESS,2026-02-25
T00005136,C003230,128071.45,INR,CREDIT,UPI,PENDING,2026-02-19
T00005137,C003033,735857.26,USD,CREDIT,IMPS,REVERSED,2026-04-11
T00005138,C001983,214682.74,AED,CREDIT,IMPS,REVERSED,2026-05-05
T00005139,C003460,594424.81,AED,CREDIT,NEFT,PENDING,2026-06-14
T00005140,C001653,13567.16,AED,DEBIT,IMPS,REVERSED,2026-09-01
T00005141,C001701,172855.38,USD,DEBIT,NEFT,SUCCESS,2026-04-14
T00005142,C000352,765452.86,AED,CREDIT,SWIFT,PENDING,2026-01-27
T00005143,C002515,547502.67,INR,CREDIT,SWIFT,REVERSED,2026-03-21
T00005144,C000861,715860.65,AED,CREDIT,IMPS,SUCCESS,2026-08-08
T00005145,C001641,505904.99,INR,CREDIT,UPI,PENDING,2026-02-19
T00005146,C002322,43780.07,AED,CREDIT,NEFT,SUCCESS,2026-04-18
T00005147,C000766,233571.25,INR,CREDIT,IMPS,SUCCESS,2026-04-17
T00005148,C002210,496531.95,INR,CREDIT,UPI,SUCCESS,2026-01-05
T00005149,C003249,128550.39,INR,DEBIT,SWIFT,SUCCESS,2026-02-26
T00005150,C003145,26606.48,INR,CREDIT,NEFT,FAILED,2026-03-26
T00005151,C000653,390555.41,INR,CREDIT,NEFT,PENDING,2026-07-02
T00005152,C001258,353481.33,INR,CREDIT,IMPS,REVERSED,2026-01-20
T00005153,C003436,148432.3,USD,DEBIT,UPI,FAILED,2026-08-24
T00005154,C000226,631261.17,USD,CREDIT,CARD,SUCCESS,2026-07-16
T00005155,C002647,833580.83,AED,DEBIT,CARD,FAILED,2026-06-26
T00005156,C002847,882759.4,USD,CREDIT,UPI,FAILED,2026-03-26
T00005157,C000719,71127.89,INR,DEBIT,UPI,SUCCESS,2026-05-14
T00005158,C001626,896896.65,USD,CREDIT,UPI,PENDING,2026-08-03
T00005159,C002086,759318.53,INR,DEBIT,CARD,PENDING,2026-04-19
T00005160,C000961,145274.03,USD,DEBIT,NEFT,SUCCESS,2026-02-06
T00005161,C001098,277270.09,INR,CREDIT,CARD,PENDING,2026-01-09
T00005162,C000114,477848.96,USD,DEBIT,CARD,FAILED,2026-08-25
T00005163,C003223,551589.52,USD,CREDIT,NEFT,FAILED,2026-06-19
T00005164,C003301,770171.88,AED,DEBIT,IMPS,REVERSED,2026-06-22
T00005165,C003343,871905.16,USD,CREDIT,IMPS,PENDING,2026-07-14
T00005166,C000577,634986.6,AED,DEBIT,CARD,SUCCESS,2026-08-07
T00005167,C001348,640650.31,AED,CREDIT,SWIFT,SUCCESS,2026-06-21
T00005168,C001752,529293.7,INR,DEBIT,CARD,FAILED,2026-07-27
T00005169,C001399,710908.62,USD,CREDIT,CARD,SUCCESS,2026-09-03
T00005170,C002614,443457.39,INR,DEBIT,NEFT,PENDING,2026-09-28
T00005171,C003192,710833.64,INR,CREDIT,NEFT,SUCCESS,2026-02-11
T00005172,C001313,702172.35,INR,CREDIT,IMPS,FAILED,2026-03-05
T00005173,C000836,333858.37,INR,CREDIT,NEFT,SUCCESS,2026-08-14
T00005174,C001139,397873.53,INR,CREDIT,IMPS,PENDING,2026-02-21
T00005175,C001204,890326.02,INR,DEBIT,IMPS,PENDING,2026-04-27
T00005176,C002867,633503.89,INR,CREDIT,UPI,PENDING,2026-01-16
T00005177,C001883,703932.83,AED,DEBIT,UPI,SUCCESS,2026-03-08
T00005178,C003201,248498.39,INR,DEBIT,UPI,SUCCESS,2026-05-15
T00005179,C003448,233371.71,USD,CREDIT,SWIFT,SUCCESS,2026-09-23
T00005180,C000920,49280.34,USD,DEBIT,SWIFT,SUCCESS,2026-08-01
T00005181,C001694,652289.76,INR,CREDIT,UPI,FAILED,2026-01-11
T00005182,C002018,479991.23,INR,DEBIT,SWIFT,SUCCESS,2026-01-18
T00005183,C000980,879870.94,AED,CREDIT,NEFT,SUCCESS,2026-01-16
T00005184,C000949,420415.71,USD,DEBIT,UPI,REVERSED,2026-02-02
T00005185,C002184,509983.15,USD,CREDIT,IMPS,SUCCESS,2026-03-28
T00005186,C003134,674094.64,AED,CREDIT,SWIFT,SUCCESS,2026-01-18
T00005187,C001185,653835.69,INR,DEBIT,IMPS,FAILED,2026-09-10
T00005188,C002795,718058.42,INR,DEBIT,NEFT,REVERSED,2026-09-02
T00005189,C000420,749697.81,INR,CREDIT,SWIFT,REVERSED,2026-09-15
T00005190,C000570,431998.8,INR,DEBIT,NEFT,PENDING,2026-06-05
T00005191,C002301,258236.73,INR,CREDIT,CARD,SUCCESS,2026-04-12
T00005192,C002223,104469.29,USD,DEBIT,IMPS,PENDING,2026-01-22
T00005193,C001036,271096.13,USD,DEBIT,IMPS,SUCCESS,2026-01-06
T00005194,C003388,595578.24,USD,DEBIT,IMPS,PENDING,2026-05-07
T00005195,C002312,439171.42,USD,CREDIT,CARD,SUCCESS,2026-04-01
T00005196,C001230,874293.66,INR,DEBIT,CARD,REVERSED,2026-09-16
T00005197,C003024,125198.3,INR,DEBIT,CARD,REVERSED,2026-04-03
T00005198,C000096,1054.32,INR,CREDIT,SWIFT,REVERSED,2026-04-18
T00005199,C001429,719542.46,INR,DEBIT,IMPS,PENDING,2026-01-26
T00005200,C001405,709744.79,AED,CREDIT,SWIFT,FAILED,2026-08-12
T00005201,C001886,844655.97,INR,DEBIT,UPI,SUCCESS,2026-09-13
T00005202,C001816,642599.14,USD,DEBIT,SWIFT,PENDING,2026-03-22
T00005203,C003380,287968.88,INR,DEBIT,UPI,FAILED,2026-05-21
T00005204,C003393,718741.39,USD,DEBIT,NEFT,SUCCESS,2026-09-21
T00005205,C002492,482217.87,USD,CREDIT,NEFT,FAILED,2026-03-24
T00005206,C002225,550630.04,INR,DEBIT,SWIFT,REVERSED,2026-07-17
T00005207,C000138,620432.89,INR,CREDIT,CARD,REVERSED,2026-09-26
T00005208,C001355,473764.91,USD,DEBIT,IMPS,REVERSED,2026-05-27
T00005209,C001434,344280.66,INR,DEBIT,SWIFT,SUCCESS,2026-05-27
T00005210,C000497,432482.82,USD,DEBIT,UPI,SUCCESS,2026-04-24
T00005211,C001633,243999.3,INR,DEBIT,NEFT,SUCCESS,2026-08-17
T00005212,C003422,132011.47,INR,DEBIT,IMPS,PENDING,2026-02-19
T00005213,C000274,607401.35,INR,CREDIT,NEFT,REVERSED,2026-08-26
T00005214,C003294,12562.04,INR,CREDIT,IMPS,REVERSED,2026-08-01
T00005215,C003390,240710.03,USD,DEBIT,SWIFT,REVERSED,2026-09-01
T00005216,C002208,590668.38,INR,CREDIT,UPI,SUCCESS,2026-09-01
T00005217,C000815,114368.07,USD,CREDIT,NEFT,FAILED,2026-08-11
T00005218,C002251,10131.99,INR,CREDIT,UPI,REVERSED,2026-05-16
T00005219,C002148,293674.19,INR,DEBIT,UPI,SUCCESS,2026-08-05
T00005220,C001020,595889.87,AED,DEBIT,SWIFT,SUCCESS,2026-04-12
T00005221,C000745,160529.58,INR,CREDIT,CARD,SUCCESS,2026-06-11
T00005222,C002262,607746.31,USD,DEBIT,SWIFT,FAILED,2026-03-04
T00005223,C003367,443040.7,INR,CREDIT,NEFT,FAILED,2026-08-14
T00005224,C002509,501721.58,USD,DEBIT,NEFT,SUCCESS,2026-04-04
T00005225,C003186,790221.14,INR,DEBIT,UPI,REVERSED,2026-07-25
T00005226,C003185,292035.15,INR,DEBIT,UPI,SUCCESS,2026-03-22
T00005227,C002646,601724.54,USD,DEBIT,SWIFT,SUCCESS,2026-03-19
T00005228,C000309,589051.47,USD,DEBIT,IMPS,PENDING,2026-08-18
T00005229,C000952,439456.33,USD,CREDIT,IMPS,REVERSED,2026-08-17
T00005230,C000432,350422.17,INR,DEBIT,IMPS,FAILED,2026-02-27
T00005231,C001224,778258.17,INR,CREDIT,UPI,FAILED,2026-03-02
T00005232,C001901,520647.53,AED,DEBIT,CARD,SUCCESS,2026-07-23
T00005233,C001283,200581.46,INR,CREDIT,CARD,SUCCESS,2026-02-27
T00005234,C003028,707706.58,AED,DEBIT,SWIFT,PENDING,2026-04-18
T00005235,C003162,385475.47,INR,DEBIT,SWIFT,FAILED,2026-04-17
T00005236,C002942,464648.85,INR,DEBIT,CARD,SUCCESS,2026-09-24
T00005237,C003102,692816.54,USD,DEBIT,IMPS,FAILED,2026-07-28
T00005238,C001922,298778.04,INR,CREDIT,SWIFT,PENDING,2026-01-10
T00005239,C002277,806264.3,AED,CREDIT,NEFT,REVERSED,2026-01-10
T00005240,C002285,894015.19,USD,CREDIT,UPI,SUCCESS,2026-03-03
T00005241,C000523,30856.62,INR,DEBIT,NEFT,SUCCESS,2026-09-14
T00005242,C002792,227056.5,INR,CREDIT,CARD,PENDING,2026-01-09
T00005243,C001387,274735.51,USD,CREDIT,CARD,SUCCESS,2026-07-25
T00005244,C002563,402767.78,INR,CREDIT,UPI,SUCCESS,2026-01-02
T00005245,C000789,237806.13,INR,DEBIT,SWIFT,SUCCESS,2026-02-20
T00005246,C001903,468848.45,INR,DEBIT,UPI,SUCCESS,2026-02-16
T00005247,C000163,193040.66,USD,DEBIT,IMPS,SUCCESS,2026-03-18
T00005248,C003384,619258.05,INR,DEBIT,CARD,PENDING,2026-03-15
T00005249,C001135,330792.76,USD,CREDIT,NEFT,SUCCESS,2026-08-15
T00005250,C000524,97684.53,INR,CREDIT,CARD,SUCCESS,2026-08-18
T00005251,C001822,419533.61,USD,CREDIT,NEFT,SUCCESS,2026-02-05
T00005252,C000823,89834.8,AED,CREDIT,CARD,SUCCESS,2026-04-18
T00005253,C001628,486640.32,INR,DEBIT,UPI,SUCCESS,2026-06-20
T00005254,C000439,631842.69,AED,CREDIT,CARD,REVERSED,2026-06-14
T00005255,C000442,476693.96,AED,DEBIT,SWIFT,SUCCESS,2026-07-08
T00005256,C000049,63113.41,INR,CREDIT,NEFT,SUCCESS,2026-06-12
T00005257,C002070,607616.79,AED,CREDIT,NEFT,SUCCESS,2026-07-20
T00005258,C002844,63555.53,INR,CREDIT,SWIFT,REVERSED,2026-05-12
T00005259,C003304,119365.04,USD,DEBIT,NEFT,PENDING,2026-03-08
T00005260,C000909,428733.52,AED,DEBIT,IMPS,FAILED,2026-06-14
T00005261,C002908,219077.27,INR,DEBIT,CARD,REVERSED,2026-07-28
T00005262,C000883,434771.5,INR,CREDIT,SWIFT,PENDING,2026-04-26
T00005263,C001009,879932.0,INR,CREDIT,NEFT,SUCCESS,2026-05-26
T00005264,C001213,417184.15,INR,CREDIT,NEFT,SUCCESS,2026-09-22
T00005265,C002655,426692.0,AED,CREDIT,NEFT,PENDING,2026-07-26
T00005266,C001489,352968.75,AED,CREDIT,CARD,REVERSED,2026-07-04
T00005267,C000173,531622.23,AED,DEBIT,NEFT,PENDING,2026-05-11
T00005268,C002391,782054.43,INR,DEBIT,UPI,PENDING,2026-04-24
T00005269,C001063,59646.48,INR,CREDIT,NEFT,FAILED,2026-02-04
T00005270,C000288,55742.11,INR,DEBIT,IMPS,SUCCESS,2026-03-15
T00005271,C000774,252782.1,INR,CREDIT,SWIFT,REVERSED,2026-07-24
T00005272,C001008,618790.41,AED,CREDIT,IMPS,REVERSED,2026-01-19
T00005273,C002044,600089.58,INR,DEBIT,CARD,FAILED,2026-08-28
T00005274,C002719,659122.69,AED,CREDIT,CARD,PENDING,2026-08-19
T00005275,C001529,220793.36,USD,CREDIT,IMPS,FAILED,2026-01-15
T00005276,C001362,143505.9,INR,DEBIT,NEFT,SUCCESS,2026-08-08
T00005277,C002421,658133.49,USD,CREDIT,UPI,REVERSED,2026-02-05
T00005278,C002941,146403.74,USD,CREDIT,UPI,SUCCESS,2026-04-22
T00005279,C000193,579444.14,INR,CREDIT,SWIFT,REVERSED,2026-02-11
T00005280,C002731,187775.86,USD,CREDIT,UPI,SUCCESS,2026-09-18
T00005281,C000522,810524.04,AED,CREDIT,NEFT,PENDING,2026-03-17
T00005282,C002904,861685.52,USD,DEBIT,SWIFT,PENDING,2026-04-27
T00005283,C000754,203665.8,INR,CREDIT,SWIFT,SUCCESS,2026-08-25
T00005284,C001559,559596.66,USD,CREDIT,UPI,REVERSED,2026-06-06
T00005285,C003467,327149.81,INR,CREDIT,IMPS,SUCCESS,2026-01-27
T00005286,C002950,535184.22,USD,CREDIT,IMPS,FAILED,2026-06-15
T00005287,C000129,571587.52,USD,DEBIT,IMPS,SUCCESS,2026-07-11
T00005288,C001430,115490.73,USD,DEBIT,SWIFT,PENDING,2026-06-04
T00005289,C003422,153832.13,AED,DEBIT,UPI,SUCCESS,2026-06-24
T00005290,C000642,391410.23,USD,DEBIT,SWIFT,PENDING,2026-08-07
T00005291,C002112,834079.69,INR,CREDIT,UPI,SUCCESS,2026-03-25
T00005292,C001306,776715.9,INR,DEBIT,CARD,SUCCESS,2026-05-23
T00005293,C001199,695333.22,USD,DEBIT,SWIFT,FAILED,2026-02-05
T00005294,C001823,168991.8,USD,CREDIT,CARD,SUCCESS,2026-03-15
T00005295,C000624,833072.75,INR,DEBIT,CARD,SUCCESS,2026-08-26
T00005296,C003130,14009.95,AED,DEBIT,CARD,SUCCESS,2026-07-10
T00005297,C000037,528775.54,AED,DEBIT,CARD,SUCCESS,2026-01-16
T00005298,C002308,694218.82,INR,DEBIT,CARD,PENDING,2026-09-18
T00005299,C000167,775586.63,INR,DEBIT,UPI,PENDING,2026-03-12
T00005300,C000105,560416.49,AED,DEBIT,CARD,REVERSED,2026-03-20
T00005301,C003074,214367.8,INR,CREDIT,IMPS,SUCCESS,2026-01-13
T00005302,C003323,511080.31,AED,DEBIT,SWIFT,PENDING,2026-06-08
T00005303,C002202,164938.52,USD,CREDIT,UPI,SUCCESS,2026-07-11
T00005304,C001307,758688.78,INR,CREDIT,SWIFT,PENDING,2026-05-26
T00005305,C002623,712862.62,AED,CREDIT,UPI,SUCCESS,2026-02-17
T00005306,C001841,234156.03,INR,CREDIT,CARD,PENDING,2026-03-07
T00005307,C003069,285523.39,AED,DEBIT,SWIFT,PENDING,2026-08-18
T00005308,C002732,851535.65,USD,DEBIT,IMPS,SUCCESS,2026-02-28
T00005309,C001191,654668.58,AED,CREDIT,NEFT,FAILED,2026-09-06
T00005310,C000691,504146.33,AED,CREDIT,IMPS,REVERSED,2026-02-27
T00005311,C001430,88764.23,INR,CREDIT,UPI,SUCCESS,2026-07-13
T00005312,C000524,208953.94,INR,DEBIT,SWIFT,SUCCESS,2026-01-24
T00005313,C000705,793699.4,AED,DEBIT,CARD,PENDING,2026-01-01
T00005314,C003156,608246.98,INR,CREDIT,CARD,SUCCESS,2026-05-27
T00005315,C000434,7743.97,USD,DEBIT,IMPS,PENDING,2026-07-11
T00005316,C000990,591216.48,AED,DEBIT,IMPS,SUCCESS,2026-06-21
T00005317,C003487,596434.2,AED,DEBIT,SWIFT,FAILED,2026-08-05
T00005318,C000259,883093.44,INR,DEBIT,NEFT,SUCCESS,2026-07-06
T00005319,C003192,141268.04,INR,DEBIT,NEFT,FAILED,2026-06-19
T00005320,C000181,215981.87,USD,DEBIT,NEFT,FAILED,2026-08-05
T00005321,C000441,737632.17,INR,DEBIT,SWIFT,SUCCESS,2026-02-10
T00005322,C001942,1811.68,INR,CREDIT,UPI,REVERSED,2026-03-17
T00005323,C002623,867810.94,INR,DEBIT,UPI,REVERSED,2026-06-26
T00005324,C003142,523514.59,AED,DEBIT,SWIFT,SUCCESS,2026-01-28
T00005325,C000430,115731.04,INR,CREDIT,SWIFT,SUCCESS,2026-04-24
T00005326,C000022,267245.71,USD,CREDIT,SWIFT,FAILED,2026-06-15
T00005327,C003438,299267.3,USD,DEBIT,IMPS,SUCCESS,2026-06-27
T00005328,C002645,807514.75,AED,CREDIT,UPI,FAILED,2026-04-04
T00005329,C003136,708137.57,USD,DEBIT,NEFT,SUCCESS,2026-05-25
T00005330,C000979,521415.74,AED,CREDIT,UPI,FAILED,2026-03-07
T00005331,C002273,442828.38,USD,DEBIT,SWIFT,SUCCESS,2026-03-14
T00005332,C000346,290713.58,INR,DEBIT,SWIFT,FAILED,2026-04-22
T00005333,C002017,558862.96,AED,DEBIT,CARD,SUCCESS,2026-08-06
T00005334,C001755,596211.55,USD,DEBIT,UPI,FAILED,2026-02-19
T00005335,C002257,223478.95,INR,DEBIT,NEFT,FAILED,2026-09-09
T00005336,C001182,228079.38,INR,DEBIT,SWIFT,FAILED,2026-05-05
T00005337,C001728,665840.03,INR,CREDIT,UPI,SUCCESS,2026-03-22
T00005338,C001126,129748.77,INR,DEBIT,NEFT,FAILED,2026-02-10
T00005339,C000261,377597.33,INR,CREDIT,CARD,REVERSED,2026-01-11
T00005340,C000384,24458.64,INR,CREDIT,NEFT,SUCCESS,2026-01-22
T00005341,C001572,564669.93,AED,CREDIT,CARD,SUCCESS,2026-07-18
T00005342,C000951,293050.67,INR,CREDIT,UPI,PENDING,2026-05-02
T00005343,C001855,420459.5,INR,CREDIT,NEFT,FAILED,2026-04-22
T00005344,C002800,166003.44,INR,CREDIT,UPI,REVERSED,2026-07-05
T00005345,C000709,269350.72,AED,DEBIT,IMPS,REVERSED,2026-05-26
T00005346,C001913,43942.9,INR,DEBIT,SWIFT,SUCCESS,2026-01-17
T00005347,C002239,758354.21,INR,CREDIT,NEFT,SUCCESS,2026-05-26
T00005348,C003091,423953.53,INR,CREDIT,NEFT,REVERSED,2026-08-10
T00005349,C001231,730276.85,AED,DEBIT,UPI,SUCCESS,2026-03-07
T00005350,C001973,299127.69,INR,DEBIT,IMPS,SUCCESS,2026-05-10
T00005351,C002379,197626.38,AED,DEBIT,NEFT,PENDING,2026-02-14
T00005352,C000177,310168.63,USD,DEBIT,SWIFT,FAILED,2026-08-15
T00005353,C001564,723477.49,USD,CREDIT,NEFT,SUCCESS,2026-04-27
T00005354,C001726,437932.39,INR,DEBIT,IMPS,REVERSED,2026-08-09
T00005355,C002778,575122.55,USD,CREDIT,NEFT,SUCCESS,2026-07-05
T00005356,C002349,885592.66,INR,CREDIT,SWIFT,FAILED,2026-01-22
T00005357,C001831,828916.59,USD,DEBIT,SWIFT,FAILED,2026-09-22
T00005358,C002048,48624.93,INR,DEBIT,SWIFT,PENDING,2026-03-22
T00005359,C002950,208129.83,INR,CREDIT,SWIFT,FAILED,2026-06-24
T00005360,C003272,378241.09,USD,CREDIT,UPI,SUCCESS,2026-03-06
T00005361,C003320,533034.66,INR,DEBIT,NEFT,REVERSED,2026-07-11
T00005362,C001541,259989.88,USD,DEBIT,CARD,FAILED,2026-02-04
T00005363,C000581,71255.72,USD,DEBIT,SWIFT,REVERSED,2026-04-26
T00005364,C003283,16662.3,USD,CREDIT,IMPS,SUCCESS,2026-02-15
T00005365,C000109,499363.09,AED,CREDIT,IMPS,REVERSED,2026-01-10
T00005366,C000708,715009.04,USD,CREDIT,IMPS,SUCCESS,2026-05-11
T00005367,C002187,223002.05,INR,CREDIT,NEFT,REVERSED,2026-06-01
T00005368,C000900,219140.27,AED,CREDIT,IMPS,REVERSED,2026-02-15
T00005369,C001690,262536.36,INR,DEBIT,UPI,FAILED,2026-05-26
T00005370,C001476,508391.34,INR,CREDIT,SWIFT,SUCCESS,2026-01-08
T00005371,C001695,101311.08,INR,CREDIT,UPI,SUCCESS,2026-05-13
T00005372,C002320,871023.38,INR,DEBIT,SWIFT,PENDING,2026-09-06
T00005373,C002401,139639.51,USD,CREDIT,IMPS,REVERSED,2026-05-08
T00005374,C001661,429545.8,USD,CREDIT,UPI,SUCCESS,2026-01-24
T00005375,C001748,384420.59,INR,CREDIT,CARD,SUCCESS,2026-07-10
T00005376,C001675,95471.79,INR,CREDIT,CARD,SUCCESS,2026-07-03
T00005377,C001283,577042.11,INR,CREDIT,IMPS,REVERSED,2026-08-08
T00005378,C000089,714189.36,INR,DEBIT,IMPS,REVERSED,2026-04-04
T00005379,C002504,141929.24,USD,CREDIT,SWIFT,PENDING,2026-09-03
T00005380,C001151,134422.33,INR,DEBIT,UPI,SUCCESS,2026-03-26
T00005381,C002376,801227.78,AED,CREDIT,CARD,SUCCESS,2026-01-25
T00005382,C001568,815480.77,INR,CREDIT,SWIFT,SUCCESS,2026-05-12
T00005383,C001566,37238.47,USD,CREDIT,NEFT,SUCCESS,2026-02-10
T00005384,C001311,490650.91,USD,DEBIT,SWIFT,PENDING,2026-09-20
T00005385,C000268,145476.11,INR,CREDIT,SWIFT,SUCCESS,2026-05-22
T00005386,C000189,509024.07,INR,DEBIT,SWIFT,REVERSED,2026-05-23
T00005387,C001245,366571.21,USD,CREDIT,CARD,FAILED,2026-03-17
T00005388,C003249,771926.41,USD,CREDIT,IMPS,SUCCESS,2026-07-22
T00005389,C001747,195492.04,USD,DEBIT,SWIFT,SUCCESS,2026-08-10
T00005390,C000427,803983.42,INR,DEBIT,IMPS,SUCCESS,2026-02-27
T00005391,C002986,522282.04,AED,DEBIT,UPI,REVERSED,2026-07-20
T00005392,C001245,661278.11,INR,CREDIT,CARD,SUCCESS,2026-09-14
T00005393,C001144,213105.71,INR,DEBIT,CARD,PENDING,2026-04-06
T00005394,C000595,199341.98,INR,DEBIT,UPI,SUCCESS,2026-06-04
T00005395,C001388,9882.88,AED,CREDIT,SWIFT,SUCCESS,2026-05-26
T00005396,C000792,133963.73,USD,CREDIT,UPI,SUCCESS,2026-09-27
T00005397,C000421,145550.43,INR,CREDIT,UPI,PENDING,2026-05-25
T00005398,C002134,735437.86,USD,DEBIT,NEFT,SUCCESS,2026-02-24
T00005399,C002765,755888.91,USD,DEBIT,UPI,REVERSED,2026-02-26
T00005400,C002815,861089.08,INR,CREDIT,SWIFT,PENDING,2026-06-02
T00005401,C002807,249260.87,USD,CREDIT,SWIFT,REVERSED,2026-04-04
T00005402,C001289,566495.01,INR,CREDIT,IMPS,SUCCESS,2026-09-10
T00005403,C001352,238252.37,USD,CREDIT,CARD,PENDING,2026-02-21
T00005404,C002823,417142.54,INR,DEBIT,UPI,SUCCESS,2026-09-08
T00005405,C002650,341328.2,USD,DEBIT,UPI,SUCCESS,2026-09-05
T00005406,C003321,775423.69,INR,CREDIT,SWIFT,SUCCESS,2026-08-04
T00005407,C001710,691657.17,INR,DEBIT,SWIFT,REVERSED,2026-02-03
T00005408,C000013,86922.44,USD,DEBIT,NEFT,SUCCESS,2026-03-04
T00005409,C002104,358767.69,AED,DEBIT,IMPS,SUCCESS,2026-09-18
T00005410,C000921,757507.82,INR,DEBIT,SWIFT,REVERSED,2026-04-15
T00005411,C001639,466658.95,INR,CREDIT,NEFT,PENDING,2026-02-15
T00005412,C002333,5721.93,INR,CREDIT,IMPS,PENDING,2026-02-03
T00005413,C001507,24600.31,INR,DEBIT,UPI,SUCCESS,2026-09-25
T00005414,C000627,188360.31,INR,CREDIT,NEFT,PENDING,2026-02-18
T00005415,C002845,279417.44,AED,CREDIT,IMPS,REVERSED,2026-08-28
T00005416,C001551,620016.62,INR,CREDIT,NEFT,PENDING,2026-08-19
T00005417,C000228,189258.75,INR,DEBIT,IMPS,SUCCESS,2026-09-04
T00005418,C002649,564516.4,INR,DEBIT,IMPS,REVERSED,2026-05-16
T00005419,C002207,26078.04,INR,DEBIT,CARD,SUCCESS,2026-02-18
T00005420,C002383,892410.08,AED,CREDIT,IMPS,FAILED,2026-07-23
T00005421,C002765,310169.57,INR,CREDIT,SWIFT,PENDING,2026-08-14
T00005422,C000451,162355.8,INR,DEBIT,NEFT,REVERSED,2026-06-19
T00005423,C001443,850603.68,USD,DEBIT,UPI,SUCCESS,2026-08-27
T00005424,C001790,839495.7,INR,CREDIT,SWIFT,SUCCESS,2026-04-01
T00005425,C002679,70619.09,INR,DEBIT,IMPS,FAILED,2026-09-02
T00005426,C001885,348107.39,USD,DEBIT,IMPS,PENDING,2026-01-12
T00005427,C002545,627492.06,AED,DEBIT,SWIFT,PENDING,2026-07-22
T00005428,C000362,227672.88,USD,DEBIT,CARD,SUCCESS,2026-09-17
T00005429,C001722,655058.68,USD,DEBIT,UPI,SUCCESS,2026-07-24
T00005430,C001116,271129.98,USD,DEBIT,NEFT,SUCCESS,2026-05-26
T00005431,C000506,755975.8,AED,CREDIT,SWIFT,SUCCESS,2026-02-21
T00005432,C001638,608822.97,INR,DEBIT,NEFT,SUCCESS,2026-07-09
T00005433,C003360,518922.97,USD,DEBIT,NEFT,SUCCESS,2026-07-23
T00005434,C001207,795968.94,INR,DEBIT,NEFT,PENDING,2026-09-01
T00005435,C001216,32308.4,INR,DEBIT,UPI,SUCCESS,2026-03-09
T00005436,C000729,757260.78,USD,CREDIT,NEFT,FAILED,2026-08-11
T00005437,C002847,864902.6,USD,CREDIT,NEFT,PENDING,2026-08-14
T00005438,C000384,838914.85,AED,DEBIT,IMPS,SUCCESS,2026-09-20
T00005439,C000141,670935.76,INR,DEBIT,UPI,REVERSED,2026-05-24
T00005440,C000796,799910.81,INR,CREDIT,NEFT,SUCCESS,2026-02-21
T00005441,C003202,661311.45,USD,CREDIT,NEFT,SUCCESS,2026-02-13
T00005442,C001699,705386.78,INR,DEBIT,SWIFT,SUCCESS,2026-06-17
T00005443,C001746,549486.63,USD,DEBIT,IMPS,SUCCESS,2026-02-13
T00005444,C001428,410608.15,AED,CREDIT,UPI,PENDING,2026-02-05
T00005445,C001731,439989.14,INR,DEBIT,SWIFT,FAILED,2026-08-01
T00005446,C001947,47247.52,INR,CREDIT,NEFT,FAILED,2026-05-05
T00005447,C000964,207047.35,INR,DEBIT,SWIFT,SUCCESS,2026-01-06
T00005448,C000362,260004.02,USD,CREDIT,IMPS,FAILED,2026-03-05
T00005449,C000841,50665.4,INR,CREDIT,NEFT,PENDING,2026-03-17
T00005450,C000151,512877.63,INR,CREDIT,UPI,REVERSED,2026-08-18
T00005451,C000295,592917.32,INR,DEBIT,UPI,SUCCESS,2026-01-10
T00005452,C002329,137713.7,USD,DEBIT,IMPS,SUCCESS,2026-09-26
T00005453,C002485,203420.69,USD,CREDIT,UPI,FAILED,2026-01-01
T00005454,C003066,567300.36,INR,DEBIT,IMPS,REVERSED,2026-02-20
T00005455,C002568,447851.08,USD,DEBIT,IMPS,PENDING,2026-01-16
T00005456,C001034,698812.35,INR,DEBIT,UPI,REVERSED,2026-04-27
T00005457,C000687,722536.17,USD,DEBIT,SWIFT,REVERSED,2026-09-01
T00005458,C000566,85332.06,USD,DEBIT,NEFT,SUCCESS,2026-04-04
T00005459,C003476,77247.95,AED,DEBIT,UPI,SUCCESS,2026-06-24
T00005460,C002726,523863.1,INR,CREDIT,NEFT,FAILED,2026-03-16
T00005461,C000648,473896.31,AED,CREDIT,CARD,SUCCESS,2026-04-11
T00005462,C001621,669878.49,INR,CREDIT,SWIFT,SUCCESS,2026-05-02
T00005463,C001968,676099.7,AED,DEBIT,SWIFT,REVERSED,2026-03-06
T00005464,C003102,542795.88,USD,DEBIT,IMPS,SUCCESS,2026-09-28
T00005465,C000375,803925.38,USD,DEBIT,IMPS,SUCCESS,2026-07-01
T00005466,C001535,244483.75,INR,CREDIT,SWIFT,SUCCESS,2026-09-13
T00005467,C000714,360711.5,INR,DEBIT,SWIFT,REVERSED,2026-07-11
T00005468,C002552,855031.56,USD,DEBIT,SWIFT,SUCCESS,2026-09-19
T00005469,C003120,766607.4,INR,DEBIT,IMPS,SUCCESS,2026-07-13
T00005470,C001129,159765.13,INR,CREDIT,SWIFT,FAILED,2026-08-07
T00005471,C001357,669377.35,INR,CREDIT,NEFT,SUCCESS,2026-09-15
T00005472,C003447,612856.2,USD,CREDIT,NEFT,REVERSED,2026-08-27
T00005473,C002225,396783.64,INR,DEBIT,SWIFT,SUCCESS,2026-02-04
T00005474,C002327,588454.48,INR,CREDIT,NEFT,FAILED,2026-02-09
T00005475,C002551,500872.99,INR,CREDIT,CARD,FAILED,2026-06-10
T00005476,C000997,120320.21,INR,CREDIT,SWIFT,REVERSED,2026-09-25
T00005477,C002226,365893.22,INR,CREDIT,IMPS,FAILED,2026-02-14
T00005478,C000474,193668.91,INR,CREDIT,SWIFT,REVERSED,2026-08-10
T00005479,C000417,577148.62,AED,CREDIT,IMPS,SUCCESS,2026-04-26
T00005480,C001787,780518.32,INR,CREDIT,NEFT,REVERSED,2026-02-27
T00005481,C002833,715391.73,INR,DEBIT,NEFT,REVERSED,2026-06-26
T00005482,C003102,194469.1,INR,CREDIT,NEFT,FAILED,2026-04-19
T00005483,C001353,534830.66,USD,CREDIT,UPI,SUCCESS,2026-08-07
T00005484,C003434,479918.02,INR,CREDIT,IMPS,SUCCESS,2026-08-19
T00005485,C002130,862760.9,USD,DEBIT,CARD,FAILED,2026-08-14
T00005486,C000273,131349.3,USD,CREDIT,UPI,PENDING,2026-03-22
T00005487,C000735,656005.76,AED,CREDIT,IMPS,SUCCESS,2026-05-15
T00005488,C001476,127787.02,INR,CREDIT,UPI,REVERSED,2026-03-04
T00005489,C001927,550608.42,USD,CREDIT,UPI,SUCCESS,2026-03-02
T00005490,C000076,811349.95,AED,CREDIT,CARD,SUCCESS,2026-04-14
T00005491,C000372,136965.24,INR,CREDIT,SWIFT,PENDING,2026-09-09
T00005492,C001207,534609.76,USD,CREDIT,UPI,SUCCESS,2026-07-17
T00005493,C001576,117022.19,USD,CREDIT,SWIFT,PENDING,2026-07-25
T00005494,C001533,773752.19,INR,DEBIT,SWIFT,PENDING,2026-05-07
T00005495,C001707,705098.96,INR,DEBIT,SWIFT,REVERSED,2026-02-08
T00005496,C001610,12249.78,USD,CREDIT,UPI,PENDING,2026-08-22
T00005497,C000041,194169.69,USD,CREDIT,IMPS,FAILED,2026-06-20
T00005498,C002054,768189.05,USD,CREDIT,UPI,SUCCESS,2026-08-07
T00005499,C000523,737695.18,INR,DEBIT,NEFT,REVERSED,2026-03-05
T00005500,C000157,887499.86,USD,CREDIT,IMPS,FAILED,2026-04-19
T00005501,C002951,426971.56,USD,DEBIT,UPI,SUCCESS,2026-01-05
T00005502,C000124,435076.37,USD,DEBIT,NEFT,PENDING,2026-04-19
T00005503,C001237,635709.82,INR,CREDIT,SWIFT,SUCCESS,2026-06-17
T00005504,C001767,541716.29,USD,DEBIT,CARD,SUCCESS,2026-02-08
T00005505,C003297,168389.25,INR,DEBIT,IMPS,FAILED,2026-07-03
T00005506,C001306,81670.86,AED,CREDIT,NEFT,SUCCESS,2026-06-04
T00005507,C002294,569447.23,INR,DEBIT,IMPS,SUCCESS,2026-04-25
T00005508,C002053,684910.13,INR,DEBIT,SWIFT,PENDING,2026-01-17
T00005509,C000590,862433.91,USD,CREDIT,SWIFT,FAILED,2026-02-05
T00005510,C000377,592332.54,USD,DEBIT,CARD,SUCCESS,2026-09-10
T00005511,C000707,440378.11,INR,CREDIT,SWIFT,SUCCESS,2026-02-14
T00005512,C003155,4774.81,USD,CREDIT,SWIFT,SUCCESS,2026-06-18
T00005513,C003003,641570.67,INR,DEBIT,IMPS,SUCCESS,2026-05-25
T00005514,C000150,534388.14,INR,CREDIT,CARD,SUCCESS,2026-07-12
T00005515,C002479,22488.49,INR,DEBIT,SWIFT,PENDING,2026-03-17
T00005516,C003197,48190.62,INR,CREDIT,CARD,FAILED,2026-01-02
T00005517,C002046,430360.23,AED,CREDIT,IMPS,PENDING,2026-02-24
T00005518,C001496,612992.61,INR,CREDIT,NEFT,SUCCESS,2026-06-05
T00005519,C003324,28751.53,USD,CREDIT,UPI,FAILED,2026-03-23
T00005520,C002797,262050.03,INR,CREDIT,CARD,REVERSED,2026-04-09
T00005521,C002292,304078.39,INR,DEBIT,SWIFT,SUCCESS,2026-02-09
T00005522,C000609,413892.95,INR,DEBIT,SWIFT,PENDING,2026-06-26
T00005523,C002560,485119.2,USD,DEBIT,IMPS,SUCCESS,2026-07-02
T00005524,C003042,265895.67,INR,CREDIT,NEFT,PENDING,2026-09-27
T00005525,C000883,826913.1,AED,DEBIT,NEFT,PENDING,2026-08-23
T00005526,C002817,418553.4,INR,CREDIT,CARD,FAILED,2026-09-13
T00005527,C000518,753255.0,USD,CREDIT,IMPS,SUCCESS,2026-03-01
T00005528,C001639,407306.65,INR,DEBIT,IMPS,FAILED,2026-05-10
T00005529,C001987,305558.91,INR,DEBIT,UPI,SUCCESS,2026-09-09
T00005530,C002322,62388.79,INR,CREDIT,IMPS,SUCCESS,2026-02-01
T00005531,C002547,82110.38,USD,DEBIT,UPI,PENDING,2026-07-18
T00005532,C001494,773109.61,INR,DEBIT,SWIFT,REVERSED,2026-09-08
T00005533,C002725,222158.96,AED,DEBIT,UPI,REVERSED,2026-03-08
T00005534,C001299,482582.26,INR,CREDIT,NEFT,SUCCESS,2026-08-09
T00005535,C002715,120239.15,INR,CREDIT,UPI,REVERSED,2026-04-14
T00005536,C003036,618715.44,USD,DEBIT,NEFT,SUCCESS,2026-09-06
T00005537,C003321,3285.83,AED,CREDIT,NEFT,FAILED,2026-06-09
T00005538,C000780,618643.85,USD,CREDIT,UPI,SUCCESS,2026-02-22
T00005539,C002994,279570.82,USD,DEBIT,CARD,SUCCESS,2026-07-05
T00005540,C001146,422337.38,INR,CREDIT,IMPS,SUCCESS,2026-07-21
T00005541,C001156,330029.69,AED,DEBIT,NEFT,PENDING,2026-09-04
T00005542,C002584,826614.42,INR,CREDIT,SWIFT,REVERSED,2026-09-04
T00005543,C001158,168329.01,USD,CREDIT,SWIFT,SUCCESS,2026-03-28
T00005544,C001640,51450.93,INR,CREDIT,UPI,REVERSED,2026-09-25
T00005545,C001711,184106.43,INR,CREDIT,SWIFT,SUCCESS,2026-02-08
T00005546,C001229,657004.19,AED,DEBIT,CARD,FAILED,2026-04-11
T00005547,C002545,384471.31,INR,DEBIT,NEFT,PENDING,2026-05-21
T00005548,C000072,593830.15,AED,DEBIT,UPI,SUCCESS,2026-06-19
T00005549,C000116,633495.85,INR,DEBIT,NEFT,FAILED,2026-06-28
T00005550,C003305,19683.74,USD,DEBIT,CARD,SUCCESS,2026-03-20
T00005551,C000343,627228.27,INR,CREDIT,CARD,REVERSED,2026-02-04
T00005552,C000560,6374.61,USD,CREDIT,CARD,PENDING,2026-08-10
T00005553,C000311,383373.34,INR,CREDIT,NEFT,PENDING,2026-06-18
T00005554,C001598,441278.98,INR,CREDIT,UPI,FAILED,2026-02-03
T00005555,C000549,230542.61,AED,CREDIT,NEFT,SUCCESS,2026-02-04
T00005556,C001578,746051.9,USD,CREDIT,SWIFT,SUCCESS,2026-05-21
T00005557,C002083,593738.55,USD,DEBIT,NEFT,REVERSED,2026-05-05
T00005558,C000207,660127.74,INR,DEBIT,IMPS,SUCCESS,2026-05-12
T00005559,C000063,77024.31,USD,CREDIT,IMPS,FAILED,2026-08-07
T00005560,C001659,888185.66,INR,DEBIT,SWIFT,SUCCESS,2026-07-25
T00005561,C000506,819708.89,AED,DEBIT,IMPS,SUCCESS,2026-04-28
T00005562,C002330,672481.78,USD,DEBIT,CARD,SUCCESS,2026-07-17
T00005563,C003323,516242.51,INR,CREDIT,IMPS,PENDING,2026-01-06
T00005564,C002685,740451.43,AED,DEBIT,IMPS,REVERSED,2026-09-15
T00005565,C003304,525470.2,INR,DEBIT,NEFT,PENDING,2026-02-09
T00005566,C000533,807857.65,INR,DEBIT,IMPS,SUCCESS,2026-01-12
T00005567,C001177,506771.48,AED,CREDIT,CARD,FAILED,2026-03-23
T00005568,C002031,331084.73,AED,DEBIT,UPI,SUCCESS,2026-03-27
T00005569,C001874,116252.58,USD,DEBIT,SWIFT,FAILED,2026-06-05
T00005570,C001421,113087.96,USD,CREDIT,IMPS,SUCCESS,2026-08-09
T00005571,C003435,770970.92,USD,DEBIT,NEFT,FAILED,2026-09-11
T00005572,C003473,554933.52,INR,CREDIT,SWIFT,PENDING,2026-06-25
T00005573,C002084,749518.71,AED,DEBIT,CARD,SUCCESS,2026-03-28
T00005574,C003146,889882.46,INR,DEBIT,SWIFT,SUCCESS,2026-04-02
T00005575,C002390,28133.67,INR,CREDIT,CARD,SUCCESS,2026-06-21
T00005576,C001932,70757.28,USD,DEBIT,IMPS,SUCCESS,2026-04-16
T00005577,C002470,772770.06,INR,DEBIT,IMPS,SUCCESS,2026-07-07
T00005578,C001587,584605.8,INR,DEBIT,SWIFT,SUCCESS,2026-03-07
T00005579,C001057,161276.35,USD,CREDIT,NEFT,SUCCESS,2026-05-18
T00005580,C001386,778505.74,INR,DEBIT,NEFT,SUCCESS,2026-02-23
T00005581,C003243,696833.94,INR,DEBIT,IMPS,PENDING,2026-03-09
T00005582,C001058,195087.7,AED,CREDIT,NEFT,REVERSED,2026-09-24
T00005583,C001142,151137.22,USD,DEBIT,SWIFT,FAILED,2026-01-21
T00005584,C000204,515035.65,INR,DEBIT,CARD,PENDING,2026-05-19
T00005585,C000933,436848.57,INR,DEBIT,SWIFT,REVERSED,2026-04-19
T00005586,C000632,590670.53,INR,CREDIT,SWIFT,SUCCESS,2026-01-15
T00005587,C003457,682251.45,AED,DEBIT,CARD,SUCCESS,2026-02-25
T00005588,C000976,272086.69,AED,CREDIT,UPI,FAILED,2026-03-02
T00005589,C000942,377767.55,USD,DEBIT,NEFT,SUCCESS,2026-07-10
T00005590,C003052,899893.87,INR,CREDIT,NEFT,PENDING,2026-01-02
T00005591,C001295,402587.14,INR,DEBIT,UPI,PENDING,2026-07-22
T00005592,C001295,231725.21,USD,DEBIT,NEFT,PENDING,2026-08-06
T00005593,C003169,77084.3,AED,DEBIT,NEFT,REVERSED,2026-08-06
T00005594,C001347,510097.14,INR,CREDIT,SWIFT,REVERSED,2026-08-18
T00005595,C002932,836801.56,AED,DEBIT,UPI,SUCCESS,2026-06-20
T00005596,C003349,424495.46,INR,CREDIT,NEFT,SUCCESS,2026-05-10
T00005597,C003370,481235.54,INR,CREDIT,CARD,REVERSED,2026-03-25
T00005598,C000125,329379.87,INR,DEBIT,NEFT,SUCCESS,2026-05-02
T00005599,C001022,853834.24,USD,DEBIT,CARD,SUCCESS,2026-05-16
T00005600,C001428,453997.51,USD,DEBIT,CARD,SUCCESS,2026-05-04
T00005601,C003165,567870.65,INR,CREDIT,SWIFT,SUCCESS,2026-02-27
T00005602,C000958,806839.97,USD,CREDIT,UPI,REVERSED,2026-07-25
T00005603,C002703,265060.87,INR,DEBIT,NEFT,SUCCESS,2026-07-18
T00005604,C000528,558483.61,INR,DEBIT,NEFT,SUCCESS,2026-05-21
T00005605,C002935,106650.36,USD,DEBIT,IMPS,SUCCESS,2026-06-08
T00005606,C001774,738513.67,INR,DEBIT,NEFT,PENDING,2026-08-23
T00005607,C001823,814028.22,INR,DEBIT,IMPS,SUCCESS,2026-04-10
T00005608,C000595,772301.65,INR,CREDIT,CARD,SUCCESS,2026-05-11
T00005609,C000058,716636.18,INR,DEBIT,SWIFT,SUCCESS,2026-07-14
T00005610,C003075,578868.43,USD,CREDIT,SWIFT,SUCCESS,2026-04-11
T00005611,C000789,707454.92,INR,CREDIT,SWIFT,REVERSED,2026-08-08
T00005612,C001334,615766.11,USD,DEBIT,IMPS,REVERSED,2026-07-14
T00005613,C001327,186556.75,INR,CREDIT,CARD,REVERSED,2026-04-21
T00005614,C001515,546227.87,AED,DEBIT,IMPS,FAILED,2026-08-05
T00005615,C002631,595573.7,INR,CREDIT,UPI,SUCCESS,2026-02-25
T00005616,C002364,63712.53,USD,DEBIT,IMPS,PENDING,2026-09-09
T00005617,C000860,762651.18,AED,CREDIT,SWIFT,FAILED,2026-08-12
T00005618,C003026,350196.64,USD,CREDIT,CARD,SUCCESS,2026-05-10
T00005619,C002711,677167.21,INR,CREDIT,IMPS,FAILED,2026-05-13
T00005620,C001790,702959.03,INR,CREDIT,IMPS,SUCCESS,2026-07-26
T00005621,C002648,230227.86,INR,CREDIT,SWIFT,SUCCESS,2026-06-10
T00005622,C002294,596808.69,INR,DEBIT,IMPS,SUCCESS,2026-02-25
T00005623,C002914,392352.85,INR,CREDIT,CARD,REVERSED,2026-04-24
T00005624,C003201,55888.45,INR,DEBIT,NEFT,SUCCESS,2026-04-20
T00005625,C000608,105277.61,INR,DEBIT,SWIFT,SUCCESS,2026-07-21
T00005626,C001133,526325.22,USD,CREDIT,SWIFT,FAILED,2026-08-27
T00005627,C002318,505400.0,AED,CREDIT,CARD,FAILED,2026-01-19
T00005628,C002029,519067.71,INR,DEBIT,UPI,PENDING,2026-01-02
T00005629,C002334,21350.18,AED,DEBIT,UPI,FAILED,2026-06-21
T00005630,C003307,226484.28,INR,DEBIT,UPI,SUCCESS,2026-06-27
T00005631,C001254,875761.59,AED,CREDIT,UPI,REVERSED,2026-05-07
T00005632,C000708,48323.71,AED,DEBIT,SWIFT,PENDING,2026-01-23
T00005633,C000321,253590.67,USD,DEBIT,UPI,SUCCESS,2026-06-20
T00005634,C001300,814440.26,USD,DEBIT,IMPS,SUCCESS,2026-04-08
T00005635,C002391,804943.74,USD,DEBIT,CARD,SUCCESS,2026-05-14
T00005636,C002262,395177.75,INR,CREDIT,CARD,REVERSED,2026-01-20
T00005637,C001010,79290.56,USD,CREDIT,UPI,SUCCESS,2026-01-17
T00005638,C002399,109594.53,INR,DEBIT,SWIFT,FAILED,2026-08-28
T00005639,C001592,364135.4,USD,DEBIT,SWIFT,FAILED,2026-04-06
T00005640,C003214,125129.07,INR,DEBIT,UPI,REVERSED,2026-01-15
T00005641,C002592,870046.96,AED,CREDIT,SWIFT,REVERSED,2026-07-10
T00005642,C000965,624571.43,USD,CREDIT,IMPS,PENDING,2026-06-24
T00005643,C000864,545769.97,USD,DEBIT,IMPS,SUCCESS,2026-04-28
T00005644,C002342,806659.88,INR,CREDIT,IMPS,PENDING,2026-08-03
T00005645,C000147,615151.39,AED,CREDIT,IMPS,PENDING,2026-07-12
T00005646,C002113,366063.36,USD,CREDIT,SWIFT,FAILED,2026-02-01
T00005647,C002788,274733.49,INR,CREDIT,NEFT,FAILED,2026-06-12
T00005648,C000264,499411.52,INR,CREDIT,SWIFT,SUCCESS,2026-03-15
T00005649,C001203,298934.09,INR,CREDIT,UPI,SUCCESS,2026-01-17
T00005650,C000239,111331.75,USD,DEBIT,CARD,SUCCESS,2026-06-15
T00005651,C002485,447490.52,USD,CREDIT,NEFT,SUCCESS,2026-01-23
T00005652,C000263,19927.16,INR,DEBIT,NEFT,SUCCESS,2026-04-13
T00005653,C001628,509651.46,AED,DEBIT,IMPS,SUCCESS,2026-09-19
T00005654,C002322,886311.79,INR,CREDIT,NEFT,SUCCESS,2026-08-25
T00005655,C003490,26255.89,AED,DEBIT,CARD,PENDING,2026-04-21
T00005656,C003369,867662.55,AED,DEBIT,CARD,SUCCESS,2026-05-01
T00005657,C001923,762921.01,USD,DEBIT,IMPS,REVERSED,2026-05-02
T00005658,C001999,287550.12,AED,CREDIT,NEFT,PENDING,2026-02-18
T00005659,C000270,286074.56,USD,CREDIT,NEFT,FAILED,2026-01-11
T00005660,C000292,899669.5,USD,DEBIT,NEFT,SUCCESS,2026-01-19
T00005661,C001659,81738.8,INR,CREDIT,SWIFT,REVERSED,2026-03-28
T00005662,C001943,25111.7,INR,CREDIT,CARD,PENDING,2026-09-16
T00005663,C000352,497433.03,INR,CREDIT,UPI,REVERSED,2026-01-01
T00005664,C002638,472744.71,USD,CREDIT,NEFT,FAILED,2026-02-03
T00005665,C003275,103433.94,USD,DEBIT,IMPS,FAILED,2026-01-11
T00005666,C001090,590640.62,USD,CREDIT,IMPS,SUCCESS,2026-06-10
T00005667,C000845,10517.03,INR,CREDIT,UPI,SUCCESS,2026-07-19
T00005668,C000251,330104.3,INR,DEBIT,IMPS,PENDING,2026-05-20
T00005669,C002235,103939.43,INR,DEBIT,NEFT,SUCCESS,2026-07-25
T00005670,C000611,547914.3,USD,CREDIT,NEFT,PENDING,2026-02-01
T00005671,C000584,495104.81,INR,CREDIT,IMPS,REVERSED,2026-03-10
T00005672,C003020,627938.66,USD,DEBIT,IMPS,SUCCESS,2026-09-24
T00005673,C001674,398938.37,INR,CREDIT,UPI,FAILED,2026-04-15
T00005674,C003296,108107.08,INR,CREDIT,IMPS,SUCCESS,2026-07-01
T00005675,C000283,555719.92,AED,CREDIT,UPI,SUCCESS,2026-01-02
T00005676,C000670,591019.35,AED,DEBIT,SWIFT,SUCCESS,2026-01-24
T00005677,C002212,209412.96,USD,DEBIT,UPI,SUCCESS,2026-04-11
T00005678,C003022,111087.46,USD,DEBIT,NEFT,SUCCESS,2026-05-20
T00005679,C000510,618086.06,AED,CREDIT,CARD,SUCCESS,2026-03-05
T00005680,C002881,379488.77,INR,DEBIT,UPI,SUCCESS,2026-03-26
T00005681,C002440,309565.44,USD,CREDIT,NEFT,FAILED,2026-01-23
T00005682,C000605,634777.02,USD,DEBIT,CARD,FAILED,2026-08-04
T00005683,C000763,844906.97,INR,DEBIT,CARD,PENDING,2026-09-16
T00005684,C000195,331533.45,INR,DEBIT,IMPS,PENDING,2026-06-21
T00005685,C000415,848445.69,AED,DEBIT,IMPS,FAILED,2026-02-16
T00005686,C000177,840393.86,INR,CREDIT,NEFT,PENDING,2026-07-10
T00005687,C001033,498314.39,INR,DEBIT,UPI,PENDING,2026-02-03
T00005688,C003048,407808.65,INR,DEBIT,UPI,SUCCESS,2026-05-15
T00005689,C001102,575506.83,AED,CREDIT,SWIFT,SUCCESS,2026-03-16
T00005690,C002777,275420.7,INR,CREDIT,CARD,FAILED,2026-06-07
T00005691,C001800,192951.02,USD,CREDIT,NEFT,PENDING,2026-06-01
T00005692,C003293,210831.82,INR,CREDIT,UPI,SUCCESS,2026-04-16
T00005693,C001215,845273.08,AED,CREDIT,UPI,SUCCESS,2026-05-21
T00005694,C000477,198656.68,INR,DEBIT,CARD,PENDING,2026-02-25
T00005695,C002395,545421.32,AED,DEBIT,IMPS,FAILED,2026-01-14
T00005696,C001212,364594.51,INR,DEBIT,CARD,SUCCESS,2026-03-17
T00005697,C002706,289185.98,INR,CREDIT,SWIFT,SUCCESS,2026-03-17
T00005698,C001964,449961.29,INR,DEBIT,IMPS,SUCCESS,2026-06-19
T00005699,C003244,660185.17,AED,CREDIT,SWIFT,SUCCESS,2026-08-13
T00005700,C002878,405563.36,INR,CREDIT,SWIFT,SUCCESS,2026-08-18
T00005701,C000133,318072.33,INR,CREDIT,IMPS,PENDING,2026-07-20
T00005702,C002729,799108.01,USD,DEBIT,SWIFT,SUCCESS,2026-08-19
T00005703,C000872,414439.96,INR,CREDIT,CARD,FAILED,2026-07-03
T00005704,C000289,49661.18,INR,CREDIT,UPI,FAILED,2026-04-06
T00005705,C002956,698546.93,USD,CREDIT,NEFT,PENDING,2026-07-18
T00005706,C000223,743811.18,INR,CREDIT,IMPS,SUCCESS,2026-04-10
T00005707,C002085,883701.6,USD,CREDIT,IMPS,SUCCESS,2026-09-04
T00005708,C002027,802722.33,USD,CREDIT,SWIFT,REVERSED,2026-09-26
T00005709,C000771,257500.21,USD,DEBIT,NEFT,REVERSED,2026-03-22
T00005710,C002027,883183.93,AED,CREDIT,IMPS,SUCCESS,2026-09-06
T00005711,C002161,366782.3,INR,DEBIT,SWIFT,FAILED,2026-05-11
T00005712,C000274,398144.21,USD,CREDIT,CARD,PENDING,2026-05-09
T00005713,C001205,467096.98,AED,DEBIT,IMPS,SUCCESS,2026-05-11
T00005714,C002570,692805.38,INR,DEBIT,SWIFT,PENDING,2026-08-24
T00005715,C001684,310658.68,AED,CREDIT,IMPS,PENDING,2026-05-02
T00005716,C002170,603896.12,USD,CREDIT,UPI,SUCCESS,2026-02-06
T00005717,C001307,296562.54,INR,DEBIT,NEFT,SUCCESS,2026-09-27
T00005718,C003491,418670.33,INR,CREDIT,NEFT,SUCCESS,2026-08-16
T00005719,C002163,398350.35,AED,DEBIT,UPI,SUCCESS,2026-05-04
T00005720,C001789,272672.41,INR,CREDIT,CARD,SUCCESS,2026-09-20
T00005721,C000643,866620.13,AED,CREDIT,NEFT,FAILED,2026-06-16
T00005722,C000303,66774.4,AED,CREDIT,CARD,SUCCESS,2026-05-18
T00005723,C000548,245348.06,INR,CREDIT,NEFT,SUCCESS,2026-08-01
T00005724,C002061,340416.75,AED,DEBIT,IMPS,FAILED,2026-07-13
T00005725,C000273,807165.22,INR,DEBIT,UPI,SUCCESS,2026-03-26
T00005726,C002455,284728.59,AED,CREDIT,UPI,REVERSED,2026-08-25
T00005727,C002014,56003.76,AED,CREDIT,SWIFT,FAILED,2026-09-19
T00005728,C003240,542412.23,USD,DEBIT,SWIFT,REVERSED,2026-05-19
T00005729,C000457,645777.24,INR,DEBIT,SWIFT,PENDING,2026-02-07
T00005730,C001253,464742.8,USD,DEBIT,CARD,SUCCESS,2026-05-09
T00005731,C001532,239747.75,AED,CREDIT,SWIFT,FAILED,2026-09-26
T00005732,C000107,711074.85,AED,CREDIT,CARD,REVERSED,2026-02-24
T00005733,C000386,692567.82,USD,CREDIT,UPI,PENDING,2026-03-03
T00005734,C000230,202819.16,INR,CREDIT,CARD,PENDING,2026-04-25
T00005735,C001847,146809.84,INR,CREDIT,IMPS,PENDING,2026-03-22
T00005736,C003101,166212.78,USD,DEBIT,CARD,SUCCESS,2026-09-14
T00005737,C003493,45628.87,AED,CREDIT,SWIFT,FAILED,2026-02-17
T00005738,C000321,158224.96,INR,DEBIT,UPI,PENDING,2026-03-23
T00005739,C000408,279998.78,AED,DEBIT,IMPS,REVERSED,2026-07-28
T00005740,C003269,826043.18,INR,DEBIT,IMPS,REVERSED,2026-01-11
T00005741,C001772,183567.97,INR,DEBIT,IMPS,SUCCESS,2026-06-25
T00005742,C000274,827210.58,INR,CREDIT,IMPS,SUCCESS,2026-03-08
T00005743,C000555,235027.88,AED,CREDIT,CARD,FAILED,2026-09-23
T00005744,C000733,868633.86,USD,CREDIT,IMPS,FAILED,2026-07-06
T00005745,C002688,42021.06,USD,CREDIT,IMPS,FAILED,2026-09-19
T00005746,C000946,571244.13,INR,CREDIT,NEFT,FAILED,2026-01-11
T00005747,C002556,284236.81,INR,DEBIT,CARD,SUCCESS,2026-06-27
T00005748,C002657,757252.2,USD,DEBIT,SWIFT,SUCCESS,2026-08-05
T00005749,C001156,143584.26,AED,DEBIT,NEFT,SUCCESS,2026-07-07
T00005750,C000190,837817.39,USD,DEBIT,NEFT,PENDING,2026-02-09
T00005751,C002152,747292.09,USD,DEBIT,UPI,SUCCESS,2026-04-03
T00005752,C002219,77467.94,USD,CREDIT,NEFT,SUCCESS,2026-08-18
T00005753,C003465,501717.76,AED,DEBIT,IMPS,FAILED,2026-05-20
T00005754,C002510,98677.02,INR,DEBIT,UPI,PENDING,2026-04-26
T00005755,C000636,419734.94,INR,CREDIT,NEFT,FAILED,2026-07-19
T00005756,C002852,79087.15,USD,DEBIT,CARD,SUCCESS,2026-01-03
T00005757,C001410,823489.7,INR,CREDIT,CARD,SUCCESS,2026-06-11
T00005758,C002674,864425.21,INR,CREDIT,SWIFT,PENDING,2026-07-10
T00005759,C000126,596930.8,INR,DEBIT,CARD,SUCCESS,2026-04-01
T00005760,C003335,11088.84,INR,DEBIT,UPI,FAILED,2026-08-05
T00005761,C000134,456203.66,INR,CREDIT,SWIFT,FAILED,2026-02-28
T00005762,C000056,808873.96,INR,DEBIT,NEFT,REVERSED,2026-07-15
T00005763,C001956,456961.56,INR,CREDIT,CARD,SUCCESS,2026-04-01
T00005764,C001105,426354.17,INR,CREDIT,NEFT,FAILED,2026-09-08
T00005765,C002102,796255.55,USD,DEBIT,UPI,FAILED,2026-01-18
T00005766,C003111,714287.77,INR,CREDIT,NEFT,PENDING,2026-06-01
T00005767,C002028,301784.37,INR,DEBIT,IMPS,SUCCESS,2026-05-16
T00005768,C003348,566886.0,USD,DEBIT,CARD,SUCCESS,2026-09-22
T00005769,C001138,269906.44,AED,DEBIT,UPI,PENDING,2026-02-04
T00005770,C002788,412745.97,AED,CREDIT,NEFT,SUCCESS,2026-07-23
T00005771,C002671,787951.62,INR,DEBIT,SWIFT,SUCCESS,2026-08-20
T00005772,C001464,710161.17,AED,DEBIT,UPI,SUCCESS,2026-02-19
T00005773,C001931,707578.48,INR,CREDIT,SWIFT,REVERSED,2026-04-27
T00005774,C002412,330624.38,INR,CREDIT,IMPS,SUCCESS,2026-01-05
T00005775,C003046,264820.26,AED,CREDIT,SWIFT,FAILED,2026-02-18
T00005776,C003026,711482.19,INR,DEBIT,NEFT,SUCCESS,2026-02-25
T00005777,C002816,605673.6,USD,CREDIT,NEFT,PENDING,2026-02-07
T00005778,C001923,216364.75,USD,DEBIT,UPI,SUCCESS,2026-08-13
T00005779,C000944,304572.65,AED,DEBIT,CARD,REVERSED,2026-06-03
T00005780,C002205,188393.31,AED,DEBIT,IMPS,REVERSED,2026-09-25
T00005781,C000303,52528.4,AED,DEBIT,IMPS,SUCCESS,2026-08-02
T00005782,C000932,589437.13,AED,DEBIT,NEFT,SUCCESS,2026-03-04
T00005783,C001150,520783.28,AED,DEBIT,UPI,PENDING,2026-06-20
T00005784,C003190,284326.76,AED,DEBIT,IMPS,FAILED,2026-08-02
T00005785,C002974,4236.58,INR,CREDIT,IMPS,SUCCESS,2026-01-27
T00005786,C000145,488310.76,INR,CREDIT,UPI,FAILED,2026-06-18
T00005787,C000908,579071.64,AED,DEBIT,CARD,SUCCESS,2026-03-27
T00005788,C001979,819311.93,USD,DEBIT,SWIFT,REVERSED,2026-07-19
T00005789,C001000,402557.73,INR,CREDIT,NEFT,SUCCESS,2026-01-22
T00005790,C003141,517351.02,INR,CREDIT,SWIFT,SUCCESS,2026-05-04
T00005791,C001989,146720.93,INR,DEBIT,CARD,SUCCESS,2026-05-05
T00005792,C000336,501325.08,INR,CREDIT,IMPS,SUCCESS,2026-08-18
T00005793,C000417,154265.99,AED,CREDIT,IMPS,SUCCESS,2026-08-13
T00005794,C000558,782269.58,USD,CREDIT,UPI,FAILED,2026-06-28
T00005795,C000187,790381.98,USD,CREDIT,NEFT,SUCCESS,2026-08-24
T00005796,C002367,599301.8,AED,DEBIT,CARD,PENDING,2026-07-15
T00005797,C001786,796234.01,USD,DEBIT,SWIFT,SUCCESS,2026-05-26
T00005798,C000883,667376.25,USD,CREDIT,UPI,SUCCESS,2026-09-21
T00005799,C003495,462693.44,USD,DEBIT,NEFT,FAILED,2026-06-20
T00005800,C002894,812913.44,USD,CREDIT,CARD,FAILED,2026-09-11
T00005801,C003099,383475.35,INR,CREDIT,UPI,REVERSED,2026-09-18
T00005802,C001880,430417.96,USD,DEBIT,IMPS,SUCCESS,2026-02-23
T00005803,C002316,52400.08,USD,DEBIT,CARD,FAILED,2026-02-07
T00005804,C003065,624367.54,INR,CREDIT,CARD,FAILED,2026-08-11
T00005805,C001736,714253.16,INR,DEBIT,SWIFT,SUCCESS,2026-08-10
T00005806,C003228,770498.19,INR,DEBIT,SWIFT,FAILED,2026-06-28
T00005807,C002328,560124.12,AED,DEBIT,NEFT,PENDING,2026-02-14
T00005808,C001854,119022.88,AED,DEBIT,IMPS,SUCCESS,2026-01-24
T00005809,C001137,669272.32,INR,CREDIT,SWIFT,REVERSED,2026-07-26
T00005810,C003146,215665.03,INR,DEBIT,NEFT,FAILED,2026-01-21
T00005811,C002340,510182.94,INR,CREDIT,CARD,SUCCESS,2026-04-13
T00005812,C002584,560750.08,INR,DEBIT,UPI,SUCCESS,2026-06-21
T00005813,C000565,296203.98,USD,DEBIT,SWIFT,SUCCESS,2026-05-01
T00005814,C001402,845961.69,INR,DEBIT,IMPS,REVERSED,2026-06-16
T00005815,C001671,694596.35,INR,DEBIT,UPI,PENDING,2026-03-10
T00005816,C003457,165169.07,INR,CREDIT,UPI,REVERSED,2026-04-19
T00005817,C002515,621844.77,AED,DEBIT,CARD,PENDING,2026-03-07
T00005818,C000329,206815.21,AED,DEBIT,NEFT,SUCCESS,2026-02-01
T00005819,C000392,75169.36,USD,CREDIT,IMPS,SUCCESS,2026-07-15
T00005820,C000407,481955.23,INR,DEBIT,SWIFT,PENDING,2026-04-12
T00005821,C000016,854432.41,INR,DEBIT,SWIFT,SUCCESS,2026-02-11
T00005822,C002405,518555.19,INR,CREDIT,IMPS,SUCCESS,2026-09-19
T00005823,C000554,149110.39,INR,DEBIT,SWIFT,FAILED,2026-08-27
T00005824,C000023,617759.75,AED,CREDIT,NEFT,SUCCESS,2026-02-21
T00005825,C002592,471392.1,USD,CREDIT,NEFT,PENDING,2026-04-03
T00005826,C002254,819010.88,AED,CREDIT,CARD,SUCCESS,2026-09-12
T00005827,C001713,799166.87,INR,CREDIT,NEFT,REVERSED,2026-08-18
T00005828,C002369,570673.68,USD,CREDIT,NEFT,SUCCESS,2026-01-07
T00005829,C003347,467773.99,USD,CREDIT,UPI,FAILED,2026-04-09
T00005830,C001787,445076.15,INR,DEBIT,UPI,SUCCESS,2026-06-20
T00005831,C003240,836257.37,INR,DEBIT,CARD,SUCCESS,2026-01-19
T00005832,C002012,173890.95,INR,DEBIT,SWIFT,SUCCESS,2026-09-03
T00005833,C000251,694863.01,USD,CREDIT,SWIFT,REVERSED,2026-04-23
T00005834,C000152,343464.01,INR,DEBIT,CARD,FAILED,2026-05-03
T00005835,C003163,39001.93,USD,DEBIT,IMPS,PENDING,2026-09-10
T00005836,C002882,330142.49,INR,CREDIT,NEFT,REVERSED,2026-05-15
T00005837,C001793,733080.12,USD,DEBIT,UPI,SUCCESS,2026-04-02
T00005838,C002917,21572.03,INR,CREDIT,SWIFT,SUCCESS,2026-06-20
T00005839,C001126,46794.89,AED,CREDIT,NEFT,SUCCESS,2026-02-01
T00005840,C000870,877489.21,USD,CREDIT,NEFT,SUCCESS,2026-05-16
T00005841,C001931,35264.52,USD,CREDIT,CARD,FAILED,2026-02-06
T00005842,C001511,608100.29,USD,DEBIT,NEFT,SUCCESS,2026-07-10
T00005843,C001372,568547.49,INR,DEBIT,CARD,SUCCESS,2026-08-12
T00005844,C003139,765927.28,INR,DEBIT,IMPS,SUCCESS,2026-04-02
T00005845,C000804,81219.22,INR,CREDIT,SWIFT,SUCCESS,2026-07-22
T00005846,C003031,352391.16,USD,CREDIT,CARD,SUCCESS,2026-02-05
T00005847,C001167,399416.81,AED,DEBIT,CARD,SUCCESS,2026-01-17
T00005848,C003445,626412.15,INR,CREDIT,UPI,SUCCESS,2026-07-23
T00005849,C001786,685194.33,INR,DEBIT,IMPS,SUCCESS,2026-02-26
T00005850,C002375,48660.81,INR,DEBIT,SWIFT,SUCCESS,2026-03-07
T00005851,C002549,214867.67,INR,CREDIT,SWIFT,REVERSED,2026-01-09
T00005852,C002806,780098.36,AED,DEBIT,UPI,SUCCESS,2026-04-09
T00005853,C002298,190455.19,INR,DEBIT,SWIFT,REVERSED,2026-01-28
T00005854,C000244,60774.32,INR,DEBIT,SWIFT,PENDING,2026-07-01
T00005855,C002478,270533.62,INR,DEBIT,UPI,REVERSED,2026-03-14
T00005856,C001087,521990.28,INR,CREDIT,UPI,SUCCESS,2026-09-06
T00005857,C001844,694158.58,USD,CREDIT,CARD,PENDING,2026-07-25
T00005858,C000612,454845.21,USD,CREDIT,IMPS,SUCCESS,2026-07-19
T00005859,C001392,51406.88,INR,CREDIT,CARD,SUCCESS,2026-03-04
T00005860,C000978,11431.58,USD,DEBIT,UPI,SUCCESS,2026-04-17
T00005861,C002510,80319.62,USD,DEBIT,NEFT,SUCCESS,2026-04-03
T00005862,C001509,469674.65,USD,CREDIT,SWIFT,SUCCESS,2026-02-01
T00005863,C000586,221980.56,INR,CREDIT,UPI,REVERSED,2026-05-19
T00005864,C001801,690660.41,AED,CREDIT,UPI,FAILED,2026-05-09
T00005865,C002460,761226.41,INR,DEBIT,UPI,FAILED,2026-02-08
T00005866,C000986,862012.54,USD,DEBIT,IMPS,SUCCESS,2026-09-05
T00005867,C003400,374743.55,INR,DEBIT,SWIFT,REVERSED,2026-08-19
T00005868,C001331,198851.56,INR,CREDIT,UPI,REVERSED,2026-08-04
T00005869,C003161,84587.5,INR,DEBIT,SWIFT,SUCCESS,2026-03-13
T00005870,C002016,132003.82,AED,CREDIT,NEFT,PENDING,2026-02-09
T00005871,C000332,68005.28,INR,CREDIT,NEFT,SUCCESS,2026-05-04
T00005872,C002502,878908.7,INR,DEBIT,UPI,PENDING,2026-05-27
T00005873,C001144,213955.77,USD,CREDIT,IMPS,REVERSED,2026-04-18
T00005874,C001656,694265.45,INR,CREDIT,IMPS,SUCCESS,2026-04-14
T00005875,C001911,633396.19,AED,CREDIT,CARD,PENDING,2026-08-28
T00005876,C003089,790187.66,INR,DEBIT,IMPS,PENDING,2026-04-24
T00005877,C000945,865412.63,INR,CREDIT,CARD,PENDING,2026-07-10
T00005878,C001335,34469.33,INR,DEBIT,CARD,FAILED,2026-02-23
T00005879,C001999,566167.13,AED,DEBIT,NEFT,PENDING,2026-09-04
T00005880,C000411,105015.84,INR,CREDIT,IMPS,PENDING,2026-07-22
T00005881,C003057,872712.92,USD,DEBIT,CARD,PENDING,2026-04-24
T00005882,C000229,661153.14,INR,CREDIT,NEFT,SUCCESS,2026-04-05
T00005883,C000023,613376.83,AED,CREDIT,SWIFT,FAILED,2026-07-21
T00005884,C001453,445178.51,USD,DEBIT,CARD,SUCCESS,2026-09-23
T00005885,C003354,684100.48,INR,CREDIT,UPI,SUCCESS,2026-09-05
T00005886,C001964,860253.28,AED,CREDIT,SWIFT,FAILED,2026-09-10
T00005887,C002714,606121.23,INR,CREDIT,NEFT,REVERSED,2026-05-22
T00005888,C000266,845186.5,INR,CREDIT,IMPS,SUCCESS,2026-09-17
T00005889,C001001,618599.01,INR,CREDIT,SWIFT,REVERSED,2026-04-20
T00005890,C000371,290688.75,INR,CREDIT,NEFT,SUCCESS,2026-03-22
T00005891,C000281,562054.73,INR,CREDIT,UPI,SUCCESS,2026-04-19
T00005892,C002435,687831.2,USD,CREDIT,NEFT,FAILED,2026-09-15
T00005893,C002336,376154.59,AED,CREDIT,IMPS,REVERSED,2026-02-11
T00005894,C003409,107630.45,USD,DEBIT,SWIFT,FAILED,2026-02-16
T00005895,C003227,231788.89,AED,DEBIT,SWIFT,SUCCESS,2026-03-18
T00005896,C002426,735049.89,USD,CREDIT,CARD,SUCCESS,2026-04-16
T00005897,C000626,202650.82,INR,CREDIT,IMPS,SUCCESS,2026-05-20
T00005898,C002491,297193.15,INR,CREDIT,NEFT,SUCCESS,2026-09-12
T00005899,C001853,309471.42,USD,CREDIT,UPI,FAILED,2026-05-23
T00005900,C002218,334334.03,USD,CREDIT,CARD,SUCCESS,2026-05-19
T00005901,C000141,743427.11,INR,CREDIT,CARD,SUCCESS,2026-05-27
T00005902,C000566,413469.82,AED,CREDIT,NEFT,SUCCESS,2026-02-03
T00005903,C001401,22857.17,INR,DEBIT,CARD,REVERSED,2026-07-13
T00005904,C002458,488549.04,INR,CREDIT,CARD,REVERSED,2026-04-06
T00005905,C001913,88461.66,INR,DEBIT,NEFT,FAILED,2026-07-04
T00005906,C000396,181722.05,INR,DEBIT,IMPS,PENDING,2026-03-14
T00005907,C003070,588883.3,INR,DEBIT,SWIFT,SUCCESS,2026-03-10
T00005908,C001171,130608.24,INR,CREDIT,IMPS,SUCCESS,2026-06-19
T00005909,C001093,386819.31,AED,DEBIT,NEFT,PENDING,2026-07-09
T00005910,C001813,731102.19,INR,CREDIT,IMPS,FAILED,2026-06-16
T00005911,C002706,275371.22,INR,CREDIT,IMPS,PENDING,2026-07-15
T00005912,C001491,637856.23,INR,CREDIT,CARD,SUCCESS,2026-06-01
T00005913,C002319,799585.48,AED,CREDIT,UPI,SUCCESS,2026-03-24
T00005914,C001295,847212.86,USD,CREDIT,IMPS,SUCCESS,2026-06-21
T00005915,C003448,871336.79,INR,DEBIT,NEFT,SUCCESS,2026-03-28
T00005916,C003183,299773.42,AED,CREDIT,IMPS,FAILED,2026-04-03
T00005917,C002380,535040.86,AED,CREDIT,CARD,SUCCESS,2026-08-28
T00005918,C001709,459815.01,INR,CREDIT,NEFT,SUCCESS,2026-04-19
T00005919,C002568,48772.27,AED,CREDIT,SWIFT,FAILED,2026-04-08
T00005920,C000462,861649.53,AED,DEBIT,NEFT,SUCCESS,2026-03-08
T00005921,C000734,312017.45,AED,DEBIT,IMPS,SUCCESS,2026-07-25
T00005922,C003261,315092.67,USD,CREDIT,SWIFT,FAILED,2026-02-11
T00005923,C000252,463188.95,INR,CREDIT,UPI,SUCCESS,2026-04-19
T00005924,C000884,870670.02,INR,DEBIT,SWIFT,SUCCESS,2026-05-28
T00005925,C001200,19578.26,INR,CREDIT,CARD,SUCCESS,2026-09-09
T00005926,C003236,799742.68,AED,CREDIT,SWIFT,FAILED,2026-07-04
T00005927,C000628,3917.7,AED,DEBIT,IMPS,SUCCESS,2026-03-12
T00005928,C001367,40422.43,USD,DEBIT,SWIFT,PENDING,2026-05-22
T00005929,C003482,761235.45,INR,DEBIT,UPI,FAILED,2026-01-25
T00005930,C002223,269329.14,USD,CREDIT,CARD,PENDING,2026-08-23
T00005931,C002144,211076.27,USD,CREDIT,CARD,FAILED,2026-09-16
T00005932,C001323,452794.31,INR,DEBIT,UPI,SUCCESS,2026-03-15
T00005933,C001801,398359.7,USD,CREDIT,UPI,SUCCESS,2026-08-10
T00005934,C001558,408917.2,INR,DEBIT,SWIFT,REVERSED,2026-08-27
T00005935,C000914,607002.19,INR,CREDIT,IMPS,PENDING,2026-01-18
T00005936,C003018,532327.99,USD,CREDIT,NEFT,SUCCESS,2026-08-10
T00005937,C002823,160941.2,INR,DEBIT,NEFT,FAILED,2026-06-26
T00005938,C002720,494045.3,AED,DEBIT,IMPS,SUCCESS,2026-07-18
T00005939,C001145,581899.28,AED,CREDIT,UPI,FAILED,2026-01-14
T00005940,C002579,99342.83,INR,CREDIT,SWIFT,SUCCESS,2026-07-13
T00005941,C000915,543712.78,AED,DEBIT,NEFT,SUCCESS,2026-04-14
T00005942,C002415,497248.92,AED,CREDIT,SWIFT,FAILED,2026-02-02
T00005943,C002508,857130.53,USD,DEBIT,CARD,SUCCESS,2026-05-08
T00005944,C002344,529585.27,AED,DEBIT,CARD,SUCCESS,2026-04-19
T00005945,C001899,557652.64,USD,CREDIT,UPI,SUCCESS,2026-07-24
T00005946,C000264,770844.98,AED,CREDIT,UPI,SUCCESS,2026-09-22
T00005947,C001187,578400.35,USD,CREDIT,NEFT,SUCCESS,2026-06-06
T00005948,C000366,480963.79,INR,DEBIT,IMPS,SUCCESS,2026-03-26
T00005949,C002339,803040.94,AED,CREDIT,CARD,PENDING,2026-09-22
T00005950,C001075,516492.08,INR,CREDIT,SWIFT,SUCCESS,2026-01-14
T00005951,C003129,226095.04,INR,CREDIT,SWIFT,PENDING,2026-08-09
T00005952,C000505,591030.07,INR,DEBIT,IMPS,SUCCESS,2026-08-23
T00005953,C002149,722384.83,USD,DEBIT,SWIFT,REVERSED,2026-07-19
T00005954,C002791,578579.05,INR,DEBIT,NEFT,SUCCESS,2026-06-07
T00005955,C002106,88640.76,INR,CREDIT,CARD,FAILED,2026-07-25
T00005956,C000320,507611.56,AED,DEBIT,SWIFT,REVERSED,2026-07-06
T00005957,C000370,877928.52,USD,CREDIT,CARD,PENDING,2026-03-09
T00005958,C003405,712537.01,INR,DEBIT,NEFT,REVERSED,2026-05-16
T00005959,C003323,141638.8,USD,DEBIT,CARD,PENDING,2026-07-21
T00005960,C002181,100933.06,INR,DEBIT,IMPS,SUCCESS,2026-01-20
T00005961,C002828,601611.56,AED,CREDIT,SWIFT,FAILED,2026-06-14
T00005962,C001961,807257.09,AED,CREDIT,NEFT,SUCCESS,2026-02-05
T00005963,C003211,578054.45,USD,DEBIT,SWIFT,FAILED,2026-05-12
T00005964,C000093,346744.67,AED,CREDIT,CARD,REVERSED,2026-01-02
T00005965,C001199,314499.62,USD,CREDIT,IMPS,SUCCESS,2026-07-13
T00005966,C002661,818733.18,USD,DEBIT,NEFT,SUCCESS,2026-02-11
T00005967,C000559,500418.26,INR,DEBIT,CARD,SUCCESS,2026-04-13
T00005968,C002885,48527.94,USD,DEBIT,NEFT,REVERSED,2026-07-16
T00005969,C003350,557611.7,INR,DEBIT,CARD,SUCCESS,2026-04-05
T00005970,C001867,420674.72,USD,DEBIT,UPI,FAILED,2026-06-23
T00005971,C000709,829355.7,USD,DEBIT,IMPS,FAILED,2026-03-13
T00005972,C002812,668451.61,AED,DEBIT,NEFT,SUCCESS,2026-02-07
T00005973,C002159,93003.78,USD,DEBIT,IMPS,SUCCESS,2026-04-05
T00005974,C001904,57146.22,USD,CREDIT,CARD,SUCCESS,2026-07-22
T00005975,C000120,303183.8,INR,DEBIT,NEFT,SUCCESS,2026-02-12
T00005976,C002496,384464.69,USD,DEBIT,IMPS,FAILED,2026-06-12
T00005977,C003483,640361.84,USD,CREDIT,UPI,SUCCESS,2026-08-16
T00005978,C000761,761646.3,INR,DEBIT,SWIFT,PENDING,2026-08-04
T00005979,C000851,39086.2,INR,CREDIT,CARD,PENDING,2026-02-22
T00005980,C001206,709535.34,INR,CREDIT,IMPS,REVERSED,2026-03-22
T00005981,C001669,129547.66,USD,DEBIT,IMPS,SUCCESS,2026-06-22
T00005982,C003362,712499.02,AED,CREDIT,CARD,SUCCESS,2026-02-14
T00005983,C001741,404442.03,AED,CREDIT,UPI,SUCCESS,2026-05-08
T00005984,C002891,148083.88,USD,CREDIT,SWIFT,REVERSED,2026-05-04
T00005985,C002026,683399.3,AED,CREDIT,CARD,REVERSED,2026-05-06
T00005986,C001038,808545.38,USD,CREDIT,SWIFT,SUCCESS,2026-05-11
T00005987,C000595,349574.84,USD,DEBIT,SWIFT,PENDING,2026-03-26
T00005988,C002608,244845.87,INR,CREDIT,CARD,SUCCESS,2026-02-19
T00005989,C002150,341709.61,INR,CREDIT,UPI,SUCCESS,2026-07-20
T00005990,C000391,88638.41,AED,DEBIT,IMPS,PENDING,2026-03-14
T00005991,C002981,310707.31,AED,CREDIT,NEFT,SUCCESS,2026-05-25
T00005992,C000538,514115.18,INR,CREDIT,SWIFT,PENDING,2026-07-23
T00005993,C001229,29072.66,INR,CREDIT,IMPS,SUCCESS,2026-03-15
T00005994,C001088,818681.08,INR,DEBIT,CARD,REVERSED,2026-03-16
T00005995,C001015,697085.2,AED,CREDIT,CARD,SUCCESS,2026-09-24
T00005996,C001616,438316.23,INR,CREDIT,UPI,SUCCESS,2026-03-08
T00005997,C002021,640319.56,INR,CREDIT,IMPS,FAILED,2026-07-07
T00005998,C000517,843554.52,INR,DEBIT,NEFT,SUCCESS,2026-04-21
T00005999,C000794,462673.24,AED,CREDIT,IMPS,FAILED,2026-03-16
T00006000,C002702,626571.35,USD,CREDIT,IMPS,REVERSED,2026-07-10
T00006001,C003494,180254.22,USD,DEBIT,SWIFT,SUCCESS,2026-03-01
T00006002,C000117,742148.06,AED,DEBIT,CARD,FAILED,2026-08-05
T00006003,C002522,195835.19,USD,DEBIT,UPI,REVERSED,2026-06-04
T00006004,C000800,758662.98,AED,DEBIT,IMPS,SUCCESS,2026-06-08
T00006005,C001168,661533.86,INR,DEBIT,NEFT,PENDING,2026-03-16
T00006006,C000553,756859.2,AED,DEBIT,NEFT,PENDING,2026-03-20
T00006007,C003351,437267.61,AED,CREDIT,SWIFT,FAILED,2026-05-20
T00006008,C002121,61743.92,AED,DEBIT,UPI,FAILED,2026-02-21
T00006009,C001738,11242.32,INR,DEBIT,UPI,SUCCESS,2026-06-01
T00006010,C001624,465955.48,USD,DEBIT,UPI,FAILED,2026-02-05
T00006011,C002616,613147.56,INR,CREDIT,SWIFT,SUCCESS,2026-01-08
T00006012,C002360,463119.96,AED,DEBIT,NEFT,SUCCESS,2026-04-12
T00006013,C000155,146134.31,INR,CREDIT,SWIFT,FAILED,2026-08-04
T00006014,C002719,550093.85,INR,CREDIT,IMPS,FAILED,2026-07-09
T00006015,C001228,271915.17,INR,CREDIT,IMPS,SUCCESS,2026-01-11
T00006016,C003396,576888.37,INR,DEBIT,UPI,SUCCESS,2026-08-14
T00006017,C000651,356264.22,AED,DEBIT,NEFT,SUCCESS,2026-01-03
T00006018,C000674,661657.55,USD,DEBIT,UPI,REVERSED,2026-01-25
T00006019,C000801,852912.1,INR,DEBIT,SWIFT,SUCCESS,2026-09-11
T00006020,C002086,445441.06,USD,CREDIT,NEFT,PENDING,2026-01-04
T00006021,C003024,390495.06,INR,CREDIT,SWIFT,SUCCESS,2026-05-14
T00006022,C001566,644215.74,USD,DEBIT,SWIFT,SUCCESS,2026-05-26
T00006023,C002845,868861.84,AED,CREDIT,NEFT,SUCCESS,2026-02-20
T00006024,C003196,591235.71,INR,DEBIT,UPI,SUCCESS,2026-02-04
T00006025,C000535,444326.65,INR,DEBIT,IMPS,PENDING,2026-02-23
T00006026,C001087,40225.96,INR,CREDIT,UPI,SUCCESS,2026-06-18
T00006027,C002261,849083.02,USD,DEBIT,NEFT,SUCCESS,2026-04-16
T00006028,C001329,359552.12,USD,CREDIT,CARD,REVERSED,2026-01-26
T00006029,C002703,62267.11,AED,CREDIT,CARD,REVERSED,2026-06-18
T00006030,C001125,474234.2,AED,CREDIT,SWIFT,REVERSED,2026-03-20
T00006031,C000664,380400.23,INR,CREDIT,UPI,SUCCESS,2026-06-25
T00006032,C000025,859830.01,AED,DEBIT,CARD,PENDING,2026-08-17
T00006033,C000843,572290.19,INR,CREDIT,IMPS,FAILED,2026-06-14
T00006034,C003269,709276.75,INR,CREDIT,SWIFT,PENDING,2026-06-28
T00006035,C002109,613064.38,AED,DEBIT,SWIFT,REVERSED,2026-03-10
T00006036,C001142,163724.28,AED,DEBIT,CARD,FAILED,2026-09-13
T00006037,C002727,546869.17,AED,CREDIT,NEFT,PENDING,2026-04-21
T00006038,C002561,363764.83,USD,CREDIT,IMPS,FAILED,2026-05-24
T00006039,C000261,477605.96,INR,DEBIT,IMPS,REVERSED,2026-02-04
T00006040,C002224,146994.59,USD,DEBIT,IMPS,SUCCESS,2026-03-20
T00006041,C001645,510720.56,INR,DEBIT,CARD,REVERSED,2026-04-02
T00006042,C000552,883935.58,USD,CREDIT,UPI,SUCCESS,2026-01-01
T00006043,C001399,51007.61,USD,CREDIT,UPI,PENDING,2026-07-09
T00006044,C003466,118034.72,INR,DEBIT,NEFT,SUCCESS,2026-07-12
T00006045,C002538,480575.16,INR,DEBIT,SWIFT,SUCCESS,2026-05-14
T00006046,C001718,61190.36,AED,DEBIT,SWIFT,PENDING,2026-06-26
T00006047,C001248,817128.89,INR,CREDIT,CARD,PENDING,2026-07-08
T00006048,C000459,392310.99,USD,CREDIT,SWIFT,SUCCESS,2026-04-22
T00006049,C001479,25810.44,USD,DEBIT,CARD,FAILED,2026-09-27
T00006050,C000374,714322.48,AED,CREDIT,SWIFT,SUCCESS,2026-04-03
T00006051,C002474,314161.47,INR,DEBIT,SWIFT,SUCCESS,2026-03-21
T00006052,C002051,530146.5,USD,CREDIT,CARD,PENDING,2026-08-20
T00006053,C000188,455022.19,INR,DEBIT,IMPS,SUCCESS,2026-08-12
T00006054,C002913,106021.73,INR,DEBIT,CARD,SUCCESS,2026-04-12
T00006055,C001329,620895.9,INR,DEBIT,NEFT,SUCCESS,2026-06-26
T00006056,C001741,624592.3,USD,CREDIT,SWIFT,SUCCESS,2026-01-24
T00006057,C001763,873665.24,INR,CREDIT,CARD,FAILED,2026-01-18
T00006058,C000452,538520.86,INR,CREDIT,UPI,FAILED,2026-03-28
T00006059,C002933,366187.57,INR,CREDIT,UPI,REVERSED,2026-09-18
T00006060,C002605,22471.75,INR,DEBIT,SWIFT,FAILED,2026-06-06
T00006061,C001673,763951.67,INR,CREDIT,UPI,SUCCESS,2026-06-07
T00006062,C002660,46056.3,USD,CREDIT,UPI,PENDING,2026-09-23
T00006063,C001605,292399.14,USD,CREDIT,CARD,SUCCESS,2026-07-23
T00006064,C003214,166919.85,AED,DEBIT,UPI,FAILED,2026-05-04
T00006065,C002838,867128.74,USD,DEBIT,UPI,PENDING,2026-08-27
T00006066,C001069,158664.81,INR,CREDIT,CARD,SUCCESS,2026-02-12
T00006067,C000966,467112.76,AED,DEBIT,SWIFT,FAILED,2026-05-19
T00006068,C001535,569564.99,USD,DEBIT,SWIFT,PENDING,2026-01-19
T00006069,C000779,402095.76,INR,DEBIT,CARD,SUCCESS,2026-02-02
T00006070,C002628,344033.15,INR,DEBIT,NEFT,FAILED,2026-03-24
T00006071,C003314,210955.61,INR,DEBIT,SWIFT,SUCCESS,2026-06-08
T00006072,C002695,610716.93,INR,DEBIT,UPI,SUCCESS,2026-07-17
T00006073,C000771,855874.01,INR,CREDIT,SWIFT,REVERSED,2026-05-25
T00006074,C000542,139693.55,USD,CREDIT,IMPS,SUCCESS,2026-02-25
T00006075,C001810,159105.84,AED,CREDIT,NEFT,SUCCESS,2026-06-26
T00006076,C002643,324418.34,INR,CREDIT,CARD,FAILED,2026-01-19
T00006077,C000294,469163.0,INR,DEBIT,NEFT,SUCCESS,2026-02-14
T00006078,C002421,661958.2,USD,DEBIT,UPI,SUCCESS,2026-01-27
T00006079,C003192,455527.61,AED,DEBIT,NEFT,FAILED,2026-02-01
T00006080,C002174,504097.24,INR,CREDIT,SWIFT,SUCCESS,2026-05-20
T00006081,C003419,296866.89,USD,CREDIT,CARD,REVERSED,2026-07-16
T00006082,C000576,171803.45,INR,CREDIT,NEFT,PENDING,2026-04-23
T00006083,C000832,39670.24,AED,DEBIT,NEFT,SUCCESS,2026-06-06
T00006084,C000587,663237.48,USD,DEBIT,SWIFT,FAILED,2026-07-14
T00006085,C001430,52966.01,AED,CREDIT,IMPS,PENDING,2026-03-28
T00006086,C001443,425500.76,AED,DEBIT,SWIFT,SUCCESS,2026-07-05
T00006087,C000277,726447.0,AED,DEBIT,SWIFT,SUCCESS,2026-03-06
T00006088,C003189,81212.44,INR,CREDIT,CARD,SUCCESS,2026-09-24
T00006089,C000636,386922.68,INR,CREDIT,CARD,SUCCESS,2026-03-18
T00006090,C000229,190316.0,AED,DEBIT,NEFT,SUCCESS,2026-02-01
T00006091,C001375,194595.78,AED,CREDIT,SWIFT,SUCCESS,2026-03-14
T00006092,C000788,408318.16,INR,CREDIT,SWIFT,REVERSED,2026-09-20
T00006093,C000717,732274.66,USD,DEBIT,UPI,SUCCESS,2026-02-09
T00006094,C002719,211120.11,INR,DEBIT,SWIFT,SUCCESS,2026-05-21
T00006095,C000249,698718.48,INR,DEBIT,CARD,PENDING,2026-03-08
T00006096,C001481,282744.08,INR,DEBIT,UPI,SUCCESS,2026-03-13
T00006097,C000694,181462.07,INR,CREDIT,UPI,REVERSED,2026-09-01
T00006098,C000173,33776.45,USD,CREDIT,IMPS,REVERSED,2026-02-02
T00006099,C002374,26837.45,USD,DEBIT,UPI,PENDING,2026-03-11
T00006100,C000845,488406.79,INR,DEBIT,UPI,REVERSED,2026-08-21
T00006101,C001677,695564.05,AED,CREDIT,NEFT,FAILED,2026-07-17
T00006102,C000993,675462.83,INR,CREDIT,CARD,SUCCESS,2026-07-05
T00006103,C001796,187542.69,USD,CREDIT,IMPS,SUCCESS,2026-04-08
T00006104,C003261,532540.04,USD,CREDIT,IMPS,SUCCESS,2026-03-01
T00006105,C000367,187772.57,AED,CREDIT,NEFT,FAILED,2026-09-13
T00006106,C001425,350837.84,USD,CREDIT,SWIFT,SUCCESS,2026-05-22
T00006107,C002886,101084.73,USD,DEBIT,NEFT,PENDING,2026-08-10
T00006108,C002582,278931.18,USD,CREDIT,IMPS,REVERSED,2026-07-10
T00006109,C002839,391627.26,INR,DEBIT,CARD,SUCCESS,2026-03-26
T00006110,C001597,59917.81,INR,CREDIT,CARD,SUCCESS,2026-04-09
T00006111,C000931,639325.39,USD,CREDIT,SWIFT,REVERSED,2026-05-25
T00006112,C002411,55893.64,AED,CREDIT,UPI,FAILED,2026-09-08
T00006113,C001578,634953.1,AED,CREDIT,IMPS,REVERSED,2026-08-10
T00006114,C002601,595992.65,AED,CREDIT,CARD,SUCCESS,2026-07-24
T00006115,C001302,637941.89,AED,DEBIT,SWIFT,SUCCESS,2026-08-15
T00006116,C000289,377461.86,USD,DEBIT,CARD,PENDING,2026-09-22
T00006117,C002073,845022.99,USD,CREDIT,CARD,SUCCESS,2026-07-07
T00006118,C000952,791445.44,AED,DEBIT,CARD,FAILED,2026-02-24
T00006119,C002483,225127.3,AED,DEBIT,CARD,SUCCESS,2026-03-16
T00006120,C001747,457929.34,USD,DEBIT,SWIFT,SUCCESS,2026-05-06
T00006121,C001127,744203.55,AED,DEBIT,UPI,SUCCESS,2026-02-24
T00006122,C000840,848035.51,AED,DEBIT,IMPS,SUCCESS,2026-08-17
T00006123,C000810,152180.34,INR,CREDIT,NEFT,SUCCESS,2026-06-22
T00006124,C003108,542507.11,AED,CREDIT,NEFT,SUCCESS,2026-07-18
T00006125,C003314,245655.49,INR,CREDIT,CARD,SUCCESS,2026-06-06
T00006126,C001319,798859.43,INR,DEBIT,NEFT,PENDING,2026-06-19
T00006127,C002451,136295.72,USD,DEBIT,SWIFT,PENDING,2026-06-19
T00006128,C001623,354718.39,USD,DEBIT,UPI,REVERSED,2026-04-07
T00006129,C000621,89883.09,INR,DEBIT,SWIFT,PENDING,2026-01-03
T00006130,C002069,185568.44,AED,CREDIT,NEFT,SUCCESS,2026-04-08
T00006131,C002778,255380.09,AED,DEBIT,CARD,SUCCESS,2026-02-19
T00006132,C002792,146497.63,INR,DEBIT,IMPS,SUCCESS,2026-06-27
T00006133,C002500,718503.63,AED,CREDIT,IMPS,SUCCESS,2026-09-22
T00006134,C001257,818525.47,USD,CREDIT,CARD,SUCCESS,2026-01-01
T00006135,C000985,217928.51,INR,DEBIT,UPI,FAILED,2026-08-22
T00006136,C000466,853583.51,USD,CREDIT,NEFT,PENDING,2026-05-08
T00006137,C002557,885113.64,AED,CREDIT,NEFT,FAILED,2026-02-14
T00006138,C000166,381318.98,AED,DEBIT,SWIFT,FAILED,2026-04-26
T00006139,C000094,664238.62,USD,CREDIT,IMPS,SUCCESS,2026-04-13
T00006140,C001607,315943.41,AED,CREDIT,IMPS,PENDING,2026-05-09
T00006141,C001092,833440.77,USD,CREDIT,CARD,SUCCESS,2026-01-16
T00006142,C001773,624729.84,INR,DEBIT,IMPS,SUCCESS,2026-06-26
T00006143,C000559,133082.39,INR,DEBIT,NEFT,FAILED,2026-09-20
T00006144,C003066,814163.07,INR,CREDIT,SWIFT,SUCCESS,2026-04-27
T00006145,C003489,305459.29,AED,CREDIT,IMPS,REVERSED,2026-01-23
T00006146,C002425,222976.97,INR,DEBIT,IMPS,PENDING,2026-01-08
T00006147,C002721,765179.97,AED,DEBIT,NEFT,SUCCESS,2026-06-21
T00006148,C001107,674492.9,USD,DEBIT,UPI,SUCCESS,2026-03-01
T00006149,C003203,782681.78,INR,DEBIT,IMPS,FAILED,2026-06-16
T00006150,C002519,601404.47,INR,CREDIT,SWIFT,SUCCESS,2026-07-27
T00006151,C003263,636489.42,AED,DEBIT,UPI,SUCCESS,2026-09-05
T00006152,C002549,823460.65,USD,DEBIT,CARD,FAILED,2026-01-05
T00006153,C001094,372105.13,INR,DEBIT,SWIFT,SUCCESS,2026-08-19
T00006154,C001200,785289.38,INR,DEBIT,UPI,REVERSED,2026-08-13
T00006155,C002383,780933.68,USD,DEBIT,NEFT,SUCCESS,2026-01-09
T00006156,C002187,580886.16,INR,DEBIT,SWIFT,PENDING,2026-04-13
T00006157,C000491,511107.99,INR,CREDIT,SWIFT,FAILED,2026-09-19
T00006158,C000660,653853.43,INR,CREDIT,SWIFT,SUCCESS,2026-04-27
T00006159,C003263,158659.11,USD,DEBIT,SWIFT,FAILED,2026-06-11
T00006160,C000649,450932.24,AED,CREDIT,NEFT,SUCCESS,2026-02-28
T00006161,C001009,215814.33,INR,DEBIT,NEFT,FAILED,2026-06-06
T00006162,C002930,140636.07,USD,CREDIT,NEFT,SUCCESS,2026-03-07
T00006163,C001242,378893.94,AED,DEBIT,NEFT,PENDING,2026-07-25
T00006164,C000298,639998.17,INR,CREDIT,CARD,SUCCESS,2026-09-07
T00006165,C000070,428808.51,USD,DEBIT,SWIFT,SUCCESS,2026-07-11
T00006166,C000805,787539.0,INR,CREDIT,SWIFT,PENDING,2026-04-04
T00006167,C001113,248234.21,USD,CREDIT,UPI,SUCCESS,2026-04-20
T00006168,C002800,502585.24,INR,CREDIT,IMPS,REVERSED,2026-09-24
T00006169,C002463,131036.71,INR,DEBIT,IMPS,FAILED,2026-05-03
T00006170,C001996,266568.84,INR,DEBIT,SWIFT,SUCCESS,2026-06-04
T00006171,C000443,218194.31,INR,CREDIT,UPI,REVERSED,2026-02-12
T00006172,C001875,197166.19,USD,DEBIT,UPI,PENDING,2026-05-01
T00006173,C000180,468791.95,USD,DEBIT,CARD,SUCCESS,2026-06-16
T00006174,C001067,274592.51,INR,DEBIT,UPI,FAILED,2026-04-15
T00006175,C003040,647610.24,INR,DEBIT,NEFT,PENDING,2026-01-22
T00006176,C000412,179743.73,INR,CREDIT,NEFT,REVERSED,2026-03-04
T00006177,C000340,569494.32,AED,DEBIT,IMPS,FAILED,2026-01-04
T00006178,C002243,13123.46,USD,CREDIT,CARD,SUCCESS,2026-02-08
T00006179,C001252,535819.74,INR,CREDIT,CARD,FAILED,2026-01-15
T00006180,C001832,517513.09,USD,CREDIT,CARD,SUCCESS,2026-09-08
T00006181,C000229,336119.13,AED,CREDIT,CARD,SUCCESS,2026-05-20
T00006182,C000797,814401.62,USD,CREDIT,CARD,SUCCESS,2026-05-18
T00006183,C002506,553000.05,AED,DEBIT,IMPS,FAILED,2026-02-15
T00006184,C000388,212157.92,USD,DEBIT,UPI,REVERSED,2026-05-07
T00006185,C000157,183554.83,AED,CREDIT,NEFT,SUCCESS,2026-01-25
T00006186,C002706,646054.05,AED,CREDIT,UPI,SUCCESS,2026-01-11
T00006187,C001843,888743.8,USD,CREDIT,NEFT,SUCCESS,2026-05-22
T00006188,C000701,241319.92,AED,DEBIT,NEFT,REVERSED,2026-05-18
T00006189,C002163,219340.08,USD,DEBIT,IMPS,SUCCESS,2026-03-26
T00006190,C000662,231042.64,INR,DEBIT,UPI,SUCCESS,2026-09-03
T00006191,C000507,683738.07,INR,DEBIT,IMPS,SUCCESS,2026-06-09
T00006192,C003493,462378.53,USD,CREDIT,SWIFT,REVERSED,2026-02-28
T00006193,C000276,461807.77,INR,CREDIT,UPI,FAILED,2026-04-09
T00006194,C001361,102140.35,AED,DEBIT,SWIFT,PENDING,2026-01-05
T00006195,C003400,349358.15,USD,DEBIT,CARD,PENDING,2026-04-12
T00006196,C000692,123862.42,AED,DEBIT,UPI,SUCCESS,2026-03-05
T00006197,C002928,284832.23,USD,CREDIT,CARD,SUCCESS,2026-06-04
T00006198,C002414,641569.59,USD,DEBIT,CARD,SUCCESS,2026-01-13
T00006199,C002100,360872.86,INR,CREDIT,CARD,SUCCESS,2026-05-07
T00006200,C000115,484339.53,AED,CREDIT,IMPS,FAILED,2026-06-25
T00006201,C001020,160260.93,AED,DEBIT,UPI,PENDING,2026-01-13
T00006202,C001855,121209.22,INR,CREDIT,UPI,PENDING,2026-01-07
T00006203,C000540,246560.96,INR,CREDIT,SWIFT,PENDING,2026-07-07
T00006204,C003403,514111.2,AED,CREDIT,SWIFT,SUCCESS,2026-08-16
T00006205,C001923,413429.16,INR,CREDIT,UPI,SUCCESS,2026-08-20
T00006206,C002036,795811.59,USD,CREDIT,IMPS,FAILED,2026-02-21
T00006207,C000754,136297.11,INR,CREDIT,NEFT,SUCCESS,2026-05-12
T00006208,C003435,133778.86,AED,CREDIT,IMPS,PENDING,2026-05-28
T00006209,C001066,659003.86,INR,DEBIT,IMPS,PENDING,2026-01-03
T00006210,C001633,79759.15,INR,DEBIT,IMPS,FAILED,2026-06-09
T00006211,C003171,635978.43,INR,DEBIT,IMPS,SUCCESS,2026-06-23
T00006212,C002896,587996.7,AED,CREDIT,IMPS,REVERSED,2026-06-04
T00006213,C001176,883889.74,INR,CREDIT,CARD,PENDING,2026-09-22
T00006214,C003445,758344.38,AED,CREDIT,UPI,SUCCESS,2026-04-16
T00006215,C001174,428122.46,INR,CREDIT,SWIFT,REVERSED,2026-03-21
T00006216,C002820,89597.16,AED,DEBIT,NEFT,SUCCESS,2026-03-19
T00006217,C000141,894531.02,INR,DEBIT,NEFT,REVERSED,2026-06-15
T00006218,C000906,436409.06,AED,CREDIT,CARD,SUCCESS,2026-06-21
T00006219,C000587,569087.28,INR,CREDIT,CARD,REVERSED,2026-09-07
T00006220,C001755,454177.4,INR,DEBIT,UPI,SUCCESS,2026-05-26
T00006221,C002140,463240.45,INR,DEBIT,SWIFT,FAILED,2026-05-26
T00006222,C001004,443257.96,INR,DEBIT,CARD,SUCCESS,2026-02-10
T00006223,C000686,214097.04,AED,DEBIT,SWIFT,PENDING,2026-02-17
T00006224,C003466,279160.87,INR,CREDIT,CARD,FAILED,2026-01-14
T00006225,C002382,882168.84,INR,CREDIT,NEFT,PENDING,2026-07-12
T00006226,C000556,429908.86,AED,CREDIT,UPI,SUCCESS,2026-04-07
T00006227,C001475,812603.87,AED,DEBIT,CARD,SUCCESS,2026-01-18
T00006228,C002857,852752.78,AED,DEBIT,CARD,SUCCESS,2026-03-03
T00006229,C000119,270637.95,AED,CREDIT,UPI,FAILED,2026-07-06
T00006230,C001410,647286.1,AED,DEBIT,IMPS,SUCCESS,2026-05-21
T00006231,C000850,113152.15,INR,DEBIT,IMPS,PENDING,2026-05-27
T00006232,C002363,197388.17,USD,CREDIT,UPI,REVERSED,2026-02-04
T00006233,C000169,506466.27,INR,DEBIT,NEFT,REVERSED,2026-09-05
T00006234,C002310,366096.39,INR,CREDIT,UPI,SUCCESS,2026-05-12
T00006235,C002942,472268.82,AED,CREDIT,CARD,PENDING,2026-01-10
T00006236,C000343,608918.29,AED,DEBIT,UPI,SUCCESS,2026-07-01
T00006237,C001182,772815.97,INR,DEBIT,NEFT,SUCCESS,2026-06-02
T00006238,C000511,402020.59,INR,DEBIT,CARD,SUCCESS,2026-02-23
T00006239,C001926,585638.95,INR,CREDIT,IMPS,FAILED,2026-01-27
T00006240,C000914,645917.51,INR,CREDIT,NEFT,REVERSED,2026-06-09
T00006241,C003219,453912.37,AED,DEBIT,CARD,FAILED,2026-01-07
T00006242,C003007,512108.95,USD,CREDIT,IMPS,FAILED,2026-02-02
T00006243,C000789,205611.91,INR,CREDIT,CARD,PENDING,2026-03-24
T00006244,C000741,66520.88,USD,DEBIT,NEFT,REVERSED,2026-09-02
T00006245,C001621,285379.24,AED,DEBIT,SWIFT,SUCCESS,2026-01-22
T00006246,C002655,571319.43,AED,CREDIT,NEFT,FAILED,2026-03-04
T00006247,C001602,560070.4,USD,CREDIT,UPI,FAILED,2026-06-01
T00006248,C001457,660236.19,USD,DEBIT,IMPS,SUCCESS,2026-06-24
T00006249,C001831,475394.27,INR,CREDIT,NEFT,SUCCESS,2026-07-16
T00006250,C001266,768575.02,USD,DEBIT,SWIFT,SUCCESS,2026-02-13
T00006251,C001810,502878.72,AED,DEBIT,IMPS,SUCCESS,2026-01-15
T00006252,C002225,337658.85,INR,CREDIT,UPI,REVERSED,2026-09-19
T00006253,C002327,139822.93,INR,DEBIT,UPI,REVERSED,2026-09-16
T00006254,C000088,852199.66,USD,DEBIT,IMPS,FAILED,2026-05-28
T00006255,C001799,63699.83,AED,CREDIT,CARD,FAILED,2026-07-07
T00006256,C000979,603555.14,USD,DEBIT,IMPS,PENDING,2026-07-17
T00006257,C000910,7656.58,USD,DEBIT,IMPS,SUCCESS,2026-05-28
T00006258,C001213,541513.58,INR,DEBIT,IMPS,REVERSED,2026-09-23
T00006259,C002592,593782.53,INR,CREDIT,IMPS,SUCCESS,2026-09-21
T00006260,C000560,396880.37,USD,DEBIT,CARD,SUCCESS,2026-07-13
T00006261,C002208,884722.7,AED,DEBIT,IMPS,PENDING,2026-03-02
T00006262,C001550,676904.11,INR,CREDIT,IMPS,FAILED,2026-07-20
T00006263,C002864,413028.76,INR,CREDIT,UPI,FAILED,2026-02-17
T00006264,C001673,811380.54,AED,CREDIT,UPI,FAILED,2026-03-18
T00006265,C001343,390584.44,INR,CREDIT,IMPS,FAILED,2026-04-03
T00006266,C000134,828518.04,INR,CREDIT,IMPS,REVERSED,2026-09-02
T00006267,C001916,25402.39,USD,CREDIT,UPI,REVERSED,2026-07-25
T00006268,C003388,248521.9,INR,DEBIT,IMPS,FAILED,2026-02-08
T00006269,C000190,547538.93,AED,DEBIT,SWIFT,FAILED,2026-01-28
T00006270,C000320,169680.7,INR,CREDIT,NEFT,SUCCESS,2026-06-20
T00006271,C000606,209378.37,AED,CREDIT,NEFT,SUCCESS,2026-03-22
T00006272,C001135,229711.98,AED,DEBIT,SWIFT,REVERSED,2026-02-27
T00006273,C003048,394912.83,INR,DEBIT,CARD,SUCCESS,2026-06-05
T00006274,C000588,230618.96,AED,CREDIT,SWIFT,SUCCESS,2026-04-03
T00006275,C002473,278333.79,USD,CREDIT,IMPS,SUCCESS,2026-01-03
T00006276,C000813,138757.04,USD,DEBIT,IMPS,REVERSED,2026-03-13
T00006277,C003167,786206.52,INR,CREDIT,NEFT,SUCCESS,2026-06-25
T00006278,C003095,679358.03,INR,CREDIT,NEFT,FAILED,2026-03-21
T00006279,C002983,326055.77,AED,CREDIT,IMPS,SUCCESS,2026-08-07
T00006280,C002005,297002.23,USD,CREDIT,UPI,FAILED,2026-08-23
T00006281,C001581,780811.39,USD,DEBIT,IMPS,REVERSED,2026-09-27
T00006282,C000643,714177.74,AED,CREDIT,UPI,SUCCESS,2026-07-06
T00006283,C000653,193995.81,INR,DEBIT,CARD,PENDING,2026-02-12
T00006284,C003368,385891.43,AED,CREDIT,SWIFT,REVERSED,2026-05-14
T00006285,C001904,33367.66,INR,CREDIT,NEFT,SUCCESS,2026-06-28
T00006286,C002020,432293.14,AED,DEBIT,IMPS,SUCCESS,2026-08-15
T00006287,C002396,33560.38,AED,DEBIT,NEFT,SUCCESS,2026-08-11
T00006288,C000503,499800.89,USD,CREDIT,SWIFT,PENDING,2026-05-28
T00006289,C003152,281618.51,AED,CREDIT,UPI,REVERSED,2026-07-05
T00006290,C001959,158897.1,USD,CREDIT,IMPS,SUCCESS,2026-02-25
T00006291,C000370,98123.83,INR,DEBIT,CARD,SUCCESS,2026-04-12
T00006292,C000257,871883.22,INR,DEBIT,NEFT,SUCCESS,2026-08-01
T00006293,C000751,233498.72,INR,DEBIT,SWIFT,FAILED,2026-08-04
T00006294,C000391,688470.1,USD,CREDIT,CARD,REVERSED,2026-03-25
T00006295,C003301,540763.28,INR,DEBIT,SWIFT,REVERSED,2026-09-09
T00006296,C000423,103700.32,INR,CREDIT,SWIFT,SUCCESS,2026-03-07
T00006297,C003473,158359.53,INR,CREDIT,UPI,REVERSED,2026-05-25
T00006298,C003375,664324.07,INR,CREDIT,SWIFT,SUCCESS,2026-07-01
T00006299,C001871,300264.91,INR,CREDIT,SWIFT,SUCCESS,2026-05-26
T00006300,C001180,125109.52,INR,DEBIT,NEFT,REVERSED,2026-09-12
T00006301,C003048,517526.07,INR,DEBIT,SWIFT,SUCCESS,2026-03-15
T00006302,C003142,814747.48,AED,CREDIT,CARD,PENDING,2026-09-17
T00006303,C002937,829443.92,AED,CREDIT,UPI,REVERSED,2026-06-24
T00006304,C001795,581961.73,INR,DEBIT,NEFT,PENDING,2026-06-23
T00006305,C001179,389302.13,INR,DEBIT,CARD,REVERSED,2026-03-16
T00006306,C001291,612878.63,AED,CREDIT,IMPS,REVERSED,2026-03-05
T00006307,C000592,151479.42,USD,CREDIT,CARD,REVERSED,2026-07-22
T00006308,C002627,144823.63,INR,DEBIT,UPI,PENDING,2026-03-10
T00006309,C001627,165776.15,AED,DEBIT,IMPS,SUCCESS,2026-09-28
T00006310,C002108,652155.55,INR,DEBIT,NEFT,PENDING,2026-02-06
T00006311,C000136,45939.48,AED,DEBIT,SWIFT,SUCCESS,2026-03-23
T00006312,C003468,319161.67,INR,DEBIT,NEFT,SUCCESS,2026-02-28
T00006313,C002740,159319.49,INR,CREDIT,IMPS,SUCCESS,2026-04-26
T00006314,C001962,410683.78,INR,DEBIT,SWIFT,FAILED,2026-03-06
T00006315,C000950,888448.87,INR,DEBIT,NEFT,REVERSED,2026-05-21
T00006316,C000923,214577.31,AED,CREDIT,SWIFT,SUCCESS,2026-06-01
T00006317,C000532,546769.08,USD,DEBIT,IMPS,PENDING,2026-05-26
T00006318,C002657,618299.27,USD,CREDIT,NEFT,SUCCESS,2026-05-03
T00006319,C001306,400975.46,AED,DEBIT,SWIFT,FAILED,2026-07-16
T00006320,C001585,470207.69,INR,DEBIT,UPI,PENDING,2026-03-08
T00006321,C002033,572771.36,USD,DEBIT,SWIFT,PENDING,2026-03-17
T00006322,C000041,509296.76,AED,DEBIT,IMPS,SUCCESS,2026-06-09
T00006323,C001191,172478.43,USD,DEBIT,IMPS,SUCCESS,2026-07-25
T00006324,C000471,800476.04,USD,CREDIT,SWIFT,SUCCESS,2026-06-01
T00006325,C002377,644752.15,AED,DEBIT,SWIFT,SUCCESS,2026-06-22
T00006326,C001473,779255.58,USD,DEBIT,UPI,PENDING,2026-07-05
T00006327,C002593,387410.31,AED,CREDIT,SWIFT,REVERSED,2026-07-21
T00006328,C000440,248252.45,USD,DEBIT,SWIFT,SUCCESS,2026-09-02
T00006329,C002307,217965.67,INR,DEBIT,CARD,SUCCESS,2026-09-27
T00006330,C002715,54796.33,INR,CREDIT,NEFT,SUCCESS,2026-02-17
T00006331,C001556,326501.73,USD,DEBIT,NEFT,SUCCESS,2026-01-27
T00006332,C001539,491141.54,INR,DEBIT,IMPS,FAILED,2026-05-11
T00006333,C002428,488949.98,USD,CREDIT,IMPS,REVERSED,2026-04-27
T00006334,C002605,439503.22,USD,DEBIT,IMPS,PENDING,2026-04-08
T00006335,C000660,270662.64,INR,CREDIT,CARD,FAILED,2026-04-22
T00006336,C002534,168043.5,INR,DEBIT,SWIFT,PENDING,2026-08-07
T00006337,C000456,161809.89,AED,DEBIT,UPI,FAILED,2026-07-05
T00006338,C002441,731644.01,USD,DEBIT,SWIFT,SUCCESS,2026-05-03
T00006339,C000657,326341.84,USD,DEBIT,UPI,REVERSED,2026-09-04
T00006340,C000001,401694.8,INR,CREDIT,UPI,SUCCESS,2026-03-19
T00006341,C002302,477893.58,USD,DEBIT,UPI,SUCCESS,2026-06-27
T00006342,C002072,655536.35,INR,DEBIT,IMPS,FAILED,2026-09-17
T00006343,C002185,561248.86,AED,DEBIT,UPI,PENDING,2026-08-09
T00006344,C002947,273658.97,AED,DEBIT,CARD,REVERSED,2026-04-12
T00006345,C003301,172161.04,INR,DEBIT,CARD,PENDING,2026-01-08
T00006346,C001818,82969.67,INR,DEBIT,UPI,PENDING,2026-03-11
T00006347,C000705,740465.39,USD,CREDIT,CARD,FAILED,2026-09-19
T00006348,C001986,306355.6,INR,DEBIT,UPI,FAILED,2026-06-28
T00006349,C000603,628905.24,INR,CREDIT,CARD,SUCCESS,2026-02-06
T00006350,C000016,433107.91,INR,DEBIT,IMPS,PENDING,2026-01-14
T00006351,C001969,626324.85,USD,DEBIT,IMPS,SUCCESS,2026-03-09
T00006352,C001539,112334.16,INR,CREDIT,SWIFT,SUCCESS,2026-01-10
T00006353,C002807,318453.65,INR,CREDIT,UPI,REVERSED,2026-07-14
T00006354,C001131,646649.2,AED,CREDIT,CARD,SUCCESS,2026-07-03
T00006355,C001002,21949.18,USD,DEBIT,IMPS,REVERSED,2026-07-16
T00006356,C001877,809845.7,INR,DEBIT,NEFT,PENDING,2026-02-11
T00006357,C001152,577355.42,INR,DEBIT,IMPS,PENDING,2026-06-13
T00006358,C000864,438793.77,USD,DEBIT,IMPS,SUCCESS,2026-08-13
T00006359,C000232,468219.17,USD,DEBIT,NEFT,SUCCESS,2026-05-25
T00006360,C003075,451322.46,INR,CREDIT,NEFT,SUCCESS,2026-01-13
T00006361,C001073,78620.17,USD,CREDIT,NEFT,SUCCESS,2026-06-05
T00006362,C000696,264710.24,USD,DEBIT,SWIFT,PENDING,2026-04-10
T00006363,C003052,525029.42,AED,DEBIT,NEFT,PENDING,2026-05-12
T00006364,C003456,821615.88,AED,DEBIT,NEFT,REVERSED,2026-07-14
T00006365,C002377,705711.48,AED,DEBIT,UPI,SUCCESS,2026-07-28
T00006366,C000833,493407.37,USD,DEBIT,CARD,SUCCESS,2026-04-02
T00006367,C000498,80370.34,INR,DEBIT,SWIFT,REVERSED,2026-01-26
T00006368,C003477,237734.9,AED,CREDIT,IMPS,SUCCESS,2026-04-20
T00006369,C003137,738013.08,INR,CREDIT,NEFT,PENDING,2026-02-11
T00006370,C002870,678051.67,USD,DEBIT,CARD,PENDING,2026-06-18
T00006371,C000255,567284.84,INR,DEBIT,UPI,REVERSED,2026-08-18
T00006372,C002699,627534.47,USD,CREDIT,CARD,SUCCESS,2026-01-22
T00006373,C003265,607855.45,INR,CREDIT,CARD,FAILED,2026-04-12
T00006374,C003050,28211.71,USD,DEBIT,CARD,FAILED,2026-08-02
T00006375,C002485,192790.96,AED,CREDIT,NEFT,SUCCESS,2026-07-21
T00006376,C001381,334232.68,AED,DEBIT,NEFT,FAILED,2026-05-28
T00006377,C003075,21801.34,INR,CREDIT,NEFT,REVERSED,2026-02-27
T00006378,C002134,75262.38,INR,CREDIT,CARD,SUCCESS,2026-02-10
T00006379,C002371,726328.96,INR,DEBIT,UPI,SUCCESS,2026-01-02
T00006380,C001050,694306.87,AED,CREDIT,IMPS,SUCCESS,2026-09-14
T00006381,C001680,106459.36,USD,CREDIT,NEFT,SUCCESS,2026-07-14
T00006382,C000938,563405.73,AED,CREDIT,NEFT,SUCCESS,2026-03-09
T00006383,C000073,598906.35,INR,CREDIT,SWIFT,SUCCESS,2026-03-18
T00006384,C000336,501206.28,AED,CREDIT,CARD,PENDING,2026-07-04
T00006385,C000094,163731.55,INR,CREDIT,UPI,SUCCESS,2026-01-13
T00006386,C002139,260820.43,AED,CREDIT,NEFT,PENDING,2026-05-19
T00006387,C000209,223466.62,USD,DEBIT,IMPS,SUCCESS,2026-01-14
T00006388,C000005,153356.72,AED,DEBIT,UPI,REVERSED,2026-07-01
T00006389,C002456,46602.57,INR,CREDIT,SWIFT,SUCCESS,2026-02-02
T00006390,C003053,187149.64,USD,CREDIT,IMPS,REVERSED,2026-06-20
T00006391,C000216,237969.47,INR,CREDIT,IMPS,SUCCESS,2026-06-25
T00006392,C003246,206546.19,AED,CREDIT,NEFT,PENDING,2026-01-10
T00006393,C003478,343126.0,AED,DEBIT,UPI,SUCCESS,2026-03-11
T00006394,C000761,283761.28,AED,DEBIT,IMPS,REVERSED,2026-04-17
T00006395,C003439,211416.77,USD,DEBIT,IMPS,SUCCESS,2026-08-15
T00006396,C000060,165118.25,INR,DEBIT,CARD,SUCCESS,2026-04-18
T00006397,C000700,55601.63,INR,CREDIT,CARD,FAILED,2026-07-08
T00006398,C002983,383257.39,USD,CREDIT,IMPS,REVERSED,2026-08-02
T00006399,C001061,130956.75,AED,DEBIT,NEFT,SUCCESS,2026-03-14
T00006400,C003420,745225.82,USD,DEBIT,UPI,SUCCESS,2026-07-23
T00006401,C001891,366924.25,AED,DEBIT,IMPS,SUCCESS,2026-02-06
T00006402,C000376,109701.56,INR,CREDIT,NEFT,PENDING,2026-01-13
T00006403,C000421,626031.83,INR,CREDIT,UPI,SUCCESS,2026-03-20
T00006404,C001774,853932.15,INR,DEBIT,SWIFT,SUCCESS,2026-05-01
T00006405,C000596,886853.51,INR,CREDIT,CARD,PENDING,2026-07-19
T00006406,C000390,448293.99,USD,CREDIT,SWIFT,SUCCESS,2026-03-07
T00006407,C003486,468730.62,INR,DEBIT,CARD,FAILED,2026-01-26
T00006408,C001367,82310.07,USD,CREDIT,SWIFT,SUCCESS,2026-09-12
T00006409,C000470,439997.17,INR,CREDIT,IMPS,SUCCESS,2026-06-12
T00006410,C001464,179700.56,INR,CREDIT,CARD,PENDING,2026-02-19
T00006411,C000036,746705.83,INR,DEBIT,IMPS,SUCCESS,2026-04-26
T00006412,C000272,319825.79,USD,CREDIT,NEFT,SUCCESS,2026-05-27
T00006413,C000366,688543.64,AED,CREDIT,UPI,SUCCESS,2026-09-11
T00006414,C000407,624669.36,USD,DEBIT,IMPS,FAILED,2026-03-17
T00006415,C001070,860847.67,INR,DEBIT,SWIFT,PENDING,2026-01-05
T00006416,C002079,496557.91,USD,DEBIT,NEFT,PENDING,2026-09-06
T00006417,C002138,278487.0,INR,CREDIT,UPI,PENDING,2026-06-28
T00006418,C003176,694689.24,INR,CREDIT,UPI,FAILED,2026-05-23
T00006419,C001368,226430.79,AED,CREDIT,SWIFT,FAILED,2026-03-19
T00006420,C000392,338693.34,USD,CREDIT,SWIFT,REVERSED,2026-04-22
T00006421,C001444,836544.11,INR,CREDIT,SWIFT,REVERSED,2026-01-11
T00006422,C000070,277019.04,INR,DEBIT,UPI,SUCCESS,2026-05-02
T00006423,C001637,300638.06,INR,DEBIT,SWIFT,SUCCESS,2026-03-13
T00006424,C003279,697936.79,INR,CREDIT,UPI,SUCCESS,2026-03-23
T00006425,C001148,137671.36,INR,DEBIT,NEFT,SUCCESS,2026-01-05
T00006426,C003385,854434.28,INR,DEBIT,IMPS,PENDING,2026-02-03
T00006427,C000434,325931.33,INR,CREDIT,NEFT,REVERSED,2026-08-06
T00006428,C001147,517076.62,INR,CREDIT,IMPS,FAILED,2026-04-15
T00006429,C003297,108199.85,INR,CREDIT,SWIFT,FAILED,2026-07-16
T00006430,C001228,38470.53,INR,DEBIT,UPI,PENDING,2026-03-09
T00006431,C002839,99024.19,INR,CREDIT,SWIFT,FAILED,2026-03-28
T00006432,C002328,795622.8,INR,CREDIT,IMPS,SUCCESS,2026-09-01
T00006433,C001695,686109.87,INR,CREDIT,SWIFT,SUCCESS,2026-02-28
T00006434,C000487,758939.58,USD,DEBIT,CARD,SUCCESS,2026-08-18
T00006435,C002651,735949.75,INR,CREDIT,UPI,SUCCESS,2026-08-04
T00006436,C000626,683883.42,USD,CREDIT,UPI,FAILED,2026-04-02
T00006437,C002428,765382.1,INR,CREDIT,CARD,PENDING,2026-09-25
T00006438,C000624,780142.24,USD,DEBIT,SWIFT,REVERSED,2026-01-14
T00006439,C002870,43512.89,USD,DEBIT,NEFT,PENDING,2026-05-02
T00006440,C002000,893325.87,INR,CREDIT,NEFT,SUCCESS,2026-07-18
T00006441,C001520,283156.78,USD,DEBIT,IMPS,SUCCESS,2026-05-03
T00006442,C002400,736987.88,INR,CREDIT,SWIFT,SUCCESS,2026-01-16
T00006443,C002161,305994.22,INR,DEBIT,IMPS,SUCCESS,2026-07-20
T00006444,C002362,113280.17,INR,DEBIT,IMPS,SUCCESS,2026-06-21
T00006445,C002711,409091.77,INR,CREDIT,IMPS,REVERSED,2026-09-25
T00006446,C000905,244660.01,AED,CREDIT,SWIFT,REVERSED,2026-08-10
T00006447,C002919,35338.05,AED,DEBIT,SWIFT,SUCCESS,2026-02-15
T00006448,C002634,334689.54,INR,DEBIT,UPI,PENDING,2026-05-19
T00006449,C001510,105220.01,INR,DEBIT,NEFT,PENDING,2026-07-07
T00006450,C001173,876220.77,INR,CREDIT,SWIFT,SUCCESS,2026-04-27
T00006451,C002285,214653.31,USD,CREDIT,SWIFT,SUCCESS,2026-02-03
T00006452,C002227,528417.03,AED,CREDIT,UPI,SUCCESS,2026-04-27
T00006453,C003468,304534.94,INR,DEBIT,UPI,SUCCESS,2026-06-04
T00006454,C000606,425695.73,INR,DEBIT,SWIFT,SUCCESS,2026-06-21
T00006455,C002529,559279.67,USD,CREDIT,CARD,SUCCESS,2026-07-09
T00006456,C003276,326676.5,INR,CREDIT,SWIFT,PENDING,2026-08-20
T00006457,C000396,129754.33,INR,DEBIT,IMPS,SUCCESS,2026-05-01
T00006458,C002048,554001.65,AED,CREDIT,SWIFT,REVERSED,2026-01-07
T00006459,C002150,138894.96,USD,DEBIT,CARD,SUCCESS,2026-01-24
T00006460,C002339,242523.27,USD,CREDIT,NEFT,SUCCESS,2026-09-21
T00006461,C001239,887437.36,USD,CREDIT,NEFT,REVERSED,2026-01-08
T00006462,C002037,614408.79,USD,CREDIT,IMPS,FAILED,2026-03-24
T00006463,C002054,211632.34,INR,DEBIT,UPI,SUCCESS,2026-07-15
T00006464,C001987,34374.36,INR,CREDIT,SWIFT,SUCCESS,2026-08-27
T00006465,C002058,897590.14,AED,DEBIT,IMPS,PENDING,2026-06-15
T00006466,C000898,3358.84,INR,CREDIT,SWIFT,SUCCESS,2026-04-14
T00006467,C001854,809962.87,INR,DEBIT,UPI,PENDING,2026-01-27
T00006468,C003495,213940.09,INR,DEBIT,IMPS,SUCCESS,2026-03-27
T00006469,C003415,38062.39,USD,DEBIT,SWIFT,FAILED,2026-09-12
T00006470,C002298,488173.4,AED,DEBIT,UPI,SUCCESS,2026-01-01
T00006471,C001396,568748.0,USD,DEBIT,IMPS,FAILED,2026-07-13
T00006472,C002204,661449.09,INR,DEBIT,NEFT,PENDING,2026-08-17
T00006473,C002903,285456.75,INR,DEBIT,IMPS,FAILED,2026-06-12
T00006474,C003451,2480.65,INR,DEBIT,UPI,REVERSED,2026-07-09
T00006475,C003021,414178.75,INR,DEBIT,SWIFT,FAILED,2026-09-18
T00006476,C001420,70445.74,USD,DEBIT,UPI,SUCCESS,2026-09-11
T00006477,C003253,466386.99,INR,CREDIT,IMPS,SUCCESS,2026-09-06
T00006478,C002517,334356.15,USD,CREDIT,CARD,REVERSED,2026-04-04
T00006479,C000658,633310.84,INR,CREDIT,SWIFT,SUCCESS,2026-03-08
T00006480,C001059,333140.99,INR,CREDIT,IMPS,FAILED,2026-08-10
T00006481,C001469,525748.36,USD,DEBIT,NEFT,SUCCESS,2026-05-22
T00006482,C002234,199995.86,INR,CREDIT,CARD,SUCCESS,2026-09-02
T00006483,C002173,685013.22,USD,CREDIT,SWIFT,SUCCESS,2026-02-01
T00006484,C003195,687853.1,AED,DEBIT,UPI,REVERSED,2026-03-28
T00006485,C000473,669572.86,AED,CREDIT,IMPS,PENDING,2026-03-06
T00006486,C000283,849444.06,AED,CREDIT,SWIFT,SUCCESS,2026-09-08
T00006487,C000043,466869.08,INR,DEBIT,CARD,PENDING,2026-06-26
T00006488,C001524,19736.28,USD,DEBIT,NEFT,PENDING,2026-09-02
T00006489,C002025,679175.58,INR,CREDIT,IMPS,SUCCESS,2026-07-28
T00006490,C001540,256220.72,AED,CREDIT,SWIFT,FAILED,2026-08-28
T00006491,C001358,612185.92,INR,CREDIT,IMPS,SUCCESS,2026-07-24
T00006492,C002237,136188.03,USD,CREDIT,CARD,FAILED,2026-07-12
T00006493,C000232,786702.51,INR,CREDIT,NEFT,SUCCESS,2026-05-03
T00006494,C002697,840242.77,INR,DEBIT,IMPS,REVERSED,2026-09-18
T00006495,C001056,26441.28,INR,CREDIT,SWIFT,PENDING,2026-06-04
T00006496,C002561,565884.87,USD,DEBIT,NEFT,SUCCESS,2026-04-14
T00006497,C003283,565326.29,AED,CREDIT,IMPS,SUCCESS,2026-07-09
T00006498,C003327,832834.67,USD,DEBIT,IMPS,REVERSED,2026-03-23
T00006499,C001351,152813.56,INR,CREDIT,SWIFT,SUCCESS,2026-05-27
T00006500,C002201,310644.14,INR,CREDIT,NEFT,FAILED,2026-01-24
T00006501,C001295,680038.3,USD,DEBIT,IMPS,SUCCESS,2026-04-20
T00006502,C001971,222996.8,AED,CREDIT,IMPS,REVERSED,2026-05-12
T00006503,C001997,369548.93,INR,DEBIT,IMPS,SUCCESS,2026-09-23
T00006504,C003294,233830.75,INR,DEBIT,UPI,FAILED,2026-04-26
T00006505,C001011,452330.53,INR,CREDIT,UPI,FAILED,2026-09-07
T00006506,C002334,345720.79,INR,CREDIT,NEFT,SUCCESS,2026-02-25
T00006507,C001206,442100.46,INR,CREDIT,SWIFT,PENDING,2026-09-12
T00006508,C002687,860901.71,INR,CREDIT,CARD,SUCCESS,2026-07-17
T00006509,C003439,816994.68,INR,CREDIT,CARD,SUCCESS,2026-03-24
T00006510,C001006,809528.31,AED,DEBIT,SWIFT,SUCCESS,2026-05-03
T00006511,C001238,8798.1,USD,CREDIT,NEFT,REVERSED,2026-04-17
T00006512,C002642,199981.85,INR,CREDIT,NEFT,REVERSED,2026-08-05
T00006513,C000873,683037.45,INR,CREDIT,UPI,PENDING,2026-02-20
T00006514,C002142,685706.51,INR,CREDIT,UPI,REVERSED,2026-08-12
T00006515,C002864,594883.71,USD,CREDIT,NEFT,SUCCESS,2026-05-01
T00006516,C000015,31108.76,INR,DEBIT,CARD,FAILED,2026-05-09
T00006517,C001881,248851.22,INR,DEBIT,CARD,PENDING,2026-04-11
T00006518,C002285,627770.66,USD,CREDIT,CARD,FAILED,2026-02-27
T00006519,C000205,253373.91,USD,DEBIT,NEFT,FAILED,2026-01-20
T00006520,C002903,867051.01,INR,CREDIT,CARD,SUCCESS,2026-06-09
T00006521,C002420,258205.55,AED,DEBIT,SWIFT,FAILED,2026-07-27
T00006522,C002308,534884.1,INR,DEBIT,IMPS,REVERSED,2026-03-21
T00006523,C000178,13159.76,INR,CREDIT,SWIFT,FAILED,2026-02-25
T00006524,C002783,772796.36,INR,CREDIT,UPI,SUCCESS,2026-03-28
T00006525,C000751,291320.66,INR,DEBIT,NEFT,REVERSED,2026-04-25
T00006526,C003215,546432.18,INR,CREDIT,CARD,REVERSED,2026-02-23
T00006527,C003190,864822.19,USD,DEBIT,CARD,SUCCESS,2026-09-17
T00006528,C000598,546189.53,AED,DEBIT,IMPS,FAILED,2026-06-07
T00006529,C001796,232415.02,INR,CREDIT,CARD,FAILED,2026-03-16
T00006530,C002684,254885.03,INR,CREDIT,NEFT,SUCCESS,2026-09-02
T00006531,C000175,340018.46,INR,DEBIT,UPI,REVERSED,2026-08-25
T00006532,C000969,412724.45,AED,DEBIT,UPI,REVERSED,2026-05-19
T00006533,C002986,756531.61,INR,CREDIT,NEFT,PENDING,2026-02-09
T00006534,C001689,520021.44,INR,CREDIT,CARD,SUCCESS,2026-08-11
T00006535,C000879,147631.55,USD,DEBIT,NEFT,SUCCESS,2026-09-14
T00006536,C001355,403116.59,AED,CREDIT,CARD,SUCCESS,2026-08-23
T00006537,C002273,519269.96,USD,CREDIT,CARD,PENDING,2026-09-09
T00006538,C002395,889781.67,INR,CREDIT,CARD,FAILED,2026-01-03
T00006539,C001030,352994.98,INR,CREDIT,UPI,SUCCESS,2026-06-23
T00006540,C002927,334567.75,USD,DEBIT,UPI,SUCCESS,2026-01-14
T00006541,C001371,480102.98,INR,DEBIT,NEFT,PENDING,2026-03-28
T00006542,C002182,688079.96,AED,DEBIT,SWIFT,FAILED,2026-08-18
T00006543,C002254,326677.26,INR,DEBIT,SWIFT,SUCCESS,2026-09-09
T00006544,C001699,338381.9,INR,DEBIT,UPI,SUCCESS,2026-08-05
T00006545,C002928,530664.81,INR,CREDIT,IMPS,PENDING,2026-04-21
T00006546,C003079,786809.93,INR,DEBIT,SWIFT,SUCCESS,2026-01-20
T00006547,C001539,857212.21,INR,CREDIT,SWIFT,PENDING,2026-07-06
T00006548,C000976,829028.86,INR,DEBIT,UPI,FAILED,2026-08-11
T00006549,C000190,202272.71,INR,DEBIT,CARD,FAILED,2026-06-03
T00006550,C002553,299998.39,AED,DEBIT,IMPS,REVERSED,2026-06-16
T00006551,C003030,172613.05,INR,CREDIT,IMPS,SUCCESS,2026-07-08
T00006552,C001628,814959.99,AED,DEBIT,UPI,SUCCESS,2026-09-04
T00006553,C003268,729703.47,INR,DEBIT,IMPS,PENDING,2026-08-12
T00006554,C000688,595456.5,INR,CREDIT,SWIFT,FAILED,2026-07-17
T00006555,C000849,160788.11,AED,CREDIT,IMPS,PENDING,2026-06-13
T00006556,C001065,723469.96,INR,DEBIT,UPI,SUCCESS,2026-06-03
T00006557,C000621,402608.19,AED,CREDIT,NEFT,SUCCESS,2026-02-11
T00006558,C001646,721296.32,USD,DEBIT,CARD,REVERSED,2026-08-01
T00006559,C003091,771536.26,INR,CREDIT,NEFT,FAILED,2026-04-15
T00006560,C001319,766455.83,USD,CREDIT,SWIFT,SUCCESS,2026-05-13
T00006561,C000721,11893.76,INR,CREDIT,NEFT,FAILED,2026-04-17
T00006562,C003026,596225.56,AED,CREDIT,NEFT,FAILED,2026-01-20
T00006563,C001502,157107.62,USD,CREDIT,CARD,SUCCESS,2026-02-20
T00006564,C002819,285674.7,INR,DEBIT,CARD,SUCCESS,2026-05-24
T00006565,C002372,860814.95,AED,CREDIT,CARD,PENDING,2026-08-27
T00006566,C001042,223297.51,INR,CREDIT,NEFT,SUCCESS,2026-01-02
T00006567,C003039,171847.86,INR,DEBIT,SWIFT,FAILED,2026-08-13
T00006568,C001645,521943.51,AED,DEBIT,UPI,SUCCESS,2026-04-06
T00006569,C002304,146469.45,AED,DEBIT,NEFT,REVERSED,2026-09-16
T00006570,C002529,78915.93,AED,DEBIT,CARD,SUCCESS,2026-08-20
T00006571,C002916,75824.46,INR,CREDIT,NEFT,REVERSED,2026-09-01
T00006572,C000863,433391.94,INR,CREDIT,SWIFT,SUCCESS,2026-06-23
T00006573,C000487,418031.1,INR,CREDIT,NEFT,PENDING,2026-06-18
T00006574,C001458,171153.13,AED,CREDIT,CARD,PENDING,2026-06-06
T00006575,C001177,732741.02,INR,CREDIT,CARD,SUCCESS,2026-03-17
T00006576,C002893,493381.54,USD,CREDIT,CARD,FAILED,2026-03-28
T00006577,C002682,89673.15,AED,DEBIT,SWIFT,REVERSED,2026-07-01
T00006578,C000515,498335.21,USD,DEBIT,IMPS,SUCCESS,2026-08-25
T00006579,C002398,759226.69,USD,DEBIT,CARD,REVERSED,2026-04-07
T00006580,C000861,596649.71,AED,CREDIT,SWIFT,PENDING,2026-02-06
T00006581,C002960,618454.02,INR,CREDIT,UPI,REVERSED,2026-05-28
T00006582,C002556,549129.56,INR,DEBIT,CARD,SUCCESS,2026-04-10
T00006583,C002132,345280.63,AED,DEBIT,NEFT,SUCCESS,2026-06-10
T00006584,C000730,620855.82,INR,CREDIT,CARD,SUCCESS,2026-02-14
T00006585,C000928,872975.37,USD,DEBIT,UPI,REVERSED,2026-09-10
T00006586,C001652,546750.44,USD,CREDIT,IMPS,SUCCESS,2026-03-01
T00006587,C002724,83769.01,AED,DEBIT,CARD,REVERSED,2026-07-05
T00006588,C002386,363168.27,INR,CREDIT,CARD,SUCCESS,2026-06-02
T00006589,C001498,379065.71,INR,DEBIT,CARD,REVERSED,2026-07-19
T00006590,C001567,400034.99,AED,DEBIT,SWIFT,SUCCESS,2026-03-06
T00006591,C002068,299370.58,INR,DEBIT,IMPS,SUCCESS,2026-04-16
T00006592,C000373,713170.65,AED,DEBIT,SWIFT,SUCCESS,2026-04-21
T00006593,C003417,203817.76,INR,DEBIT,UPI,REVERSED,2026-04-23
T00006594,C000502,380720.19,AED,CREDIT,SWIFT,PENDING,2026-03-15
T00006595,C002542,502604.9,AED,DEBIT,IMPS,SUCCESS,2026-07-10
T00006596,C003370,281970.52,USD,CREDIT,NEFT,PENDING,2026-08-20
T00006597,C001267,686823.08,INR,CREDIT,UPI,SUCCESS,2026-05-07
T00006598,C002621,360698.08,INR,CREDIT,SWIFT,SUCCESS,2026-01-27
T00006599,C003458,520057.02,INR,DEBIT,SWIFT,SUCCESS,2026-07-17
T00006600,C001327,104901.23,INR,CREDIT,UPI,REVERSED,2026-08-02
T00006601,C001734,569981.34,INR,DEBIT,SWIFT,SUCCESS,2026-01-03
T00006602,C000622,266802.52,INR,CREDIT,IMPS,REVERSED,2026-04-02
T00006603,C003163,368662.28,INR,CREDIT,CARD,SUCCESS,2026-09-02
T00006604,C002592,852551.43,USD,DEBIT,UPI,PENDING,2026-01-13
T00006605,C001989,527514.77,AED,CREDIT,CARD,SUCCESS,2026-08-28
T00006606,C000051,719911.91,USD,CREDIT,CARD,SUCCESS,2026-07-20
T00006607,C003136,777574.98,USD,DEBIT,IMPS,FAILED,2026-04-21
T00006608,C003197,212170.13,AED,DEBIT,UPI,SUCCESS,2026-05-27
T00006609,C002952,609150.91,AED,CREDIT,IMPS,FAILED,2026-04-08
T00006610,C001725,193263.35,USD,DEBIT,IMPS,REVERSED,2026-02-10
T00006611,C000759,461980.35,USD,CREDIT,IMPS,REVERSED,2026-04-06
T00006612,C001498,327120.8,AED,CREDIT,CARD,PENDING,2026-05-02
T00006613,C003097,419229.88,INR,DEBIT,IMPS,PENDING,2026-01-10
T00006614,C002780,236053.01,USD,CREDIT,CARD,SUCCESS,2026-05-21
T00006615,C001072,568499.13,INR,DEBIT,SWIFT,SUCCESS,2026-09-06
T00006616,C002578,50056.45,INR,CREDIT,IMPS,SUCCESS,2026-03-20
T00006617,C001932,677491.1,INR,DEBIT,IMPS,PENDING,2026-04-14
T00006618,C000757,407841.17,AED,DEBIT,UPI,SUCCESS,2026-05-12
T00006619,C002675,326673.28,INR,DEBIT,IMPS,SUCCESS,2026-07-12
T00006620,C002485,498485.0,INR,CREDIT,IMPS,SUCCESS,2026-08-11
T00006621,C002254,158051.62,INR,CREDIT,CARD,FAILED,2026-06-13
T00006622,C003290,3627.61,INR,CREDIT,NEFT,SUCCESS,2026-05-13
T00006623,C003277,590966.93,AED,DEBIT,CARD,SUCCESS,2026-01-05
T00006624,C001382,634378.03,AED,DEBIT,SWIFT,SUCCESS,2026-02-08
T00006625,C000352,227320.53,USD,CREDIT,SWIFT,SUCCESS,2026-07-11
T00006626,C002704,276345.3,INR,CREDIT,NEFT,SUCCESS,2026-07-09
T00006627,C001453,836904.08,USD,DEBIT,IMPS,FAILED,2026-02-04
T00006628,C000160,322502.59,INR,CREDIT,IMPS,SUCCESS,2026-09-02
T00006629,C000328,681032.67,AED,DEBIT,SWIFT,FAILED,2026-09-12
T00006630,C002405,829913.58,AED,DEBIT,IMPS,REVERSED,2026-04-24
T00006631,C003278,271437.83,INR,CREDIT,IMPS,REVERSED,2026-05-11
T00006632,C002257,443756.6,INR,CREDIT,NEFT,SUCCESS,2026-08-24
T00006633,C003414,517082.73,INR,DEBIT,SWIFT,SUCCESS,2026-07-02
T00006634,C000976,782066.39,AED,CREDIT,SWIFT,FAILED,2026-07-18
T00006635,C000662,191464.92,AED,DEBIT,CARD,FAILED,2026-08-28
T00006636,C001826,644544.58,INR,DEBIT,SWIFT,REVERSED,2026-01-08
T00006637,C003152,158639.69,USD,CREDIT,IMPS,PENDING,2026-03-17
T00006638,C001661,102196.62,INR,CREDIT,SWIFT,PENDING,2026-03-08
T00006639,C000588,840992.2,USD,CREDIT,NEFT,FAILED,2026-05-15
T00006640,C000780,116167.59,USD,DEBIT,IMPS,FAILED,2026-04-20
T00006641,C001020,374908.26,INR,CREDIT,NEFT,REVERSED,2026-02-18
T00006642,C000090,252876.0,AED,DEBIT,UPI,SUCCESS,2026-03-03
T00006643,C002973,150797.43,USD,CREDIT,IMPS,SUCCESS,2026-01-09
T00006644,C002194,709058.61,USD,DEBIT,NEFT,SUCCESS,2026-03-27
T00006645,C000711,262591.13,AED,CREDIT,IMPS,SUCCESS,2026-05-08
T00006646,C002701,501047.5,INR,DEBIT,IMPS,FAILED,2026-08-20
T00006647,C003263,797075.51,INR,DEBIT,SWIFT,SUCCESS,2026-05-13
T00006648,C001324,684987.44,USD,CREDIT,SWIFT,SUCCESS,2026-04-16
T00006649,C000311,744579.35,INR,CREDIT,CARD,REVERSED,2026-01-18
T00006650,C002349,499151.38,INR,DEBIT,SWIFT,SUCCESS,2026-03-08
T00006651,C000676,376265.84,AED,DEBIT,CARD,SUCCESS,2026-03-23
T00006652,C002095,637352.34,AED,CREDIT,IMPS,REVERSED,2026-06-21
T00006653,C000683,515055.52,USD,DEBIT,SWIFT,SUCCESS,2026-06-12
T00006654,C000649,60832.05,INR,DEBIT,NEFT,SUCCESS,2026-01-24
T00006655,C001903,285991.02,AED,CREDIT,UPI,SUCCESS,2026-01-18
T00006656,C000156,166712.27,AED,DEBIT,UPI,REVERSED,2026-08-24
T00006657,C000424,285482.61,INR,CREDIT,NEFT,PENDING,2026-06-14
T00006658,C000543,65557.72,USD,CREDIT,NEFT,PENDING,2026-09-07
T00006659,C002929,133864.76,INR,DEBIT,IMPS,SUCCESS,2026-05-10
T00006660,C002112,642653.69,INR,CREDIT,IMPS,SUCCESS,2026-04-26
T00006661,C002304,203953.72,INR,CREDIT,NEFT,PENDING,2026-03-08
T00006662,C001001,309167.21,INR,DEBIT,NEFT,SUCCESS,2026-05-03
T00006663,C002115,513807.63,USD,CREDIT,SWIFT,FAILED,2026-01-09
T00006664,C000556,772931.72,INR,CREDIT,NEFT,SUCCESS,2026-07-10
T00006665,C001878,153760.74,INR,DEBIT,NEFT,SUCCESS,2026-01-01
T00006666,C002130,409188.02,INR,CREDIT,UPI,PENDING,2026-01-21
T00006667,C002898,589977.65,INR,CREDIT,NEFT,SUCCESS,2026-01-02
T00006668,C002086,719068.8,INR,CREDIT,CARD,REVERSED,2026-02-07
T00006669,C000879,625644.01,INR,CREDIT,SWIFT,SUCCESS,2026-04-23
T00006670,C002603,627601.01,INR,DEBIT,CARD,PENDING,2026-01-17
T00006671,C000115,158548.19,INR,DEBIT,NEFT,PENDING,2026-05-08
T00006672,C002569,678598.69,INR,CREDIT,SWIFT,REVERSED,2026-08-13
T00006673,C001473,865900.16,INR,DEBIT,IMPS,SUCCESS,2026-05-18
T00006674,C001215,268732.33,INR,CREDIT,SWIFT,PENDING,2026-09-26
T00006675,C003489,224412.52,INR,CREDIT,SWIFT,SUCCESS,2026-03-27
T00006676,C002143,376564.44,AED,DEBIT,IMPS,SUCCESS,2026-09-20
T00006677,C001472,664700.89,INR,DEBIT,UPI,PENDING,2026-06-22
T00006678,C002925,367124.73,USD,DEBIT,UPI,SUCCESS,2026-02-16
T00006679,C000150,677989.86,INR,DEBIT,SWIFT,PENDING,2026-01-12
T00006680,C000273,889031.87,INR,CREDIT,IMPS,PENDING,2026-03-20
T00006681,C002681,350747.71,INR,CREDIT,IMPS,SUCCESS,2026-03-16
T00006682,C002889,746492.71,AED,CREDIT,NEFT,SUCCESS,2026-08-23
T00006683,C000315,789164.91,AED,CREDIT,CARD,FAILED,2026-03-02
T00006684,C003456,760412.3,AED,CREDIT,IMPS,PENDING,2026-03-06
T00006685,C002913,649899.11,AED,CREDIT,SWIFT,PENDING,2026-07-10
T00006686,C001895,361415.51,AED,CREDIT,NEFT,FAILED,2026-05-20
T00006687,C002925,866717.02,INR,DEBIT,CARD,PENDING,2026-06-27
T00006688,C000456,461761.7,USD,CREDIT,UPI,SUCCESS,2026-07-20
T00006689,C001247,85983.13,INR,DEBIT,IMPS,SUCCESS,2026-08-20
T00006690,C002749,245886.97,AED,CREDIT,CARD,PENDING,2026-07-17
T00006691,C002873,163284.01,USD,CREDIT,IMPS,FAILED,2026-09-12
T00006692,C001552,528038.87,USD,CREDIT,NEFT,SUCCESS,2026-05-08
T00006693,C000711,216568.26,AED,CREDIT,SWIFT,FAILED,2026-04-22
T00006694,C001844,716428.27,INR,DEBIT,SWIFT,SUCCESS,2026-04-20
T00006695,C000338,556671.34,INR,DEBIT,SWIFT,FAILED,2026-01-27
T00006696,C003472,824452.56,USD,CREDIT,CARD,SUCCESS,2026-09-25
T00006697,C002049,639942.43,AED,CREDIT,SWIFT,REVERSED,2026-02-02
T00006698,C001670,326644.68,INR,DEBIT,IMPS,SUCCESS,2026-08-15
T00006699,C001268,348429.05,INR,DEBIT,IMPS,PENDING,2026-05-20
T00006700,C002365,738387.14,INR,DEBIT,CARD,FAILED,2026-07-04
T00006701,C002277,187409.61,INR,CREDIT,NEFT,REVERSED,2026-08-06
T00006702,C000841,580856.15,INR,DEBIT,UPI,PENDING,2026-04-20
T00006703,C003437,126361.8,USD,DEBIT,SWIFT,PENDING,2026-07-20
T00006704,C002230,531755.79,USD,DEBIT,IMPS,FAILED,2026-03-08
T00006705,C002480,879642.71,AED,DEBIT,CARD,SUCCESS,2026-09-22
T00006706,C002207,548249.17,INR,CREDIT,IMPS,SUCCESS,2026-04-23
T00006707,C000754,435933.34,INR,CREDIT,SWIFT,PENDING,2026-03-20
T00006708,C001261,196112.43,USD,DEBIT,NEFT,SUCCESS,2026-06-12
T00006709,C000835,378829.54,AED,CREDIT,SWIFT,REVERSED,2026-01-23
T00006710,C000685,374663.17,INR,CREDIT,NEFT,FAILED,2026-03-04
T00006711,C001163,762082.36,AED,CREDIT,UPI,REVERSED,2026-09-25
T00006712,C002678,274305.03,INR,CREDIT,UPI,SUCCESS,2026-04-09
T00006713,C002068,675937.92,AED,CREDIT,CARD,SUCCESS,2026-02-03
T00006714,C002495,726984.61,USD,CREDIT,UPI,PENDING,2026-03-19
T00006715,C002978,141683.4,INR,DEBIT,NEFT,SUCCESS,2026-04-24
T00006716,C000891,893732.44,INR,DEBIT,CARD,FAILED,2026-08-18
T00006717,C000574,138627.34,AED,CREDIT,NEFT,SUCCESS,2026-02-14
T00006718,C001940,727090.01,AED,DEBIT,CARD,PENDING,2026-01-26
T00006719,C003204,579069.14,INR,DEBIT,IMPS,PENDING,2026-04-08
T00006720,C002614,641221.29,AED,DEBIT,UPI,PENDING,2026-08-21
T00006721,C001999,217026.74,INR,CREDIT,CARD,SUCCESS,2026-07-25
T00006722,C002353,888659.54,AED,CREDIT,CARD,REVERSED,2026-08-14
T00006723,C001573,171917.51,AED,DEBIT,SWIFT,FAILED,2026-03-22
T00006724,C002743,439218.25,INR,DEBIT,CARD,SUCCESS,2026-08-06
T00006725,C002491,681257.34,AED,CREDIT,CARD,PENDING,2026-07-01
T00006726,C001987,215656.94,USD,CREDIT,NEFT,PENDING,2026-07-06
T00006727,C001690,18786.93,INR,CREDIT,UPI,SUCCESS,2026-07-21
T00006728,C002909,28240.08,AED,CREDIT,NEFT,REVERSED,2026-06-13
T00006729,C000342,23287.69,AED,CREDIT,IMPS,FAILED,2026-01-16
T00006730,C001257,687733.24,INR,DEBIT,CARD,FAILED,2026-01-19
T00006731,C001336,849517.03,USD,DEBIT,IMPS,SUCCESS,2026-01-27
T00006732,C001314,718568.59,AED,CREDIT,NEFT,SUCCESS,2026-08-06
T00006733,C001257,212466.5,INR,DEBIT,CARD,PENDING,2026-09-02
T00006734,C000436,570644.06,INR,CREDIT,NEFT,SUCCESS,2026-09-01
T00006735,C000696,454568.82,INR,DEBIT,SWIFT,SUCCESS,2026-01-23
T00006736,C003199,585769.65,INR,DEBIT,SWIFT,SUCCESS,2026-04-19
T00006737,C001195,35210.68,USD,CREDIT,NEFT,SUCCESS,2026-02-23
T00006738,C000642,389624.41,INR,CREDIT,NEFT,REVERSED,2026-04-20
T00006739,C001770,736507.13,INR,CREDIT,NEFT,SUCCESS,2026-04-14
T00006740,C003431,78841.89,INR,CREDIT,IMPS,SUCCESS,2026-05-16
T00006741,C002067,558189.87,INR,DEBIT,NEFT,REVERSED,2026-04-10
T00006742,C000357,608772.31,USD,DEBIT,UPI,FAILED,2026-09-26
T00006743,C000714,351469.74,USD,DEBIT,UPI,FAILED,2026-02-04
T00006744,C002463,891538.72,INR,DEBIT,UPI,FAILED,2026-04-27
T00006745,C001578,342071.87,AED,CREDIT,CARD,SUCCESS,2026-03-13
T00006746,C002544,154566.47,AED,CREDIT,NEFT,FAILED,2026-05-14
T00006747,C001360,854948.33,AED,CREDIT,UPI,PENDING,2026-04-08
T00006748,C001630,319235.57,INR,DEBIT,UPI,FAILED,2026-06-22
T00006749,C000704,579882.83,INR,CREDIT,IMPS,SUCCESS,2026-08-20
T00006750,C002585,732213.87,INR,DEBIT,CARD,PENDING,2026-02-20
T00006751,C000536,273067.28,INR,DEBIT,SWIFT,REVERSED,2026-03-12
T00006752,C003031,729984.51,USD,CREDIT,IMPS,REVERSED,2026-01-28
T00006753,C002752,563527.54,INR,CREDIT,SWIFT,PENDING,2026-04-08
T00006754,C000776,378426.08,AED,DEBIT,UPI,SUCCESS,2026-02-27
T00006755,C000140,720382.05,USD,DEBIT,UPI,REVERSED,2026-08-06
T00006756,C001178,884220.36,USD,DEBIT,NEFT,PENDING,2026-02-08
T00006757,C002132,739640.44,INR,CREDIT,CARD,SUCCESS,2026-09-11
T00006758,C003036,859517.77,INR,DEBIT,CARD,SUCCESS,2026-07-01
T00006759,C002116,792278.12,AED,DEBIT,UPI,REVERSED,2026-07-01
T00006760,C003317,269297.3,USD,CREDIT,IMPS,SUCCESS,2026-02-05
T00006761,C003173,897967.12,INR,DEBIT,UPI,SUCCESS,2026-02-18
T00006762,C000948,41079.66,INR,CREDIT,UPI,SUCCESS,2026-07-11
T00006763,C003416,517213.94,USD,DEBIT,UPI,SUCCESS,2026-06-11
T00006764,C000710,218975.67,INR,DEBIT,SWIFT,REVERSED,2026-02-02
T00006765,C003088,736867.18,INR,DEBIT,SWIFT,FAILED,2026-03-03
T00006766,C002513,476290.72,INR,DEBIT,IMPS,REVERSED,2026-08-05
T00006767,C000290,472464.22,INR,DEBIT,SWIFT,SUCCESS,2026-01-24
T00006768,C002655,525146.73,USD,DEBIT,IMPS,REVERSED,2026-03-12
T00006769,C000421,469543.15,USD,DEBIT,NEFT,FAILED,2026-05-18
T00006770,C002342,317962.54,INR,CREDIT,NEFT,SUCCESS,2026-03-03
T00006771,C000841,95275.96,INR,DEBIT,CARD,SUCCESS,2026-06-12
T00006772,C001053,686371.09,INR,DEBIT,UPI,SUCCESS,2026-04-12
T00006773,C003334,831467.64,INR,CREDIT,IMPS,SUCCESS,2026-07-06
T00006774,C001869,165051.89,INR,CREDIT,NEFT,SUCCESS,2026-05-09
T00006775,C002773,34846.58,USD,DEBIT,IMPS,SUCCESS,2026-06-26
T00006776,C002220,401291.62,INR,CREDIT,UPI,SUCCESS,2026-06-08
T00006777,C000753,99513.08,USD,CREDIT,SWIFT,SUCCESS,2026-07-13
T00006778,C001226,572808.48,USD,CREDIT,SWIFT,FAILED,2026-05-16
T00006779,C001274,242898.4,INR,CREDIT,UPI,SUCCESS,2026-04-24
T00006780,C000995,596460.64,AED,DEBIT,NEFT,REVERSED,2026-07-06
T00006781,C002781,130836.28,AED,DEBIT,CARD,SUCCESS,2026-03-17
T00006782,C003116,502892.82,AED,DEBIT,UPI,SUCCESS,2026-01-23
T00006783,C003210,115548.28,AED,DEBIT,SWIFT,REVERSED,2026-09-08
T00006784,C002920,754553.49,USD,DEBIT,UPI,REVERSED,2026-05-23
T00006785,C002316,654263.69,INR,DEBIT,UPI,SUCCESS,2026-06-06
T00006786,C001974,781583.64,USD,DEBIT,SWIFT,REVERSED,2026-05-27
T00006787,C000835,350334.41,INR,DEBIT,NEFT,REVERSED,2026-03-01
T00006788,C002754,312869.64,INR,CREDIT,SWIFT,FAILED,2026-02-13
T00006789,C001615,530356.73,AED,DEBIT,CARD,SUCCESS,2026-05-26
T00006790,C000262,564443.57,AED,DEBIT,IMPS,SUCCESS,2026-09-18
T00006791,C002161,151402.14,INR,CREDIT,UPI,PENDING,2026-09-25
T00006792,C002283,700561.88,INR,CREDIT,IMPS,FAILED,2026-08-03
T00006793,C003228,279569.02,AED,DEBIT,IMPS,PENDING,2026-09-10
T00006794,C001512,265610.6,INR,DEBIT,SWIFT,SUCCESS,2026-01-17
T00006795,C001812,325372.83,AED,DEBIT,NEFT,PENDING,2026-09-09
T00006796,C000789,612279.17,INR,CREDIT,NEFT,SUCCESS,2026-04-15
T00006797,C001454,150594.93,INR,DEBIT,IMPS,SUCCESS,2026-09-20
T00006798,C002692,709392.76,USD,CREDIT,CARD,REVERSED,2026-08-23
T00006799,C002595,819848.11,AED,CREDIT,IMPS,SUCCESS,2026-08-23
T00006800,C002109,785215.01,AED,CREDIT,IMPS,FAILED,2026-08-19
T00006801,C001494,636517.93,AED,DEBIT,UPI,SUCCESS,2026-08-21
T00006802,C001051,271186.93,INR,DEBIT,CARD,PENDING,2026-02-04
T00006803,C003140,520304.62,USD,CREDIT,UPI,SUCCESS,2026-02-28
T00006804,C001667,202419.15,INR,DEBIT,UPI,SUCCESS,2026-05-08
T00006805,C002424,784842.17,INR,CREDIT,IMPS,SUCCESS,2026-03-08
T00006806,C003335,63188.01,INR,CREDIT,UPI,REVERSED,2026-07-18
T00006807,C001779,216371.06,AED,DEBIT,UPI,FAILED,2026-05-18
T00006808,C001353,285734.07,AED,DEBIT,SWIFT,SUCCESS,2026-07-14
T00006809,C001674,788044.28,INR,DEBIT,SWIFT,PENDING,2026-01-08
T00006810,C000229,147005.41,AED,CREDIT,SWIFT,REVERSED,2026-05-18
T00006811,C003462,727834.83,USD,CREDIT,CARD,SUCCESS,2026-05-02
T00006812,C003486,690792.31,INR,DEBIT,CARD,SUCCESS,2026-05-08
T00006813,C000602,799931.53,USD,DEBIT,NEFT,REVERSED,2026-04-23
T00006814,C002262,452911.43,INR,CREDIT,CARD,SUCCESS,2026-02-11
T00006815,C001607,349930.8,USD,DEBIT,UPI,REVERSED,2026-07-01
T00006816,C000182,835718.8,USD,DEBIT,UPI,SUCCESS,2026-07-19
T00006817,C000070,576628.73,INR,CREDIT,UPI,REVERSED,2026-08-14
T00006818,C003043,670361.57,AED,DEBIT,UPI,SUCCESS,2026-08-18
T00006819,C003233,339759.33,USD,DEBIT,SWIFT,FAILED,2026-06-27
T00006820,C000318,733492.03,USD,CREDIT,CARD,SUCCESS,2026-08-16
T00006821,C001407,458760.07,INR,DEBIT,CARD,PENDING,2026-05-23
T00006822,C000075,584972.7,INR,CREDIT,IMPS,FAILED,2026-04-07
T00006823,C003407,412715.74,INR,DEBIT,CARD,SUCCESS,2026-06-19
T00006824,C000571,134867.52,INR,CREDIT,IMPS,REVERSED,2026-07-22
T00006825,C000993,78456.02,INR,DEBIT,CARD,FAILED,2026-07-14
T00006826,C001156,601756.99,AED,CREDIT,UPI,SUCCESS,2026-05-15
T00006827,C001353,490101.07,AED,DEBIT,UPI,REVERSED,2026-01-03
T00006828,C002862,678726.89,USD,DEBIT,UPI,FAILED,2026-09-13
T00006829,C000704,322232.58,INR,DEBIT,IMPS,FAILED,2026-07-11
T00006830,C003165,190146.04,INR,CREDIT,SWIFT,REVERSED,2026-04-16
T00006831,C001503,377815.93,AED,DEBIT,IMPS,SUCCESS,2026-09-11
T00006832,C000115,619370.06,INR,DEBIT,NEFT,SUCCESS,2026-02-19
T00006833,C000125,706894.54,INR,CREDIT,IMPS,PENDING,2026-09-22
T00006834,C000365,252768.97,AED,CREDIT,UPI,PENDING,2026-09-20
T00006835,C000010,210595.62,INR,DEBIT,SWIFT,FAILED,2026-09-10
T00006836,C002462,239586.76,AED,CREDIT,NEFT,SUCCESS,2026-02-15
T00006837,C001086,737336.4,AED,DEBIT,SWIFT,SUCCESS,2026-03-10
T00006838,C002510,137046.03,INR,CREDIT,SWIFT,SUCCESS,2026-09-15
T00006839,C000424,198998.32,INR,CREDIT,UPI,SUCCESS,2026-07-06
T00006840,C003416,110789.86,INR,CREDIT,IMPS,PENDING,2026-08-21
T00006841,C002212,141718.32,INR,CREDIT,SWIFT,REVERSED,2026-06-04
T00006842,C000752,353768.95,AED,DEBIT,UPI,SUCCESS,2026-05-07
T00006843,C000374,354261.33,INR,CREDIT,UPI,REVERSED,2026-09-28
T00006844,C002798,510640.31,USD,DEBIT,SWIFT,FAILED,2026-02-01
T00006845,C002968,212853.47,INR,CREDIT,UPI,SUCCESS,2026-05-09
T00006846,C000951,211869.1,AED,DEBIT,NEFT,FAILED,2026-01-02
T00006847,C000735,669759.13,AED,DEBIT,NEFT,REVERSED,2026-05-23
T00006848,C002633,58127.37,INR,DEBIT,IMPS,SUCCESS,2026-05-15
T00006849,C000716,166406.68,INR,CREDIT,UPI,SUCCESS,2026-03-10
T00006850,C002871,427299.85,INR,CREDIT,CARD,SUCCESS,2026-06-04
T00006851,C000844,80904.08,INR,CREDIT,NEFT,SUCCESS,2026-04-24
T00006852,C001850,591959.36,USD,CREDIT,CARD,FAILED,2026-09-01
T00006853,C000071,620141.97,INR,CREDIT,UPI,SUCCESS,2026-03-03
T00006854,C001532,11557.06,INR,DEBIT,IMPS,PENDING,2026-04-04
T00006855,C001946,874003.56,INR,DEBIT,CARD,SUCCESS,2026-02-15
T00006856,C002107,551347.77,AED,DEBIT,SWIFT,SUCCESS,2026-09-07
T00006857,C000707,220877.37,AED,CREDIT,NEFT,FAILED,2026-01-10
T00006858,C002113,368375.08,USD,CREDIT,CARD,SUCCESS,2026-06-25
T00006859,C002666,534461.79,INR,CREDIT,CARD,PENDING,2026-06-28
T00006860,C001232,664306.16,INR,DEBIT,SWIFT,PENDING,2026-09-09
T00006861,C002121,881725.43,USD,CREDIT,IMPS,SUCCESS,2026-01-13
T00006862,C003368,211243.72,INR,DEBIT,NEFT,SUCCESS,2026-02-17
T00006863,C000931,326957.62,INR,DEBIT,CARD,REVERSED,2026-04-18
T00006864,C002342,577704.87,INR,CREDIT,UPI,PENDING,2026-04-01
T00006865,C000908,310190.78,INR,CREDIT,UPI,SUCCESS,2026-08-17
T00006866,C000338,578592.81,INR,DEBIT,SWIFT,REVERSED,2026-06-12
T00006867,C003275,323249.21,AED,DEBIT,NEFT,FAILED,2026-01-04
T00006868,C000668,238836.24,INR,DEBIT,CARD,FAILED,2026-05-26
T00006869,C002106,457779.0,USD,CREDIT,UPI,SUCCESS,2026-03-17
T00006870,C002074,5812.12,USD,CREDIT,CARD,SUCCESS,2026-09-25
T00006871,C003098,854513.33,AED,DEBIT,IMPS,SUCCESS,2026-04-25
T00006872,C002640,454942.99,USD,CREDIT,IMPS,REVERSED,2026-08-02
T00006873,C001473,532978.66,AED,DEBIT,NEFT,SUCCESS,2026-02-12
T00006874,C000542,451028.01,AED,CREDIT,IMPS,SUCCESS,2026-05-13
T00006875,C002725,263125.46,USD,DEBIT,NEFT,REVERSED,2026-01-23
T00006876,C003278,894042.32,AED,CREDIT,SWIFT,FAILED,2026-02-20
T00006877,C001554,869298.44,AED,CREDIT,NEFT,SUCCESS,2026-06-16
T00006878,C000938,825562.01,INR,CREDIT,IMPS,REVERSED,2026-05-19
T00006879,C000118,898975.37,USD,CREDIT,CARD,SUCCESS,2026-04-16
T00006880,C000686,8015.27,INR,CREDIT,CARD,PENDING,2026-05-02
T00006881,C000501,688806.76,INR,CREDIT,UPI,REVERSED,2026-07-24
T00006882,C000247,607828.51,USD,CREDIT,UPI,REVERSED,2026-04-09
T00006883,C003451,162332.33,INR,CREDIT,SWIFT,SUCCESS,2026-04-13
T00006884,C002406,107524.04,INR,CREDIT,CARD,SUCCESS,2026-05-04
T00006885,C001582,393578.08,USD,CREDIT,SWIFT,SUCCESS,2026-09-09
T00006886,C001141,321269.17,AED,CREDIT,NEFT,SUCCESS,2026-08-27
T00006887,C003045,663962.48,USD,CREDIT,IMPS,SUCCESS,2026-01-22
T00006888,C002694,303573.2,AED,DEBIT,UPI,SUCCESS,2026-09-20
T00006889,C002604,811917.39,INR,CREDIT,NEFT,SUCCESS,2026-04-05
T00006890,C001015,496904.38,AED,CREDIT,SWIFT,FAILED,2026-09-24
T00006891,C002022,498758.96,AED,CREDIT,UPI,FAILED,2026-06-28
T00006892,C003217,627133.68,INR,DEBIT,SWIFT,SUCCESS,2026-08-28
T00006893,C001059,259492.25,INR,CREDIT,SWIFT,SUCCESS,2026-04-26
T00006894,C000223,98725.31,INR,DEBIT,NEFT,PENDING,2026-06-02
T00006895,C003131,486417.37,INR,CREDIT,NEFT,SUCCESS,2026-05-02
T00006896,C001874,803123.62,USD,DEBIT,UPI,SUCCESS,2026-03-07
T00006897,C000758,446480.65,AED,DEBIT,UPI,REVERSED,2026-07-15
T00006898,C003413,8085.38,AED,DEBIT,NEFT,SUCCESS,2026-09-01
T00006899,C001835,841156.45,INR,DEBIT,NEFT,SUCCESS,2026-02-05
T00006900,C000567,35945.02,AED,CREDIT,CARD,SUCCESS,2026-07-02
T00006901,C003018,40698.76,INR,DEBIT,UPI,SUCCESS,2026-05-03
T00006902,C002196,852139.1,INR,CREDIT,SWIFT,FAILED,2026-08-15
T00006903,C000014,87468.87,INR,CREDIT,UPI,PENDING,2026-08-06
T00006904,C002008,143431.35,INR,DEBIT,SWIFT,REVERSED,2026-08-22
T00006905,C002289,373792.68,INR,DEBIT,NEFT,SUCCESS,2026-01-26
T00006906,C002717,750037.84,AED,CREDIT,UPI,PENDING,2026-08-20
T00006907,C002953,235650.85,INR,DEBIT,UPI,REVERSED,2026-08-06
T00006908,C001451,830552.28,INR,CREDIT,SWIFT,REVERSED,2026-09-07
T00006909,C002010,305512.33,INR,CREDIT,UPI,SUCCESS,2026-02-12
T00006910,C000924,699691.73,AED,CREDIT,UPI,FAILED,2026-09-16
T00006911,C000838,364098.38,USD,DEBIT,UPI,SUCCESS,2026-03-18
T00006912,C002117,423956.36,USD,CREDIT,UPI,SUCCESS,2026-04-01
T00006913,C000121,705267.35,USD,DEBIT,IMPS,FAILED,2026-03-20
T00006914,C001850,638215.41,INR,DEBIT,CARD,SUCCESS,2026-06-06
T00006915,C000117,194118.1,INR,DEBIT,SWIFT,PENDING,2026-01-19
T00006916,C001639,422073.88,AED,DEBIT,CARD,FAILED,2026-03-27
T00006917,C001943,862273.79,AED,DEBIT,CARD,FAILED,2026-01-01
T00006918,C001748,701769.25,USD,CREDIT,IMPS,SUCCESS,2026-02-08
T00006919,C001292,785362.27,USD,DEBIT,NEFT,SUCCESS,2026-04-17
T00006920,C001387,393516.2,INR,DEBIT,UPI,SUCCESS,2026-02-20
T00006921,C001090,72360.19,INR,DEBIT,IMPS,PENDING,2026-02-07
T00006922,C002930,569532.14,AED,DEBIT,NEFT,SUCCESS,2026-07-01
T00006923,C001793,409350.5,INR,DEBIT,CARD,PENDING,2026-08-07
T00006924,C002362,650131.8,INR,CREDIT,UPI,SUCCESS,2026-03-27
T00006925,C003296,569672.26,USD,CREDIT,NEFT,FAILED,2026-09-13
T00006926,C000142,90127.76,USD,DEBIT,SWIFT,PENDING,2026-04-17
T00006927,C002686,241524.25,INR,CREDIT,UPI,FAILED,2026-09-18
T00006928,C000406,263952.35,INR,DEBIT,NEFT,SUCCESS,2026-01-12
T00006929,C001004,769500.33,INR,CREDIT,NEFT,PENDING,2026-07-20
T00006930,C001426,295806.59,AED,DEBIT,NEFT,SUCCESS,2026-06-20
T00006931,C001084,732603.12,INR,CREDIT,SWIFT,SUCCESS,2026-04-14
T00006932,C001648,683446.21,INR,DEBIT,SWIFT,FAILED,2026-05-10
T00006933,C002837,633275.57,INR,CREDIT,UPI,FAILED,2026-03-20
T00006934,C001951,351269.45,INR,DEBIT,NEFT,FAILED,2026-05-14
T00006935,C000149,105995.57,INR,DEBIT,SWIFT,SUCCESS,2026-05-13
T00006936,C000577,493550.92,INR,DEBIT,CARD,REVERSED,2026-06-23
T00006937,C000265,91174.11,USD,CREDIT,SWIFT,SUCCESS,2026-02-01
T00006938,C002094,118651.88,AED,DEBIT,IMPS,SUCCESS,2026-04-10
T00006939,C000601,611673.35,AED,DEBIT,NEFT,PENDING,2026-06-25
T00006940,C001350,133888.6,USD,DEBIT,NEFT,REVERSED,2026-07-26
T00006941,C002723,315569.7,INR,DEBIT,SWIFT,SUCCESS,2026-08-02
T00006942,C000545,877750.27,INR,CREDIT,CARD,SUCCESS,2026-01-23
T00006943,C002936,311025.42,USD,DEBIT,UPI,SUCCESS,2026-07-01
T00006944,C003139,622672.8,INR,DEBIT,NEFT,FAILED,2026-01-14
T00006945,C003421,657929.13,AED,CREDIT,CARD,SUCCESS,2026-08-26
T00006946,C002356,193854.02,USD,DEBIT,CARD,SUCCESS,2026-09-27
T00006947,C000755,673571.57,INR,CREDIT,SWIFT,PENDING,2026-01-20
T00006948,C003400,817838.3,AED,CREDIT,NEFT,PENDING,2026-03-23
T00006949,C002915,241098.75,AED,CREDIT,SWIFT,PENDING,2026-07-05
T00006950,C002249,666841.65,INR,DEBIT,IMPS,SUCCESS,2026-04-15
T00006951,C001532,544013.23,INR,CREDIT,UPI,PENDING,2026-03-15
T00006952,C002750,336876.95,INR,DEBIT,UPI,PENDING,2026-04-12
T00006953,C000205,838443.63,AED,CREDIT,NEFT,REVERSED,2026-03-14
T00006954,C000178,53498.16,AED,DEBIT,SWIFT,REVERSED,2026-02-28
T00006955,C001860,88230.42,USD,DEBIT,CARD,SUCCESS,2026-02-22
T00006956,C000796,244899.58,INR,DEBIT,CARD,SUCCESS,2026-04-07
T00006957,C001913,876046.05,AED,CREDIT,UPI,SUCCESS,2026-01-03
T00006958,C001166,677368.63,USD,DEBIT,IMPS,REVERSED,2026-02-13
T00006959,C000918,445336.94,INR,DEBIT,CARD,SUCCESS,2026-03-08
T00006960,C002564,171850.21,INR,CREDIT,IMPS,PENDING,2026-02-01
T00006961,C002144,9011.62,AED,CREDIT,IMPS,PENDING,2026-02-05
T00006962,C002002,804911.97,USD,CREDIT,UPI,FAILED,2026-08-12
T00006963,C003406,135398.29,USD,CREDIT,CARD,FAILED,2026-06-18
T00006964,C003175,768496.28,USD,CREDIT,CARD,SUCCESS,2026-09-07
T00006965,C000040,465901.75,USD,CREDIT,CARD,SUCCESS,2026-01-17
T00006966,C000472,548348.73,USD,DEBIT,SWIFT,FAILED,2026-07-17
T00006967,C002853,196159.04,AED,CREDIT,CARD,REVERSED,2026-05-24
T00006968,C002332,182622.35,INR,CREDIT,SWIFT,SUCCESS,2026-07-19
T00006969,C003291,306813.67,USD,CREDIT,CARD,SUCCESS,2026-02-14
T00006970,C000798,824144.69,USD,DEBIT,IMPS,SUCCESS,2026-09-27
T00006971,C002452,249862.01,INR,DEBIT,UPI,FAILED,2026-01-14
T00006972,C000209,506012.85,USD,DEBIT,UPI,FAILED,2026-01-27
T00006973,C000081,845322.48,AED,CREDIT,SWIFT,SUCCESS,2026-07-22
T00006974,C003211,468234.04,INR,DEBIT,CARD,SUCCESS,2026-04-19
T00006975,C002094,473723.12,USD,CREDIT,NEFT,SUCCESS,2026-01-14
T00006976,C002850,100596.01,USD,CREDIT,CARD,REVERSED,2026-05-22
T00006977,C002428,215387.91,INR,CREDIT,NEFT,REVERSED,2026-08-14
T00006978,C001896,450608.5,INR,CREDIT,IMPS,PENDING,2026-05-23
T00006979,C002200,175251.83,AED,CREDIT,SWIFT,PENDING,2026-03-02
T00006980,C001908,256205.38,INR,CREDIT,IMPS,SUCCESS,2026-07-25
T00006981,C002778,374525.95,INR,DEBIT,SWIFT,SUCCESS,2026-04-12
T00006982,C000318,427554.52,INR,DEBIT,UPI,REVERSED,2026-01-18
T00006983,C000087,85006.96,INR,DEBIT,UPI,SUCCESS,2026-02-17
T00006984,C000393,559917.64,INR,DEBIT,NEFT,REVERSED,2026-03-18
T00006985,C001541,430183.95,INR,DEBIT,SWIFT,SUCCESS,2026-03-08
T00006986,C000864,821435.83,INR,CREDIT,CARD,REVERSED,2026-07-25
T00006987,C000177,600697.87,INR,CREDIT,CARD,SUCCESS,2026-07-21
T00006988,C002869,861086.68,INR,DEBIT,CARD,FAILED,2026-09-17
T00006989,C000289,165827.32,AED,CREDIT,SWIFT,PENDING,2026-05-21
T00006990,C002480,627710.18,USD,CREDIT,SWIFT,PENDING,2026-07-27
T00006991,C001965,237614.87,INR,CREDIT,NEFT,PENDING,2026-08-12
T00006992,C003010,738753.86,USD,DEBIT,NEFT,REVERSED,2026-09-25
T00006993,C001288,242633.64,AED,DEBIT,NEFT,SUCCESS,2026-01-22
T00006994,C001917,539540.32,INR,DEBIT,IMPS,REVERSED,2026-09-08
T00006995,C003152,465562.72,INR,CREDIT,SWIFT,SUCCESS,2026-06-21
T00006996,C001993,654071.28,INR,DEBIT,NEFT,FAILED,2026-08-27
T00006997,C001758,610986.32,USD,DEBIT,SWIFT,SUCCESS,2026-04-12
T00006998,C000096,163301.59,AED,DEBIT,UPI,FAILED,2026-05-25
T00006999,C002715,420793.3,INR,DEBIT,IMPS,SUCCESS,2026-08-22
T00007000,C001689,561008.36,INR,DEBIT,SWIFT,SUCCESS,2026-06-08
T00007001,C001639,269341.61,AED,CREDIT,SWIFT,REVERSED,2026-09-15
T00007002,C001997,340645.45,INR,CREDIT,CARD,FAILED,2026-04-13
T00007003,C002127,489867.87,USD,DEBIT,SWIFT,PENDING,2026-02-01
T00007004,C003008,773107.16,USD,DEBIT,NEFT,SUCCESS,2026-01-17
T00007005,C000763,379756.37,INR,DEBIT,CARD,SUCCESS,2026-02-18
T00007006,C001039,20638.96,INR,DEBIT,SWIFT,FAILED,2026-06-10
T00007007,C001599,339564.55,AED,CREDIT,SWIFT,SUCCESS,2026-08-02
T00007008,C002055,186264.41,INR,DEBIT,CARD,SUCCESS,2026-09-12
T00007009,C003338,602100.09,AED,DEBIT,CARD,PENDING,2026-02-04
T00007010,C000174,728908.27,USD,DEBIT,SWIFT,SUCCESS,2026-04-17
T00007011,C001111,44792.51,AED,CREDIT,NEFT,SUCCESS,2026-05-09
T00007012,C000432,140615.39,INR,DEBIT,IMPS,PENDING,2026-08-08
T00007013,C000846,399902.28,USD,CREDIT,NEFT,REVERSED,2026-01-08
T00007014,C001322,228582.21,INR,CREDIT,SWIFT,SUCCESS,2026-02-21
T00007015,C000251,404667.11,INR,CREDIT,CARD,SUCCESS,2026-08-20
T00007016,C000333,117356.01,INR,CREDIT,IMPS,SUCCESS,2026-02-28
T00007017,C002229,122743.47,USD,DEBIT,NEFT,SUCCESS,2026-06-02
T00007018,C000061,160802.68,INR,CREDIT,NEFT,SUCCESS,2026-05-14
T00007019,C000667,72771.03,INR,CREDIT,SWIFT,PENDING,2026-04-12
T00007020,C002612,65653.88,USD,CREDIT,CARD,SUCCESS,2026-07-21
T00007021,C001840,869676.46,INR,DEBIT,SWIFT,SUCCESS,2026-08-08
T00007022,C003371,28328.29,INR,DEBIT,SWIFT,SUCCESS,2026-06-18
T00007023,C001991,349360.67,INR,DEBIT,NEFT,PENDING,2026-04-12
T00007024,C001335,219901.88,INR,CREDIT,NEFT,PENDING,2026-05-12
T00007025,C001820,360477.21,AED,CREDIT,CARD,SUCCESS,2026-03-02
T00007026,C002439,63436.92,INR,CREDIT,SWIFT,REVERSED,2026-04-12
T00007027,C000537,528950.71,USD,CREDIT,SWIFT,FAILED,2026-02-01
T00007028,C002553,800209.68,INR,CREDIT,SWIFT,SUCCESS,2026-03-01
T00007029,C000195,312755.97,INR,DEBIT,IMPS,PENDING,2026-01-28
T00007030,C001300,73480.94,USD,DEBIT,SWIFT,REVERSED,2026-03-08
T00007031,C000558,206593.12,USD,DEBIT,IMPS,FAILED,2026-06-20
T00007032,C003500,275868.07,INR,DEBIT,CARD,FAILED,2026-04-23
T00007033,C000830,695317.49,INR,DEBIT,IMPS,PENDING,2026-05-12
T00007034,C003198,442835.46,INR,CREDIT,UPI,FAILED,2026-05-26
T00007035,C003220,337798.86,USD,DEBIT,UPI,FAILED,2026-07-28
T00007036,C000797,12001.6,AED,DEBIT,NEFT,FAILED,2026-05-04
T00007037,C002472,678389.37,USD,DEBIT,UPI,PENDING,2026-02-09
T00007038,C003114,700853.19,INR,DEBIT,UPI,REVERSED,2026-06-04
T00007039,C002799,511744.39,INR,CREDIT,CARD,REVERSED,2026-02-01
T00007040,C001101,882510.42,AED,CREDIT,IMPS,REVERSED,2026-09-04
T00007041,C000170,736542.69,INR,CREDIT,IMPS,FAILED,2026-06-04
T00007042,C002143,866090.21,AED,CREDIT,SWIFT,REVERSED,2026-08-19
T00007043,C002665,853584.42,AED,DEBIT,NEFT,REVERSED,2026-03-03
T00007044,C001825,499240.42,USD,DEBIT,UPI,SUCCESS,2026-01-06
T00007045,C002442,732670.03,INR,DEBIT,SWIFT,SUCCESS,2026-07-07
T00007046,C001358,375542.41,INR,DEBIT,IMPS,SUCCESS,2026-03-13
T00007047,C000969,541133.34,AED,DEBIT,UPI,SUCCESS,2026-02-01
T00007048,C000356,244509.24,AED,DEBIT,CARD,FAILED,2026-04-08
T00007049,C002117,601853.08,INR,CREDIT,NEFT,PENDING,2026-03-26
T00007050,C002996,636973.76,USD,CREDIT,IMPS,SUCCESS,2026-01-11
T00007051,C003442,526513.92,INR,CREDIT,IMPS,PENDING,2026-07-01
T00007052,C002064,510493.9,USD,CREDIT,SWIFT,SUCCESS,2026-09-15
T00007053,C001614,785136.04,INR,CREDIT,CARD,SUCCESS,2026-04-23
T00007054,C003227,249358.55,INR,DEBIT,SWIFT,REVERSED,2026-02-26
T00007055,C001025,174795.07,AED,DEBIT,IMPS,REVERSED,2026-01-22
T00007056,C001592,69440.75,USD,DEBIT,IMPS,SUCCESS,2026-06-13
T00007057,C002161,417360.7,INR,CREDIT,SWIFT,PENDING,2026-02-17
T00007058,C003148,559104.61,INR,DEBIT,SWIFT,SUCCESS,2026-09-23
T00007059,C001492,149705.93,USD,DEBIT,NEFT,SUCCESS,2026-03-05
T00007060,C001828,56296.12,INR,DEBIT,SWIFT,FAILED,2026-01-28
T00007061,C002062,298190.07,INR,DEBIT,IMPS,FAILED,2026-02-05
T00007062,C001200,853792.07,USD,CREDIT,CARD,SUCCESS,2026-05-15
T00007063,C003436,894602.24,INR,DEBIT,IMPS,FAILED,2026-04-15
T00007064,C001568,327877.6,INR,CREDIT,UPI,SUCCESS,2026-09-19
T00007065,C000990,889673.79,INR,CREDIT,IMPS,SUCCESS,2026-08-01
T00007066,C002474,658007.81,INR,DEBIT,IMPS,REVERSED,2026-08-28
T00007067,C002416,537046.01,USD,CREDIT,CARD,REVERSED,2026-01-16
T00007068,C001403,743567.91,AED,DEBIT,SWIFT,SUCCESS,2026-07-02
T00007069,C001557,755051.18,INR,DEBIT,NEFT,SUCCESS,2026-06-20
T00007070,C002378,400672.7,INR,CREDIT,IMPS,SUCCESS,2026-02-07
T00007071,C000516,790575.39,INR,DEBIT,IMPS,REVERSED,2026-02-18
T00007072,C002213,139671.34,USD,CREDIT,CARD,SUCCESS,2026-07-09
T00007073,C000998,22629.5,INR,CREDIT,SWIFT,REVERSED,2026-06-20
T00007074,C002562,118800.45,INR,DEBIT,IMPS,PENDING,2026-04-12
T00007075,C000939,481909.52,INR,DEBIT,CARD,SUCCESS,2026-07-21
T00007076,C002538,629694.21,AED,DEBIT,SWIFT,PENDING,2026-09-13
T00007077,C002182,398194.41,AED,CREDIT,SWIFT,SUCCESS,2026-05-21
T00007078,C002712,508116.85,INR,DEBIT,SWIFT,REVERSED,2026-01-28
T00007079,C000681,758323.0,USD,DEBIT,UPI,FAILED,2026-09-28
T00007080,C001265,722389.39,INR,CREDIT,IMPS,PENDING,2026-07-07
T00007081,C003190,662185.71,INR,CREDIT,SWIFT,SUCCESS,2026-08-22
T00007082,C002152,455487.97,INR,DEBIT,UPI,FAILED,2026-06-10
T00007083,C000292,513639.18,AED,DEBIT,CARD,SUCCESS,2026-01-05
T00007084,C003032,84206.91,INR,DEBIT,SWIFT,SUCCESS,2026-02-16
T00007085,C002188,487198.42,AED,CREDIT,SWIFT,PENDING,2026-09-08
T00007086,C000563,466694.91,INR,CREDIT,NEFT,SUCCESS,2026-09-23
T00007087,C000472,874322.23,USD,DEBIT,NEFT,PENDING,2026-03-17
T00007088,C000291,899137.39,INR,CREDIT,UPI,SUCCESS,2026-04-21
T00007089,C000902,24540.87,INR,DEBIT,CARD,REVERSED,2026-01-22
T00007090,C001792,322531.11,USD,DEBIT,CARD,PENDING,2026-08-22
T00007091,C001657,189934.55,USD,DEBIT,CARD,SUCCESS,2026-03-05
T00007092,C001609,547952.57,USD,DEBIT,NEFT,FAILED,2026-06-22
T00007093,C002824,685784.89,AED,CREDIT,NEFT,REVERSED,2026-07-14
T00007094,C002184,784976.92,AED,DEBIT,NEFT,SUCCESS,2026-09-14
T00007095,C002631,636293.88,AED,DEBIT,CARD,SUCCESS,2026-07-16
T00007096,C000510,707109.65,INR,DEBIT,CARD,REVERSED,2026-04-06
T00007097,C000620,628972.43,INR,DEBIT,SWIFT,REVERSED,2026-08-09
T00007098,C000078,532139.21,USD,DEBIT,SWIFT,SUCCESS,2026-09-22
T00007099,C000317,108730.33,INR,CREDIT,CARD,REVERSED,2026-03-26
T00007100,C002963,605067.6,INR,DEBIT,CARD,REVERSED,2026-07-06
T00007101,C001633,876034.53,USD,DEBIT,IMPS,SUCCESS,2026-09-25
T00007102,C001935,401215.83,INR,DEBIT,NEFT,SUCCESS,2026-05-11
T00007103,C002093,659250.78,INR,DEBIT,SWIFT,PENDING,2026-06-27
T00007104,C002288,600801.2,USD,CREDIT,IMPS,PENDING,2026-07-28
T00007105,C000587,279409.54,INR,CREDIT,SWIFT,SUCCESS,2026-03-21
T00007106,C001406,444146.18,AED,CREDIT,NEFT,SUCCESS,2026-07-08
T00007107,C003107,642049.81,USD,DEBIT,CARD,PENDING,2026-06-19
T00007108,C000110,721597.2,INR,DEBIT,SWIFT,PENDING,2026-03-19
T00007109,C003312,34859.94,INR,CREDIT,NEFT,SUCCESS,2026-01-25
T00007110,C001382,459116.6,USD,CREDIT,CARD,PENDING,2026-03-15
T00007111,C002073,131910.56,INR,DEBIT,SWIFT,SUCCESS,2026-02-16
T00007112,C003409,576389.81,INR,DEBIT,IMPS,SUCCESS,2026-02-14
T00007113,C000842,454637.19,INR,CREDIT,IMPS,SUCCESS,2026-05-11
T00007114,C000593,713201.2,USD,CREDIT,SWIFT,SUCCESS,2026-02-04
T00007115,C003145,82285.69,AED,DEBIT,CARD,SUCCESS,2026-06-28
T00007116,C001203,8995.22,AED,DEBIT,IMPS,SUCCESS,2026-06-15
T00007117,C002004,25046.12,INR,CREDIT,NEFT,SUCCESS,2026-02-17
T00007118,C001146,467306.36,AED,DEBIT,IMPS,SUCCESS,2026-03-16
T00007119,C001121,766422.1,INR,DEBIT,CARD,SUCCESS,2026-01-05
T00007120,C001276,811861.61,USD,CREDIT,UPI,FAILED,2026-03-13
T00007121,C002123,400951.77,USD,DEBIT,IMPS,SUCCESS,2026-06-24
T00007122,C001775,98401.87,AED,CREDIT,IMPS,FAILED,2026-05-19
T00007123,C000492,6826.92,USD,CREDIT,CARD,SUCCESS,2026-03-01
T00007124,C000300,808476.95,USD,CREDIT,SWIFT,REVERSED,2026-01-24
T00007125,C001473,24466.95,USD,CREDIT,NEFT,SUCCESS,2026-08-10
T00007126,C001774,807563.27,INR,DEBIT,UPI,SUCCESS,2026-02-20
T00007127,C003063,121556.08,INR,CREDIT,UPI,REVERSED,2026-05-20
T00007128,C001110,51253.62,INR,DEBIT,IMPS,FAILED,2026-08-02
T00007129,C001681,41110.5,USD,DEBIT,UPI,SUCCESS,2026-06-05
T00007130,C002940,97680.95,INR,DEBIT,NEFT,REVERSED,2026-07-19
T00007131,C001377,327142.88,AED,DEBIT,IMPS,PENDING,2026-07-24
T00007132,C001080,291403.2,AED,DEBIT,UPI,SUCCESS,2026-05-24
T00007133,C000322,311391.7,USD,DEBIT,CARD,SUCCESS,2026-03-16
T00007134,C001145,317865.83,USD,CREDIT,CARD,SUCCESS,2026-06-15
T00007135,C000945,560199.63,USD,CREDIT,NEFT,SUCCESS,2026-03-12
T00007136,C000929,820200.63,USD,DEBIT,CARD,SUCCESS,2026-03-21
T00007137,C003234,322908.47,INR,CREDIT,IMPS,REVERSED,2026-05-22
T00007138,C002828,271760.97,INR,DEBIT,UPI,PENDING,2026-04-16
T00007139,C002356,597226.8,INR,DEBIT,IMPS,SUCCESS,2026-06-28
T00007140,C002771,390682.24,AED,DEBIT,NEFT,FAILED,2026-05-04
T00007141,C000390,522038.48,INR,CREDIT,NEFT,SUCCESS,2026-03-15
T00007142,C000656,208991.63,USD,DEBIT,UPI,SUCCESS,2026-03-09
T00007143,C003043,293.57,AED,DEBIT,SWIFT,REVERSED,2026-09-07
T00007144,C001143,692990.25,AED,CREDIT,CARD,REVERSED,2026-04-06
T00007145,C002649,749888.64,INR,DEBIT,IMPS,SUCCESS,2026-02-03
T00007146,C002860,289329.42,INR,DEBIT,CARD,FAILED,2026-05-10
T00007147,C001229,555833.62,INR,CREDIT,SWIFT,SUCCESS,2026-06-19
T00007148,C000893,809519.5,AED,CREDIT,SWIFT,FAILED,2026-08-09
T00007149,C003052,324670.44,USD,CREDIT,IMPS,PENDING,2026-02-07
T00007150,C000535,277028.66,INR,DEBIT,IMPS,SUCCESS,2026-09-10
T00007151,C003142,757280.89,INR,CREDIT,IMPS,SUCCESS,2026-08-23
T00007152,C002338,131236.1,AED,CREDIT,NEFT,SUCCESS,2026-01-27
T00007153,C002847,307756.58,INR,CREDIT,UPI,SUCCESS,2026-02-21
T00007154,C001891,415782.62,USD,DEBIT,SWIFT,SUCCESS,2026-07-15
T00007155,C002099,346685.3,INR,DEBIT,SWIFT,SUCCESS,2026-03-17
T00007156,C000965,817829.08,AED,CREDIT,SWIFT,REVERSED,2026-08-14
T00007157,C002895,849023.39,USD,CREDIT,UPI,PENDING,2026-06-04
T00007158,C002694,31077.57,INR,CREDIT,CARD,SUCCESS,2026-08-13
T00007159,C000697,538851.83,INR,DEBIT,IMPS,PENDING,2026-03-02
T00007160,C000421,639403.03,INR,DEBIT,CARD,SUCCESS,2026-06-11
T00007161,C000172,109981.19,INR,CREDIT,CARD,SUCCESS,2026-02-03
T00007162,C000206,56120.65,INR,CREDIT,CARD,PENDING,2026-08-01
T00007163,C001569,229654.58,AED,CREDIT,SWIFT,REVERSED,2026-01-05
T00007164,C002876,458878.23,INR,CREDIT,CARD,SUCCESS,2026-08-23
T00007165,C003414,276008.42,USD,CREDIT,UPI,REVERSED,2026-03-17
T00007166,C003172,856789.06,INR,CREDIT,UPI,REVERSED,2026-09-14
T00007167,C000255,29698.22,INR,DEBIT,UPI,PENDING,2026-07-20
T00007168,C003196,774252.42,USD,DEBIT,SWIFT,SUCCESS,2026-09-28
T00007169,C000203,59526.48,INR,CREDIT,IMPS,SUCCESS,2026-05-05
T00007170,C001070,418979.12,AED,DEBIT,IMPS,REVERSED,2026-04-03
T00007171,C001691,503825.28,AED,CREDIT,CARD,SUCCESS,2026-08-03
T00007172,C002938,130167.9,AED,CREDIT,CARD,SUCCESS,2026-08-24
T00007173,C002763,373116.26,AED,DEBIT,UPI,SUCCESS,2026-05-23
T00007174,C001046,307611.68,USD,DEBIT,UPI,PENDING,2026-03-21
T00007175,C002948,789399.8,INR,DEBIT,CARD,FAILED,2026-05-14
T00007176,C001531,314301.69,USD,CREDIT,IMPS,REVERSED,2026-04-14
T00007177,C002392,531539.19,USD,DEBIT,UPI,REVERSED,2026-06-23
T00007178,C000038,408891.77,USD,DEBIT,UPI,SUCCESS,2026-05-09
T00007179,C001501,758482.85,USD,DEBIT,IMPS,SUCCESS,2026-01-16
T00007180,C002478,660759.43,USD,DEBIT,SWIFT,SUCCESS,2026-03-09
T00007181,C000313,409037.1,INR,DEBIT,CARD,FAILED,2026-09-07
T00007182,C000414,272922.31,AED,CREDIT,CARD,FAILED,2026-07-16
T00007183,C002919,355769.29,INR,DEBIT,UPI,PENDING,2026-01-14
T00007184,C000232,527451.53,USD,DEBIT,NEFT,SUCCESS,2026-06-14
T00007185,C003266,173029.62,USD,CREDIT,CARD,SUCCESS,2026-05-24
T00007186,C000304,426031.35,AED,CREDIT,NEFT,FAILED,2026-08-19
T00007187,C000924,743327.86,INR,DEBIT,UPI,SUCCESS,2026-06-15
T00007188,C002469,77149.72,INR,DEBIT,SWIFT,REVERSED,2026-04-26
T00007189,C001028,500121.51,INR,DEBIT,SWIFT,SUCCESS,2026-06-16
T00007190,C002121,258220.71,INR,CREDIT,IMPS,SUCCESS,2026-06-25
T00007191,C001884,297180.9,INR,CREDIT,UPI,SUCCESS,2026-04-08
T00007192,C001382,782666.84,USD,CREDIT,SWIFT,PENDING,2026-06-07
T00007193,C001741,590713.81,AED,CREDIT,UPI,SUCCESS,2026-09-06
T00007194,C002053,214018.48,INR,CREDIT,SWIFT,FAILED,2026-04-14
T00007195,C001766,420128.14,INR,DEBIT,SWIFT,SUCCESS,2026-09-05
T00007196,C002722,874072.08,USD,DEBIT,CARD,FAILED,2026-02-18
T00007197,C003013,265065.93,INR,CREDIT,UPI,SUCCESS,2026-07-13
T00007198,C001269,79771.64,INR,DEBIT,CARD,SUCCESS,2026-07-16
T00007199,C000093,863936.52,USD,DEBIT,UPI,PENDING,2026-09-03
T00007200,C003136,337493.07,USD,CREDIT,SWIFT,SUCCESS,2026-02-07
T00007201,C002500,741014.12,AED,DEBIT,NEFT,SUCCESS,2026-07-23
T00007202,C002308,117606.7,INR,CREDIT,IMPS,SUCCESS,2026-01-08
T00007203,C001715,100003.91,INR,DEBIT,UPI,SUCCESS,2026-02-27
T00007204,C001023,368959.42,INR,CREDIT,CARD,SUCCESS,2026-03-19
T00007205,C002608,289222.5,INR,CREDIT,UPI,REVERSED,2026-01-19
T00007206,C001125,75817.57,AED,CREDIT,CARD,FAILED,2026-05-10
T00007207,C002320,150697.91,USD,DEBIT,UPI,REVERSED,2026-08-16
T00007208,C000285,8298.33,INR,DEBIT,NEFT,SUCCESS,2026-08-23
T00007209,C003075,266312.96,INR,CREDIT,UPI,FAILED,2026-06-14
T00007210,C000613,656211.7,INR,DEBIT,NEFT,PENDING,2026-07-16
T00007211,C001625,42739.96,INR,CREDIT,IMPS,SUCCESS,2026-04-27
T00007212,C002827,752138.72,AED,DEBIT,NEFT,REVERSED,2026-05-23
T00007213,C001318,613595.96,INR,DEBIT,UPI,PENDING,2026-05-06
T00007214,C003218,269054.31,INR,CREDIT,SWIFT,SUCCESS,2026-06-16
T00007215,C000512,838252.5,INR,DEBIT,UPI,FAILED,2026-09-06
T00007216,C001556,171357.63,INR,CREDIT,NEFT,SUCCESS,2026-01-08
T00007217,C000549,5820.38,INR,CREDIT,NEFT,PENDING,2026-01-21
T00007218,C000720,598828.01,INR,CREDIT,IMPS,PENDING,2026-02-05
T00007219,C003450,190512.34,INR,DEBIT,NEFT,SUCCESS,2026-05-26
T00007220,C001650,205412.07,INR,DEBIT,CARD,REVERSED,2026-02-06
T00007221,C002256,582660.75,INR,CREDIT,UPI,SUCCESS,2026-06-14
T00007222,C002445,19752.11,USD,DEBIT,NEFT,SUCCESS,2026-08-14
T00007223,C002917,730878.39,INR,CREDIT,UPI,SUCCESS,2026-03-22
T00007224,C003335,82483.99,INR,CREDIT,CARD,SUCCESS,2026-04-19
T00007225,C001764,726265.47,INR,DEBIT,NEFT,FAILED,2026-07-04
T00007226,C003500,697550.7,INR,CREDIT,CARD,SUCCESS,2026-01-28
T00007227,C001785,820173.32,USD,CREDIT,NEFT,FAILED,2026-03-26
T00007228,C001670,159953.6,USD,CREDIT,CARD,SUCCESS,2026-04-07
T00007229,C002307,881367.88,USD,CREDIT,UPI,REVERSED,2026-06-03
T00007230,C001671,221517.24,AED,DEBIT,SWIFT,SUCCESS,2026-01-09
T00007231,C001081,699119.91,USD,CREDIT,SWIFT,SUCCESS,2026-01-26
T00007232,C000630,752750.85,AED,DEBIT,IMPS,FAILED,2026-09-06
T00007233,C000590,775814.18,INR,DEBIT,IMPS,SUCCESS,2026-03-14
T00007234,C000006,231218.58,AED,DEBIT,NEFT,FAILED,2026-03-24
T00007235,C000120,679859.53,INR,DEBIT,IMPS,FAILED,2026-05-10
T00007236,C002612,542220.64,USD,DEBIT,CARD,FAILED,2026-07-23
T00007237,C001264,5058.74,AED,CREDIT,IMPS,SUCCESS,2026-02-05
T00007238,C001108,420978.05,INR,CREDIT,NEFT,SUCCESS,2026-06-20
T00007239,C001046,378881.77,INR,DEBIT,IMPS,REVERSED,2026-06-15
T00007240,C003193,690107.87,USD,CREDIT,UPI,SUCCESS,2026-08-22
T00007241,C001257,302872.77,INR,DEBIT,SWIFT,REVERSED,2026-08-07
T00007242,C003343,439921.03,INR,CREDIT,IMPS,SUCCESS,2026-06-26
T00007243,C000841,442799.15,USD,DEBIT,SWIFT,FAILED,2026-06-28
T00007244,C002693,487861.85,USD,CREDIT,UPI,SUCCESS,2026-03-22
T00007245,C000019,332404.09,USD,DEBIT,SWIFT,REVERSED,2026-07-24
T00007246,C000931,314647.01,INR,CREDIT,SWIFT,REVERSED,2026-06-06
T00007247,C001656,91688.77,INR,CREDIT,IMPS,SUCCESS,2026-02-08
T00007248,C000383,524733.89,INR,CREDIT,NEFT,PENDING,2026-09-19
T00007249,C001569,479202.57,INR,CREDIT,UPI,SUCCESS,2026-03-18
T00007250,C000674,63193.51,INR,CREDIT,NEFT,FAILED,2026-04-01
T00007251,C001240,158702.12,INR,CREDIT,NEFT,SUCCESS,2026-01-01
T00007252,C000236,370887.11,AED,DEBIT,UPI,SUCCESS,2026-07-04
T00007253,C000945,206682.93,INR,DEBIT,SWIFT,SUCCESS,2026-02-12
T00007254,C000526,551968.33,USD,DEBIT,UPI,SUCCESS,2026-08-21
T00007255,C001904,211339.51,INR,DEBIT,IMPS,SUCCESS,2026-01-10
T00007256,C003420,243121.55,INR,CREDIT,IMPS,SUCCESS,2026-07-22
T00007257,C003203,687658.16,INR,DEBIT,SWIFT,SUCCESS,2026-08-21
T00007258,C001731,138854.45,INR,DEBIT,CARD,SUCCESS,2026-07-07
T00007259,C001584,219105.29,INR,CREDIT,CARD,SUCCESS,2026-07-07
T00007260,C002265,843059.07,INR,DEBIT,SWIFT,SUCCESS,2026-07-03
T00007261,C003438,432865.62,USD,DEBIT,UPI,PENDING,2026-02-23
T00007262,C001885,182710.35,INR,CREDIT,NEFT,FAILED,2026-05-10
T00007263,C002938,306527.64,USD,CREDIT,CARD,REVERSED,2026-05-26
T00007264,C003443,735136.11,USD,DEBIT,SWIFT,SUCCESS,2026-04-12
T00007265,C001042,143472.47,USD,DEBIT,SWIFT,SUCCESS,2026-04-25
T00007266,C003482,71506.0,INR,DEBIT,UPI,SUCCESS,2026-09-09
T00007267,C001066,555458.24,INR,DEBIT,SWIFT,REVERSED,2026-02-24
T00007268,C002075,490340.3,INR,DEBIT,SWIFT,SUCCESS,2026-07-05
T00007269,C001014,315861.0,USD,CREDIT,NEFT,SUCCESS,2026-02-02
T00007270,C002968,519124.96,INR,CREDIT,NEFT,SUCCESS,2026-02-17
T00007271,C001969,169793.4,INR,CREDIT,UPI,FAILED,2026-06-08
T00007272,C001973,126480.63,INR,CREDIT,NEFT,SUCCESS,2026-02-13
T00007273,C002109,641166.55,USD,CREDIT,IMPS,REVERSED,2026-06-02
T00007274,C001367,136765.46,INR,DEBIT,NEFT,SUCCESS,2026-01-10
T00007275,C002729,38171.85,INR,DEBIT,SWIFT,REVERSED,2026-08-04
T00007276,C000270,304841.55,USD,CREDIT,NEFT,FAILED,2026-04-07
T00007277,C000092,76520.27,AED,DEBIT,NEFT,REVERSED,2026-05-26
T00007278,C002075,816637.65,INR,DEBIT,IMPS,SUCCESS,2026-05-27
T00007279,C000652,417850.22,USD,CREDIT,CARD,REVERSED,2026-02-16
T00007280,C000672,518397.11,AED,CREDIT,NEFT,REVERSED,2026-04-17
T00007281,C003397,764764.51,INR,CREDIT,IMPS,SUCCESS,2026-08-08
T00007282,C002928,353034.01,USD,DEBIT,UPI,FAILED,2026-08-10
T00007283,C003339,634653.74,USD,DEBIT,IMPS,SUCCESS,2026-03-07
T00007284,C000926,205839.36,AED,CREDIT,CARD,PENDING,2026-05-16
T00007285,C003409,833365.23,AED,CREDIT,SWIFT,SUCCESS,2026-05-11
T00007286,C001783,9243.16,USD,CREDIT,UPI,SUCCESS,2026-06-22
T00007287,C000701,742799.53,USD,CREDIT,IMPS,SUCCESS,2026-04-02
T00007288,C002375,177177.46,INR,DEBIT,UPI,FAILED,2026-03-25
T00007289,C000350,45147.43,INR,DEBIT,UPI,PENDING,2026-07-12
T00007290,C003492,723700.12,INR,CREDIT,SWIFT,SUCCESS,2026-01-22
T00007291,C002164,409837.6,USD,DEBIT,SWIFT,SUCCESS,2026-02-20
T00007292,C001210,218140.86,INR,DEBIT,CARD,SUCCESS,2026-07-18
T00007293,C000808,362712.82,INR,DEBIT,IMPS,SUCCESS,2026-09-28
T00007294,C001313,671466.13,USD,CREDIT,SWIFT,SUCCESS,2026-04-16
T00007295,C001541,359387.11,INR,DEBIT,NEFT,PENDING,2026-06-06
T00007296,C001431,640738.18,USD,CREDIT,UPI,FAILED,2026-07-03
T00007297,C001667,104886.02,INR,CREDIT,NEFT,PENDING,2026-03-19
T00007298,C002889,21339.51,INR,DEBIT,UPI,FAILED,2026-01-04
T00007299,C003300,549250.83,USD,CREDIT,UPI,SUCCESS,2026-03-22
T00007300,C003415,63043.43,INR,CREDIT,UPI,FAILED,2026-08-22
T00007301,C003006,539388.74,INR,DEBIT,IMPS,PENDING,2026-02-04
T00007302,C000655,628549.43,INR,CREDIT,SWIFT,SUCCESS,2026-02-22
T00007303,C000701,29076.5,INR,CREDIT,NEFT,SUCCESS,2026-06-18
T00007304,C002888,144605.25,INR,DEBIT,IMPS,FAILED,2026-08-23
T00007305,C000156,596893.9,USD,DEBIT,IMPS,FAILED,2026-04-26
T00007306,C002313,762469.38,INR,DEBIT,UPI,FAILED,2026-02-24
T00007307,C002163,498116.54,AED,CREDIT,UPI,SUCCESS,2026-03-02
T00007308,C000599,189873.54,INR,CREDIT,CARD,PENDING,2026-01-23
T00007309,C001158,462567.16,INR,CREDIT,SWIFT,PENDING,2026-01-07
T00007310,C001735,60955.98,INR,DEBIT,CARD,PENDING,2026-09-21
T00007311,C002798,700623.56,INR,CREDIT,NEFT,SUCCESS,2026-02-12
T00007312,C001490,266801.81,USD,CREDIT,NEFT,REVERSED,2026-02-12
T00007313,C002746,446869.97,INR,DEBIT,IMPS,FAILED,2026-03-17
T00007314,C002199,781583.17,AED,CREDIT,IMPS,SUCCESS,2026-03-26
T00007315,C001560,107938.51,INR,DEBIT,IMPS,SUCCESS,2026-07-17
T00007316,C000007,350217.29,INR,CREDIT,CARD,SUCCESS,2026-02-16
T00007317,C001487,122182.35,INR,CREDIT,NEFT,PENDING,2026-01-08
T00007318,C003258,380176.21,AED,CREDIT,IMPS,SUCCESS,2026-03-19
T00007319,C003111,163383.11,AED,DEBIT,UPI,PENDING,2026-04-22
T00007320,C002885,650516.77,AED,CREDIT,NEFT,SUCCESS,2026-05-11
T00007321,C001493,857885.13,AED,DEBIT,SWIFT,SUCCESS,2026-03-05
T00007322,C000078,167531.64,INR,CREDIT,NEFT,SUCCESS,2026-07-28
T00007323,C000605,788785.7,INR,DEBIT,IMPS,SUCCESS,2026-02-10
T00007324,C001577,628480.27,INR,DEBIT,NEFT,PENDING,2026-06-12
T00007325,C000869,329289.0,AED,CREDIT,CARD,PENDING,2026-03-16
T00007326,C002533,737282.85,USD,DEBIT,SWIFT,SUCCESS,2026-06-03
T00007327,C002089,416335.89,USD,DEBIT,SWIFT,PENDING,2026-06-13
T00007328,C000770,233985.03,AED,CREDIT,IMPS,SUCCESS,2026-04-27
T00007329,C002308,402316.18,INR,CREDIT,IMPS,SUCCESS,2026-02-21
T00007330,C000910,59127.31,INR,CREDIT,UPI,REVERSED,2026-04-10
T00007331,C001398,491954.15,AED,DEBIT,UPI,REVERSED,2026-09-27
T00007332,C000897,547860.37,AED,DEBIT,SWIFT,SUCCESS,2026-04-20
T00007333,C001675,63043.86,USD,CREDIT,NEFT,FAILED,2026-04-26
T00007334,C002384,209776.67,USD,DEBIT,CARD,SUCCESS,2026-04-03
T00007335,C001337,311170.61,INR,DEBIT,NEFT,SUCCESS,2026-09-21
T00007336,C002200,393232.91,INR,DEBIT,SWIFT,FAILED,2026-04-22
T00007337,C002279,209514.24,AED,CREDIT,NEFT,SUCCESS,2026-01-08
T00007338,C001840,29202.6,INR,CREDIT,NEFT,SUCCESS,2026-02-08
T00007339,C001455,498456.39,USD,DEBIT,CARD,FAILED,2026-04-24
T00007340,C000458,736070.7,AED,CREDIT,NEFT,FAILED,2026-06-21
T00007341,C003371,473577.05,INR,DEBIT,UPI,SUCCESS,2026-08-16
T00007342,C002769,415706.86,AED,CREDIT,SWIFT,REVERSED,2026-08-01
T00007343,C002956,869040.26,INR,CREDIT,SWIFT,SUCCESS,2026-06-05
T00007344,C000901,253247.32,INR,DEBIT,UPI,FAILED,2026-08-06
T00007345,C001228,246269.76,INR,CREDIT,CARD,SUCCESS,2026-01-02
T00007346,C002294,357938.36,INR,DEBIT,SWIFT,FAILED,2026-03-10
T00007347,C002910,215737.34,INR,DEBIT,UPI,SUCCESS,2026-06-06
T00007348,C001334,389541.69,USD,DEBIT,CARD,REVERSED,2026-04-13
T00007349,C003138,465956.97,INR,CREDIT,CARD,SUCCESS,2026-05-16
T00007350,C002762,509585.96,INR,DEBIT,CARD,SUCCESS,2026-07-25
T00007351,C000635,468336.24,INR,DEBIT,NEFT,SUCCESS,2026-03-21
T00007352,C000208,61583.11,INR,DEBIT,CARD,FAILED,2026-04-02
T00007353,C001825,123193.19,USD,DEBIT,IMPS,SUCCESS,2026-04-02
T00007354,C000923,362178.68,INR,CREDIT,CARD,SUCCESS,2026-07-14
T00007355,C001292,452441.18,INR,CREDIT,NEFT,PENDING,2026-02-19
T00007356,C002647,397029.75,INR,DEBIT,CARD,FAILED,2026-09-13
T00007357,C000405,506988.51,USD,DEBIT,CARD,PENDING,2026-08-25
T00007358,C000543,594810.77,USD,DEBIT,CARD,SUCCESS,2026-09-05
T00007359,C002459,627568.84,USD,DEBIT,NEFT,FAILED,2026-02-24
T00007360,C003391,185214.42,INR,CREDIT,SWIFT,REVERSED,2026-09-09
T00007361,C000912,194549.37,INR,CREDIT,UPI,REVERSED,2026-09-28
T00007362,C000211,599416.66,AED,CREDIT,IMPS,SUCCESS,2026-02-04
T00007363,C000537,713515.55,USD,DEBIT,UPI,SUCCESS,2026-01-27
T00007364,C000840,478907.13,INR,DEBIT,UPI,SUCCESS,2026-02-23
T00007365,C002080,433836.46,INR,CREDIT,SWIFT,SUCCESS,2026-02-24
T00007366,C002922,496072.39,USD,DEBIT,IMPS,REVERSED,2026-08-02
T00007367,C002893,862441.65,INR,CREDIT,UPI,SUCCESS,2026-07-28
T00007368,C000830,883641.42,AED,CREDIT,SWIFT,SUCCESS,2026-08-23
T00007369,C002598,66297.03,INR,DEBIT,SWIFT,SUCCESS,2026-08-13
T00007370,C003477,294412.29,AED,CREDIT,IMPS,FAILED,2026-02-20
T00007371,C001561,641441.07,USD,CREDIT,SWIFT,REVERSED,2026-01-28
T00007372,C001247,366120.24,INR,CREDIT,NEFT,SUCCESS,2026-08-21
T00007373,C002055,258339.71,USD,DEBIT,NEFT,SUCCESS,2026-05-08
T00007374,C000509,851777.77,INR,DEBIT,IMPS,SUCCESS,2026-09-04
T00007375,C002040,129149.35,AED,CREDIT,NEFT,SUCCESS,2026-04-19
T00007376,C001429,397604.15,USD,DEBIT,UPI,SUCCESS,2026-01-18
T00007377,C000607,136298.98,INR,DEBIT,UPI,SUCCESS,2026-03-27
T00007378,C001511,823106.57,INR,DEBIT,CARD,SUCCESS,2026-02-09
T00007379,C000491,673189.64,INR,CREDIT,SWIFT,SUCCESS,2026-07-23
T00007380,C002630,10162.14,INR,DEBIT,NEFT,PENDING,2026-06-09
T00007381,C001179,567843.45,INR,CREDIT,IMPS,FAILED,2026-01-17
T00007382,C002399,240914.17,USD,DEBIT,SWIFT,PENDING,2026-01-16
T00007383,C001140,330418.0,USD,DEBIT,CARD,FAILED,2026-03-12
T00007384,C001731,289380.0,INR,CREDIT,CARD,REVERSED,2026-05-16
T00007385,C002463,559445.68,AED,DEBIT,SWIFT,SUCCESS,2026-05-27
T00007386,C002972,359438.26,INR,CREDIT,UPI,FAILED,2026-03-27
T00007387,C000070,93451.9,INR,CREDIT,SWIFT,REVERSED,2026-02-23
T00007388,C000299,246442.06,INR,DEBIT,NEFT,REVERSED,2026-04-05
T00007389,C002613,500596.22,AED,DEBIT,CARD,REVERSED,2026-09-02
T00007390,C000163,308017.46,AED,DEBIT,CARD,SUCCESS,2026-07-25
T00007391,C000376,264411.25,INR,DEBIT,CARD,SUCCESS,2026-07-10
T00007392,C001973,238512.93,AED,DEBIT,NEFT,FAILED,2026-01-11
T00007393,C003413,816832.21,AED,CREDIT,CARD,PENDING,2026-01-05
T00007394,C002033,425260.29,INR,CREDIT,IMPS,SUCCESS,2026-04-12
T00007395,C001499,667220.3,USD,DEBIT,IMPS,PENDING,2026-05-20
T00007396,C001727,510146.88,INR,CREDIT,UPI,SUCCESS,2026-09-12
T00007397,C002019,769185.71,USD,CREDIT,NEFT,SUCCESS,2026-08-22
T00007398,C000068,245588.23,INR,DEBIT,SWIFT,SUCCESS,2026-09-05
T00007399,C001510,796555.82,INR,CREDIT,UPI,SUCCESS,2026-03-11
T00007400,C003351,694868.93,USD,CREDIT,UPI,SUCCESS,2026-05-05
T00007401,C000352,123084.32,INR,CREDIT,CARD,SUCCESS,2026-08-16
T00007402,C003068,118554.36,AED,DEBIT,NEFT,SUCCESS,2026-03-17
T00007403,C000335,125631.59,INR,DEBIT,NEFT,FAILED,2026-01-10
T00007404,C001262,115591.96,INR,CREDIT,NEFT,FAILED,2026-05-10
T00007405,C001777,703564.07,USD,DEBIT,SWIFT,SUCCESS,2026-02-04
T00007406,C000583,16583.28,INR,DEBIT,SWIFT,PENDING,2026-08-10
T00007407,C000544,340430.16,AED,CREDIT,NEFT,PENDING,2026-08-03
T00007408,C002929,883416.38,INR,DEBIT,NEFT,SUCCESS,2026-08-06
T00007409,C002152,146601.64,INR,DEBIT,NEFT,FAILED,2026-07-25
T00007410,C003296,277057.09,AED,DEBIT,SWIFT,REVERSED,2026-07-17
T00007411,C002273,181252.56,INR,CREDIT,UPI,SUCCESS,2026-01-04
T00007412,C002247,105398.11,USD,DEBIT,UPI,REVERSED,2026-03-19
T00007413,C000269,724678.61,INR,CREDIT,UPI,PENDING,2026-04-21
T00007414,C000724,678396.09,INR,DEBIT,NEFT,REVERSED,2026-08-04
T00007415,C001831,265797.46,USD,CREDIT,IMPS,SUCCESS,2026-05-19
T00007416,C001045,70213.36,AED,CREDIT,NEFT,SUCCESS,2026-06-16
T00007417,C000681,372881.08,INR,CREDIT,SWIFT,REVERSED,2026-01-01
T00007418,C000602,367749.9,USD,DEBIT,NEFT,REVERSED,2026-07-09
T00007419,C000243,497929.9,USD,DEBIT,IMPS,PENDING,2026-02-16
T00007420,C000554,776159.85,INR,DEBIT,NEFT,SUCCESS,2026-09-01
T00007421,C003293,519881.56,AED,CREDIT,IMPS,FAILED,2026-08-23
T00007422,C001445,226016.57,USD,DEBIT,CARD,PENDING,2026-02-07
T00007423,C003269,844420.78,USD,DEBIT,IMPS,SUCCESS,2026-09-09
T00007424,C000947,41749.88,INR,CREDIT,SWIFT,REVERSED,2026-03-16
T00007425,C000403,268119.39,AED,DEBIT,CARD,SUCCESS,2026-02-24
T00007426,C001140,384734.76,INR,DEBIT,NEFT,FAILED,2026-02-01
T00007427,C002231,97828.46,USD,DEBIT,IMPS,SUCCESS,2026-08-07
T00007428,C000217,894438.64,AED,DEBIT,UPI,FAILED,2026-03-06
T00007429,C002074,147583.32,INR,CREDIT,UPI,SUCCESS,2026-09-17
T00007430,C001095,792662.25,INR,CREDIT,NEFT,REVERSED,2026-07-19
T00007431,C001753,378996.46,USD,CREDIT,NEFT,SUCCESS,2026-07-01
T00007432,C002710,670067.86,INR,CREDIT,IMPS,FAILED,2026-05-06
T00007433,C002539,543570.29,INR,DEBIT,UPI,REVERSED,2026-07-05
T00007434,C002409,607328.64,INR,CREDIT,NEFT,SUCCESS,2026-04-24
T00007435,C001305,731415.34,USD,DEBIT,SWIFT,SUCCESS,2026-02-17
T00007436,C001181,769174.23,INR,DEBIT,CARD,FAILED,2026-01-25
T00007437,C001646,115720.61,USD,CREDIT,NEFT,FAILED,2026-07-27
T00007438,C001555,36208.33,USD,DEBIT,NEFT,SUCCESS,2026-01-21
T00007439,C003132,837590.43,INR,DEBIT,IMPS,PENDING,2026-06-28
T00007440,C000793,735552.34,INR,DEBIT,UPI,PENDING,2026-05-09
T00007441,C002094,311177.59,INR,CREDIT,CARD,REVERSED,2026-08-07
T00007442,C001994,885209.41,INR,CREDIT,UPI,FAILED,2026-07-17
T00007443,C000689,517549.54,INR,CREDIT,NEFT,FAILED,2026-08-16
T00007444,C003406,202288.74,AED,DEBIT,NEFT,FAILED,2026-04-04
T00007445,C000419,113624.78,INR,DEBIT,UPI,PENDING,2026-01-27
T00007446,C003414,861118.11,INR,DEBIT,CARD,SUCCESS,2026-05-25
T00007447,C002920,442616.77,USD,DEBIT,UPI,FAILED,2026-02-22
T00007448,C002797,215431.09,USD,DEBIT,UPI,REVERSED,2026-04-16
T00007449,C001641,179473.74,AED,CREDIT,IMPS,SUCCESS,2026-05-08
T00007450,C001459,417547.23,INR,CREDIT,CARD,FAILED,2026-09-27
T00007451,C002212,553800.65,INR,CREDIT,UPI,SUCCESS,2026-07-01
T00007452,C003268,133985.17,INR,CREDIT,IMPS,SUCCESS,2026-06-15
T00007453,C000622,31773.93,AED,CREDIT,CARD,REVERSED,2026-08-19
T00007454,C002501,613450.94,INR,DEBIT,NEFT,SUCCESS,2026-06-05
T00007455,C003088,358567.68,INR,CREDIT,SWIFT,PENDING,2026-02-14
T00007456,C000388,108943.89,INR,CREDIT,IMPS,SUCCESS,2026-05-26
T00007457,C001368,614615.35,INR,CREDIT,IMPS,SUCCESS,2026-04-19
T00007458,C002974,359795.75,INR,DEBIT,CARD,PENDING,2026-01-18
T00007459,C002889,136518.77,USD,CREDIT,IMPS,PENDING,2026-03-12
T00007460,C000829,540488.45,INR,CREDIT,NEFT,FAILED,2026-02-01
T00007461,C002227,574164.83,AED,DEBIT,NEFT,REVERSED,2026-06-27
T00007462,C003429,487721.26,AED,CREDIT,NEFT,SUCCESS,2026-02-07
T00007463,C000264,642194.65,INR,DEBIT,UPI,PENDING,2026-03-04
T00007464,C000094,575738.53,USD,CREDIT,UPI,FAILED,2026-05-16
T00007465,C000794,51933.12,USD,DEBIT,NEFT,REVERSED,2026-06-14
T00007466,C000737,127190.67,INR,DEBIT,NEFT,FAILED,2026-06-14
T00007467,C000461,860709.88,INR,DEBIT,UPI,FAILED,2026-08-09
T00007468,C003344,432007.28,AED,DEBIT,IMPS,REVERSED,2026-05-26
T00007469,C000092,246056.45,INR,DEBIT,SWIFT,PENDING,2026-05-03
T00007470,C002835,537930.83,USD,CREDIT,IMPS,PENDING,2026-09-18
T00007471,C002410,538610.59,INR,DEBIT,SWIFT,PENDING,2026-08-04
T00007472,C001534,627231.22,INR,CREDIT,UPI,REVERSED,2026-04-18
T00007473,C000683,594688.03,INR,DEBIT,CARD,PENDING,2026-05-24
T00007474,C001227,590732.67,USD,CREDIT,IMPS,REVERSED,2026-04-05
T00007475,C003456,740423.66,AED,CREDIT,NEFT,REVERSED,2026-06-27
T00007476,C001576,166760.12,INR,CREDIT,CARD,SUCCESS,2026-07-11
T00007477,C001755,441773.48,USD,DEBIT,NEFT,PENDING,2026-08-02
T00007478,C003258,758162.07,INR,DEBIT,CARD,FAILED,2026-05-05
T00007479,C001555,809793.93,INR,CREDIT,UPI,PENDING,2026-08-07
T00007480,C000322,678675.95,INR,DEBIT,SWIFT,PENDING,2026-05-27
T00007481,C002095,102529.12,AED,CREDIT,SWIFT,SUCCESS,2026-05-05
T00007482,C000061,188560.82,INR,DEBIT,IMPS,SUCCESS,2026-07-16
T00007483,C001195,586836.24,USD,DEBIT,NEFT,PENDING,2026-01-24
T00007484,C003170,688745.11,INR,DEBIT,IMPS,SUCCESS,2026-08-13
T00007485,C002634,49604.06,INR,DEBIT,CARD,PENDING,2026-07-02
T00007486,C001876,193244.37,AED,DEBIT,SWIFT,SUCCESS,2026-09-17
T00007487,C002831,163582.6,INR,DEBIT,SWIFT,FAILED,2026-08-03
T00007488,C000030,460602.78,USD,DEBIT,CARD,SUCCESS,2026-02-04
T00007489,C002715,135915.39,INR,DEBIT,SWIFT,SUCCESS,2026-06-23
T00007490,C000725,391036.36,AED,CREDIT,IMPS,SUCCESS,2026-04-14
T00007491,C002905,351303.04,AED,CREDIT,UPI,FAILED,2026-09-24
T00007492,C001854,819130.99,AED,DEBIT,UPI,SUCCESS,2026-08-27
T00007493,C003049,757312.73,AED,CREDIT,IMPS,SUCCESS,2026-03-10
T00007494,C000140,219727.94,INR,DEBIT,NEFT,REVERSED,2026-04-28
T00007495,C001127,592047.46,AED,CREDIT,CARD,SUCCESS,2026-02-10
T00007496,C000737,334349.1,INR,DEBIT,UPI,SUCCESS,2026-07-20
T00007497,C001046,500129.29,INR,CREDIT,UPI,SUCCESS,2026-03-08
T00007498,C000778,705874.73,AED,DEBIT,CARD,REVERSED,2026-03-20
T00007499,C002904,349973.0,INR,CREDIT,IMPS,SUCCESS,2026-08-05
T00007500,C000587,724500.87,INR,CREDIT,NEFT,SUCCESS,2026-03-18
T00007501,C002179,815081.68,AED,CREDIT,NEFT,SUCCESS,2026-05-18
T00007502,C002771,190085.34,USD,DEBIT,NEFT,REVERSED,2026-05-27
T00007503,C001713,695107.87,INR,DEBIT,UPI,PENDING,2026-01-23
T00007504,C001230,343624.94,AED,CREDIT,IMPS,PENDING,2026-02-15
T00007505,C002116,519803.79,USD,CREDIT,IMPS,PENDING,2026-02-17
T00007506,C002770,82159.76,USD,DEBIT,SWIFT,REVERSED,2026-03-03
T00007507,C002714,289623.73,USD,DEBIT,CARD,SUCCESS,2026-05-17
T00007508,C002525,752440.96,AED,DEBIT,SWIFT,SUCCESS,2026-06-26
T00007509,C001207,340592.3,AED,DEBIT,SWIFT,SUCCESS,2026-03-25
T00007510,C002639,630337.61,INR,DEBIT,CARD,SUCCESS,2026-03-25
T00007511,C002578,499143.35,INR,DEBIT,NEFT,PENDING,2026-08-03
T00007512,C000584,464334.13,AED,CREDIT,UPI,SUCCESS,2026-02-06
T00007513,C002034,496709.43,AED,CREDIT,UPI,PENDING,2026-03-25
T00007514,C001677,517579.67,AED,DEBIT,UPI,FAILED,2026-07-10
T00007515,C000040,741893.17,INR,DEBIT,SWIFT,SUCCESS,2026-06-26
T00007516,C000559,213240.22,INR,DEBIT,NEFT,SUCCESS,2026-04-15
T00007517,C002618,64240.53,AED,CREDIT,IMPS,FAILED,2026-08-16
T00007518,C000180,664316.44,INR,CREDIT,CARD,SUCCESS,2026-05-15
T00007519,C000874,584467.83,INR,CREDIT,CARD,SUCCESS,2026-03-06
T00007520,C002129,141451.2,USD,DEBIT,IMPS,SUCCESS,2026-01-24
T00007521,C001938,837259.56,INR,DEBIT,IMPS,PENDING,2026-03-23
T00007522,C001354,152491.97,INR,DEBIT,UPI,PENDING,2026-07-28
T00007523,C000861,192134.01,INR,DEBIT,NEFT,FAILED,2026-09-24
T00007524,C001741,248292.86,INR,DEBIT,IMPS,REVERSED,2026-09-19
T00007525,C000140,537399.5,USD,DEBIT,CARD,FAILED,2026-07-13
T00007526,C002480,167973.46,INR,DEBIT,CARD,PENDING,2026-07-22
T00007527,C000192,570079.18,INR,CREDIT,SWIFT,REVERSED,2026-04-17
T00007528,C000471,577710.26,INR,DEBIT,UPI,SUCCESS,2026-06-15
T00007529,C001077,548180.09,AED,CREDIT,UPI,REVERSED,2026-02-11
T00007530,C002367,232836.89,AED,DEBIT,CARD,REVERSED,2026-08-11
T00007531,C003168,62169.28,AED,DEBIT,CARD,SUCCESS,2026-05-05
T00007532,C001772,410896.96,AED,CREDIT,SWIFT,REVERSED,2026-01-12
T00007533,C003282,618717.41,INR,DEBIT,UPI,FAILED,2026-03-23
T00007534,C001102,162285.58,USD,CREDIT,UPI,SUCCESS,2026-08-14
T00007535,C002124,337837.73,USD,CREDIT,NEFT,SUCCESS,2026-04-23
T00007536,C001076,207489.94,AED,CREDIT,IMPS,PENDING,2026-08-25
T00007537,C000708,703481.11,INR,CREDIT,IMPS,FAILED,2026-05-22
T00007538,C001138,43447.53,INR,CREDIT,IMPS,SUCCESS,2026-09-15
T00007539,C001170,744013.13,AED,DEBIT,UPI,REVERSED,2026-08-09
T00007540,C003226,852152.42,INR,CREDIT,UPI,SUCCESS,2026-02-04
T00007541,C000365,313854.89,USD,CREDIT,SWIFT,SUCCESS,2026-01-09
T00007542,C000289,782907.41,AED,CREDIT,IMPS,SUCCESS,2026-05-18
T00007543,C000428,128496.72,INR,CREDIT,NEFT,SUCCESS,2026-02-17
T00007544,C001954,154016.4,USD,CREDIT,SWIFT,SUCCESS,2026-09-11
T00007545,C002563,117455.5,INR,DEBIT,NEFT,REVERSED,2026-08-26
T00007546,C001265,555737.83,INR,DEBIT,CARD,PENDING,2026-01-17
T00007547,C001829,313461.11,INR,CREDIT,SWIFT,REVERSED,2026-07-11
T00007548,C000707,463541.47,AED,CREDIT,SWIFT,SUCCESS,2026-09-02
T00007549,C002281,372311.52,USD,DEBIT,IMPS,SUCCESS,2026-01-01
T00007550,C002536,62372.72,AED,CREDIT,NEFT,REVERSED,2026-08-10
T00007551,C000512,733464.93,INR,DEBIT,SWIFT,SUCCESS,2026-05-10
T00007552,C001567,132388.25,INR,DEBIT,NEFT,SUCCESS,2026-01-06
T00007553,C000963,447011.46,AED,DEBIT,UPI,FAILED,2026-08-05
T00007554,C000240,334900.68,INR,CREDIT,NEFT,SUCCESS,2026-01-24
T00007555,C002821,55591.94,INR,DEBIT,IMPS,SUCCESS,2026-04-07
T00007556,C000439,450443.47,USD,CREDIT,IMPS,PENDING,2026-01-22
T00007557,C001035,755324.09,AED,CREDIT,UPI,REVERSED,2026-09-23
T00007558,C001233,509129.68,USD,DEBIT,SWIFT,SUCCESS,2026-07-07
T00007559,C001414,852135.47,INR,DEBIT,UPI,REVERSED,2026-07-01
T00007560,C003413,328752.51,AED,DEBIT,SWIFT,SUCCESS,2026-02-07
T00007561,C000673,123116.73,INR,CREDIT,UPI,REVERSED,2026-05-25
T00007562,C001361,5006.1,USD,CREDIT,NEFT,SUCCESS,2026-07-20
T00007563,C000719,880704.8,INR,CREDIT,NEFT,SUCCESS,2026-08-24
T00007564,C001476,674899.96,INR,CREDIT,CARD,SUCCESS,2026-07-10
T00007565,C002151,439278.53,INR,CREDIT,CARD,PENDING,2026-03-26
T00007566,C000172,794481.42,AED,DEBIT,NEFT,SUCCESS,2026-01-24
T00007567,C002639,829882.08,AED,CREDIT,NEFT,PENDING,2026-02-25
T00007568,C000453,240384.24,AED,CREDIT,UPI,REVERSED,2026-08-10
T00007569,C000337,623150.64,AED,DEBIT,IMPS,PENDING,2026-02-20
T00007570,C003206,710028.9,INR,DEBIT,NEFT,PENDING,2026-03-28
T00007571,C000786,838516.49,INR,DEBIT,SWIFT,SUCCESS,2026-06-05
T00007572,C001485,192905.01,USD,DEBIT,NEFT,FAILED,2026-07-28
T00007573,C001533,565848.4,AED,DEBIT,UPI,SUCCESS,2026-04-26
T00007574,C002506,209570.36,INR,CREDIT,SWIFT,SUCCESS,2026-09-08
T00007575,C000969,831958.23,INR,CREDIT,CARD,SUCCESS,2026-06-04
T00007576,C001072,536647.6,AED,CREDIT,SWIFT,REVERSED,2026-09-23
T00007577,C002218,534880.41,AED,CREDIT,CARD,PENDING,2026-08-14
T00007578,C003465,896510.82,INR,DEBIT,NEFT,SUCCESS,2026-05-04
T00007579,C002127,474051.05,INR,DEBIT,SWIFT,REVERSED,2026-09-01
T00007580,C001572,262454.32,AED,DEBIT,UPI,REVERSED,2026-09-11
T00007581,C000833,341419.7,INR,DEBIT,CARD,SUCCESS,2026-05-11
T00007582,C002593,340040.77,AED,DEBIT,IMPS,SUCCESS,2026-07-24
T00007583,C000405,281078.35,INR,CREDIT,SWIFT,FAILED,2026-09-16
T00007584,C001443,228882.43,USD,CREDIT,UPI,SUCCESS,2026-04-27
T00007585,C003261,527310.33,INR,DEBIT,UPI,SUCCESS,2026-03-22
T00007586,C002723,708949.53,USD,DEBIT,NEFT,FAILED,2026-08-09
T00007587,C002340,224746.26,INR,DEBIT,NEFT,PENDING,2026-09-18
T00007588,C003267,343754.57,INR,CREDIT,UPI,REVERSED,2026-05-26
T00007589,C002699,895865.51,USD,CREDIT,CARD,SUCCESS,2026-04-28
T00007590,C000505,75152.77,USD,CREDIT,IMPS,SUCCESS,2026-05-04
T00007591,C001768,41176.58,USD,CREDIT,IMPS,SUCCESS,2026-04-01
T00007592,C000650,840496.12,INR,CREDIT,CARD,SUCCESS,2026-06-10
T00007593,C002720,640360.44,USD,CREDIT,IMPS,SUCCESS,2026-03-26
T00007594,C003463,692838.69,INR,DEBIT,IMPS,PENDING,2026-02-24
T00007595,C000903,36564.14,INR,DEBIT,UPI,FAILED,2026-02-08
T00007596,C001769,290740.29,USD,CREDIT,NEFT,SUCCESS,2026-07-08
T00007597,C000783,285585.03,USD,CREDIT,UPI,SUCCESS,2026-03-21
T00007598,C000403,245520.28,USD,DEBIT,UPI,SUCCESS,2026-04-06
T00007599,C002786,226495.72,AED,CREDIT,IMPS,FAILED,2026-06-07
T00007600,C001163,96112.15,AED,DEBIT,NEFT,SUCCESS,2026-07-14
T00007601,C002803,814171.96,AED,DEBIT,UPI,SUCCESS,2026-04-21
T00007602,C002002,516232.98,INR,CREDIT,NEFT,FAILED,2026-02-04
T00007603,C003070,744552.43,USD,CREDIT,SWIFT,PENDING,2026-05-08
T00007604,C002533,608723.07,INR,CREDIT,UPI,SUCCESS,2026-01-11
T00007605,C000347,834546.35,INR,DEBIT,SWIFT,FAILED,2026-01-10
T00007606,C001991,44688.38,USD,CREDIT,SWIFT,PENDING,2026-04-14
T00007607,C000364,247703.89,INR,DEBIT,UPI,PENDING,2026-04-23
T00007608,C001783,857422.11,USD,CREDIT,UPI,SUCCESS,2026-04-27
T00007609,C003155,454423.96,USD,DEBIT,SWIFT,SUCCESS,2026-04-25
T00007610,C002252,833680.85,AED,CREDIT,IMPS,PENDING,2026-06-07
T00007611,C001310,667360.43,INR,DEBIT,NEFT,FAILED,2026-04-04
T00007612,C001140,245065.2,INR,DEBIT,NEFT,PENDING,2026-07-19
T00007613,C000359,271480.18,AED,DEBIT,IMPS,SUCCESS,2026-06-22
T00007614,C000304,136651.31,AED,DEBIT,NEFT,REVERSED,2026-01-27
T00007615,C000392,472064.74,INR,CREDIT,CARD,SUCCESS,2026-09-21
T00007616,C000378,275306.04,USD,DEBIT,UPI,REVERSED,2026-04-08
T00007617,C000843,744165.17,INR,CREDIT,SWIFT,SUCCESS,2026-01-23
T00007618,C002259,363057.61,INR,DEBIT,UPI,FAILED,2026-06-22
T00007619,C001499,423464.98,INR,DEBIT,UPI,PENDING,2026-08-16
T00007620,C000318,415204.06,INR,DEBIT,IMPS,PENDING,2026-02-11
T00007621,C000408,352487.66,INR,CREDIT,SWIFT,PENDING,2026-02-03
T00007622,C002805,608540.17,INR,CREDIT,CARD,SUCCESS,2026-01-25
T00007623,C001512,519367.7,USD,DEBIT,UPI,SUCCESS,2026-07-05
T00007624,C002028,524162.79,AED,DEBIT,CARD,REVERSED,2026-02-21
T00007625,C002843,425550.02,AED,DEBIT,IMPS,PENDING,2026-08-15
T00007626,C001203,17674.11,AED,DEBIT,NEFT,FAILED,2026-05-10
T00007627,C003212,898581.21,USD,DEBIT,NEFT,REVERSED,2026-01-20
T00007628,C000862,35769.81,AED,CREDIT,IMPS,SUCCESS,2026-03-26
T00007629,C003059,280133.81,USD,DEBIT,CARD,FAILED,2026-08-20
T00007630,C001589,535070.89,AED,CREDIT,CARD,SUCCESS,2026-01-07
T00007631,C001185,717448.72,USD,DEBIT,IMPS,SUCCESS,2026-03-18
T00007632,C001571,147268.14,USD,CREDIT,UPI,SUCCESS,2026-07-15
T00007633,C000815,854046.32,AED,CREDIT,IMPS,PENDING,2026-02-03
T00007634,C000155,743505.14,INR,CREDIT,CARD,FAILED,2026-07-17
T00007635,C003496,268918.74,INR,CREDIT,IMPS,FAILED,2026-02-25
T00007636,C000244,364074.09,INR,DEBIT,CARD,SUCCESS,2026-05-24
T00007637,C000143,532769.92,AED,DEBIT,NEFT,SUCCESS,2026-02-15
T00007638,C000525,78829.26,AED,CREDIT,SWIFT,FAILED,2026-04-01
T00007639,C001129,335039.85,INR,DEBIT,UPI,SUCCESS,2026-03-03
T00007640,C002793,802633.92,INR,DEBIT,CARD,SUCCESS,2026-06-08
T00007641,C000499,824251.36,INR,CREDIT,SWIFT,SUCCESS,2026-06-01
T00007642,C002538,824987.73,INR,CREDIT,UPI,SUCCESS,2026-07-23
T00007643,C000658,433008.96,AED,CREDIT,IMPS,SUCCESS,2026-09-06
T00007644,C002486,810728.73,INR,CREDIT,CARD,SUCCESS,2026-01-19
T00007645,C000669,743582.24,USD,CREDIT,NEFT,SUCCESS,2026-07-04
T00007646,C001861,336444.89,INR,CREDIT,SWIFT,PENDING,2026-07-08
T00007647,C003018,111699.16,INR,DEBIT,CARD,PENDING,2026-05-17
T00007648,C003225,496412.19,INR,CREDIT,SWIFT,SUCCESS,2026-02-26
T00007649,C001071,15493.11,INR,CREDIT,NEFT,SUCCESS,2026-01-02
T00007650,C001848,99092.58,INR,CREDIT,SWIFT,SUCCESS,2026-09-20
T00007651,C000044,766223.44,AED,CREDIT,SWIFT,SUCCESS,2026-03-03
T00007652,C001371,380052.94,USD,DEBIT,IMPS,FAILED,2026-01-08
T00007653,C001329,566074.99,INR,CREDIT,SWIFT,REVERSED,2026-07-14
T00007654,C001646,281302.53,INR,CREDIT,CARD,REVERSED,2026-05-20
T00007655,C001249,849019.64,INR,DEBIT,UPI,SUCCESS,2026-09-15
T00007656,C003129,137644.84,INR,DEBIT,IMPS,REVERSED,2026-03-21
T00007657,C001711,519024.94,AED,CREDIT,IMPS,SUCCESS,2026-01-26
T00007658,C002333,333670.08,INR,CREDIT,CARD,FAILED,2026-08-20
T00007659,C000949,587037.91,INR,CREDIT,NEFT,SUCCESS,2026-09-17
T00007660,C001786,898265.16,INR,CREDIT,IMPS,FAILED,2026-08-24
T00007661,C003174,809095.89,INR,DEBIT,SWIFT,SUCCESS,2026-01-23
T00007662,C002971,76236.72,INR,DEBIT,NEFT,REVERSED,2026-07-09
T00007663,C003295,199144.81,INR,DEBIT,UPI,FAILED,2026-07-08
T00007664,C000850,507462.58,INR,DEBIT,IMPS,SUCCESS,2026-01-23
T00007665,C000457,467258.82,AED,DEBIT,CARD,REVERSED,2026-07-06
T00007666,C003320,286033.15,AED,DEBIT,NEFT,PENDING,2026-06-09
T00007667,C000994,191117.76,INR,DEBIT,SWIFT,REVERSED,2026-01-02
T00007668,C002813,436591.52,INR,DEBIT,UPI,SUCCESS,2026-01-25
T00007669,C003157,87852.21,INR,CREDIT,SWIFT,SUCCESS,2026-02-04
T00007670,C002774,549202.46,USD,DEBIT,UPI,SUCCESS,2026-09-18
T00007671,C003054,157363.04,USD,CREDIT,NEFT,PENDING,2026-05-23
T00007672,C000280,455212.71,INR,CREDIT,IMPS,SUCCESS,2026-02-23
T00007673,C000247,887425.8,USD,DEBIT,CARD,SUCCESS,2026-08-14
T00007674,C000673,882049.08,AED,CREDIT,CARD,SUCCESS,2026-07-09
T00007675,C000856,393162.69,INR,CREDIT,NEFT,REVERSED,2026-06-18
T00007676,C003342,636206.8,INR,CREDIT,NEFT,SUCCESS,2026-06-18
T00007677,C000821,231982.3,INR,DEBIT,IMPS,SUCCESS,2026-03-16
T00007678,C003218,199631.85,USD,CREDIT,NEFT,SUCCESS,2026-06-16
T00007679,C000081,856035.08,INR,CREDIT,NEFT,FAILED,2026-06-13
T00007680,C000509,839707.32,INR,DEBIT,CARD,FAILED,2026-01-10
T00007681,C000246,864791.77,INR,CREDIT,NEFT,SUCCESS,2026-07-06
T00007682,C002971,267267.08,INR,CREDIT,UPI,SUCCESS,2026-08-04
T00007683,C003452,708204.57,INR,CREDIT,NEFT,FAILED,2026-02-17
T00007684,C001241,30483.81,AED,CREDIT,NEFT,FAILED,2026-09-14
T00007685,C001023,877123.83,INR,CREDIT,IMPS,REVERSED,2026-02-24
T00007686,C001210,232395.89,INR,CREDIT,IMPS,FAILED,2026-01-13
T00007687,C002145,750733.96,AED,DEBIT,NEFT,REVERSED,2026-08-09
T00007688,C000047,179505.89,USD,DEBIT,NEFT,SUCCESS,2026-02-08
T00007689,C000695,726594.2,AED,DEBIT,UPI,SUCCESS,2026-03-08
T00007690,C002752,568851.19,INR,DEBIT,IMPS,FAILED,2026-06-25
T00007691,C000448,581974.85,INR,CREDIT,UPI,FAILED,2026-04-19
T00007692,C003427,776870.88,USD,CREDIT,CARD,SUCCESS,2026-04-01
T00007693,C002350,390155.61,AED,DEBIT,IMPS,SUCCESS,2026-01-23
T00007694,C001316,166240.51,AED,DEBIT,UPI,SUCCESS,2026-04-01
T00007695,C000904,82453.31,INR,CREDIT,NEFT,FAILED,2026-05-01
T00007696,C001429,248070.53,USD,DEBIT,NEFT,SUCCESS,2026-06-16
T00007697,C001516,777134.68,INR,DEBIT,NEFT,SUCCESS,2026-02-07
T00007698,C001300,779353.6,AED,CREDIT,UPI,FAILED,2026-01-01
T00007699,C000184,167256.36,INR,DEBIT,UPI,SUCCESS,2026-01-27
T00007700,C002772,412990.12,INR,DEBIT,NEFT,SUCCESS,2026-01-13
T00007701,C001799,738255.95,USD,CREDIT,CARD,PENDING,2026-06-03
T00007702,C001390,276072.27,INR,DEBIT,NEFT,SUCCESS,2026-04-25
T00007703,C003047,644151.79,INR,CREDIT,CARD,SUCCESS,2026-04-23
T00007704,C001937,295895.98,INR,CREDIT,IMPS,SUCCESS,2026-07-04
T00007705,C001600,899543.74,USD,DEBIT,IMPS,FAILED,2026-09-24
T00007706,C000529,642897.26,INR,CREDIT,UPI,FAILED,2026-09-02
T00007707,C002119,618430.11,INR,CREDIT,IMPS,FAILED,2026-03-08
T00007708,C000786,784360.64,AED,DEBIT,SWIFT,SUCCESS,2026-09-10
T00007709,C002737,805331.91,USD,DEBIT,CARD,REVERSED,2026-01-13
T00007710,C000378,785905.84,INR,CREDIT,UPI,SUCCESS,2026-06-25
T00007711,C000768,264914.01,INR,DEBIT,CARD,SUCCESS,2026-05-11
T00007712,C001388,705307.09,AED,CREDIT,CARD,SUCCESS,2026-06-16
T00007713,C001262,485814.77,INR,DEBIT,NEFT,SUCCESS,2026-08-22
T00007714,C002209,303482.73,AED,CREDIT,CARD,PENDING,2026-04-28
T00007715,C002744,891744.9,AED,DEBIT,CARD,SUCCESS,2026-01-09
T00007716,C001745,503362.44,USD,DEBIT,SWIFT,SUCCESS,2026-05-18
T00007717,C001539,862077.62,INR,CREDIT,IMPS,SUCCESS,2026-06-11
T00007718,C003438,192249.97,INR,CREDIT,SWIFT,REVERSED,2026-02-14
T00007719,C000650,877903.53,INR,CREDIT,IMPS,SUCCESS,2026-09-27
T00007720,C001684,120096.79,INR,DEBIT,SWIFT,SUCCESS,2026-09-18
T00007721,C003231,701665.94,INR,DEBIT,UPI,PENDING,2026-02-11
T00007722,C000355,19595.46,INR,DEBIT,SWIFT,SUCCESS,2026-09-02
T00007723,C002273,518180.55,AED,CREDIT,SWIFT,SUCCESS,2026-02-17
T00007724,C002473,438621.49,INR,DEBIT,IMPS,SUCCESS,2026-06-01
T00007725,C003173,851410.39,INR,CREDIT,NEFT,SUCCESS,2026-07-02
T00007726,C003492,694341.39,AED,DEBIT,NEFT,REVERSED,2026-08-13
T00007727,C003447,609738.18,INR,CREDIT,SWIFT,SUCCESS,2026-07-21
T00007728,C001958,403392.96,INR,CREDIT,NEFT,SUCCESS,2026-04-22
T00007729,C003324,48390.14,INR,CREDIT,SWIFT,REVERSED,2026-08-04
T00007730,C000398,135354.78,INR,CREDIT,SWIFT,FAILED,2026-04-08
T00007731,C002921,580459.53,INR,CREDIT,SWIFT,SUCCESS,2026-05-02
T00007732,C002470,503657.16,USD,DEBIT,UPI,SUCCESS,2026-08-07
T00007733,C001525,619232.08,AED,DEBIT,IMPS,SUCCESS,2026-05-14
T00007734,C003105,262627.07,AED,DEBIT,IMPS,PENDING,2026-07-13
T00007735,C002720,638739.33,INR,CREDIT,NEFT,SUCCESS,2026-01-24
T00007736,C002802,106299.54,INR,CREDIT,UPI,SUCCESS,2026-06-21
T00007737,C002866,489021.19,INR,DEBIT,UPI,FAILED,2026-09-20
T00007738,C001037,518793.89,INR,CREDIT,IMPS,REVERSED,2026-06-13
T00007739,C003208,432772.8,INR,DEBIT,CARD,FAILED,2026-03-14
T00007740,C000405,117114.67,INR,CREDIT,CARD,PENDING,2026-03-19
T00007741,C001862,495040.53,INR,CREDIT,UPI,SUCCESS,2026-06-04
T00007742,C001186,873705.0,INR,DEBIT,IMPS,SUCCESS,2026-01-22
T00007743,C002257,99743.19,AED,CREDIT,SWIFT,SUCCESS,2026-01-14
T00007744,C003380,834215.18,AED,CREDIT,UPI,FAILED,2026-07-03
T00007745,C001285,824322.34,INR,CREDIT,SWIFT,SUCCESS,2026-01-20
T00007746,C002621,39221.33,INR,DEBIT,IMPS,SUCCESS,2026-08-20
T00007747,C002304,476450.57,INR,CREDIT,CARD,REVERSED,2026-03-03
T00007748,C000213,806661.2,AED,CREDIT,IMPS,FAILED,2026-04-19
T00007749,C000467,288917.73,INR,DEBIT,UPI,PENDING,2026-08-17
T00007750,C002999,126714.02,AED,CREDIT,NEFT,FAILED,2026-07-02
T00007751,C002089,861562.6,USD,CREDIT,NEFT,REVERSED,2026-02-04
T00007752,C000123,671275.88,AED,CREDIT,CARD,SUCCESS,2026-05-16
T00007753,C002253,293763.11,INR,CREDIT,CARD,FAILED,2026-05-09
T00007754,C000981,866971.36,USD,CREDIT,CARD,FAILED,2026-05-17
T00007755,C002773,733243.34,INR,DEBIT,IMPS,FAILED,2026-08-27
T00007756,C002825,715843.58,INR,DEBIT,UPI,FAILED,2026-05-23
T00007757,C002910,888131.45,USD,DEBIT,UPI,SUCCESS,2026-04-09
T00007758,C003095,638809.74,INR,DEBIT,SWIFT,SUCCESS,2026-07-09
T00007759,C002253,806295.38,USD,DEBIT,CARD,FAILED,2026-01-03
T00007760,C002560,736960.37,INR,DEBIT,SWIFT,PENDING,2026-01-20
T00007761,C001809,61013.18,USD,CREDIT,SWIFT,SUCCESS,2026-05-21
T00007762,C001196,578987.14,INR,CREDIT,CARD,SUCCESS,2026-01-16
T00007763,C000929,363151.81,INR,CREDIT,NEFT,SUCCESS,2026-04-07
T00007764,C001912,789309.5,INR,CREDIT,CARD,SUCCESS,2026-02-10
T00007765,C000531,736534.79,AED,DEBIT,NEFT,FAILED,2026-01-27
T00007766,C000883,612577.3,INR,CREDIT,SWIFT,PENDING,2026-05-10
T00007767,C002094,441298.25,AED,DEBIT,SWIFT,PENDING,2026-08-16
T00007768,C002554,623239.38,AED,CREDIT,IMPS,REVERSED,2026-04-12
T00007769,C002439,746038.46,AED,DEBIT,CARD,FAILED,2026-03-04
T00007770,C001835,460806.35,INR,CREDIT,CARD,SUCCESS,2026-07-13
T00007771,C002788,567300.38,AED,DEBIT,IMPS,SUCCESS,2026-05-04
T00007772,C001351,785641.17,INR,DEBIT,CARD,REVERSED,2026-08-01
T00007773,C001202,350229.52,INR,CREDIT,CARD,REVERSED,2026-05-09
T00007774,C003466,76460.19,INR,DEBIT,CARD,SUCCESS,2026-03-16
T00007775,C000318,779113.27,INR,CREDIT,SWIFT,SUCCESS,2026-04-23
T00007776,C000982,475788.18,AED,DEBIT,IMPS,SUCCESS,2026-08-17
T00007777,C002712,646447.09,INR,DEBIT,IMPS,REVERSED,2026-01-02
T00007778,C001661,201171.06,INR,CREDIT,CARD,SUCCESS,2026-02-15
T00007779,C002428,435290.12,USD,DEBIT,SWIFT,FAILED,2026-04-27
T00007780,C000387,168940.54,INR,DEBIT,UPI,SUCCESS,2026-07-14
T00007781,C002414,839520.87,USD,DEBIT,UPI,SUCCESS,2026-04-22
T00007782,C001150,241794.32,USD,DEBIT,IMPS,PENDING,2026-06-10
T00007783,C003039,381882.98,USD,CREDIT,SWIFT,FAILED,2026-03-02
T00007784,C001692,223380.54,USD,CREDIT,IMPS,SUCCESS,2026-03-20
T00007785,C001916,276539.25,USD,CREDIT,SWIFT,SUCCESS,2026-04-05
T00007786,C001307,738136.67,INR,DEBIT,CARD,SUCCESS,2026-04-01
T00007787,C000670,183219.2,INR,DEBIT,UPI,SUCCESS,2026-09-12
T00007788,C003189,63405.76,INR,CREDIT,NEFT,REVERSED,2026-03-17
T00007789,C000168,512713.68,AED,CREDIT,CARD,FAILED,2026-03-15
T00007790,C002492,43053.38,INR,DEBIT,IMPS,REVERSED,2026-04-18
T00007791,C000866,298934.48,INR,CREDIT,NEFT,SUCCESS,2026-02-02
T00007792,C003237,437052.82,AED,DEBIT,IMPS,SUCCESS,2026-08-20
T00007793,C003123,144734.7,USD,CREDIT,SWIFT,SUCCESS,2026-04-02
T00007794,C001557,512570.99,INR,CREDIT,CARD,FAILED,2026-09-02
T00007795,C001403,152918.14,USD,DEBIT,CARD,SUCCESS,2026-02-19
T00007796,C000179,360572.84,INR,DEBIT,UPI,SUCCESS,2026-07-17
T00007797,C003255,157756.88,USD,DEBIT,NEFT,PENDING,2026-03-28
T00007798,C001190,355779.31,AED,DEBIT,IMPS,SUCCESS,2026-09-01
T00007799,C000108,623297.88,INR,DEBIT,UPI,REVERSED,2026-06-04
T00007800,C003076,488494.02,INR,CREDIT,CARD,FAILED,2026-05-23
T00007801,C001629,749417.29,AED,DEBIT,CARD,SUCCESS,2026-03-15
T00007802,C003000,8752.88,INR,CREDIT,NEFT,PENDING,2026-03-11
T00007803,C000233,464095.76,USD,CREDIT,IMPS,PENDING,2026-04-19
T00007804,C000621,224009.49,AED,DEBIT,CARD,SUCCESS,2026-05-26
T00007805,C000251,312920.79,USD,DEBIT,SWIFT,SUCCESS,2026-04-28
T00007806,C002673,75094.85,AED,DEBIT,NEFT,REVERSED,2026-01-09
T00007807,C002224,496239.69,INR,DEBIT,IMPS,FAILED,2026-01-16
T00007808,C001771,216682.71,USD,DEBIT,UPI,SUCCESS,2026-07-19
T00007809,C000236,666094.56,INR,CREDIT,IMPS,SUCCESS,2026-06-09
T00007810,C000097,70627.02,USD,DEBIT,NEFT,PENDING,2026-02-07
T00007811,C001869,336092.05,INR,DEBIT,UPI,SUCCESS,2026-08-04
T00007812,C002152,599975.71,AED,DEBIT,IMPS,SUCCESS,2026-08-27
T00007813,C000663,326158.37,INR,DEBIT,UPI,SUCCESS,2026-09-08
T00007814,C002928,486021.16,USD,DEBIT,UPI,REVERSED,2026-07-25
T00007815,C001653,129016.32,INR,DEBIT,NEFT,SUCCESS,2026-08-23
T00007816,C003260,491679.43,USD,DEBIT,SWIFT,REVERSED,2026-07-23
T00007817,C001018,263880.47,INR,DEBIT,SWIFT,SUCCESS,2026-01-26
T00007818,C001352,860170.18,USD,DEBIT,SWIFT,REVERSED,2026-07-27
T00007819,C001408,51764.64,INR,CREDIT,CARD,SUCCESS,2026-01-02
T00007820,C000788,676810.83,INR,CREDIT,CARD,SUCCESS,2026-04-02
T00007821,C000797,710562.13,AED,DEBIT,NEFT,FAILED,2026-08-19
T00007822,C000831,871098.01,INR,CREDIT,NEFT,FAILED,2026-03-09
T00007823,C000798,899524.86,INR,DEBIT,CARD,SUCCESS,2026-05-12
T00007824,C000656,300590.8,INR,CREDIT,CARD,REVERSED,2026-08-01
T00007825,C002670,449481.81,AED,CREDIT,SWIFT,PENDING,2026-08-23
T00007826,C002701,844241.08,USD,DEBIT,CARD,FAILED,2026-08-17
T00007827,C001410,569177.37,INR,CREDIT,CARD,REVERSED,2026-05-12
T00007828,C000156,88044.03,INR,DEBIT,SWIFT,PENDING,2026-02-28
T00007829,C000871,415414.94,AED,CREDIT,NEFT,REVERSED,2026-07-27
T00007830,C002170,123657.67,INR,CREDIT,SWIFT,REVERSED,2026-04-17
T00007831,C002794,52435.97,AED,CREDIT,IMPS,SUCCESS,2026-01-05
T00007832,C002407,130509.39,INR,DEBIT,IMPS,SUCCESS,2026-08-02
T00007833,C000973,287036.35,INR,DEBIT,UPI,SUCCESS,2026-06-03
T00007834,C000564,288696.14,INR,CREDIT,IMPS,FAILED,2026-02-10
T00007835,C001040,67934.33,AED,CREDIT,CARD,SUCCESS,2026-04-26
T00007836,C002750,254542.84,USD,CREDIT,SWIFT,REVERSED,2026-04-09
T00007837,C003356,187624.28,INR,CREDIT,UPI,REVERSED,2026-03-11
T00007838,C001794,228814.96,USD,CREDIT,IMPS,FAILED,2026-08-02
T00007839,C001832,486295.31,USD,DEBIT,UPI,FAILED,2026-06-07
T00007840,C000305,898651.86,USD,CREDIT,IMPS,SUCCESS,2026-05-25
T00007841,C000876,408637.64,INR,CREDIT,NEFT,SUCCESS,2026-04-13
T00007842,C000412,240945.13,AED,DEBIT,SWIFT,PENDING,2026-06-18
T00007843,C002466,66569.83,INR,CREDIT,NEFT,SUCCESS,2026-08-01
T00007844,C003468,544937.91,INR,DEBIT,NEFT,SUCCESS,2026-05-15
T00007845,C002528,444466.44,INR,DEBIT,SWIFT,SUCCESS,2026-04-21
T00007846,C000051,767871.47,INR,DEBIT,CARD,REVERSED,2026-08-16
T00007847,C001479,844319.36,USD,CREDIT,IMPS,SUCCESS,2026-05-01
T00007848,C000810,430154.81,INR,CREDIT,UPI,REVERSED,2026-09-23
T00007849,C000573,405231.87,USD,CREDIT,SWIFT,SUCCESS,2026-06-25
T00007850,C002325,614483.38,INR,CREDIT,UPI,SUCCESS,2026-05-13
T00007851,C001328,758813.79,USD,CREDIT,SWIFT,FAILED,2026-05-17
T00007852,C001404,158307.43,INR,DEBIT,UPI,SUCCESS,2026-06-10
T00007853,C000928,809406.61,INR,CREDIT,NEFT,SUCCESS,2026-08-22
T00007854,C003385,529300.64,USD,DEBIT,SWIFT,REVERSED,2026-01-06
T00007855,C001088,465608.65,INR,DEBIT,UPI,SUCCESS,2026-06-26
T00007856,C000961,761403.35,AED,CREDIT,SWIFT,SUCCESS,2026-08-11
T00007857,C001414,150449.44,AED,DEBIT,IMPS,PENDING,2026-06-24
T00007858,C001984,169727.84,INR,DEBIT,IMPS,PENDING,2026-09-06
T00007859,C002116,315552.07,INR,CREDIT,CARD,SUCCESS,2026-09-12
T00007860,C001993,130482.62,INR,DEBIT,CARD,SUCCESS,2026-04-24
T00007861,C003367,326114.96,USD,CREDIT,NEFT,SUCCESS,2026-07-28
T00007862,C002801,46950.53,USD,CREDIT,UPI,SUCCESS,2026-06-24
T00007863,C000200,830415.93,AED,CREDIT,UPI,SUCCESS,2026-08-28
T00007864,C000198,645178.42,INR,DEBIT,IMPS,FAILED,2026-01-15
T00007865,C001111,879587.92,USD,DEBIT,UPI,FAILED,2026-09-27
T00007866,C001603,545838.9,INR,CREDIT,CARD,REVERSED,2026-06-03
T00007867,C002862,404585.99,AED,CREDIT,IMPS,SUCCESS,2026-02-17
T00007868,C001485,41429.19,AED,DEBIT,NEFT,REVERSED,2026-07-28
T00007869,C001540,566388.32,USD,DEBIT,CARD,REVERSED,2026-02-16
T00007870,C002027,598734.08,INR,DEBIT,UPI,SUCCESS,2026-04-22
T00007871,C002999,19655.96,INR,CREDIT,SWIFT,SUCCESS,2026-03-13
T00007872,C002590,697085.95,USD,CREDIT,NEFT,SUCCESS,2026-03-26
T00007873,C002516,755025.15,USD,DEBIT,IMPS,PENDING,2026-04-01
T00007874,C001804,131212.01,AED,DEBIT,CARD,SUCCESS,2026-06-23
T00007875,C001449,142461.01,INR,DEBIT,IMPS,FAILED,2026-08-24
T00007876,C002252,859143.34,USD,CREDIT,CARD,SUCCESS,2026-01-16
T00007877,C001801,256061.31,USD,DEBIT,CARD,SUCCESS,2026-09-17
T00007878,C001509,664613.9,AED,CREDIT,IMPS,REVERSED,2026-02-23
T00007879,C002546,145521.88,INR,DEBIT,UPI,SUCCESS,2026-09-26
T00007880,C000733,164708.86,INR,CREDIT,SWIFT,FAILED,2026-01-01
T00007881,C000495,641647.3,INR,CREDIT,CARD,REVERSED,2026-08-16
T00007882,C000363,650882.94,USD,CREDIT,UPI,SUCCESS,2026-06-10
T00007883,C001027,363934.24,AED,DEBIT,IMPS,SUCCESS,2026-09-17
T00007884,C002361,468404.41,INR,DEBIT,CARD,FAILED,2026-04-03
T00007885,C000768,608638.82,INR,CREDIT,SWIFT,SUCCESS,2026-07-03
T00007886,C002427,565645.64,USD,CREDIT,IMPS,FAILED,2026-03-09
T00007887,C001130,551519.16,USD,DEBIT,SWIFT,SUCCESS,2026-07-26
T00007888,C002507,584930.53,USD,DEBIT,NEFT,REVERSED,2026-01-08
T00007889,C002028,312014.37,INR,DEBIT,UPI,FAILED,2026-03-19
T00007890,C001233,743798.54,USD,DEBIT,SWIFT,SUCCESS,2026-09-17
T00007891,C000659,45234.67,USD,CREDIT,IMPS,REVERSED,2026-07-20
T00007892,C000809,850697.68,USD,DEBIT,UPI,SUCCESS,2026-02-03
T00007893,C000696,10941.2,INR,CREDIT,SWIFT,FAILED,2026-05-22
T00007894,C001184,334863.89,USD,CREDIT,UPI,REVERSED,2026-02-28
T00007895,C002123,329259.99,AED,CREDIT,UPI,FAILED,2026-06-05
T00007896,C000571,34960.26,USD,CREDIT,NEFT,PENDING,2026-05-02
T00007897,C000030,93057.73,INR,CREDIT,IMPS,PENDING,2026-04-27
T00007898,C001450,711887.55,AED,CREDIT,UPI,SUCCESS,2026-01-26
T00007899,C000385,103782.22,INR,CREDIT,IMPS,SUCCESS,2026-04-17
T00007900,C003432,757151.25,INR,DEBIT,UPI,SUCCESS,2026-04-05
T00007901,C002683,834529.65,USD,DEBIT,CARD,PENDING,2026-07-19
T00007902,C000496,723334.37,INR,CREDIT,NEFT,FAILED,2026-07-01
T00007903,C003261,353189.19,USD,DEBIT,NEFT,PENDING,2026-06-23
T00007904,C002652,771907.09,USD,DEBIT,UPI,SUCCESS,2026-02-03
T00007905,C002687,254992.59,AED,CREDIT,UPI,SUCCESS,2026-04-09
T00007906,C003225,410868.39,INR,DEBIT,NEFT,SUCCESS,2026-06-04
T00007907,C001725,452581.33,INR,DEBIT,IMPS,REVERSED,2026-05-16
T00007908,C002183,544920.09,INR,CREDIT,CARD,SUCCESS,2026-06-13
T00007909,C000852,559588.86,USD,CREDIT,CARD,PENDING,2026-01-20
T00007910,C001599,690851.32,USD,CREDIT,NEFT,FAILED,2026-05-06
T00007911,C000509,415419.48,INR,DEBIT,CARD,SUCCESS,2026-03-04
T00007912,C003479,225611.57,USD,DEBIT,CARD,PENDING,2026-05-12
T00007913,C002487,893089.68,INR,DEBIT,UPI,FAILED,2026-03-10
T00007914,C000995,837756.79,USD,CREDIT,NEFT,SUCCESS,2026-09-18
T00007915,C002106,768840.96,USD,DEBIT,SWIFT,REVERSED,2026-01-27
T00007916,C002929,531545.78,INR,DEBIT,CARD,PENDING,2026-01-27
T00007917,C000815,307749.18,INR,CREDIT,IMPS,SUCCESS,2026-09-16
T00007918,C001405,188262.47,INR,CREDIT,SWIFT,PENDING,2026-02-27
T00007919,C001565,57116.58,INR,DEBIT,UPI,REVERSED,2026-05-11
T00007920,C003452,798230.23,INR,DEBIT,UPI,REVERSED,2026-09-10
T00007921,C001010,781961.75,AED,DEBIT,UPI,REVERSED,2026-08-24
T00007922,C001921,709060.42,USD,DEBIT,CARD,SUCCESS,2026-01-25
T00007923,C002965,40349.5,INR,CREDIT,IMPS,SUCCESS,2026-04-05
T00007924,C000844,278667.18,INR,CREDIT,NEFT,SUCCESS,2026-01-17
T00007925,C001034,524423.07,INR,CREDIT,UPI,SUCCESS,2026-09-07
T00007926,C002184,40152.27,INR,CREDIT,IMPS,PENDING,2026-09-25
T00007927,C000517,546843.63,INR,CREDIT,SWIFT,PENDING,2026-03-16
T00007928,C000790,572528.44,INR,DEBIT,SWIFT,SUCCESS,2026-05-02
T00007929,C001082,785405.86,INR,CREDIT,CARD,PENDING,2026-06-26
T00007930,C002538,695554.31,INR,CREDIT,NEFT,FAILED,2026-06-12
T00007931,C003236,179320.0,INR,CREDIT,CARD,FAILED,2026-03-02
T00007932,C001400,242936.29,INR,CREDIT,CARD,FAILED,2026-03-24
T00007933,C003178,533247.12,INR,CREDIT,IMPS,SUCCESS,2026-01-04
T00007934,C003483,102082.56,AED,DEBIT,CARD,REVERSED,2026-01-27
T00007935,C003477,95433.83,AED,CREDIT,CARD,REVERSED,2026-06-05
T00007936,C001675,245505.57,AED,DEBIT,UPI,SUCCESS,2026-01-17
T00007937,C000717,181374.59,INR,DEBIT,CARD,SUCCESS,2026-07-16
T00007938,C001941,489398.37,INR,DEBIT,NEFT,SUCCESS,2026-08-21
T00007939,C002525,337119.07,AED,CREDIT,IMPS,REVERSED,2026-04-02
T00007940,C000912,81424.18,USD,DEBIT,NEFT,PENDING,2026-07-26
T00007941,C002727,202734.05,USD,CREDIT,SWIFT,FAILED,2026-05-04
T00007942,C002391,100542.74,AED,CREDIT,SWIFT,SUCCESS,2026-08-18
T00007943,C002150,406149.61,INR,DEBIT,CARD,SUCCESS,2026-03-16
T00007944,C002294,480683.62,INR,DEBIT,SWIFT,REVERSED,2026-01-09
T00007945,C002407,56496.89,INR,DEBIT,SWIFT,FAILED,2026-06-06
T00007946,C000023,527227.24,AED,DEBIT,CARD,PENDING,2026-01-28
T00007947,C003391,195738.21,INR,CREDIT,UPI,REVERSED,2026-01-27
T00007948,C000676,260534.66,USD,CREDIT,NEFT,FAILED,2026-03-20
T00007949,C002435,416011.13,AED,CREDIT,UPI,FAILED,2026-07-13
T00007950,C002356,86822.88,INR,CREDIT,CARD,PENDING,2026-04-25
T00007951,C002092,213271.98,USD,CREDIT,UPI,SUCCESS,2026-02-14
T00007952,C001049,88436.63,USD,DEBIT,SWIFT,REVERSED,2026-04-09
T00007953,C002401,142866.55,AED,DEBIT,CARD,SUCCESS,2026-03-18
T00007954,C002996,592991.13,USD,DEBIT,UPI,REVERSED,2026-06-18
T00007955,C002371,367752.82,USD,CREDIT,UPI,PENDING,2026-05-24
T00007956,C002512,802059.49,USD,DEBIT,IMPS,PENDING,2026-07-18
T00007957,C001467,44673.07,USD,DEBIT,UPI,REVERSED,2026-09-14
T00007958,C000252,852467.39,USD,DEBIT,NEFT,PENDING,2026-01-07
T00007959,C000569,377865.04,AED,CREDIT,SWIFT,SUCCESS,2026-06-14
T00007960,C002665,690368.15,AED,CREDIT,CARD,REVERSED,2026-05-03
T00007961,C000345,716045.44,AED,DEBIT,SWIFT,SUCCESS,2026-02-18
T00007962,C002670,75090.22,INR,DEBIT,CARD,FAILED,2026-01-01
T00007963,C001719,16580.29,INR,CREDIT,IMPS,PENDING,2026-02-14
T00007964,C001745,247817.72,INR,DEBIT,UPI,SUCCESS,2026-08-04
T00007965,C000298,140627.18,USD,DEBIT,NEFT,SUCCESS,2026-09-11
T00007966,C001651,888559.58,INR,CREDIT,UPI,REVERSED,2026-01-15
T00007967,C002056,710550.22,AED,CREDIT,IMPS,FAILED,2026-01-18
T00007968,C000677,451016.92,INR,DEBIT,NEFT,PENDING,2026-04-24
T00007969,C003313,53071.26,AED,DEBIT,SWIFT,PENDING,2026-06-21
T00007970,C001500,254116.87,INR,CREDIT,IMPS,REVERSED,2026-08-23
T00007971,C002630,733147.34,INR,CREDIT,IMPS,PENDING,2026-02-18
T00007972,C000489,623419.38,INR,CREDIT,UPI,REVERSED,2026-04-01
T00007973,C002649,395765.38,USD,CREDIT,SWIFT,SUCCESS,2026-01-26
T00007974,C000124,488759.92,INR,CREDIT,UPI,SUCCESS,2026-07-06
T00007975,C002857,459628.68,AED,CREDIT,CARD,PENDING,2026-05-23
T00007976,C000535,234814.9,USD,CREDIT,NEFT,REVERSED,2026-05-03
T00007977,C000985,678193.93,INR,CREDIT,NEFT,SUCCESS,2026-04-05
T00007978,C001033,249804.56,INR,CREDIT,CARD,REVERSED,2026-02-12
T00007979,C002819,712923.16,INR,DEBIT,NEFT,REVERSED,2026-08-24
T00007980,C001805,57991.16,USD,CREDIT,SWIFT,PENDING,2026-08-25
T00007981,C000876,764440.97,INR,DEBIT,SWIFT,FAILED,2026-02-08
T00007982,C003156,730625.58,USD,DEBIT,IMPS,PENDING,2026-01-01
T00007983,C002603,648849.01,INR,CREDIT,IMPS,SUCCESS,2026-06-16
T00007984,C001206,141920.9,INR,CREDIT,UPI,REVERSED,2026-09-17
T00007985,C001944,585872.13,AED,CREDIT,NEFT,REVERSED,2026-09-24
T00007986,C003436,398487.89,INR,DEBIT,UPI,SUCCESS,2026-05-21
T00007987,C001562,823207.25,INR,DEBIT,CARD,SUCCESS,2026-07-11
T00007988,C001488,246362.89,USD,DEBIT,IMPS,FAILED,2026-05-06
T00007989,C000430,520777.15,USD,DEBIT,IMPS,REVERSED,2026-07-19
T00007990,C001726,275335.68,INR,DEBIT,SWIFT,REVERSED,2026-04-07
T00007991,C000965,347038.72,INR,DEBIT,NEFT,SUCCESS,2026-08-08
T00007992,C000594,159353.27,INR,DEBIT,IMPS,REVERSED,2026-07-28
T00007993,C003194,347634.93,USD,CREDIT,UPI,SUCCESS,2026-08-22
T00007994,C003054,567514.84,INR,DEBIT,UPI,REVERSED,2026-08-26
T00007995,C000767,318312.45,INR,DEBIT,UPI,SUCCESS,2026-06-27
T00007996,C000022,18272.11,AED,DEBIT,UPI,SUCCESS,2026-01-24
T00007997,C001827,695524.7,USD,CREDIT,CARD,SUCCESS,2026-05-10
T00007998,C000128,472159.53,INR,DEBIT,NEFT,SUCCESS,2026-05-02
T00007999,C000455,402575.16,USD,DEBIT,IMPS,SUCCESS,2026-03-21
T00008000,C001177,435853.93,USD,DEBIT,SWIFT,FAILED,2026-05-16
T00008001,C001502,502215.59,INR,DEBIT,NEFT,SUCCESS,2026-09-05
T00008002,C002348,6899.75,INR,CREDIT,UPI,SUCCESS,2026-02-19
T00008003,C000095,208906.53,INR,CREDIT,SWIFT,FAILED,2026-08-22
T00008004,C002391,818142.81,INR,DEBIT,NEFT,SUCCESS,2026-05-24
T00008005,C001565,172205.54,AED,DEBIT,NEFT,FAILED,2026-02-17
T00008006,C002263,52530.03,INR,CREDIT,IMPS,REVERSED,2026-07-16
T00008007,C001052,119163.95,USD,DEBIT,IMPS,SUCCESS,2026-08-01
T00008008,C002096,626592.73,AED,DEBIT,UPI,PENDING,2026-03-15
T00008009,C003234,520737.4,AED,CREDIT,SWIFT,SUCCESS,2026-05-25
T00008010,C000537,145300.19,INR,DEBIT,SWIFT,FAILED,2026-03-08
T00008011,C002241,706623.33,INR,CREDIT,UPI,SUCCESS,2026-01-15
T00008012,C002799,151205.58,INR,DEBIT,SWIFT,SUCCESS,2026-05-14
T00008013,C003037,182086.93,INR,DEBIT,CARD,SUCCESS,2026-06-28
T00008014,C001763,585120.4,INR,CREDIT,CARD,PENDING,2026-01-20
T00008015,C000094,697932.41,AED,DEBIT,IMPS,SUCCESS,2026-03-24
T00008016,C000374,546224.05,INR,CREDIT,NEFT,REVERSED,2026-04-12
T00008017,C001169,18260.76,AED,CREDIT,SWIFT,PENDING,2026-05-05
T00008018,C001289,288170.51,AED,CREDIT,UPI,SUCCESS,2026-08-10
T00008019,C002477,621616.59,INR,CREDIT,CARD,SUCCESS,2026-01-09
T00008020,C001370,251910.8,INR,CREDIT,CARD,FAILED,2026-01-23
T00008021,C000583,803444.04,INR,CREDIT,UPI,SUCCESS,2026-08-26
T00008022,C002138,519774.58,AED,CREDIT,UPI,SUCCESS,2026-05-15
T00008023,C000262,807353.34,INR,CREDIT,NEFT,REVERSED,2026-09-17
T00008024,C000324,797694.48,INR,CREDIT,UPI,FAILED,2026-09-09
T00008025,C002954,334404.17,INR,DEBIT,SWIFT,PENDING,2026-03-28
T00008026,C000234,598601.07,AED,CREDIT,IMPS,PENDING,2026-09-20
T00008027,C003031,328057.8,INR,CREDIT,UPI,PENDING,2026-01-03
T00008028,C000586,572892.95,USD,DEBIT,UPI,SUCCESS,2026-09-08
T00008029,C003451,312845.97,AED,CREDIT,NEFT,REVERSED,2026-09-10
T00008030,C001159,237886.97,INR,CREDIT,UPI,REVERSED,2026-07-03
T00008031,C001201,719556.8,AED,DEBIT,IMPS,PENDING,2026-01-12
T00008032,C000472,777204.43,INR,DEBIT,UPI,FAILED,2026-08-13
T00008033,C002271,892283.52,INR,DEBIT,IMPS,SUCCESS,2026-05-28
T00008034,C003021,74692.48,INR,DEBIT,SWIFT,PENDING,2026-01-17
T00008035,C002941,453421.22,INR,CREDIT,CARD,SUCCESS,2026-01-21
T00008036,C002268,346165.31,USD,CREDIT,NEFT,FAILED,2026-09-03
T00008037,C000465,720480.26,INR,DEBIT,IMPS,SUCCESS,2026-06-05
T00008038,C000508,508244.67,INR,DEBIT,IMPS,REVERSED,2026-02-16
T00008039,C001686,336994.22,INR,CREDIT,SWIFT,SUCCESS,2026-03-04
T00008040,C000469,358626.6,INR,CREDIT,IMPS,REVERSED,2026-09-18
T00008041,C001283,113892.83,AED,CREDIT,SWIFT,PENDING,2026-07-13
T00008042,C001999,349531.47,AED,DEBIT,SWIFT,SUCCESS,2026-02-22
T00008043,C001268,80583.86,INR,CREDIT,SWIFT,SUCCESS,2026-03-07
T00008044,C000426,331009.71,USD,CREDIT,IMPS,SUCCESS,2026-08-28
T00008045,C002074,236378.49,INR,DEBIT,UPI,PENDING,2026-07-16
T00008046,C002275,685799.47,INR,DEBIT,NEFT,FAILED,2026-01-12
T00008047,C001058,220856.91,INR,DEBIT,CARD,FAILED,2026-02-17
T00008048,C001212,899275.18,INR,DEBIT,CARD,SUCCESS,2026-02-02
T00008049,C002197,63961.87,AED,DEBIT,NEFT,SUCCESS,2026-07-12
T00008050,C002955,758302.56,AED,CREDIT,UPI,PENDING,2026-08-11
T00008051,C001916,557880.47,USD,DEBIT,NEFT,REVERSED,2026-02-14
T00008052,C003478,243187.73,AED,DEBIT,CARD,SUCCESS,2026-04-08
T00008053,C003188,800082.03,INR,DEBIT,SWIFT,SUCCESS,2026-01-21
T00008054,C002299,872676.12,INR,DEBIT,UPI,REVERSED,2026-09-16
T00008055,C001782,532612.67,INR,CREDIT,UPI,PENDING,2026-01-22
T00008056,C000116,626844.4,INR,CREDIT,NEFT,FAILED,2026-08-15
T00008057,C001205,481182.39,AED,CREDIT,SWIFT,REVERSED,2026-08-27
T00008058,C000358,474233.82,INR,DEBIT,UPI,SUCCESS,2026-01-10
T00008059,C001195,515083.11,AED,DEBIT,SWIFT,FAILED,2026-02-23
T00008060,C000158,810900.54,AED,DEBIT,CARD,SUCCESS,2026-02-25
T00008061,C000314,164946.1,USD,CREDIT,IMPS,PENDING,2026-01-16
T00008062,C003174,401189.7,INR,DEBIT,IMPS,SUCCESS,2026-02-13
T00008063,C001618,307680.5,USD,CREDIT,IMPS,REVERSED,2026-07-08
T00008064,C003285,725538.59,INR,CREDIT,NEFT,FAILED,2026-06-05
T00008065,C002903,851762.88,USD,CREDIT,UPI,SUCCESS,2026-04-10
T00008066,C003042,557531.27,INR,DEBIT,NEFT,SUCCESS,2026-03-13
T00008067,C003390,537658.0,INR,DEBIT,NEFT,PENDING,2026-09-07
T00008068,C002414,589336.75,USD,DEBIT,SWIFT,SUCCESS,2026-02-01
T00008069,C003462,640092.69,USD,CREDIT,NEFT,SUCCESS,2026-01-16
T00008070,C000252,26835.11,AED,CREDIT,NEFT,FAILED,2026-02-15
T00008071,C002034,189799.95,AED,CREDIT,SWIFT,SUCCESS,2026-08-21
T00008072,C001258,351483.78,AED,DEBIT,CARD,REVERSED,2026-04-17
T00008073,C002157,308687.28,AED,DEBIT,NEFT,SUCCESS,2026-01-10
T00008074,C001651,873068.19,USD,DEBIT,NEFT,SUCCESS,2026-08-01
T00008075,C003270,87008.1,INR,DEBIT,SWIFT,FAILED,2026-03-07
T00008076,C001064,846810.07,INR,DEBIT,IMPS,PENDING,2026-09-28
T00008077,C001158,102248.07,AED,CREDIT,UPI,REVERSED,2026-07-03
T00008078,C000569,478166.55,INR,CREDIT,NEFT,FAILED,2026-05-05
T00008079,C001637,672091.28,USD,CREDIT,CARD,SUCCESS,2026-09-03
T00008080,C002975,19300.38,INR,DEBIT,SWIFT,FAILED,2026-05-06
T00008081,C001569,540014.3,AED,DEBIT,IMPS,SUCCESS,2026-08-06
T00008082,C000170,350334.95,AED,DEBIT,NEFT,REVERSED,2026-09-02
T00008083,C002116,631252.34,AED,DEBIT,NEFT,SUCCESS,2026-05-24
T00008084,C002791,415257.57,USD,CREDIT,IMPS,SUCCESS,2026-02-24
T00008085,C000108,780018.58,INR,DEBIT,SWIFT,REVERSED,2026-07-12
T00008086,C002592,65249.54,USD,CREDIT,NEFT,SUCCESS,2026-01-04
T00008087,C002665,621796.54,USD,CREDIT,CARD,REVERSED,2026-08-13
T00008088,C001688,200689.27,USD,CREDIT,NEFT,REVERSED,2026-02-09
T00008089,C001727,39996.25,AED,CREDIT,SWIFT,FAILED,2026-05-12
T00008090,C000436,737349.03,AED,DEBIT,SWIFT,SUCCESS,2026-03-05
T00008091,C001678,762938.11,AED,DEBIT,IMPS,REVERSED,2026-03-22
T00008092,C001833,67403.52,AED,CREDIT,CARD,PENDING,2026-09-03
T00008093,C000672,436747.57,AED,DEBIT,NEFT,PENDING,2026-02-18
T00008094,C002934,896970.37,USD,DEBIT,IMPS,SUCCESS,2026-02-01
T00008095,C001856,212269.61,INR,CREDIT,IMPS,FAILED,2026-01-22
T00008096,C001730,630945.01,USD,CREDIT,SWIFT,PENDING,2026-01-05
T00008097,C000102,162510.37,INR,CREDIT,IMPS,SUCCESS,2026-08-01
T00008098,C002072,163684.09,INR,DEBIT,CARD,FAILED,2026-03-09
T00008099,C002952,500581.35,INR,DEBIT,IMPS,SUCCESS,2026-01-20
T00008100,C000442,302743.18,USD,DEBIT,CARD,PENDING,2026-05-12
T00008101,C000427,553123.92,INR,CREDIT,NEFT,SUCCESS,2026-01-06
T00008102,C002949,305016.75,INR,DEBIT,CARD,SUCCESS,2026-04-08
T00008103,C000163,104456.33,AED,DEBIT,SWIFT,SUCCESS,2026-05-04
T00008104,C000553,439012.06,USD,CREDIT,CARD,SUCCESS,2026-03-12
T00008105,C001896,244957.49,INR,DEBIT,CARD,FAILED,2026-09-24
T00008106,C002645,306610.44,USD,CREDIT,UPI,SUCCESS,2026-09-16
T00008107,C000543,419961.61,INR,DEBIT,UPI,SUCCESS,2026-01-16
T00008108,C001583,280980.75,INR,DEBIT,CARD,SUCCESS,2026-02-06
T00008109,C000302,669082.74,USD,DEBIT,NEFT,SUCCESS,2026-08-12
T00008110,C000471,844551.41,INR,CREDIT,IMPS,SUCCESS,2026-09-07
T00008111,C003229,706218.96,AED,DEBIT,NEFT,SUCCESS,2026-04-20
T00008112,C003401,436164.6,USD,DEBIT,CARD,FAILED,2026-01-11
T00008113,C001271,190524.87,INR,DEBIT,UPI,SUCCESS,2026-08-27
T00008114,C002110,192566.61,USD,CREDIT,CARD,SUCCESS,2026-07-28
T00008115,C000912,101492.8,AED,DEBIT,CARD,SUCCESS,2026-01-21
T00008116,C003386,284954.33,USD,DEBIT,IMPS,REVERSED,2026-04-08
T00008117,C003169,765020.28,USD,DEBIT,UPI,SUCCESS,2026-04-28
T00008118,C000526,618615.85,INR,CREDIT,UPI,FAILED,2026-06-09
T00008119,C001557,860813.6,INR,CREDIT,UPI,SUCCESS,2026-09-10
T00008120,C003364,755021.21,INR,DEBIT,UPI,SUCCESS,2026-01-16
T00008121,C000086,75734.91,AED,DEBIT,NEFT,FAILED,2026-04-10
T00008122,C003024,364939.35,INR,CREDIT,IMPS,REVERSED,2026-01-11
T00008123,C003168,803257.06,INR,CREDIT,UPI,PENDING,2026-06-07
T00008124,C000275,678617.28,USD,CREDIT,SWIFT,PENDING,2026-01-11
T00008125,C002964,678444.67,INR,DEBIT,UPI,SUCCESS,2026-07-07
T00008126,C001877,234963.66,INR,DEBIT,UPI,SUCCESS,2026-05-14
T00008127,C000478,189090.18,INR,DEBIT,SWIFT,FAILED,2026-07-22
T00008128,C001285,896227.87,INR,DEBIT,UPI,FAILED,2026-08-22
T00008129,C002133,844568.71,INR,CREDIT,NEFT,PENDING,2026-03-15
T00008130,C000194,799664.39,AED,DEBIT,CARD,SUCCESS,2026-09-02
T00008131,C000524,102592.56,INR,DEBIT,CARD,SUCCESS,2026-03-03
T00008132,C002607,67247.98,INR,DEBIT,CARD,SUCCESS,2026-01-03
T00008133,C000087,224721.05,USD,DEBIT,IMPS,SUCCESS,2026-05-19
T00008134,C002745,166638.28,USD,CREDIT,SWIFT,REVERSED,2026-06-02
T00008135,C002453,174243.8,USD,CREDIT,CARD,REVERSED,2026-07-23
T00008136,C000026,716559.23,USD,CREDIT,CARD,PENDING,2026-02-22
T00008137,C003496,136349.22,USD,DEBIT,UPI,PENDING,2026-03-03
T00008138,C001033,599627.7,INR,CREDIT,CARD,SUCCESS,2026-02-26
T00008139,C000503,156772.56,INR,CREDIT,IMPS,SUCCESS,2026-02-02
T00008140,C002920,582547.45,INR,CREDIT,IMPS,SUCCESS,2026-04-07
T00008141,C002690,674517.91,USD,CREDIT,UPI,REVERSED,2026-05-10
T00008142,C002773,442971.46,INR,CREDIT,SWIFT,PENDING,2026-05-08
T00008143,C001393,682066.4,INR,DEBIT,SWIFT,SUCCESS,2026-05-01
T00008144,C001021,778102.28,USD,DEBIT,SWIFT,SUCCESS,2026-02-26
T00008145,C000018,34939.55,USD,CREDIT,SWIFT,SUCCESS,2026-09-08
T00008146,C001498,878735.03,USD,DEBIT,NEFT,PENDING,2026-01-26
T00008147,C000912,800528.42,AED,CREDIT,IMPS,REVERSED,2026-06-26
T00008148,C000477,174480.79,AED,CREDIT,SWIFT,PENDING,2026-04-22
T00008149,C000001,868021.87,AED,DEBIT,CARD,SUCCESS,2026-01-27
T00008150,C003052,553154.41,AED,DEBIT,UPI,REVERSED,2026-02-19
T00008151,C002217,718581.58,INR,DEBIT,NEFT,SUCCESS,2026-05-01
T00008152,C001796,142168.38,INR,CREDIT,NEFT,SUCCESS,2026-05-03
T00008153,C001412,683858.69,INR,DEBIT,UPI,SUCCESS,2026-07-14
T00008154,C000588,318822.38,USD,CREDIT,NEFT,SUCCESS,2026-04-24
T00008155,C000829,896665.54,USD,DEBIT,UPI,REVERSED,2026-09-10
T00008156,C000635,746967.63,INR,DEBIT,CARD,FAILED,2026-03-15
T00008157,C001588,112274.84,INR,DEBIT,IMPS,PENDING,2026-02-16
T00008158,C002833,796896.16,USD,CREDIT,SWIFT,PENDING,2026-06-10
T00008159,C000559,336581.31,USD,DEBIT,NEFT,PENDING,2026-05-24
T00008160,C001208,710925.35,INR,DEBIT,CARD,SUCCESS,2026-06-26
T00008161,C001704,238276.31,INR,CREDIT,NEFT,FAILED,2026-02-03
T00008162,C000271,702799.12,INR,CREDIT,CARD,REVERSED,2026-07-24
T00008163,C001653,295672.42,AED,DEBIT,UPI,FAILED,2026-05-20
T00008164,C001159,181795.81,USD,DEBIT,IMPS,SUCCESS,2026-08-20
T00008165,C001306,736283.46,AED,CREDIT,SWIFT,SUCCESS,2026-07-24
T00008166,C002662,318608.35,INR,CREDIT,UPI,SUCCESS,2026-09-01
T00008167,C001424,596408.26,INR,DEBIT,SWIFT,PENDING,2026-08-28
T00008168,C003337,550684.57,USD,DEBIT,NEFT,SUCCESS,2026-06-02
T00008169,C001810,612832.69,USD,CREDIT,IMPS,REVERSED,2026-06-20
T00008170,C000471,338349.44,AED,DEBIT,UPI,FAILED,2026-02-03
T00008171,C000186,699697.31,AED,CREDIT,SWIFT,SUCCESS,2026-04-19
T00008172,C001553,229768.23,AED,DEBIT,CARD,SUCCESS,2026-05-10
T00008173,C003008,222083.49,AED,CREDIT,NEFT,REVERSED,2026-06-08
T00008174,C003350,579642.88,AED,CREDIT,NEFT,FAILED,2026-08-19
T00008175,C000494,714883.75,AED,DEBIT,NEFT,FAILED,2026-07-09
T00008176,C001140,392240.67,USD,CREDIT,SWIFT,REVERSED,2026-01-12
T00008177,C000444,223177.49,INR,CREDIT,SWIFT,FAILED,2026-08-07
T00008178,C002385,18165.28,INR,CREDIT,IMPS,SUCCESS,2026-04-18
T00008179,C000929,853588.25,USD,DEBIT,IMPS,SUCCESS,2026-06-01
T00008180,C000836,87224.44,INR,DEBIT,NEFT,SUCCESS,2026-01-24
T00008181,C001340,745388.93,INR,CREDIT,CARD,PENDING,2026-07-03
T00008182,C003461,614645.02,INR,CREDIT,NEFT,SUCCESS,2026-03-02
T00008183,C001095,422568.51,INR,CREDIT,NEFT,REVERSED,2026-09-26
T00008184,C000264,155407.16,AED,CREDIT,IMPS,REVERSED,2026-08-15
T00008185,C003350,272811.03,INR,DEBIT,SWIFT,SUCCESS,2026-06-06
T00008186,C000022,313314.93,INR,CREDIT,NEFT,REVERSED,2026-03-07
T00008187,C001550,698080.9,USD,DEBIT,UPI,SUCCESS,2026-01-22
T00008188,C000640,701334.54,INR,DEBIT,NEFT,SUCCESS,2026-06-03
T00008189,C000596,2375.71,INR,DEBIT,SWIFT,SUCCESS,2026-02-17
T00008190,C001959,253661.72,AED,DEBIT,SWIFT,SUCCESS,2026-02-05
T00008191,C003149,220694.04,AED,CREDIT,UPI,FAILED,2026-02-23
T00008192,C000136,90674.81,AED,CREDIT,CARD,PENDING,2026-06-21
T00008193,C003405,833576.16,USD,DEBIT,SWIFT,REVERSED,2026-07-21
T00008194,C000409,644990.91,INR,CREDIT,IMPS,REVERSED,2026-07-09
T00008195,C000723,239470.17,AED,DEBIT,UPI,REVERSED,2026-07-21
T00008196,C003106,205337.05,INR,DEBIT,IMPS,SUCCESS,2026-01-27
T00008197,C000664,444372.17,INR,DEBIT,IMPS,REVERSED,2026-01-21
T00008198,C002859,240529.61,USD,DEBIT,IMPS,FAILED,2026-09-02
T00008199,C000206,740195.8,AED,CREDIT,SWIFT,REVERSED,2026-04-12
T00008200,C003327,82203.67,INR,DEBIT,CARD,SUCCESS,2026-09-28
T00008201,C000885,609200.9,USD,DEBIT,IMPS,SUCCESS,2026-08-15
T00008202,C001891,782883.42,USD,DEBIT,CARD,SUCCESS,2026-03-13
T00008203,C000490,135146.74,INR,DEBIT,SWIFT,SUCCESS,2026-07-12
T00008204,C000458,296888.72,INR,CREDIT,SWIFT,FAILED,2026-01-08
T00008205,C001639,284558.0,INR,CREDIT,UPI,FAILED,2026-08-18
T00008206,C002350,416001.74,AED,CREDIT,CARD,SUCCESS,2026-05-16
T00008207,C001417,688532.29,USD,DEBIT,SWIFT,SUCCESS,2026-09-06
T00008208,C002488,538094.33,AED,CREDIT,SWIFT,SUCCESS,2026-06-10
T00008209,C003367,97904.38,USD,CREDIT,NEFT,FAILED,2026-03-11
T00008210,C001417,120848.8,INR,CREDIT,IMPS,SUCCESS,2026-01-10
T00008211,C002236,881198.06,USD,CREDIT,UPI,FAILED,2026-09-26
T00008212,C000062,68022.79,AED,CREDIT,UPI,SUCCESS,2026-06-25
T00008213,C001937,185187.18,INR,CREDIT,CARD,PENDING,2026-01-11
T00008214,C001062,544573.94,INR,CREDIT,SWIFT,REVERSED,2026-07-01
T00008215,C002661,422329.63,USD,CREDIT,SWIFT,PENDING,2026-04-21
T00008216,C000266,635273.7,INR,CREDIT,CARD,REVERSED,2026-07-16
T00008217,C002948,330199.4,AED,DEBIT,IMPS,SUCCESS,2026-03-04
T00008218,C003277,386175.07,AED,DEBIT,SWIFT,REVERSED,2026-02-19
T00008219,C002571,489261.67,AED,CREDIT,SWIFT,PENDING,2026-06-25
T00008220,C001690,664940.72,INR,DEBIT,CARD,PENDING,2026-09-05
T00008221,C000683,348144.28,USD,CREDIT,IMPS,PENDING,2026-06-01
T00008222,C001773,434258.46,AED,CREDIT,UPI,SUCCESS,2026-07-03
T00008223,C002015,242553.97,INR,CREDIT,IMPS,SUCCESS,2026-05-17
T00008224,C001525,547213.45,AED,DEBIT,SWIFT,SUCCESS,2026-09-11
T00008225,C002053,536415.21,AED,CREDIT,IMPS,FAILED,2026-06-08
T00008226,C001505,440248.49,USD,DEBIT,CARD,REVERSED,2026-03-07
T00008227,C003285,675077.82,INR,DEBIT,SWIFT,FAILED,2026-09-25
T00008228,C003265,432345.28,AED,CREDIT,UPI,REVERSED,2026-05-14
T00008229,C002506,561933.33,INR,DEBIT,IMPS,SUCCESS,2026-04-08
T00008230,C003475,732646.12,USD,CREDIT,UPI,SUCCESS,2026-04-05
T00008231,C003034,1127.51,AED,DEBIT,IMPS,PENDING,2026-04-17
T00008232,C001044,829911.16,AED,DEBIT,SWIFT,REVERSED,2026-07-22
T00008233,C001561,464358.68,INR,CREDIT,IMPS,SUCCESS,2026-05-02
T00008234,C000769,157377.28,INR,DEBIT,CARD,REVERSED,2026-02-18
T00008235,C000291,862193.41,INR,CREDIT,NEFT,SUCCESS,2026-03-04
T00008236,C000396,821593.37,USD,DEBIT,NEFT,FAILED,2026-05-23
T00008237,C002516,101956.73,USD,DEBIT,SWIFT,SUCCESS,2026-01-20
T00008238,C001824,604865.75,USD,CREDIT,IMPS,SUCCESS,2026-07-05
T00008239,C001057,872742.34,AED,DEBIT,SWIFT,FAILED,2026-05-10
T00008240,C002655,607755.28,AED,CREDIT,UPI,FAILED,2026-07-06
T00008241,C002234,96813.39,INR,CREDIT,IMPS,FAILED,2026-04-28
T00008242,C002137,446964.28,AED,CREDIT,IMPS,SUCCESS,2026-08-27
T00008243,C003226,775493.04,INR,DEBIT,UPI,SUCCESS,2026-05-24
T00008244,C000810,768827.23,AED,DEBIT,UPI,PENDING,2026-04-18
T00008245,C000159,535630.69,USD,CREDIT,IMPS,SUCCESS,2026-04-13
T00008246,C001372,488095.0,USD,DEBIT,NEFT,SUCCESS,2026-06-13
T00008247,C002084,94646.05,AED,DEBIT,SWIFT,SUCCESS,2026-02-04
T00008248,C001356,560541.24,USD,CREDIT,SWIFT,SUCCESS,2026-08-10
T00008249,C001063,856106.62,INR,CREDIT,UPI,PENDING,2026-08-12
T00008250,C001455,73509.48,USD,DEBIT,IMPS,SUCCESS,2026-08-16
T00008251,C001393,890993.53,INR,DEBIT,NEFT,SUCCESS,2026-05-17
T00008252,C000572,532377.08,INR,CREDIT,CARD,SUCCESS,2026-06-06
T00008253,C002195,105138.85,USD,CREDIT,SWIFT,FAILED,2026-07-12
T00008254,C001303,118608.28,INR,CREDIT,CARD,SUCCESS,2026-02-19
T00008255,C002516,304198.38,USD,DEBIT,IMPS,FAILED,2026-07-06
T00008256,C001198,130785.05,USD,CREDIT,NEFT,SUCCESS,2026-07-21
T00008257,C002418,264364.08,USD,CREDIT,CARD,SUCCESS,2026-03-04
T00008258,C001543,58241.67,USD,CREDIT,NEFT,REVERSED,2026-02-16
T00008259,C003074,25265.4,AED,DEBIT,IMPS,SUCCESS,2026-03-22
T00008260,C001409,602616.8,USD,CREDIT,CARD,REVERSED,2026-08-10
T00008261,C001212,688948.47,INR,CREDIT,CARD,SUCCESS,2026-08-02
T00008262,C002827,95475.94,USD,CREDIT,NEFT,PENDING,2026-07-22
T00008263,C000548,825022.31,INR,CREDIT,IMPS,SUCCESS,2026-08-24
T00008264,C002912,833153.65,INR,DEBIT,IMPS,FAILED,2026-08-22
T00008265,C002796,665525.23,INR,DEBIT,IMPS,SUCCESS,2026-01-20
T00008266,C002499,98495.91,USD,DEBIT,NEFT,SUCCESS,2026-03-23
T00008267,C002768,232413.72,INR,DEBIT,IMPS,PENDING,2026-01-10
T00008268,C001945,896648.23,USD,CREDIT,UPI,SUCCESS,2026-04-18
T00008269,C002613,588226.48,AED,DEBIT,IMPS,PENDING,2026-01-21
T00008270,C001572,697760.15,INR,DEBIT,IMPS,SUCCESS,2026-07-08
T00008271,C003235,869754.5,INR,DEBIT,NEFT,FAILED,2026-05-07
T00008272,C001461,575164.28,INR,DEBIT,SWIFT,SUCCESS,2026-01-14
T00008273,C001933,380031.76,AED,DEBIT,IMPS,SUCCESS,2026-03-22
T00008274,C001932,651866.56,INR,DEBIT,IMPS,FAILED,2026-03-26
T00008275,C001203,398493.51,INR,CREDIT,SWIFT,SUCCESS,2026-01-27
T00008276,C003302,769113.59,USD,CREDIT,CARD,FAILED,2026-01-19
T00008277,C002222,131735.23,USD,CREDIT,IMPS,REVERSED,2026-01-08
T00008278,C000134,505831.91,INR,DEBIT,CARD,FAILED,2026-07-18
T00008279,C003431,731321.13,INR,DEBIT,UPI,FAILED,2026-09-16
T00008280,C002780,3562.89,USD,DEBIT,UPI,SUCCESS,2026-02-23
T00008281,C000197,855789.84,INR,CREDIT,SWIFT,SUCCESS,2026-04-27
T00008282,C000905,832757.98,INR,DEBIT,NEFT,SUCCESS,2026-05-14
T00008283,C002064,274136.46,AED,CREDIT,SWIFT,SUCCESS,2026-05-21
T00008284,C001732,594495.57,AED,CREDIT,CARD,SUCCESS,2026-05-14
T00008285,C001703,101588.31,INR,DEBIT,IMPS,SUCCESS,2026-05-19
T00008286,C003286,850838.79,INR,DEBIT,IMPS,REVERSED,2026-02-21
T00008287,C000605,115710.45,INR,DEBIT,IMPS,PENDING,2026-03-14
T00008288,C000844,720732.06,INR,DEBIT,IMPS,SUCCESS,2026-05-07
T00008289,C001535,692090.16,INR,CREDIT,IMPS,PENDING,2026-04-23
T00008290,C002595,820531.16,INR,DEBIT,IMPS,SUCCESS,2026-02-17
T00008291,C001576,850650.17,AED,DEBIT,NEFT,SUCCESS,2026-07-19
T00008292,C002465,700869.66,USD,DEBIT,IMPS,SUCCESS,2026-04-02
T00008293,C002051,572443.54,INR,DEBIT,SWIFT,SUCCESS,2026-01-24
T00008294,C001092,170366.45,USD,DEBIT,CARD,REVERSED,2026-07-26
T00008295,C001135,211929.92,INR,DEBIT,SWIFT,REVERSED,2026-06-27
T00008296,C000379,892538.99,INR,DEBIT,NEFT,FAILED,2026-01-11
T00008297,C002358,871460.79,INR,DEBIT,CARD,SUCCESS,2026-08-06
T00008298,C000042,572118.51,INR,CREDIT,UPI,SUCCESS,2026-05-22
T00008299,C001997,745316.32,USD,CREDIT,UPI,SUCCESS,2026-05-25
T00008300,C002196,292743.35,USD,CREDIT,NEFT,FAILED,2026-09-27
T00008301,C002340,180258.53,AED,CREDIT,IMPS,SUCCESS,2026-08-26
T00008302,C003008,763984.28,INR,CREDIT,CARD,PENDING,2026-07-08
T00008303,C000264,682104.32,INR,CREDIT,UPI,SUCCESS,2026-04-10
T00008304,C001034,682640.3,INR,CREDIT,CARD,PENDING,2026-08-21
T00008305,C001678,658388.18,INR,DEBIT,UPI,FAILED,2026-03-04
T00008306,C000953,466146.73,AED,DEBIT,SWIFT,REVERSED,2026-04-08
T00008307,C000096,648199.29,USD,CREDIT,NEFT,REVERSED,2026-05-03
T00008308,C000274,431142.77,INR,DEBIT,CARD,PENDING,2026-07-21
T00008309,C002670,775662.22,INR,CREDIT,SWIFT,REVERSED,2026-03-13
T00008310,C002202,544215.89,INR,DEBIT,NEFT,FAILED,2026-06-09
T00008311,C002457,737101.59,INR,CREDIT,UPI,FAILED,2026-02-26
T00008312,C000263,569046.65,INR,CREDIT,SWIFT,FAILED,2026-06-12
T00008313,C000047,166990.44,INR,CREDIT,UPI,SUCCESS,2026-02-18
T00008314,C001133,3598.86,USD,CREDIT,NEFT,SUCCESS,2026-03-26
T00008315,C000992,402018.91,INR,CREDIT,UPI,SUCCESS,2026-02-11
T00008316,C002758,239334.44,INR,DEBIT,NEFT,SUCCESS,2026-04-26
T00008317,C001117,794004.27,INR,CREDIT,IMPS,SUCCESS,2026-06-15
T00008318,C003347,374893.9,INR,CREDIT,UPI,PENDING,2026-06-24
T00008319,C003405,794988.61,AED,DEBIT,CARD,SUCCESS,2026-07-04
T00008320,C003372,270470.29,AED,CREDIT,NEFT,SUCCESS,2026-03-05
T00008321,C001913,334796.81,USD,DEBIT,IMPS,REVERSED,2026-02-10
T00008322,C000898,234692.34,INR,DEBIT,SWIFT,SUCCESS,2026-08-27
T00008323,C000308,32192.51,INR,CREDIT,SWIFT,FAILED,2026-09-27
T00008324,C000241,235911.59,INR,DEBIT,SWIFT,PENDING,2026-05-22
T00008325,C002733,448608.5,INR,DEBIT,SWIFT,PENDING,2026-08-23
T00008326,C000471,409281.29,INR,DEBIT,IMPS,REVERSED,2026-03-04
T00008327,C002342,104732.04,AED,CREDIT,CARD,REVERSED,2026-04-14
T00008328,C002355,535112.77,AED,CREDIT,CARD,SUCCESS,2026-08-25
T00008329,C001257,460502.65,USD,CREDIT,IMPS,REVERSED,2026-09-03
T00008330,C000179,89575.28,INR,CREDIT,NEFT,REVERSED,2026-08-02
T00008331,C000531,508756.01,INR,CREDIT,NEFT,FAILED,2026-05-12
T00008332,C003399,527963.21,INR,CREDIT,SWIFT,PENDING,2026-05-27
T00008333,C003013,96173.51,INR,DEBIT,IMPS,SUCCESS,2026-03-24
T00008334,C000956,422546.51,INR,DEBIT,NEFT,REVERSED,2026-07-10
T00008335,C002540,721913.97,USD,CREDIT,SWIFT,PENDING,2026-02-22
T00008336,C002002,563500.0,AED,CREDIT,NEFT,SUCCESS,2026-07-02
T00008337,C001608,685118.82,INR,CREDIT,CARD,PENDING,2026-07-23
T00008338,C003032,744476.34,INR,CREDIT,IMPS,SUCCESS,2026-06-16
T00008339,C000270,833278.6,INR,DEBIT,NEFT,REVERSED,2026-03-22
T00008340,C003082,720933.24,INR,CREDIT,IMPS,PENDING,2026-01-21
T00008341,C002664,525141.19,INR,CREDIT,UPI,REVERSED,2026-04-01
T00008342,C002604,899484.81,INR,CREDIT,IMPS,SUCCESS,2026-08-24
T00008343,C001289,309571.16,INR,CREDIT,SWIFT,REVERSED,2026-09-26
T00008344,C002452,641811.39,USD,DEBIT,UPI,SUCCESS,2026-04-05
T00008345,C002200,562588.2,INR,DEBIT,IMPS,SUCCESS,2026-01-24
T00008346,C002408,253511.96,INR,DEBIT,SWIFT,PENDING,2026-07-25
T00008347,C001626,297877.67,USD,DEBIT,IMPS,SUCCESS,2026-06-27
T00008348,C000261,565560.5,AED,DEBIT,CARD,SUCCESS,2026-08-27
T00008349,C002296,716605.87,INR,CREDIT,UPI,SUCCESS,2026-06-17
T00008350,C001954,791893.34,INR,DEBIT,UPI,FAILED,2026-03-10
T00008351,C001209,151494.74,INR,CREDIT,CARD,FAILED,2026-03-01
T00008352,C000733,415592.05,USD,DEBIT,CARD,SUCCESS,2026-03-17
T00008353,C002114,185521.77,AED,DEBIT,CARD,PENDING,2026-01-07
T00008354,C002454,536180.02,INR,CREDIT,CARD,SUCCESS,2026-07-17
T00008355,C003186,88788.92,INR,DEBIT,UPI,SUCCESS,2026-05-11
T00008356,C001970,688624.68,INR,CREDIT,NEFT,SUCCESS,2026-09-21
T00008357,C002084,208197.64,AED,CREDIT,CARD,SUCCESS,2026-05-21
T00008358,C002285,770498.48,INR,DEBIT,SWIFT,SUCCESS,2026-06-11
T00008359,C001386,548684.49,INR,CREDIT,NEFT,SUCCESS,2026-07-08
T00008360,C002850,120494.89,USD,DEBIT,CARD,SUCCESS,2026-09-03
T00008361,C002168,235040.54,AED,DEBIT,CARD,REVERSED,2026-09-19
T00008362,C000163,811990.53,INR,DEBIT,UPI,FAILED,2026-07-21
T00008363,C000756,283634.82,USD,CREDIT,NEFT,SUCCESS,2026-08-25
T00008364,C002306,47921.34,AED,CREDIT,CARD,SUCCESS,2026-01-04
T00008365,C000020,62495.52,USD,CREDIT,UPI,PENDING,2026-07-02
T00008366,C003088,268295.56,INR,CREDIT,CARD,SUCCESS,2026-04-08
T00008367,C000682,380243.12,USD,CREDIT,IMPS,REVERSED,2026-09-01
T00008368,C002817,224496.17,INR,DEBIT,SWIFT,SUCCESS,2026-06-27
T00008369,C001202,19571.03,INR,DEBIT,NEFT,SUCCESS,2026-02-03
T00008370,C002992,865604.22,INR,CREDIT,SWIFT,PENDING,2026-01-10
T00008371,C000576,851532.11,INR,CREDIT,CARD,FAILED,2026-01-08
T00008372,C000527,730257.28,USD,CREDIT,IMPS,SUCCESS,2026-07-13
T00008373,C000480,797587.13,AED,CREDIT,IMPS,SUCCESS,2026-07-13
T00008374,C002749,662048.99,INR,DEBIT,UPI,PENDING,2026-01-18
T00008375,C003382,624054.22,AED,CREDIT,CARD,REVERSED,2026-08-19
T00008376,C001802,803350.9,USD,DEBIT,SWIFT,FAILED,2026-06-11
T00008377,C000633,557195.47,USD,DEBIT,UPI,FAILED,2026-09-12
T00008378,C002224,186496.61,AED,DEBIT,IMPS,PENDING,2026-09-02
T00008379,C000811,675622.49,USD,CREDIT,UPI,SUCCESS,2026-01-23
T00008380,C000205,420779.17,USD,DEBIT,SWIFT,SUCCESS,2026-06-04
T00008381,C001473,64781.97,AED,DEBIT,CARD,PENDING,2026-03-15
T00008382,C002006,610706.75,INR,DEBIT,UPI,SUCCESS,2026-07-08
T00008383,C002016,150484.14,USD,CREDIT,CARD,PENDING,2026-05-19
T00008384,C000250,212588.15,AED,DEBIT,NEFT,PENDING,2026-03-23
T00008385,C000443,746173.82,INR,CREDIT,NEFT,SUCCESS,2026-03-25
T00008386,C000028,90805.18,AED,DEBIT,NEFT,FAILED,2026-05-28
T00008387,C001827,131234.02,USD,DEBIT,UPI,SUCCESS,2026-06-18
T00008388,C001561,33874.3,INR,CREDIT,CARD,SUCCESS,2026-06-09
T00008389,C003224,589078.71,INR,DEBIT,SWIFT,SUCCESS,2026-02-18
T00008390,C000005,546900.71,INR,CREDIT,NEFT,FAILED,2026-08-02
T00008391,C000819,778992.53,AED,DEBIT,NEFT,SUCCESS,2026-09-26
T00008392,C001816,789834.81,USD,DEBIT,UPI,SUCCESS,2026-06-11
T00008393,C001556,680357.36,INR,DEBIT,UPI,SUCCESS,2026-08-04
T00008394,C000654,802379.58,INR,DEBIT,CARD,SUCCESS,2026-04-01
T00008395,C003240,34146.95,INR,CREDIT,IMPS,PENDING,2026-06-19
T00008396,C001120,54157.02,INR,CREDIT,CARD,SUCCESS,2026-08-08
T00008397,C001151,401535.26,USD,CREDIT,SWIFT,SUCCESS,2026-04-01
T00008398,C002302,727973.9,INR,DEBIT,CARD,SUCCESS,2026-07-21
T00008399,C002018,607054.9,INR,CREDIT,IMPS,SUCCESS,2026-07-10
T00008400,C000608,298043.54,USD,CREDIT,NEFT,FAILED,2026-01-05
T00008401,C003228,639745.24,INR,DEBIT,NEFT,SUCCESS,2026-09-08
T00008402,C001317,402219.1,INR,CREDIT,UPI,SUCCESS,2026-06-08
T00008403,C002618,476036.81,AED,DEBIT,NEFT,PENDING,2026-08-09
T00008404,C001455,370721.0,USD,CREDIT,SWIFT,SUCCESS,2026-05-28
T00008405,C003295,443273.48,INR,DEBIT,CARD,SUCCESS,2026-08-20
T00008406,C002021,48988.74,INR,DEBIT,CARD,PENDING,2026-05-20
T00008407,C000323,724735.88,AED,DEBIT,IMPS,SUCCESS,2026-08-19
T00008408,C001539,284088.46,INR,CREDIT,UPI,SUCCESS,2026-01-12
T00008409,C002235,734263.43,INR,CREDIT,IMPS,SUCCESS,2026-09-22
T00008410,C001356,431185.88,USD,DEBIT,SWIFT,SUCCESS,2026-09-19
T00008411,C000587,466337.66,AED,CREDIT,NEFT,SUCCESS,2026-04-04
T00008412,C003466,435920.72,USD,DEBIT,NEFT,SUCCESS,2026-06-23
T00008413,C000792,754649.67,INR,DEBIT,IMPS,FAILED,2026-03-17
T00008414,C003282,140866.19,AED,DEBIT,SWIFT,FAILED,2026-05-15
T00008415,C003285,547174.37,USD,CREDIT,IMPS,REVERSED,2026-08-06
T00008416,C002014,689583.77,USD,CREDIT,NEFT,SUCCESS,2026-04-13
T00008417,C000463,892366.7,INR,CREDIT,IMPS,REVERSED,2026-07-17
T00008418,C001898,240891.9,AED,DEBIT,NEFT,SUCCESS,2026-04-01
T00008419,C002228,610875.68,USD,DEBIT,IMPS,REVERSED,2026-01-01
T00008420,C000276,547246.76,INR,CREDIT,CARD,SUCCESS,2026-01-08
T00008421,C000834,419802.0,AED,DEBIT,NEFT,REVERSED,2026-08-10
T00008422,C002934,15963.5,AED,DEBIT,IMPS,SUCCESS,2026-07-02
T00008423,C001798,896824.11,AED,DEBIT,IMPS,SUCCESS,2026-03-14
T00008424,C001958,146811.1,INR,CREDIT,CARD,PENDING,2026-09-24
T00008425,C000942,637547.25,INR,DEBIT,CARD,FAILED,2026-07-10
T00008426,C001349,330021.38,AED,CREDIT,IMPS,SUCCESS,2026-08-06
T00008427,C001201,385293.25,INR,DEBIT,UPI,SUCCESS,2026-02-12
T00008428,C002392,90576.15,USD,DEBIT,UPI,SUCCESS,2026-08-03
T00008429,C001245,35405.66,AED,DEBIT,CARD,SUCCESS,2026-05-07
T00008430,C000124,31087.34,INR,CREDIT,CARD,PENDING,2026-02-15
T00008431,C000761,85461.28,USD,CREDIT,NEFT,FAILED,2026-09-20
T00008432,C000510,135527.28,INR,DEBIT,IMPS,SUCCESS,2026-08-27
T00008433,C003498,796717.8,INR,DEBIT,CARD,FAILED,2026-05-03
T00008434,C001586,722155.41,INR,CREDIT,NEFT,REVERSED,2026-03-27
T00008435,C002727,735294.91,INR,CREDIT,IMPS,SUCCESS,2026-07-21
T00008436,C002947,589189.39,AED,DEBIT,CARD,SUCCESS,2026-09-06
T00008437,C002026,40884.67,USD,DEBIT,NEFT,SUCCESS,2026-05-13
T00008438,C001134,345621.34,AED,DEBIT,UPI,SUCCESS,2026-06-26
T00008439,C002271,621051.51,INR,DEBIT,UPI,PENDING,2026-03-16
T00008440,C003236,661217.32,INR,CREDIT,NEFT,SUCCESS,2026-01-24
T00008441,C000131,190969.77,USD,CREDIT,UPI,SUCCESS,2026-08-06
T00008442,C001107,769928.05,AED,CREDIT,IMPS,SUCCESS,2026-02-11
T00008443,C001357,59028.62,USD,CREDIT,SWIFT,SUCCESS,2026-04-13
T00008444,C001147,656901.86,INR,DEBIT,UPI,SUCCESS,2026-08-02
T00008445,C001171,885457.37,USD,CREDIT,NEFT,SUCCESS,2026-02-02
T00008446,C001146,129852.35,USD,CREDIT,UPI,FAILED,2026-09-27
T00008447,C001080,70130.02,INR,CREDIT,CARD,SUCCESS,2026-03-04
T00008448,C002792,108052.28,INR,DEBIT,NEFT,SUCCESS,2026-09-20
T00008449,C002057,493639.46,INR,CREDIT,CARD,REVERSED,2026-04-11
T00008450,C000788,453285.88,USD,DEBIT,SWIFT,SUCCESS,2026-05-08
T00008451,C002830,500472.34,INR,DEBIT,NEFT,FAILED,2026-04-09
T00008452,C001771,777719.92,AED,DEBIT,CARD,SUCCESS,2026-02-04
T00008453,C001174,30344.24,INR,DEBIT,SWIFT,REVERSED,2026-02-15
T00008454,C003309,673222.5,INR,DEBIT,SWIFT,PENDING,2026-09-11
T00008455,C001039,205473.79,USD,DEBIT,NEFT,SUCCESS,2026-09-02
T00008456,C001827,189163.51,USD,CREDIT,NEFT,PENDING,2026-02-02
T00008457,C001908,14198.92,USD,DEBIT,NEFT,REVERSED,2026-01-23
T00008458,C000913,728257.62,INR,DEBIT,SWIFT,REVERSED,2026-03-05
T00008459,C001600,78087.17,USD,DEBIT,NEFT,SUCCESS,2026-07-14
T00008460,C002285,509330.82,AED,CREDIT,IMPS,REVERSED,2026-04-04
T00008461,C002816,235069.58,INR,DEBIT,SWIFT,SUCCESS,2026-09-26
T00008462,C001298,488445.06,AED,DEBIT,UPI,SUCCESS,2026-09-13
T00008463,C000371,504066.87,USD,CREDIT,NEFT,REVERSED,2026-05-05
T00008464,C001710,152486.8,USD,DEBIT,NEFT,PENDING,2026-01-14
T00008465,C000228,739225.48,USD,CREDIT,UPI,REVERSED,2026-01-07
T00008466,C002672,642349.74,INR,DEBIT,NEFT,REVERSED,2026-02-16
T00008467,C001107,716339.4,AED,DEBIT,SWIFT,SUCCESS,2026-05-26
T00008468,C001828,247383.34,AED,CREDIT,IMPS,FAILED,2026-05-16
T00008469,C000270,875841.63,USD,CREDIT,CARD,SUCCESS,2026-09-24
T00008470,C000534,715268.71,INR,CREDIT,SWIFT,PENDING,2026-02-15
T00008471,C003088,273179.06,INR,DEBIT,UPI,SUCCESS,2026-07-23
T00008472,C000816,587498.27,INR,DEBIT,UPI,FAILED,2026-03-08
T00008473,C000159,29033.88,INR,DEBIT,CARD,SUCCESS,2026-01-10
T00008474,C001407,704055.96,INR,CREDIT,UPI,REVERSED,2026-08-01
T00008475,C001256,747195.14,USD,CREDIT,UPI,SUCCESS,2026-02-23
T00008476,C002752,7362.3,AED,DEBIT,CARD,SUCCESS,2026-01-02
T00008477,C001032,419921.66,AED,CREDIT,NEFT,FAILED,2026-05-02
T00008478,C000190,523245.48,INR,DEBIT,IMPS,PENDING,2026-01-20
T00008479,C002987,806694.36,INR,CREDIT,UPI,PENDING,2026-09-08
T00008480,C002790,397105.76,INR,DEBIT,NEFT,SUCCESS,2026-07-14
T00008481,C002412,247185.46,INR,DEBIT,UPI,SUCCESS,2026-08-08
T00008482,C001521,678421.22,INR,DEBIT,NEFT,SUCCESS,2026-09-15
T00008483,C001583,894794.3,AED,CREDIT,IMPS,SUCCESS,2026-04-06
T00008484,C000020,111579.07,USD,CREDIT,UPI,FAILED,2026-07-08
T00008485,C000161,634689.92,INR,CREDIT,IMPS,SUCCESS,2026-05-28
T00008486,C002490,399276.58,INR,DEBIT,UPI,SUCCESS,2026-08-16
T00008487,C002898,873049.4,USD,DEBIT,IMPS,SUCCESS,2026-04-05
T00008488,C000339,236742.35,INR,DEBIT,SWIFT,SUCCESS,2026-05-11
T00008489,C000722,295223.46,INR,CREDIT,NEFT,REVERSED,2026-01-19
T00008490,C002607,449808.15,AED,DEBIT,NEFT,FAILED,2026-09-03
T00008491,C002752,686305.52,USD,DEBIT,NEFT,SUCCESS,2026-03-28
T00008492,C000208,574206.99,USD,DEBIT,NEFT,FAILED,2026-01-08
T00008493,C002500,280040.66,USD,CREDIT,CARD,PENDING,2026-05-27
T00008494,C000539,742591.12,USD,DEBIT,NEFT,SUCCESS,2026-04-11
T00008495,C001660,765017.91,USD,DEBIT,IMPS,SUCCESS,2026-08-07
T00008496,C000837,424864.49,AED,CREDIT,UPI,PENDING,2026-08-10
T00008497,C000417,632329.44,INR,CREDIT,NEFT,PENDING,2026-06-18
T00008498,C003363,61814.26,INR,CREDIT,CARD,PENDING,2026-02-16
T00008499,C001372,183271.68,USD,CREDIT,CARD,PENDING,2026-08-11
T00008500,C000084,528238.48,INR,CREDIT,NEFT,SUCCESS,2026-02-10
T00008501,C001795,93522.62,INR,CREDIT,CARD,PENDING,2026-05-05
T00008502,C001680,383741.24,AED,CREDIT,SWIFT,REVERSED,2026-05-08
T00008503,C000906,345709.36,AED,CREDIT,UPI,PENDING,2026-06-20
T00008504,C000032,45543.06,AED,DEBIT,SWIFT,PENDING,2026-05-11
T00008505,C003147,109792.97,AED,CREDIT,SWIFT,FAILED,2026-04-27
T00008506,C002514,554338.52,INR,CREDIT,UPI,SUCCESS,2026-08-14
T00008507,C000588,139604.74,AED,CREDIT,IMPS,SUCCESS,2026-05-16
T00008508,C002603,829738.95,INR,CREDIT,CARD,SUCCESS,2026-01-13
T00008509,C000492,616450.34,AED,CREDIT,CARD,SUCCESS,2026-02-27
T00008510,C001185,891714.23,USD,DEBIT,CARD,SUCCESS,2026-01-12
T00008511,C001954,457357.52,USD,CREDIT,IMPS,FAILED,2026-09-07
T00008512,C002838,351440.18,USD,CREDIT,UPI,SUCCESS,2026-01-01
T00008513,C000714,52020.21,AED,DEBIT,CARD,SUCCESS,2026-05-22
T00008514,C000672,630086.42,AED,DEBIT,NEFT,FAILED,2026-04-02
T00008515,C001799,287695.29,USD,DEBIT,UPI,PENDING,2026-09-23
T00008516,C000273,564094.4,INR,CREDIT,UPI,SUCCESS,2026-05-06
T00008517,C003049,505704.95,AED,DEBIT,SWIFT,SUCCESS,2026-08-18
T00008518,C002982,513199.02,INR,CREDIT,UPI,SUCCESS,2026-02-12
T00008519,C000557,721040.11,USD,DEBIT,UPI,SUCCESS,2026-09-20
T00008520,C002087,577325.7,USD,DEBIT,UPI,FAILED,2026-04-14
T00008521,C000857,331875.08,AED,CREDIT,CARD,FAILED,2026-07-19
T00008522,C001591,782040.83,INR,DEBIT,SWIFT,SUCCESS,2026-05-26
T00008523,C000758,715886.02,INR,DEBIT,IMPS,PENDING,2026-03-21
T00008524,C003419,783999.55,USD,DEBIT,UPI,SUCCESS,2026-01-03
T00008525,C002594,207575.32,AED,DEBIT,NEFT,PENDING,2026-06-19
T00008526,C003224,202022.86,USD,CREDIT,NEFT,FAILED,2026-06-02
T00008527,C002213,240447.0,INR,DEBIT,UPI,REVERSED,2026-05-10
T00008528,C001997,544197.97,AED,CREDIT,UPI,REVERSED,2026-09-08
T00008529,C003018,13806.67,USD,CREDIT,UPI,REVERSED,2026-08-21
T00008530,C002135,363893.28,USD,CREDIT,UPI,SUCCESS,2026-08-11
T00008531,C001483,297140.15,INR,CREDIT,CARD,FAILED,2026-05-25
T00008532,C000082,761925.17,INR,CREDIT,UPI,SUCCESS,2026-06-22
T00008533,C002036,730498.07,INR,DEBIT,UPI,SUCCESS,2026-06-21
T00008534,C003067,68069.93,INR,CREDIT,IMPS,SUCCESS,2026-09-10
T00008535,C000328,439965.38,USD,DEBIT,NEFT,SUCCESS,2026-05-17
T00008536,C001819,361344.93,INR,CREDIT,SWIFT,SUCCESS,2026-02-20
T00008537,C001113,179478.36,INR,CREDIT,UPI,PENDING,2026-04-08
T00008538,C000203,341259.77,INR,CREDIT,UPI,SUCCESS,2026-03-25
T00008539,C000182,599568.81,INR,DEBIT,SWIFT,PENDING,2026-08-21
T00008540,C001507,599651.45,INR,CREDIT,SWIFT,PENDING,2026-09-09
T00008541,C002489,649624.36,INR,DEBIT,IMPS,PENDING,2026-03-21
T00008542,C001803,711211.22,INR,DEBIT,UPI,FAILED,2026-09-19
T00008543,C001471,22077.51,INR,CREDIT,UPI,FAILED,2026-08-25
T00008544,C000083,368039.47,INR,CREDIT,SWIFT,SUCCESS,2026-05-12
T00008545,C003324,8621.26,INR,DEBIT,IMPS,FAILED,2026-01-20
T00008546,C000662,114977.67,AED,CREDIT,SWIFT,FAILED,2026-08-02
T00008547,C000828,318110.33,USD,CREDIT,IMPS,FAILED,2026-04-07
T00008548,C002701,553020.78,AED,DEBIT,NEFT,SUCCESS,2026-06-28
T00008549,C003430,388987.63,AED,DEBIT,CARD,SUCCESS,2026-09-15
T00008550,C002682,494640.66,INR,CREDIT,CARD,PENDING,2026-08-16
T00008551,C001308,53767.92,INR,CREDIT,SWIFT,SUCCESS,2026-07-10
T00008552,C003371,368357.03,AED,DEBIT,CARD,SUCCESS,2026-09-28
T00008553,C003389,794453.22,INR,CREDIT,IMPS,FAILED,2026-03-28
T00008554,C000603,806610.21,USD,DEBIT,IMPS,SUCCESS,2026-09-15
T00008555,C002867,117073.96,USD,CREDIT,CARD,PENDING,2026-02-13
T00008556,C003020,604639.45,INR,CREDIT,SWIFT,SUCCESS,2026-09-22
T00008557,C001148,92956.81,AED,CREDIT,SWIFT,SUCCESS,2026-02-19
T00008558,C000287,325108.1,AED,CREDIT,CARD,SUCCESS,2026-05-06
T00008559,C002164,90966.08,INR,DEBIT,IMPS,SUCCESS,2026-06-20
T00008560,C002703,774975.74,INR,CREDIT,UPI,FAILED,2026-04-02
T00008561,C000144,57884.79,INR,DEBIT,UPI,PENDING,2026-01-09
T00008562,C001119,828315.44,INR,CREDIT,UPI,SUCCESS,2026-08-24
T00008563,C001253,547852.62,INR,DEBIT,SWIFT,REVERSED,2026-09-14
T00008564,C002049,280374.27,AED,DEBIT,CARD,FAILED,2026-04-28
T00008565,C003489,437738.5,INR,DEBIT,CARD,REVERSED,2026-08-13
T00008566,C003342,277218.8,INR,DEBIT,NEFT,REVERSED,2026-06-12
T00008567,C002376,817265.35,INR,DEBIT,CARD,SUCCESS,2026-05-19
T00008568,C000923,522808.63,INR,CREDIT,NEFT,SUCCESS,2026-08-28
T00008569,C001404,23374.62,INR,DEBIT,CARD,PENDING,2026-09-13
T00008570,C001416,57485.05,INR,DEBIT,IMPS,SUCCESS,2026-08-05
T00008571,C001556,671411.99,AED,DEBIT,IMPS,PENDING,2026-04-16
T00008572,C001811,883814.05,INR,DEBIT,UPI,FAILED,2026-03-18
T00008573,C002082,233890.64,AED,CREDIT,SWIFT,REVERSED,2026-02-10
T00008574,C000777,442393.25,INR,DEBIT,UPI,SUCCESS,2026-04-10
T00008575,C002231,785837.54,USD,DEBIT,SWIFT,REVERSED,2026-08-07
T00008576,C003236,177053.76,INR,DEBIT,IMPS,REVERSED,2026-01-04
T00008577,C000682,494383.78,USD,CREDIT,CARD,FAILED,2026-05-18
T00008578,C001966,835457.44,AED,DEBIT,UPI,SUCCESS,2026-02-17
T00008579,C001367,305032.68,AED,CREDIT,IMPS,FAILED,2026-02-22
T00008580,C002993,797028.36,USD,DEBIT,CARD,SUCCESS,2026-05-03
T00008581,C001692,220288.6,INR,DEBIT,SWIFT,REVERSED,2026-09-14
T00008582,C003067,498136.56,INR,CREDIT,IMPS,REVERSED,2026-01-02
T00008583,C001850,860422.25,AED,CREDIT,IMPS,SUCCESS,2026-03-15
T00008584,C002129,582069.86,INR,CREDIT,CARD,FAILED,2026-03-10
T00008585,C000567,63290.98,AED,DEBIT,IMPS,SUCCESS,2026-02-01
T00008586,C003208,681873.78,AED,CREDIT,CARD,PENDING,2026-09-12
T00008587,C002696,324837.51,AED,CREDIT,IMPS,FAILED,2026-07-19
T00008588,C000261,34352.54,AED,CREDIT,NEFT,PENDING,2026-09-12
T00008589,C000851,711660.35,INR,DEBIT,IMPS,SUCCESS,2026-03-28
T00008590,C003424,301800.19,INR,CREDIT,SWIFT,PENDING,2026-07-17
T00008591,C003251,30588.39,USD,DEBIT,NEFT,SUCCESS,2026-09-05
T00008592,C001576,81343.72,INR,CREDIT,NEFT,PENDING,2026-07-11
T00008593,C000061,526323.9,AED,DEBIT,SWIFT,PENDING,2026-05-25
T00008594,C001999,15568.36,AED,CREDIT,CARD,FAILED,2026-01-10
T00008595,C001077,550820.99,INR,DEBIT,NEFT,SUCCESS,2026-07-26
T00008596,C000371,525379.83,INR,DEBIT,NEFT,FAILED,2026-07-01
T00008597,C002019,722242.11,INR,DEBIT,IMPS,PENDING,2026-09-13
T00008598,C001127,285040.78,INR,DEBIT,SWIFT,PENDING,2026-01-10
T00008599,C003368,151871.96,AED,DEBIT,NEFT,REVERSED,2026-09-06
T00008600,C003248,743948.41,INR,CREDIT,UPI,SUCCESS,2026-03-24
T00008601,C000164,95249.54,USD,CREDIT,SWIFT,REVERSED,2026-08-25
T00008602,C000665,638069.94,USD,CREDIT,SWIFT,SUCCESS,2026-02-11
T00008603,C002956,752713.18,AED,DEBIT,UPI,SUCCESS,2026-09-02
T00008604,C003153,618211.15,INR,CREDIT,CARD,SUCCESS,2026-01-27
T00008605,C001135,123662.8,USD,CREDIT,UPI,PENDING,2026-04-18
T00008606,C003122,521830.16,INR,DEBIT,NEFT,FAILED,2026-09-22
T00008607,C002278,522493.41,INR,CREDIT,UPI,FAILED,2026-06-25
T00008608,C003120,86803.68,AED,CREDIT,UPI,REVERSED,2026-03-22
T00008609,C002577,83929.5,INR,DEBIT,SWIFT,FAILED,2026-06-07
T00008610,C001058,448881.21,INR,DEBIT,SWIFT,SUCCESS,2026-06-17
T00008611,C003272,475348.23,INR,CREDIT,SWIFT,PENDING,2026-07-12
T00008612,C002492,835980.05,USD,DEBIT,UPI,FAILED,2026-02-12
T00008613,C000645,388932.66,USD,DEBIT,IMPS,SUCCESS,2026-07-24
T00008614,C000490,887058.32,AED,CREDIT,SWIFT,FAILED,2026-07-22
T00008615,C002803,836604.51,INR,CREDIT,CARD,SUCCESS,2026-03-07
T00008616,C001475,386743.77,AED,CREDIT,NEFT,FAILED,2026-05-20
T00008617,C000576,883729.31,USD,DEBIT,NEFT,REVERSED,2026-01-03
T00008618,C002198,557423.82,AED,CREDIT,UPI,REVERSED,2026-06-22
T00008619,C002143,212663.74,USD,DEBIT,NEFT,REVERSED,2026-07-06
T00008620,C002778,666864.89,AED,CREDIT,IMPS,REVERSED,2026-09-23
T00008621,C000919,703256.6,USD,CREDIT,UPI,SUCCESS,2026-04-17
T00008622,C002311,646529.19,INR,DEBIT,UPI,REVERSED,2026-06-17
T00008623,C000009,829168.16,INR,DEBIT,UPI,FAILED,2026-07-10
T00008624,C001771,135157.72,AED,CREDIT,SWIFT,REVERSED,2026-08-15
T00008625,C000923,598573.45,INR,DEBIT,CARD,SUCCESS,2026-09-20
T00008626,C001735,236339.33,USD,DEBIT,UPI,SUCCESS,2026-08-25
T00008627,C003276,166897.81,AED,CREDIT,UPI,SUCCESS,2026-08-06
T00008628,C002616,126059.69,USD,CREDIT,IMPS,SUCCESS,2026-04-15
T00008629,C000715,603344.8,AED,CREDIT,IMPS,SUCCESS,2026-02-24
T00008630,C002339,76959.34,USD,CREDIT,IMPS,PENDING,2026-06-21
T00008631,C001341,58736.46,USD,DEBIT,UPI,PENDING,2026-01-27
T00008632,C003417,625044.09,AED,CREDIT,NEFT,REVERSED,2026-02-18
T00008633,C003081,673785.96,INR,CREDIT,UPI,SUCCESS,2026-05-04
T00008634,C003466,267446.56,INR,DEBIT,CARD,REVERSED,2026-09-28
T00008635,C000386,608055.18,INR,DEBIT,SWIFT,SUCCESS,2026-09-10
T00008636,C001470,831038.35,INR,CREDIT,SWIFT,SUCCESS,2026-04-08
T00008637,C001511,200478.38,INR,CREDIT,IMPS,SUCCESS,2026-05-24
T00008638,C002616,434631.42,INR,CREDIT,CARD,PENDING,2026-01-03
T00008639,C000103,842756.76,USD,CREDIT,NEFT,SUCCESS,2026-01-05
T00008640,C000496,98679.84,AED,DEBIT,NEFT,SUCCESS,2026-08-23
T00008641,C000060,550964.22,USD,CREDIT,NEFT,SUCCESS,2026-05-28
T00008642,C002646,463547.45,USD,DEBIT,IMPS,SUCCESS,2026-07-24
T00008643,C000837,762277.56,INR,DEBIT,CARD,PENDING,2026-09-11
T00008644,C000183,169267.71,INR,CREDIT,UPI,SUCCESS,2026-05-05
T00008645,C002976,243532.42,INR,DEBIT,SWIFT,SUCCESS,2026-04-13
T00008646,C002488,640472.75,INR,CREDIT,CARD,SUCCESS,2026-06-21
T00008647,C002419,316572.09,USD,DEBIT,IMPS,SUCCESS,2026-09-26
T00008648,C002423,764394.84,INR,DEBIT,CARD,PENDING,2026-06-07
T00008649,C001199,897757.11,USD,CREDIT,UPI,SUCCESS,2026-02-15
T00008650,C003297,4062.94,INR,CREDIT,CARD,PENDING,2026-05-12
T00008651,C001217,374932.73,INR,DEBIT,IMPS,REVERSED,2026-07-25
T00008652,C002635,870080.93,AED,DEBIT,SWIFT,SUCCESS,2026-05-03
T00008653,C001090,169678.47,INR,DEBIT,SWIFT,REVERSED,2026-04-17
T00008654,C001283,96719.94,INR,DEBIT,UPI,REVERSED,2026-08-24
T00008655,C001651,15217.74,INR,DEBIT,IMPS,PENDING,2026-09-19
T00008656,C002101,16097.53,INR,DEBIT,IMPS,SUCCESS,2026-09-06
T00008657,C000453,81792.85,INR,DEBIT,NEFT,PENDING,2026-06-28
T00008658,C001226,476104.92,USD,DEBIT,SWIFT,REVERSED,2026-02-01
T00008659,C000681,588014.66,AED,DEBIT,IMPS,SUCCESS,2026-04-18
T00008660,C001109,178058.05,INR,DEBIT,SWIFT,SUCCESS,2026-05-28
T00008661,C002357,468023.71,INR,CREDIT,SWIFT,SUCCESS,2026-08-10
T00008662,C000863,665640.33,USD,CREDIT,CARD,PENDING,2026-08-04
T00008663,C000235,128950.1,INR,CREDIT,NEFT,FAILED,2026-02-09
T00008664,C000045,306859.91,INR,CREDIT,IMPS,SUCCESS,2026-01-05
T00008665,C000905,891188.9,INR,CREDIT,NEFT,SUCCESS,2026-04-26
T00008666,C000326,444357.32,INR,CREDIT,NEFT,SUCCESS,2026-02-14
T00008667,C002369,461308.3,AED,DEBIT,NEFT,FAILED,2026-05-21
T00008668,C001136,179375.39,AED,CREDIT,UPI,REVERSED,2026-08-07
T00008669,C000392,670386.17,INR,DEBIT,IMPS,PENDING,2026-02-04
T00008670,C003037,156584.73,USD,CREDIT,CARD,SUCCESS,2026-05-27
T00008671,C001180,302297.09,USD,CREDIT,IMPS,REVERSED,2026-03-02
T00008672,C000627,821318.48,INR,CREDIT,SWIFT,SUCCESS,2026-02-13
T00008673,C000674,659423.34,INR,DEBIT,UPI,REVERSED,2026-05-25
T00008674,C001548,6931.65,AED,CREDIT,SWIFT,SUCCESS,2026-04-04
T00008675,C001152,252927.72,INR,CREDIT,IMPS,SUCCESS,2026-03-27
T00008676,C001121,154132.82,USD,CREDIT,NEFT,REVERSED,2026-07-02
T00008677,C001091,167970.08,INR,DEBIT,CARD,SUCCESS,2026-08-17
T00008678,C001379,120042.09,INR,CREDIT,SWIFT,PENDING,2026-01-28
T00008679,C003368,362702.46,INR,DEBIT,UPI,REVERSED,2026-09-02
T00008680,C002655,683753.17,AED,CREDIT,IMPS,PENDING,2026-01-22
T00008681,C002597,103774.89,INR,DEBIT,IMPS,PENDING,2026-02-08
T00008682,C000990,817358.26,INR,DEBIT,NEFT,FAILED,2026-08-10
T00008683,C003452,678284.94,INR,CREDIT,UPI,SUCCESS,2026-05-02
T00008684,C003391,822841.71,USD,CREDIT,UPI,FAILED,2026-01-05
T00008685,C001763,855385.64,INR,CREDIT,IMPS,PENDING,2026-05-22
T00008686,C002932,521576.78,INR,CREDIT,CARD,FAILED,2026-07-20
T00008687,C001387,149261.11,INR,CREDIT,IMPS,SUCCESS,2026-05-06
T00008688,C003081,312664.93,INR,CREDIT,UPI,PENDING,2026-03-08
T00008689,C001870,217137.51,AED,DEBIT,UPI,FAILED,2026-03-04
T00008690,C003369,492765.99,INR,DEBIT,CARD,SUCCESS,2026-09-07
T00008691,C001006,809765.43,INR,CREDIT,NEFT,FAILED,2026-06-17
T00008692,C002901,677164.46,USD,CREDIT,CARD,REVERSED,2026-08-19
T00008693,C002694,103335.67,INR,CREDIT,UPI,REVERSED,2026-06-13
T00008694,C002188,124268.24,INR,CREDIT,NEFT,SUCCESS,2026-03-27
T00008695,C001506,694094.82,INR,CREDIT,IMPS,PENDING,2026-02-04
T00008696,C001733,757393.3,USD,DEBIT,IMPS,PENDING,2026-02-14
T00008697,C000543,846055.39,USD,CREDIT,NEFT,FAILED,2026-02-27
T00008698,C002464,440766.3,USD,CREDIT,SWIFT,REVERSED,2026-07-20
T00008699,C000128,643472.87,INR,DEBIT,SWIFT,SUCCESS,2026-08-07
T00008700,C000647,370234.22,INR,CREDIT,SWIFT,FAILED,2026-01-09
T00008701,C001554,315293.42,USD,DEBIT,NEFT,SUCCESS,2026-09-23
T00008702,C003438,614134.27,INR,DEBIT,UPI,SUCCESS,2026-03-20
T00008703,C000029,161935.84,INR,CREDIT,SWIFT,SUCCESS,2026-05-11
T00008704,C002148,765143.25,USD,DEBIT,NEFT,SUCCESS,2026-08-20
T00008705,C001554,88598.92,USD,CREDIT,SWIFT,SUCCESS,2026-04-02
T00008706,C002390,473176.83,AED,DEBIT,SWIFT,SUCCESS,2026-01-23
T00008707,C002965,578844.29,INR,CREDIT,IMPS,REVERSED,2026-05-25
T00008708,C002678,744792.72,INR,CREDIT,IMPS,PENDING,2026-08-22
T00008709,C001393,12649.51,INR,DEBIT,CARD,SUCCESS,2026-04-23
T00008710,C002499,880014.39,AED,DEBIT,CARD,REVERSED,2026-04-11
T00008711,C000079,51329.05,INR,CREDIT,NEFT,PENDING,2026-07-05
T00008712,C001825,96565.91,INR,CREDIT,IMPS,REVERSED,2026-05-11
T00008713,C001881,702573.75,INR,DEBIT,CARD,SUCCESS,2026-04-16
T00008714,C002676,502232.82,USD,CREDIT,NEFT,SUCCESS,2026-01-24
T00008715,C003474,133484.27,USD,CREDIT,NEFT,SUCCESS,2026-03-16
T00008716,C002411,478736.64,INR,DEBIT,CARD,SUCCESS,2026-09-18
T00008717,C002323,830347.15,INR,DEBIT,SWIFT,FAILED,2026-06-12
T00008718,C001244,398462.86,INR,DEBIT,NEFT,REVERSED,2026-01-08
T00008719,C003005,614265.06,USD,CREDIT,CARD,FAILED,2026-03-13
T00008720,C002327,757917.48,INR,CREDIT,UPI,FAILED,2026-04-27
T00008721,C001870,151759.3,AED,CREDIT,SWIFT,SUCCESS,2026-01-19
T00008722,C002235,876853.92,USD,DEBIT,UPI,SUCCESS,2026-03-22
T00008723,C000317,282845.56,INR,CREDIT,CARD,SUCCESS,2026-02-19
T00008724,C002247,723156.09,AED,CREDIT,IMPS,SUCCESS,2026-07-22
T00008725,C001166,534243.96,USD,CREDIT,SWIFT,SUCCESS,2026-08-26
T00008726,C002461,742775.27,INR,CREDIT,UPI,SUCCESS,2026-07-07
T00008727,C001116,606144.0,USD,DEBIT,UPI,SUCCESS,2026-02-18
T00008728,C000599,725531.4,USD,CREDIT,UPI,FAILED,2026-09-27
T00008729,C003038,115174.52,USD,CREDIT,CARD,SUCCESS,2026-06-19
T00008730,C001125,409217.65,INR,DEBIT,SWIFT,FAILED,2026-09-03
T00008731,C002031,515021.16,AED,DEBIT,SWIFT,FAILED,2026-09-04
T00008732,C001477,844700.97,USD,DEBIT,UPI,PENDING,2026-06-15
T00008733,C002826,485578.75,USD,DEBIT,SWIFT,SUCCESS,2026-01-02
T00008734,C002492,391162.68,AED,CREDIT,NEFT,SUCCESS,2026-03-11
T00008735,C002798,739808.82,AED,DEBIT,UPI,PENDING,2026-03-14
T00008736,C001876,102539.26,INR,CREDIT,NEFT,PENDING,2026-03-22
T00008737,C000153,550379.07,USD,DEBIT,CARD,REVERSED,2026-09-07
T00008738,C002232,826078.68,USD,DEBIT,NEFT,PENDING,2026-07-05
T00008739,C002412,294872.3,USD,DEBIT,IMPS,SUCCESS,2026-01-08
T00008740,C003320,285491.17,INR,CREDIT,SWIFT,PENDING,2026-06-17
T00008741,C001311,202591.17,AED,CREDIT,IMPS,FAILED,2026-02-19
T00008742,C000832,352176.12,AED,CREDIT,NEFT,PENDING,2026-01-26
T00008743,C001965,525686.37,AED,DEBIT,IMPS,SUCCESS,2026-02-03
T00008744,C001752,265000.84,INR,DEBIT,IMPS,SUCCESS,2026-04-06
T00008745,C001880,816669.0,INR,CREDIT,UPI,SUCCESS,2026-06-13
T00008746,C001085,532642.66,INR,DEBIT,NEFT,FAILED,2026-07-13
T00008747,C000684,318535.81,USD,CREDIT,NEFT,SUCCESS,2026-05-14
T00008748,C002452,784867.13,USD,DEBIT,IMPS,SUCCESS,2026-02-04
T00008749,C001078,825961.85,USD,DEBIT,CARD,FAILED,2026-09-11
T00008750,C001832,288748.76,INR,DEBIT,UPI,SUCCESS,2026-08-23
T00008751,C003355,379094.25,INR,DEBIT,CARD,SUCCESS,2026-02-11
T00008752,C002864,605464.06,AED,CREDIT,CARD,REVERSED,2026-06-22
T00008753,C000065,420411.72,INR,DEBIT,UPI,SUCCESS,2026-09-18
T00008754,C002664,590420.93,USD,CREDIT,NEFT,FAILED,2026-08-24
T00008755,C001361,882816.56,USD,CREDIT,UPI,SUCCESS,2026-08-07
T00008756,C003330,569079.47,AED,DEBIT,SWIFT,SUCCESS,2026-02-08
T00008757,C003034,738457.19,INR,CREDIT,NEFT,SUCCESS,2026-04-10
T00008758,C000697,94062.39,INR,DEBIT,SWIFT,SUCCESS,2026-04-12
T00008759,C002246,686426.7,USD,CREDIT,IMPS,PENDING,2026-03-26
T00008760,C001604,824040.29,USD,CREDIT,UPI,REVERSED,2026-07-24
T00008761,C001869,419304.88,AED,CREDIT,NEFT,FAILED,2026-07-11
T00008762,C001856,498159.29,INR,DEBIT,NEFT,SUCCESS,2026-02-01
T00008763,C003299,420374.54,INR,DEBIT,SWIFT,FAILED,2026-03-18
T00008764,C001683,642640.49,USD,CREDIT,NEFT,SUCCESS,2026-09-02
T00008765,C003433,792861.11,AED,DEBIT,CARD,SUCCESS,2026-05-03
T00008766,C001704,814800.24,AED,CREDIT,CARD,SUCCESS,2026-09-27
T00008767,C000199,344089.88,INR,CREDIT,IMPS,PENDING,2026-02-11
T00008768,C002874,619831.67,USD,CREDIT,IMPS,PENDING,2026-06-04
T00008769,C002169,346456.61,INR,CREDIT,CARD,SUCCESS,2026-05-23
T00008770,C002296,369088.58,USD,CREDIT,NEFT,FAILED,2026-07-25
T00008771,C001300,173285.59,USD,DEBIT,NEFT,SUCCESS,2026-05-07
T00008772,C001540,493191.54,AED,CREDIT,IMPS,PENDING,2026-08-04
T00008773,C001515,150018.03,AED,DEBIT,NEFT,SUCCESS,2026-09-17
T00008774,C003331,442039.98,INR,CREDIT,UPI,SUCCESS,2026-03-11
T00008775,C000802,345693.78,INR,DEBIT,IMPS,FAILED,2026-05-19
T00008776,C003326,57437.42,USD,CREDIT,IMPS,PENDING,2026-08-20
T00008777,C002965,683959.14,AED,DEBIT,UPI,FAILED,2026-07-02
T00008778,C003083,95182.23,INR,DEBIT,IMPS,PENDING,2026-02-25
T00008779,C001014,135756.48,INR,CREDIT,NEFT,SUCCESS,2026-01-02
T00008780,C001891,260122.06,INR,CREDIT,CARD,SUCCESS,2026-08-15
T00008781,C001972,443436.47,USD,CREDIT,SWIFT,SUCCESS,2026-06-12
T00008782,C001434,258513.84,INR,DEBIT,UPI,PENDING,2026-05-18
T00008783,C003150,530483.94,USD,CREDIT,SWIFT,SUCCESS,2026-03-22
T00008784,C000166,860372.41,AED,DEBIT,NEFT,SUCCESS,2026-03-19
T00008785,C002164,113301.45,INR,DEBIT,IMPS,FAILED,2026-04-01
T00008786,C003383,295590.98,AED,CREDIT,IMPS,SUCCESS,2026-01-26
T00008787,C000842,367742.31,AED,CREDIT,UPI,SUCCESS,2026-08-04
T00008788,C002771,576091.56,INR,DEBIT,SWIFT,SUCCESS,2026-01-07
T00008789,C002532,550861.34,USD,DEBIT,UPI,REVERSED,2026-05-08
T00008790,C002108,862400.41,AED,DEBIT,NEFT,SUCCESS,2026-07-04
T00008791,C002027,807408.64,INR,DEBIT,NEFT,PENDING,2026-02-23
T00008792,C000460,315375.71,AED,CREDIT,SWIFT,PENDING,2026-05-01
T00008793,C000758,250989.71,INR,DEBIT,UPI,SUCCESS,2026-07-16
T00008794,C001642,867276.55,USD,CREDIT,IMPS,PENDING,2026-02-08
T00008795,C001202,96638.36,USD,DEBIT,CARD,SUCCESS,2026-05-02
T00008796,C001336,248734.37,AED,CREDIT,NEFT,SUCCESS,2026-08-16
T00008797,C002069,645091.24,INR,DEBIT,CARD,REVERSED,2026-07-17
T00008798,C001083,546204.57,INR,DEBIT,NEFT,SUCCESS,2026-03-04
T00008799,C001438,27616.23,AED,CREDIT,NEFT,PENDING,2026-02-27
T00008800,C000107,400555.81,INR,DEBIT,NEFT,FAILED,2026-01-09
T00008801,C000553,315525.85,USD,DEBIT,NEFT,SUCCESS,2026-09-25
T00008802,C001460,453295.2,INR,DEBIT,SWIFT,SUCCESS,2026-02-15
T00008803,C000984,866609.25,INR,CREDIT,UPI,FAILED,2026-05-27
T00008804,C000741,460363.36,INR,CREDIT,SWIFT,PENDING,2026-05-16
T00008805,C002832,704072.43,INR,CREDIT,CARD,REVERSED,2026-05-03
T00008806,C002676,662158.68,USD,CREDIT,SWIFT,REVERSED,2026-04-08
T00008807,C002663,138053.57,INR,CREDIT,IMPS,REVERSED,2026-04-12
T00008808,C000725,199962.92,USD,CREDIT,IMPS,SUCCESS,2026-08-23
T00008809,C002391,553936.91,INR,CREDIT,NEFT,SUCCESS,2026-09-21
T00008810,C002537,518385.99,INR,CREDIT,UPI,SUCCESS,2026-04-22
T00008811,C000781,509988.29,INR,CREDIT,NEFT,SUCCESS,2026-03-12
T00008812,C001045,691654.11,INR,CREDIT,IMPS,PENDING,2026-01-15
T00008813,C002365,22819.57,INR,CREDIT,SWIFT,REVERSED,2026-08-18
T00008814,C001401,493271.36,INR,CREDIT,UPI,SUCCESS,2026-01-20
T00008815,C000306,216073.19,USD,DEBIT,CARD,SUCCESS,2026-04-01
T00008816,C002445,621730.3,INR,CREDIT,CARD,PENDING,2026-08-17
T00008817,C001953,534296.39,USD,CREDIT,NEFT,PENDING,2026-07-06
T00008818,C002767,583475.45,INR,DEBIT,NEFT,FAILED,2026-09-27
T00008819,C000874,286924.57,INR,CREDIT,SWIFT,SUCCESS,2026-03-05
T00008820,C003242,741409.62,AED,CREDIT,UPI,SUCCESS,2026-08-23
T00008821,C001235,415195.42,AED,DEBIT,CARD,SUCCESS,2026-06-22
T00008822,C002146,414678.64,USD,CREDIT,SWIFT,SUCCESS,2026-09-20
T00008823,C002500,528588.83,USD,DEBIT,IMPS,SUCCESS,2026-05-27
T00008824,C003339,218294.35,INR,CREDIT,CARD,SUCCESS,2026-01-10
T00008825,C002150,350448.47,INR,CREDIT,NEFT,REVERSED,2026-03-02
T00008826,C001669,351624.65,USD,DEBIT,NEFT,FAILED,2026-03-01
T00008827,C002618,811193.26,INR,DEBIT,NEFT,SUCCESS,2026-05-19
T00008828,C001979,865416.31,USD,DEBIT,UPI,PENDING,2026-01-05
T00008829,C003156,94132.16,USD,CREDIT,UPI,PENDING,2026-07-18
T00008830,C001143,630162.32,AED,CREDIT,NEFT,SUCCESS,2026-09-21
T00008831,C003455,708077.19,INR,CREDIT,UPI,FAILED,2026-03-27
T00008832,C003461,713172.78,INR,CREDIT,UPI,REVERSED,2026-08-09
T00008833,C001155,580043.29,AED,DEBIT,NEFT,SUCCESS,2026-07-05
T00008834,C000818,436459.24,AED,DEBIT,CARD,FAILED,2026-06-20
T00008835,C003461,199261.95,USD,DEBIT,CARD,REVERSED,2026-06-20
T00008836,C002595,516520.68,USD,CREDIT,NEFT,PENDING,2026-01-24
T00008837,C001723,466968.82,AED,CREDIT,NEFT,FAILED,2026-02-08
T00008838,C002222,665973.8,AED,DEBIT,UPI,REVERSED,2026-03-03
T00008839,C003374,7516.84,USD,CREDIT,CARD,SUCCESS,2026-09-04
T00008840,C003084,733195.7,INR,DEBIT,SWIFT,REVERSED,2026-06-27
T00008841,C002187,451038.44,USD,CREDIT,UPI,SUCCESS,2026-06-05
T00008842,C002537,113106.98,INR,CREDIT,CARD,FAILED,2026-04-07
T00008843,C003349,343506.04,INR,CREDIT,SWIFT,FAILED,2026-01-06
T00008844,C001977,682654.19,INR,CREDIT,CARD,PENDING,2026-05-14
T00008845,C000807,86650.77,INR,CREDIT,SWIFT,FAILED,2026-01-19
T00008846,C003146,744450.83,INR,DEBIT,NEFT,SUCCESS,2026-01-27
T00008847,C002576,732360.6,AED,CREDIT,UPI,SUCCESS,2026-03-13
T00008848,C001963,879959.23,AED,DEBIT,UPI,REVERSED,2026-09-23
T00008849,C000769,780207.84,USD,CREDIT,CARD,PENDING,2026-08-08
T00008850,C003219,392182.94,INR,CREDIT,CARD,SUCCESS,2026-07-21
T00008851,C003029,398019.61,INR,DEBIT,CARD,SUCCESS,2026-05-25
T00008852,C001521,384387.87,INR,CREDIT,IMPS,REVERSED,2026-06-09
T00008853,C003428,565736.61,INR,DEBIT,SWIFT,SUCCESS,2026-05-09
T00008854,C000440,412395.79,USD,DEBIT,UPI,PENDING,2026-08-27
T00008855,C001876,648682.46,INR,CREDIT,SWIFT,SUCCESS,2026-04-10
T00008856,C003131,808623.19,INR,CREDIT,CARD,REVERSED,2026-02-15
T00008857,C001245,357292.46,USD,CREDIT,NEFT,SUCCESS,2026-03-17
T00008858,C003120,407750.4,INR,CREDIT,CARD,SUCCESS,2026-05-21
T00008859,C002785,695634.69,INR,CREDIT,NEFT,FAILED,2026-04-05
T00008860,C001361,284833.08,USD,CREDIT,SWIFT,PENDING,2026-03-27
T00008861,C002217,266214.31,INR,DEBIT,NEFT,REVERSED,2026-03-26
T00008862,C000708,569473.83,INR,CREDIT,IMPS,FAILED,2026-03-11
T00008863,C003017,406536.42,USD,CREDIT,UPI,SUCCESS,2026-07-20
T00008864,C000985,70946.48,USD,DEBIT,NEFT,SUCCESS,2026-04-21
T00008865,C000750,784463.25,INR,CREDIT,CARD,SUCCESS,2026-03-16
T00008866,C001674,245295.49,USD,CREDIT,UPI,PENDING,2026-06-13
T00008867,C002773,179486.97,INR,CREDIT,SWIFT,SUCCESS,2026-09-21
T00008868,C000646,187853.93,USD,DEBIT,CARD,PENDING,2026-07-09
T00008869,C000929,792557.86,AED,CREDIT,SWIFT,REVERSED,2026-03-17
T00008870,C001757,721263.49,USD,CREDIT,CARD,SUCCESS,2026-05-23
T00008871,C002825,268135.57,INR,DEBIT,CARD,SUCCESS,2026-08-02
T00008872,C003340,700365.66,AED,CREDIT,UPI,REVERSED,2026-05-26
T00008873,C000699,106277.93,INR,DEBIT,IMPS,REVERSED,2026-02-06
T00008874,C003457,257567.56,INR,CREDIT,SWIFT,SUCCESS,2026-04-21
T00008875,C000368,878641.89,INR,DEBIT,CARD,PENDING,2026-04-03
T00008876,C001904,142603.69,INR,CREDIT,IMPS,SUCCESS,2026-02-08
T00008877,C001021,551303.4,INR,DEBIT,IMPS,REVERSED,2026-07-16
T00008878,C000035,30470.76,AED,DEBIT,NEFT,SUCCESS,2026-06-12
T00008879,C003083,796513.54,USD,DEBIT,NEFT,SUCCESS,2026-07-27
T00008880,C003088,69185.41,INR,DEBIT,NEFT,FAILED,2026-06-04
T00008881,C001228,707890.31,AED,DEBIT,CARD,FAILED,2026-01-08
T00008882,C002671,784521.48,USD,CREDIT,IMPS,PENDING,2026-08-11
T00008883,C000500,531520.87,AED,DEBIT,SWIFT,FAILED,2026-03-23
T00008884,C002405,62054.31,AED,DEBIT,IMPS,SUCCESS,2026-09-03
T00008885,C002311,893442.49,USD,DEBIT,SWIFT,REVERSED,2026-07-28
T00008886,C001136,830818.62,INR,CREDIT,NEFT,SUCCESS,2026-01-02
T00008887,C000725,689805.42,INR,DEBIT,SWIFT,SUCCESS,2026-07-06
T00008888,C001649,321375.45,INR,DEBIT,IMPS,SUCCESS,2026-09-07
T00008889,C000145,135284.42,USD,DEBIT,NEFT,REVERSED,2026-05-10
T00008890,C000710,19973.49,USD,CREDIT,CARD,SUCCESS,2026-03-22
T00008891,C002886,288108.68,INR,CREDIT,CARD,SUCCESS,2026-01-06
T00008892,C000956,685278.15,USD,CREDIT,IMPS,REVERSED,2026-06-16
T00008893,C000438,134169.8,AED,DEBIT,IMPS,PENDING,2026-06-15
T00008894,C000243,161621.7,AED,CREDIT,CARD,PENDING,2026-06-16
T00008895,C000214,447619.9,INR,CREDIT,UPI,SUCCESS,2026-07-04
T00008896,C001079,18871.15,INR,DEBIT,SWIFT,SUCCESS,2026-03-03
T00008897,C001255,395535.92,INR,CREDIT,UPI,SUCCESS,2026-05-24
T00008898,C001746,387246.9,USD,CREDIT,NEFT,SUCCESS,2026-02-06
T00008899,C000725,499667.82,INR,CREDIT,CARD,SUCCESS,2026-06-15
T00008900,C003222,333932.68,INR,CREDIT,IMPS,REVERSED,2026-03-22
T00008901,C002533,705200.41,INR,CREDIT,UPI,REVERSED,2026-09-11
T00008902,C003111,879535.03,AED,DEBIT,UPI,REVERSED,2026-04-15
T00008903,C001782,30852.3,AED,CREDIT,UPI,SUCCESS,2026-07-09
T00008904,C002567,888179.52,INR,CREDIT,IMPS,SUCCESS,2026-08-06
T00008905,C000383,362143.56,AED,DEBIT,SWIFT,SUCCESS,2026-09-05
T00008906,C003099,260398.51,INR,CREDIT,NEFT,FAILED,2026-08-27
T00008907,C002404,738810.35,INR,DEBIT,SWIFT,SUCCESS,2026-06-02
T00008908,C003067,823235.52,AED,DEBIT,SWIFT,SUCCESS,2026-08-10
T00008909,C001800,29735.75,AED,DEBIT,UPI,SUCCESS,2026-06-01
T00008910,C000246,86305.76,USD,CREDIT,CARD,REVERSED,2026-08-05
T00008911,C000433,762884.21,AED,DEBIT,SWIFT,SUCCESS,2026-05-09
T00008912,C002527,34166.85,INR,DEBIT,NEFT,PENDING,2026-03-21
T00008913,C000468,730912.44,INR,CREDIT,NEFT,PENDING,2026-03-08
T00008914,C002003,718731.98,INR,CREDIT,IMPS,PENDING,2026-03-13
T00008915,C002363,835072.33,USD,DEBIT,CARD,FAILED,2026-04-11
T00008916,C001904,362456.17,USD,DEBIT,IMPS,SUCCESS,2026-01-13
T00008917,C001236,819970.62,INR,DEBIT,UPI,FAILED,2026-08-01
T00008918,C001755,463617.78,INR,CREDIT,IMPS,SUCCESS,2026-09-05
T00008919,C000985,192472.09,INR,CREDIT,IMPS,SUCCESS,2026-01-20
T00008920,C001314,368325.61,USD,DEBIT,NEFT,PENDING,2026-01-06
T00008921,C001434,79476.3,AED,CREDIT,IMPS,FAILED,2026-09-20
T00008922,C002557,4191.75,AED,CREDIT,SWIFT,SUCCESS,2026-01-02
T00008923,C001318,321306.88,AED,CREDIT,UPI,PENDING,2026-08-14
T00008924,C000985,717389.86,AED,CREDIT,UPI,SUCCESS,2026-05-16
T00008925,C001410,244669.9,AED,DEBIT,NEFT,SUCCESS,2026-03-03
T00008926,C000316,324500.89,AED,CREDIT,NEFT,SUCCESS,2026-02-16
T00008927,C002104,854164.4,USD,CREDIT,UPI,FAILED,2026-02-18
T00008928,C000422,616322.38,USD,DEBIT,UPI,FAILED,2026-07-09
T00008929,C002773,181750.76,AED,CREDIT,NEFT,SUCCESS,2026-01-13
T00008930,C001665,343909.75,USD,DEBIT,SWIFT,SUCCESS,2026-01-18
T00008931,C002790,62503.38,USD,DEBIT,UPI,FAILED,2026-07-24
T00008932,C002927,331840.26,AED,DEBIT,NEFT,REVERSED,2026-04-24
T00008933,C001152,721064.37,INR,DEBIT,IMPS,REVERSED,2026-04-03
T00008934,C000551,811086.66,INR,CREDIT,UPI,SUCCESS,2026-01-23
T00008935,C003379,621170.81,AED,CREDIT,IMPS,SUCCESS,2026-07-04
T00008936,C002813,265692.92,INR,DEBIT,IMPS,REVERSED,2026-03-18
T00008937,C002922,714734.14,USD,CREDIT,IMPS,SUCCESS,2026-04-26
T00008938,C002623,743507.63,INR,CREDIT,IMPS,REVERSED,2026-07-09
T00008939,C002377,51940.33,AED,DEBIT,IMPS,FAILED,2026-09-28
T00008940,C000226,723086.55,USD,CREDIT,IMPS,SUCCESS,2026-04-16
T00008941,C002884,72123.02,USD,CREDIT,UPI,SUCCESS,2026-06-22
T00008942,C000738,780479.89,AED,CREDIT,CARD,SUCCESS,2026-07-21
T00008943,C000563,448916.96,AED,CREDIT,CARD,PENDING,2026-09-03
T00008944,C000599,624816.36,AED,DEBIT,CARD,FAILED,2026-03-27
T00008945,C000392,91487.78,INR,DEBIT,CARD,PENDING,2026-03-15
T00008946,C002372,806739.21,INR,DEBIT,CARD,FAILED,2026-02-08
T00008947,C000945,332052.09,AED,DEBIT,NEFT,SUCCESS,2026-01-13
T00008948,C003478,465499.6,INR,DEBIT,IMPS,SUCCESS,2026-07-25
T00008949,C001667,608202.33,AED,DEBIT,UPI,FAILED,2026-09-25
T00008950,C002197,500580.54,INR,CREDIT,SWIFT,FAILED,2026-04-07
T00008951,C003383,489977.21,INR,CREDIT,IMPS,FAILED,2026-05-06
T00008952,C002478,76481.56,AED,DEBIT,CARD,SUCCESS,2026-01-11
T00008953,C001566,221449.65,AED,DEBIT,UPI,PENDING,2026-08-14
T00008954,C000815,729849.02,AED,DEBIT,CARD,REVERSED,2026-05-06
T00008955,C000537,837087.4,INR,CREDIT,UPI,REVERSED,2026-01-06
T00008956,C003493,363440.46,USD,CREDIT,SWIFT,FAILED,2026-09-09
T00008957,C002089,706977.21,INR,DEBIT,CARD,SUCCESS,2026-01-08
T00008958,C000178,433452.5,INR,DEBIT,UPI,FAILED,2026-02-19
T00008959,C000267,737826.06,USD,DEBIT,SWIFT,REVERSED,2026-08-16
T00008960,C002770,487204.1,USD,CREDIT,NEFT,FAILED,2026-01-26
T00008961,C001263,459482.17,USD,DEBIT,UPI,REVERSED,2026-03-01
T00008962,C001652,407174.04,INR,DEBIT,CARD,PENDING,2026-05-05
T00008963,C000825,606742.72,USD,CREDIT,UPI,FAILED,2026-03-15
T00008964,C001962,853177.12,AED,DEBIT,SWIFT,SUCCESS,2026-06-15
T00008965,C000979,347893.73,AED,CREDIT,NEFT,SUCCESS,2026-04-13
T00008966,C000173,751287.52,AED,DEBIT,CARD,FAILED,2026-07-03
T00008967,C001953,545510.57,USD,DEBIT,CARD,SUCCESS,2026-07-21
T00008968,C001473,488330.51,USD,DEBIT,UPI,FAILED,2026-03-07
T00008969,C003452,211039.36,INR,DEBIT,CARD,SUCCESS,2026-05-21
T00008970,C000669,109003.98,USD,CREDIT,NEFT,REVERSED,2026-09-16
T00008971,C000648,10789.8,AED,CREDIT,SWIFT,SUCCESS,2026-06-25
T00008972,C002991,715767.69,INR,CREDIT,IMPS,FAILED,2026-07-20
T00008973,C002673,534646.91,USD,CREDIT,IMPS,SUCCESS,2026-06-04
T00008974,C001991,589023.31,AED,CREDIT,NEFT,FAILED,2026-06-26
T00008975,C000674,646264.21,INR,DEBIT,UPI,FAILED,2026-02-22
T00008976,C002472,62507.76,AED,DEBIT,UPI,REVERSED,2026-05-02
T00008977,C003402,128635.95,INR,DEBIT,CARD,SUCCESS,2026-07-26
T00008978,C001375,783405.52,INR,CREDIT,CARD,SUCCESS,2026-06-21
T00008979,C003455,899962.23,INR,DEBIT,SWIFT,PENDING,2026-07-19
T00008980,C000956,222165.1,USD,DEBIT,IMPS,PENDING,2026-01-03
T00008981,C002712,408175.38,INR,DEBIT,NEFT,SUCCESS,2026-07-11
T00008982,C002120,726814.03,INR,DEBIT,CARD,SUCCESS,2026-06-14
T00008983,C002529,572346.02,INR,CREDIT,SWIFT,REVERSED,2026-02-17
T00008984,C002836,777939.11,INR,DEBIT,NEFT,SUCCESS,2026-04-21
T00008985,C001340,33584.8,USD,CREDIT,CARD,SUCCESS,2026-08-09
T00008986,C000351,430255.31,AED,CREDIT,SWIFT,SUCCESS,2026-07-14
T00008987,C000435,642495.06,INR,CREDIT,IMPS,PENDING,2026-07-11
T00008988,C001838,382504.78,INR,DEBIT,NEFT,SUCCESS,2026-05-12
T00008989,C000610,866198.55,INR,DEBIT,CARD,SUCCESS,2026-08-20
T00008990,C003220,823477.59,INR,DEBIT,UPI,SUCCESS,2026-09-28
T00008991,C001029,806888.27,INR,DEBIT,CARD,SUCCESS,2026-09-13
T00008992,C000145,313748.63,AED,CREDIT,SWIFT,FAILED,2026-03-26
T00008993,C002228,878548.48,AED,CREDIT,NEFT,SUCCESS,2026-08-20
T00008994,C002059,836559.97,AED,DEBIT,SWIFT,SUCCESS,2026-06-11
T00008995,C001514,507123.92,USD,DEBIT,SWIFT,SUCCESS,2026-05-21
T00008996,C003070,682278.49,AED,DEBIT,NEFT,SUCCESS,2026-07-28
T00008997,C002535,873023.58,INR,DEBIT,SWIFT,SUCCESS,2026-02-19
T00008998,C002534,622005.67,INR,DEBIT,SWIFT,SUCCESS,2026-08-18
T00008999,C001681,85375.4,AED,CREDIT,IMPS,SUCCESS,2026-08-15
T00009000,C002747,507105.26,INR,CREDIT,IMPS,FAILED,2026-05-22
